;RAW4.00
[RawHeader]
Date=06/13/2026
EstimatedTotalTime=0
FurtherDQLReading=0
HardwareIndicator=65519
MeasuredTotalTime=0
MeasurementFlag=1
NumberOfMeasuredRanges=1
NumberOfRanges=1
Time=16:01:09

[HardwareConfiguration]
AbsorptionFactor=0
ActivateAbsorber=0
Alpha1=0
Alpha2=0
AlphaAverage=0
AlphaRatio=0
Analyzer=1
Anode=Cu
AntiScatteringSlit=2
BeamOpticsFlags=59
Beta=0
BetaRelativeIntensity=0
DeactivateAbsorber=0
DetectorSlit=0.05
DivergenceSlit=2
GoniometerControl=9999
GoniometerDiameter=435
GoniometerModel=264
GoniometerStage=0
Monochromator=0
NearSampleSlit=1
PrimarySollerSlit=1
SampleChanger=0
SecondSollerSlit=2
SynchronousAxis=0
ThinFilmAttachment=0.46
WaveUnit=A

[VarInfo]
Type=OSUSER
Flags=0
Value=D500

[VarInfo]
Type=USER
Flags=0
Value=James Hamlin

[VarInfo]
Type=SITE
Flags=0
Value=Gainseville, FL

[VarInfo]
Type=CREATOR
Flags=0
Value=XRD Commander

[VarInfo]
Type=SAMPLEID
Flags=0
Value=HM_0474_annealed_(2)

[RangeHeader]
ActuallyUsedLambda=0
AdditionalDetectorMask=0
DataRecordLength=4
DelayTime=0
DisplayPlaneNumber=0
EstimatedScanTime=0
ExtraParametersMask=0
GeneratorCurrent=9999
GeneratorVoltage=9999
Increment=0.02
Increment3=0
NumberOfCompletedData=5751
NumberOfCounts=1
NumberOfDetectors=1
NumberOfDrives=2
NumberOfEncoderDrives=0
NumberOfMeasuredData=5751
NumberOfVaryingParameters=0
RangeStartTime=1322539886
RotationSpeed=0
ScanMode=1
ScanType=Locked Coupled
SimulatedMeasConditions=0
SlitChangerIn=9999
SmootingWidth=0
Start=5
Steps=5751
SynchronousRotation=0
Time=10

[Drive]
DriveFlags=1
DriveName=Theta
DriveNumber=1
DriveOffset=0
OffsetIndex=0
OscillationAmplitude=0
OscillationSpeed=0
StartPosition=2.5

[Drive]
DriveFlags=1
DriveName=2Theta
DriveNumber=2
DriveOffset=0
OffsetIndex=0
OscillationAmplitude=0
OscillationSpeed=0
StartPosition=5

[Detector]
AmplifierGain=0
ConstantDeadTime=0
DetectorFlags=256
DetectorName=Detector 1
DetectorNumber=1
DetectorType=1
Discriminator1LowerLevel=0
Discriminator1WindowWidth=0
Discriminator2LowerLevel=0
Discriminator2WindowWidth=0
HighVoltage=0
PileUpTime=0
PulseShaping=9999
TTLDetectorName=

[Data]
     Angle, Det1Disc1,
         5,      4250,
      5.02,      4362,
      5.04,      4357,
      5.06,      4217,
      5.08,      4271,
       5.1,      4257,
      5.12,      4176,
      5.14,      4396,
      5.16,      4306,
      5.18,      4398,
       5.2,      4476,
      5.22,      4339,
      5.24,      4424,
      5.26,      4417,
      5.28,      4303,
       5.3,      4414,
      5.32,      4340,
      5.34,      4389,
      5.36,      4347,
      5.38,      4452,
       5.4,      4411,
      5.42,      4512,
      5.44,      4517,
      5.46,      4537,
      5.48,      4542,
       5.5,      4424,
      5.52,      4525,
      5.54,      4540,
      5.56,      4591,
      5.58,      4623,
       5.6,      4620,
      5.62,      4629,
      5.64,      4498,
      5.66,      4703,
      5.68,      4562,
       5.7,      4661,
      5.72,      4827,
      5.74,      4739,
      5.76,      4636,
      5.78,      4757,
       5.8,      4761,
      5.82,      4536,
      5.84,      4698,
      5.86,      4738,
      5.88,      4676,
       5.9,      4743,
      5.92,      4839,
      5.94,      4746,
      5.96,      4791,
      5.98,      4780,
         6,      4724,
      6.02,      4875,
      6.04,      4761,
      6.06,      4924,
      6.08,      4876,
       6.1,      4799,
      6.12,      4868,
      6.14,      4848,
      6.16,      4903,
      6.18,      4955,
       6.2,      4883,
      6.22,      5042,
      6.24,      5025,
      6.26,      5139,
      6.28,      5130,
       6.3,      4962,
      6.32,      5017,
      6.34,      5008,
      6.36,      5019,
      6.38,      5051,
       6.4,      4957,
      6.42,      5106,
      6.44,      5181,
      6.46,      4994,
      6.48,      5147,
       6.5,      5036,
      6.52,      5170,
      6.54,      4999,
      6.56,      5179,
      6.58,      5277,
       6.6,      5202,
      6.62,      5133,
      6.64,      5114,
      6.66,      5167,
      6.68,      5341,
       6.7,      5227,
      6.72,      5135,
      6.74,      5255,
      6.76,      5207,
      6.78,      5257,
       6.8,      5059,
      6.82,      5184,
      6.84,      5274,
      6.86,      5312,
      6.88,      5234,
       6.9,      5215,
      6.92,      5317,
      6.94,      5175,
      6.96,      5229,
      6.98,      5285,
         7,      5262,
      7.02,      5417,
      7.04,      5275,
      7.06,      5307,
      7.08,      5370,
       7.1,      5447,
      7.12,      5357,
      7.14,      5252,
      7.16,      5291,
      7.18,      5320,
       7.2,      5264,
      7.22,      5374,
      7.24,      5277,
      7.26,      5325,
      7.28,      5378,
       7.3,      5423,
      7.32,      5354,
      7.34,      5330,
      7.36,      5287,
      7.38,      5345,
       7.4,      5398,
      7.42,      5386,
      7.44,      5383,
      7.46,      5365,
      7.48,      5332,
       7.5,      5409,
      7.52,      5310,
      7.54,      5384,
      7.56,      5319,
      7.58,      5361,
       7.6,      5313,
      7.62,      5451,
      7.64,      5340,
      7.66,      5389,
      7.68,      5471,
       7.7,      5461,
      7.72,      5384,
      7.74,      5531,
      7.76,      5460,
      7.78,      5509,
       7.8,      5444,
      7.82,      5382,
      7.84,      5615,
      7.86,      5567,
      7.88,      5477,
       7.9,      5484,
      7.92,      5336,
      7.94,      5525,
      7.96,      5472,
      7.98,      5527,
         8,      5390,
      8.02,      5411,
      8.04,      5357,
      8.06,      5351,
      8.08,      5499,
       8.1,      5429,
      8.12,      5620,
      8.14,      5467,
      8.16,      5445,
      8.18,      5556,
       8.2,      5588,
      8.22,      5563,
      8.24,      5423,
      8.26,      5563,
      8.28,      5609,
       8.3,      5593,
      8.32,      5529,
      8.34,      5477,
      8.36,      5460,
      8.38,      5482,
       8.4,      5389,
      8.42,      5530,
      8.44,      5520,
      8.46,      5612,
      8.48,      5544,
       8.5,      5497,
      8.52,      5605,
      8.54,      5614,
      8.56,      5657,
      8.58,      5740,
       8.6,      5533,
      8.62,      5584,
      8.64,      5699,
      8.66,      5637,
      8.68,      5608,
       8.7,      5654,
      8.72,      5655,
      8.74,      5706,
      8.76,      5553,
      8.78,      5634,
       8.8,      5739,
      8.82,      5655,
      8.84,      5817,
      8.86,      5743,
      8.88,      5715,
       8.9,      5761,
      8.92,      5898,
      8.94,      5798,
      8.96,      5901,
      8.98,      5791,
         9,      5764,
      9.02,      5966,
      9.04,      5869,
      9.06,      5847,
      9.08,      5864,
       9.1,      5991,
      9.12,      5869,
      9.14,      5901,
      9.16,      5999,
      9.18,      5950,
       9.2,      6086,
      9.22,      6063,
      9.24,      5966,
      9.26,      6057,
      9.28,      6097,
       9.3,      6056,
      9.32,      6153,
      9.34,      6033,
      9.36,      6165,
      9.38,      6181,
       9.4,      6252,
      9.42,      6169,
      9.44,      6416,
      9.46,      6298,
      9.48,      6283,
       9.5,      6234,
      9.52,      6344,
      9.54,      6273,
      9.56,      6376,
      9.58,      6558,
       9.6,      6450,
      9.62,      6684,
      9.64,      6414,
      9.66,      6629,
      9.68,      6555,
       9.7,      6705,
      9.72,      6728,
      9.74,      6796,
      9.76,      6918,
      9.78,      6787,
       9.8,      6945,
      9.82,      6977,
      9.84,      7006,
      9.86,      6964,
      9.88,      7066,
       9.9,      7223,
      9.92,      7086,
      9.94,      6996,
      9.96,      7264,
      9.98,      7233,
        10,      7216,
     10.02,      7455,
     10.04,      7557,
     10.06,      7464,
     10.08,      7539,
      10.1,      7606,
     10.12,      7564,
     10.14,      7649,
     10.16,      7782,
     10.18,      7889,
      10.2,      7978,
     10.22,      7952,
     10.24,      8014,
     10.26,      7952,
     10.28,      8176,
      10.3,      8288,
     10.32,      8372,
     10.34,      8471,
     10.36,      8261,
     10.38,      8388,
      10.4,      8593,
     10.42,      8658,
     10.44,      8581,
     10.46,      8509,
     10.48,      8835,
      10.5,      9007,
     10.52,      9027,
     10.54,      9122,
     10.56,      9142,
     10.58,      9163,
      10.6,      9322,
     10.62,      9516,
     10.64,      9433,
     10.66,      9259,
     10.68,      9533,
      10.7,      9670,
     10.72,      9946,
     10.74,      9757,
     10.76,      9917,
     10.78,      9975,
      10.8,     10241,
     10.82,     10266,
     10.84,     10323,
     10.86,     10362,
     10.88,     10429,
      10.9,     10586,
     10.92,     10510,
     10.94,     10506,
     10.96,     10688,
     10.98,     10855,
        11,     10854,
     11.02,     10995,
     11.04,     11119,
     11.06,     11108,
     11.08,     11258,
      11.1,     11095,
     11.12,     11334,
     11.14,     11282,
     11.16,     11444,
     11.18,     11490,
      11.2,     11593,
     11.22,     11591,
     11.24,     11730,
     11.26,     11827,
     11.28,     11956,
      11.3,     11860,
     11.32,     12007,
     11.34,     12277,
     11.36,     12311,
     11.38,     12281,
      11.4,     12280,
     11.42,     12505,
     11.44,     12371,
     11.46,     12433,
     11.48,     12297,
      11.5,     12540,
     11.52,     12379,
     11.54,     12671,
     11.56,     12683,
     11.58,     12697,
      11.6,     12734,
     11.62,     12733,
     11.64,     12808,
     11.66,     12949,
     11.68,     12866,
      11.7,     12955,
     11.72,     13115,
     11.74,     12877,
     11.76,     12831,
     11.78,     12993,
      11.8,     12907,
     11.82,     12906,
     11.84,     12862,
     11.86,     12932,
     11.88,     13004,
      11.9,     12728,
     11.92,     13196,
     11.94,     13096,
     11.96,     12823,
     11.98,     12706,
        12,     12765,
     12.02,     12773,
     12.04,     12832,
     12.06,     12818,
     12.08,     12707,
      12.1,     12752,
     12.12,     12642,
     12.14,     12481,
     12.16,     12353,
     12.18,     12656,
      12.2,     12511,
     12.22,     12535,
     12.24,     12207,
     12.26,     12601,
     12.28,     12409,
      12.3,     12257,
     12.32,     12126,
     12.34,     12302,
     12.36,     11957,
     12.38,     12161,
      12.4,     12059,
     12.42,     12133,
     12.44,     12016,
     12.46,     11884,
     12.48,     11898,
      12.5,     11660,
     12.52,     12057,
     12.54,     11597,
     12.56,     11633,
     12.58,     11547,
      12.6,     11588,
     12.62,     11495,
     12.64,     11453,
     12.66,     11473,
     12.68,     11448,
      12.7,     11410,
     12.72,     11229,
     12.74,     11140,
     12.76,     10940,
     12.78,     11155,
      12.8,     10885,
     12.82,     10894,
     12.84,     10754,
     12.86,     10663,
     12.88,     10714,
      12.9,     10599,
     12.92,     10669,
     12.94,     10666,
     12.96,     10457,
     12.98,     10420,
        13,     10257,
     13.02,     10131,
     13.04,     10163,
     13.06,     10206,
     13.08,     10360,
      13.1,      9836,
     13.12,     10090,
     13.14,      9949,
     13.16,      9971,
     13.18,      9895,
      13.2,      9724,
     13.22,      9874,
     13.24,      9560,
     13.26,      9654,
     13.28,      9559,
      13.3,      9573,
     13.32,      9410,
     13.34,      9406,
     13.36,      9312,
     13.38,      9388,
      13.4,      9443,
     13.42,      9363,
     13.44,      9170,
     13.46,      9059,
     13.48,      8967,
      13.5,      9003,
     13.52,      9072,
     13.54,      8902,
     13.56,      8736,
     13.58,      8855,
      13.6,      8949,
     13.62,      8566,
     13.64,      8684,
     13.66,      8770,
     13.68,      8484,
      13.7,      8639,
     13.72,      8441,
     13.74,      8505,
     13.76,      8291,
     13.78,      8381,
      13.8,      8335,
     13.82,      8249,
     13.84,      8229,
     13.86,      8173,
     13.88,      8166,
      13.9,      8025,
     13.92,      8129,
     13.94,      7943,
     13.96,      8103,
     13.98,      7981,
        14,      7901,
     14.02,      7913,
     14.04,      7719,
     14.06,      7611,
     14.08,      7679,
      14.1,      7908,
     14.12,      7559,
     14.14,      7782,
     14.16,      7723,
     14.18,      7486,
      14.2,      7701,
     14.22,      7514,
     14.24,      7457,
     14.26,      7592,
     14.28,      7498,
      14.3,      7425,
     14.32,      7372,
     14.34,      7237,
     14.36,      7212,
     14.38,      7268,
      14.4,      7266,
     14.42,      7493,
     14.44,      7245,
     14.46,      7249,
     14.48,      7077,
      14.5,      7154,
     14.52,      7081,
     14.54,      7153,
     14.56,      7058,
     14.58,      7254,
      14.6,      7057,
     14.62,      6922,
     14.64,      7018,
     14.66,      6932,
     14.68,      6893,
      14.7,      6975,
     14.72,      6737,
     14.74,      6838,
     14.76,      6840,
     14.78,      6782,
      14.8,      6676,
     14.82,      6667,
     14.84,      6775,
     14.86,      6768,
     14.88,      6552,
      14.9,      6623,
     14.92,      6592,
     14.94,      6691,
     14.96,      6534,
     14.98,      6657,
        15,      6443,
     15.02,      6419,
     15.04,      6626,
     15.06,      6431,
     15.08,      6566,
      15.1,      6382,
     15.12,      6424,
     15.14,      6464,
     15.16,      6335,
     15.18,      6482,
      15.2,      6248,
     15.22,      6291,
     15.24,      6301,
     15.26,      6359,
     15.28,      6414,
      15.3,      6348,
     15.32,      6328,
     15.34,      6272,
     15.36,      6184,
     15.38,      6254,
      15.4,      6175,
     15.42,      6027,
     15.44,      6188,
     15.46,      6199,
     15.48,      6136,
      15.5,      6172,
     15.52,      6113,
     15.54,      6191,
     15.56,      6120,
     15.58,      6019,
      15.6,      6087,
     15.62,      6157,
     15.64,      6059,
     15.66,      6078,
     15.68,      6204,
      15.7,      6091,
     15.72,      6039,
     15.74,      5990,
     15.76,      6055,
     15.78,      6090,
      15.8,      5970,
     15.82,      5885,
     15.84,      5885,
     15.86,      5883,
     15.88,      5988,
      15.9,      5855,
     15.92,      5960,
     15.94,      5846,
     15.96,      5868,
     15.98,      5734,
        16,      5843,
     16.02,      5821,
     16.04,      5968,
     16.06,      5693,
     16.08,      5827,
      16.1,      5742,
     16.12,      5766,
     16.14,      5688,
     16.16,      5885,
     16.18,      5887,
      16.2,      5742,
     16.22,      5914,
     16.24,      5569,
     16.26,      5761,
     16.28,      5829,
      16.3,      5748,
     16.32,      5717,
     16.34,      5704,
     16.36,      5740,
     16.38,      5688,
      16.4,      5710,
     16.42,      5715,
     16.44,      5755,
     16.46,      5744,
     16.48,      5736,
      16.5,      5574,
     16.52,      5737,
     16.54,      5583,
     16.56,      5636,
     16.58,      5763,
      16.6,      5613,
     16.62,      5499,
     16.64,      5702,
     16.66,      5541,
     16.68,      5681,
      16.7,      5622,
     16.72,      5576,
     16.74,      5632,
     16.76,      5544,
     16.78,      5643,
      16.8,      5606,
     16.82,      5520,
     16.84,      5540,
     16.86,      5601,
     16.88,      5473,
      16.9,      5551,
     16.92,      5584,
     16.94,      5645,
     16.96,      5508,
     16.98,      5652,
        17,      5454,
     17.02,      5512,
     17.04,      5471,
     17.06,      5535,
     17.08,      5538,
      17.1,      5564,
     17.12,      5504,
     17.14,      5500,
     17.16,      5559,
     17.18,      5544,
      17.2,      5459,
     17.22,      5509,
     17.24,      5541,
     17.26,      5479,
     17.28,      5479,
      17.3,      5588,
     17.32,      5609,
     17.34,      5532,
     17.36,      5464,
     17.38,      5581,
      17.4,      5483,
     17.42,      5419,
     17.44,      5311,
     17.46,      5395,
     17.48,      5602,
      17.5,      5542,
     17.52,      5281,
     17.54,      5568,
     17.56,      5455,
     17.58,      5430,
      17.6,      5405,
     17.62,      5459,
     17.64,      5576,
     17.66,      5641,
     17.68,      5454,
      17.7,      5377,
     17.72,      5503,
     17.74,      5461,
     17.76,      5453,
     17.78,      5616,
      17.8,      5431,
     17.82,      5498,
     17.84,      5449,
     17.86,      5340,
     17.88,      5481,
      17.9,      5383,
     17.92,      5408,
     17.94,      5454,
     17.96,      5576,
     17.98,      5478,
        18,      5469,
     18.02,      5391,
     18.04,      5488,
     18.06,      5364,
     18.08,      5387,
      18.1,      5462,
     18.12,      5405,
     18.14,      5500,
     18.16,      5532,
     18.18,      5480,
      18.2,      5472,
     18.22,      5458,
     18.24,      5524,
     18.26,      5428,
     18.28,      5625,
      18.3,      5491,
     18.32,      5481,
     18.34,      5584,
     18.36,      5445,
     18.38,      5506,
      18.4,      5459,
     18.42,      5544,
     18.44,      5513,
     18.46,      5607,
     18.48,      5552,
      18.5,      5601,
     18.52,      5435,
     18.54,      5435,
     18.56,      5522,
     18.58,      5391,
      18.6,      5474,
     18.62,      5527,
     18.64,      5451,
     18.66,      5470,
     18.68,      5284,
      18.7,      5618,
     18.72,      5521,
     18.74,      5580,
     18.76,      5604,
     18.78,      5518,
      18.8,      5550,
     18.82,      5383,
     18.84,      5612,
     18.86,      5466,
     18.88,      5688,
      18.9,      5537,
     18.92,      5460,
     18.94,      5643,
     18.96,      5533,
     18.98,      5706,
        19,      5426,
     19.02,      5599,
     19.04,      5638,
     19.06,      5689,
     19.08,      5609,
      19.1,      5716,
     19.12,      5517,
     19.14,      5632,
     19.16,      5588,
     19.18,      5572,
      19.2,      5722,
     19.22,      5622,
     19.24,      5525,
     19.26,      5551,
     19.28,      5552,
      19.3,      5717,
     19.32,      5537,
     19.34,      5683,
     19.36,      5603,
     19.38,      5601,
      19.4,      5655,
     19.42,      5587,
     19.44,      5700,
     19.46,      5718,
     19.48,      5544,
      19.5,      5556,
     19.52,      5696,
     19.54,      5811,
     19.56,      5658,
     19.58,      5672,
      19.6,      5732,
     19.62,      5587,
     19.64,      5653,
     19.66,      5790,
     19.68,      5661,
      19.7,      5661,
     19.72,      5788,
     19.74,      5626,
     19.76,      5767,
     19.78,      5720,
      19.8,      5813,
     19.82,      5733,
     19.84,      5734,
     19.86,      5719,
     19.88,      5715,
      19.9,      5759,
     19.92,      5666,
     19.94,      5709,
     19.96,      5794,
     19.98,      5733,
        20,      5862,
     20.02,      5863,
     20.04,      5639,
     20.06,      5672,
     20.08,      5633,
      20.1,      5705,
     20.12,      5818,
     20.14,      5785,
     20.16,      5842,
     20.18,      5637,
      20.2,      5805,
     20.22,      5820,
     20.24,      5657,
     20.26,      5752,
     20.28,      5956,
      20.3,      5775,
     20.32,      5809,
     20.34,      5690,
     20.36,      5730,
     20.38,      5821,
      20.4,      5749,
     20.42,      5719,
     20.44,      5800,
     20.46,      5801,
     20.48,      5717,
      20.5,      5800,
     20.52,      5753,
     20.54,      5678,
     20.56,      5715,
     20.58,      5805,
      20.6,      5876,
     20.62,      5625,
     20.64,      5841,
     20.66,      5786,
     20.68,      5877,
      20.7,      5886,
     20.72,      5838,
     20.74,      6010,
     20.76,      5904,
     20.78,      5844,
      20.8,      5822,
     20.82,      5837,
     20.84,      5825,
     20.86,      5902,
     20.88,      5759,
      20.9,      5748,
     20.92,      5858,
     20.94,      5864,
     20.96,      6006,
     20.98,      5725,
        21,      5847,
     21.02,      5886,
     21.04,      5760,
     21.06,      5851,
     21.08,      5771,
      21.1,      5777,
     21.12,      5906,
     21.14,      5793,
     21.16,      5856,
     21.18,      5781,
      21.2,      5816,
     21.22,      5802,
     21.24,      5727,
     21.26,      5855,
     21.28,      5923,
      21.3,      5669,
     21.32,      5700,
     21.34,      5635,
     21.36,      5895,
     21.38,      5885,
      21.4,      5864,
     21.42,      6027,
     21.44,      5857,
     21.46,      5839,
     21.48,      5727,
      21.5,      5720,
     21.52,      5851,
     21.54,      5670,
     21.56,      5823,
     21.58,      5862,
      21.6,      5726,
     21.62,      5760,
     21.64,      5820,
     21.66,      5910,
     21.68,      5833,
      21.7,      5612,
     21.72,      5691,
     21.74,      5827,
     21.76,      5821,
     21.78,      5678,
      21.8,      5865,
     21.82,      5863,
     21.84,      5671,
     21.86,      5752,
     21.88,      5797,
      21.9,      5812,
     21.92,      5830,
     21.94,      5704,
     21.96,      5685,
     21.98,      5783,
        22,      5807,
     22.02,      5722,
     22.04,      5660,
     22.06,      5773,
     22.08,      5732,
      22.1,      5868,
     22.12,      5830,
     22.14,      5697,
     22.16,      5809,
     22.18,      5900,
      22.2,      5672,
     22.22,      5735,
     22.24,      5701,
     22.26,      5730,
     22.28,      5702,
      22.3,      5673,
     22.32,      5729,
     22.34,      5736,
     22.36,      5715,
     22.38,      5696,
      22.4,      5711,
     22.42,      5592,
     22.44,      5773,
     22.46,      5566,
     22.48,      5662,
      22.5,      5643,
     22.52,      5556,
     22.54,      5474,
     22.56,      5672,
     22.58,      5713,
      22.6,      5521,
     22.62,      5620,
     22.64,      5513,
     22.66,      5713,
     22.68,      5641,
      22.7,      5646,
     22.72,      5546,
     22.74,      5483,
     22.76,      5574,
     22.78,      5602,
      22.8,      5720,
     22.82,      5539,
     22.84,      5559,
     22.86,      5544,
     22.88,      5522,
      22.9,      5448,
     22.92,      5545,
     22.94,      5522,
     22.96,      5493,
     22.98,      5625,
        23,      5522,
     23.02,      5573,
     23.04,      5354,
     23.06,      5493,
     23.08,      5555,
      23.1,      5521,
     23.12,      5461,
     23.14,      5522,
     23.16,      5316,
     23.18,      5525,
      23.2,      5472,
     23.22,      5308,
     23.24,      5462,
     23.26,      5558,
     23.28,      5282,
      23.3,      5449,
     23.32,      5310,
     23.34,      5466,
     23.36,      5390,
     23.38,      5452,
      23.4,      5264,
     23.42,      5391,
     23.44,      5468,
     23.46,      5272,
     23.48,      5273,
      23.5,      5254,
     23.52,      5264,
     23.54,      5383,
     23.56,      5291,
     23.58,      5294,
      23.6,      5351,
     23.62,      5318,
     23.64,      5280,
     23.66,      5268,
     23.68,      5242,
      23.7,      5187,
     23.72,      5301,
     23.74,      5231,
     23.76,      5111,
     23.78,      5168,
      23.8,      5210,
     23.82,      5093,
     23.84,      5070,
     23.86,      5237,
     23.88,      5175,
      23.9,      5275,
     23.92,      5163,
     23.94,      5163,
     23.96,      5109,
     23.98,      5129,
        24,      5273,
     24.02,      5306,
     24.04,      5074,
     24.06,      5134,
     24.08,      5081,
      24.1,      5058,
     24.12,      5110,
     24.14,      5198,
     24.16,      5200,
     24.18,      5098,
      24.2,      5067,
     24.22,      5102,
     24.24,      5228,
     24.26,      5004,
     24.28,      5193,
      24.3,      5053,
     24.32,      4932,
     24.34,      5000,
     24.36,      5086,
     24.38,      5032,
      24.4,      4993,
     24.42,      4903,
     24.44,      4976,
     24.46,      4975,
     24.48,      4981,
      24.5,      5019,
     24.52,      4976,
     24.54,      5056,
     24.56,      4865,
     24.58,      4906,
      24.6,      5057,
     24.62,      4991,
     24.64,      4951,
     24.66,      4983,
     24.68,      4883,
      24.7,      4983,
     24.72,      4855,
     24.74,      4898,
     24.76,      4864,
     24.78,      4802,
      24.8,      4819,
     24.82,      4864,
     24.84,      4822,
     24.86,      4916,
     24.88,      4958,
      24.9,      4954,
     24.92,      4798,
     24.94,      4900,
     24.96,      4901,
     24.98,      4797,
        25,      4810,
     25.02,      4841,
     25.04,      4713,
     25.06,      4660,
     25.08,      4804,
      25.1,      4796,
     25.12,      4832,
     25.14,      4758,
     25.16,      4636,
     25.18,      4813,
      25.2,      4689,
     25.22,      4719,
     25.24,      4671,
     25.26,      4705,
     25.28,      4768,
      25.3,      4772,
     25.32,      4666,
     25.34,      4652,
     25.36,      4557,
     25.38,      4644,
      25.4,      4611,
     25.42,      4659,
     25.44,      4817,
     25.46,      4658,
     25.48,      4711,
      25.5,      4574,
     25.52,      4616,
     25.54,      4584,
     25.56,      4630,
     25.58,      4589,
      25.6,      4541,
     25.62,      4588,
     25.64,      4536,
     25.66,      4591,
     25.68,      4513,
      25.7,      4520,
     25.72,      4458,
     25.74,      4471,
     25.76,      4551,
     25.78,      4571,
      25.8,      4497,
     25.82,      4559,
     25.84,      4505,
     25.86,      4402,
     25.88,      4525,
      25.9,      4494,
     25.92,      4424,
     25.94,      4498,
     25.96,      4428,
     25.98,      4510,
        26,      4453,
     26.02,      4417,
     26.04,      4383,
     26.06,      4523,
     26.08,      4396,
      26.1,      4489,
     26.12,      4394,
     26.14,      4463,
     26.16,      4510,
     26.18,      4303,
      26.2,      4501,
     26.22,      4342,
     26.24,      4359,
     26.26,      4442,
     26.28,      4347,
      26.3,      4392,
     26.32,      4363,
     26.34,      4313,
     26.36,      4232,
     26.38,      4289,
      26.4,      4351,
     26.42,      4300,
     26.44,      4210,
     26.46,      4301,
     26.48,      4344,
      26.5,      4305,
     26.52,      4267,
     26.54,      4287,
     26.56,      4344,
     26.58,      4219,
      26.6,      4278,
     26.62,      4198,
     26.64,      4283,
     26.66,      4143,
     26.68,      4272,
      26.7,      4348,
     26.72,      4242,
     26.74,      4117,
     26.76,      4225,
     26.78,      4214,
      26.8,      4294,
     26.82,      4229,
     26.84,      4288,
     26.86,      4111,
     26.88,      4161,
      26.9,      4250,
     26.92,      4258,
     26.94,      4205,
     26.96,      4287,
     26.98,      4317,
        27,      4268,
     27.02,      4260,
     27.04,      4371,
     27.06,      4393,
     27.08,      4167,
      27.1,      4197,
     27.12,      4323,
     27.14,      4160,
     27.16,      4231,
     27.18,      4247,
      27.2,      4213,
     27.22,      4256,
     27.24,      4291,
     27.26,      4258,
     27.28,      4219,
      27.3,      4236,
     27.32,      4339,
     27.34,      4254,
     27.36,      4187,
     27.38,      4206,
      27.4,      4068,
     27.42,      4276,
     27.44,      3988,
     27.46,      4152,
     27.48,      3953,
      27.5,      4042,
     27.52,      4138,
     27.54,      4073,
     27.56,      4059,
     27.58,      3966,
      27.6,      3923,
     27.62,      4035,
     27.64,      3955,
     27.66,      4106,
     27.68,      3968,
      27.7,      3989,
     27.72,      3886,
     27.74,      4003,
     27.76,      3991,
     27.78,      4022,
      27.8,      3984,
     27.82,      4040,
     27.84,      3913,
     27.86,      4198,
     27.88,      4226,
      27.9,      4169,
     27.92,      4334,
     27.94,      4528,
     27.96,      4590,
     27.98,      4489,
        28,      4643,
     28.02,      4586,
     28.04,      4441,
     28.06,      4231,
     28.08,      4121,
      28.1,      4010,
     28.12,      3932,
     28.14,      3840,
     28.16,      3840,
     28.18,      3784,
      28.2,      3746,
     28.22,      3873,
     28.24,      3745,
     28.26,      3715,
     28.28,      3753,
      28.3,      3680,
     28.32,      3789,
     28.34,      3659,
     28.36,      3767,
     28.38,      3651,
      28.4,      3740,
     28.42,      3570,
     28.44,      3691,
     28.46,      3664,
     28.48,      3696,
      28.5,      3729,
     28.52,      3660,
     28.54,      3728,
     28.56,      3614,
     28.58,      3570,
      28.6,      3554,
     28.62,      3569,
     28.64,      3611,
     28.66,      3540,
     28.68,      3649,
      28.7,      3598,
     28.72,      3639,
     28.74,      3553,
     28.76,      3527,
     28.78,      3530,
      28.8,      3541,
     28.82,      3488,
     28.84,      3565,
     28.86,      3544,
     28.88,      3565,
      28.9,      3513,
     28.92,      3627,
     28.94,      3568,
     28.96,      3527,
     28.98,      3555,
        29,      3495,
     29.02,      3444,
     29.04,      3569,
     29.06,      3556,
     29.08,      3565,
      29.1,      3606,
     29.12,      3506,
     29.14,      3460,
     29.16,      3459,
     29.18,      3480,
      29.2,      3495,
     29.22,      3430,
     29.24,      3581,
     29.26,      3483,
     29.28,      3433,
      29.3,      3509,
     29.32,      3421,
     29.34,      3538,
     29.36,      3327,
     29.38,      3403,
      29.4,      3408,
     29.42,      3371,
     29.44,      3400,
     29.46,      3426,
     29.48,      3331,
      29.5,      3414,
     29.52,      3408,
     29.54,      3348,
     29.56,      3445,
     29.58,      3450,
      29.6,      3374,
     29.62,      3369,
     29.64,      3238,
     29.66,      3352,
     29.68,      3300,
      29.7,      3310,
     29.72,      3437,
     29.74,      3288,
     29.76,      3312,
     29.78,      3359,
      29.8,      3382,
     29.82,      3326,
     29.84,      3302,
     29.86,      3332,
     29.88,      3298,
      29.9,      3223,
     29.92,      3356,
     29.94,      3291,
     29.96,      3232,
     29.98,      3367,
        30,      3407,
     30.02,      3271,
     30.04,      3337,
     30.06,      3219,
     30.08,      3322,
      30.1,      3237,
     30.12,      3343,
     30.14,      3324,
     30.16,      3300,
     30.18,      3379,
      30.2,      3127,
     30.22,      3183,
     30.24,      3334,
     30.26,      3154,
     30.28,      3213,
      30.3,      3208,
     30.32,      3290,
     30.34,      3169,
     30.36,      3232,
     30.38,      3297,
      30.4,      3268,
     30.42,      3102,
     30.44,      3172,
     30.46,      3097,
     30.48,      3260,
      30.5,      3140,
     30.52,      3219,
     30.54,      3161,
     30.56,      3060,
     30.58,      3237,
      30.6,      3171,
     30.62,      3134,
     30.64,      3061,
     30.66,      3085,
     30.68,      3082,
      30.7,      3140,
     30.72,      3094,
     30.74,      3114,
     30.76,      3148,
     30.78,      3252,
      30.8,      3043,
     30.82,      3091,
     30.84,      3214,
     30.86,      3150,
     30.88,      3140,
      30.9,      3131,
     30.92,      3195,
     30.94,      3178,
     30.96,      3090,
     30.98,      3057,
        31,      3202,
     31.02,      3149,
     31.04,      3017,
     31.06,      3127,
     31.08,      3109,
      31.1,      3146,
     31.12,      3125,
     31.14,      2992,
     31.16,      3145,
     31.18,      3070,
      31.2,      3067,
     31.22,      3123,
     31.24,      3187,
     31.26,      3135,
     31.28,      3085,
      31.3,      2986,
     31.32,      3183,
     31.34,      3226,
     31.36,      3145,
     31.38,      3135,
      31.4,      3170,
     31.42,      3185,
     31.44,      3190,
     31.46,      3242,
     31.48,      3238,
      31.5,      3184,
     31.52,      3199,
     31.54,      3133,
     31.56,      3189,
     31.58,      3113,
      31.6,      3143,
     31.62,      3104,
     31.64,      3148,
     31.66,      3083,
     31.68,      3028,
      31.7,      2976,
     31.72,      2971,
     31.74,      2893,
     31.76,      3091,
     31.78,      3040,
      31.8,      3098,
     31.82,      2911,
     31.84,      3000,
     31.86,      3017,
     31.88,      2960,
      31.9,      2990,
     31.92,      2890,
     31.94,      2929,
     31.96,      2914,
     31.98,      2979,
        32,      2950,
     32.02,      2836,
     32.04,      2975,
     32.06,      2882,
     32.08,      2935,
      32.1,      2986,
     32.12,      2796,
     32.14,      2965,
     32.16,      2956,
     32.18,      2974,
      32.2,      2871,
     32.22,      2967,
     32.24,      2900,
     32.26,      2956,
     32.28,      2978,
      32.3,      2870,
     32.32,      2901,
     32.34,      2940,
     32.36,      2941,
     32.38,      2906,
      32.4,      2934,
     32.42,      2926,
     32.44,      2894,
     32.46,      2778,
     32.48,      2975,
      32.5,      3042,
     32.52,      2945,
     32.54,      2785,
     32.56,      2837,
     32.58,      2831,
      32.6,      2753,
     32.62,      2910,
     32.64,      2859,
     32.66,      2887,
     32.68,      2818,
      32.7,      2917,
     32.72,      2887,
     32.74,      2816,
     32.76,      2824,
     32.78,      2811,
      32.8,      2796,
     32.82,      2779,
     32.84,      2864,
     32.86,      2839,
     32.88,      2859,
      32.9,      2868,
     32.92,      2849,
     32.94,      2821,
     32.96,      2856,
     32.98,      2809,
        33,      2811,
     33.02,      2814,
     33.04,      2786,
     33.06,      2787,
     33.08,      2914,
      33.1,      2796,
     33.12,      2768,
     33.14,      2839,
     33.16,      2786,
     33.18,      2774,
      33.2,      2782,
     33.22,      2750,
     33.24,      2827,
     33.26,      2864,
     33.28,      2783,
      33.3,      2764,
     33.32,      2735,
     33.34,      2732,
     33.36,      2742,
     33.38,      2787,
      33.4,      2882,
     33.42,      2893,
     33.44,      2772,
     33.46,      2748,
     33.48,      2746,
      33.5,      2708,
     33.52,      2775,
     33.54,      2790,
     33.56,      2808,
     33.58,      2751,
      33.6,      2664,
     33.62,      2814,
     33.64,      2740,
     33.66,      2765,
     33.68,      2681,
      33.7,      2755,
     33.72,      2736,
     33.74,      2805,
     33.76,      2767,
     33.78,      2852,
      33.8,      2781,
     33.82,      2753,
     33.84,      2825,
     33.86,      2749,
     33.88,      2839,
      33.9,      2814,
     33.92,      2803,
     33.94,      2833,
     33.96,      2796,
     33.98,      2727,
        34,      2808,
     34.02,      2813,
     34.04,      2795,
     34.06,      2791,
     34.08,      2708,
      34.1,      2714,
     34.12,      2715,
     34.14,      2678,
     34.16,      2820,
     34.18,      2673,
      34.2,      2858,
     34.22,      2780,
     34.24,      2762,
     34.26,      2727,
     34.28,      2769,
      34.3,      2746,
     34.32,      2780,
     34.34,      2742,
     34.36,      2744,
     34.38,      2746,
      34.4,      2718,
     34.42,      2797,
     34.44,      2772,
     34.46,      2741,
     34.48,      2694,
      34.5,      2734,
     34.52,      2718,
     34.54,      2680,
     34.56,      2715,
     34.58,      2722,
      34.6,      2686,
     34.62,      2758,
     34.64,      2659,
     34.66,      2723,
     34.68,      2656,
      34.7,      2613,
     34.72,      2705,
     34.74,      2631,
     34.76,      2754,
     34.78,      2674,
      34.8,      2690,
     34.82,      2650,
     34.84,      2633,
     34.86,      2713,
     34.88,      2647,
      34.9,      2669,
     34.92,      2620,
     34.94,      2626,
     34.96,      2676,
     34.98,      2678,
        35,      2583,
     35.02,      2644,
     35.04,      2533,
     35.06,      2705,
     35.08,      2596,
      35.1,      2633,
     35.12,      2684,
     35.14,      2627,
     35.16,      2652,
     35.18,      2709,
      35.2,      2629,
     35.22,      2678,
     35.24,      2607,
     35.26,      2679,
     35.28,      2577,
      35.3,      2704,
     35.32,      2602,
     35.34,      2592,
     35.36,      2552,
     35.38,      2673,
      35.4,      2586,
     35.42,      2686,
     35.44,      2637,
     35.46,      2596,
     35.48,      2608,
      35.5,      2491,
     35.52,      2576,
     35.54,      2529,
     35.56,      2679,
     35.58,      2588,
      35.6,      2561,
     35.62,      2549,
     35.64,      2604,
     35.66,      2617,
     35.68,      2563,
      35.7,      2630,
     35.72,      2601,
     35.74,      2588,
     35.76,      2592,
     35.78,      2529,
      35.8,      2559,
     35.82,      2529,
     35.84,      2652,
     35.86,      2544,
     35.88,      2604,
      35.9,      2543,
     35.92,      2575,
     35.94,      2534,
     35.96,      2576,
     35.98,      2595,
        36,      2579,
     36.02,      2564,
     36.04,      2444,
     36.06,      2662,
     36.08,      2581,
      36.1,      2516,
     36.12,      2617,
     36.14,      2703,
     36.16,      2601,
     36.18,      2582,
      36.2,      2519,
     36.22,      2510,
     36.24,      2655,
     36.26,      2556,
     36.28,      2460,
      36.3,      2493,
     36.32,      2536,
     36.34,      2519,
     36.36,      2479,
     36.38,      2570,
      36.4,      2494,
     36.42,      2527,
     36.44,      2563,
     36.46,      2572,
     36.48,      2571,
      36.5,      2594,
     36.52,      2594,
     36.54,      2532,
     36.56,      2478,
     36.58,      2548,
      36.6,      2578,
     36.62,      2535,
     36.64,      2601,
     36.66,      2550,
     36.68,      2496,
      36.7,      2464,
     36.72,      2549,
     36.74,      2553,
     36.76,      2446,
     36.78,      2546,
      36.8,      2463,
     36.82,      2542,
     36.84,      2533,
     36.86,      2630,
     36.88,      2479,
      36.9,      2590,
     36.92,      2480,
     36.94,      2574,
     36.96,      2525,
     36.98,      2423,
        37,      2557,
     37.02,      2651,
     37.04,      2613,
     37.06,      2586,
     37.08,      2508,
      37.1,      2530,
     37.12,      2551,
     37.14,      2604,
     37.16,      2495,
     37.18,      2569,
      37.2,      2620,
     37.22,      2563,
     37.24,      2573,
     37.26,      2661,
     37.28,      2511,
      37.3,      2527,
     37.32,      2491,
     37.34,      2488,
     37.36,      2598,
     37.38,      2660,
      37.4,      2579,
     37.42,      2512,
     37.44,      2590,
     37.46,      2612,
     37.48,      2595,
      37.5,      2519,
     37.52,      2619,
     37.54,      2570,
     37.56,      2635,
     37.58,      2629,
      37.6,      2557,
     37.62,      2535,
     37.64,      2551,
     37.66,      2577,
     37.68,      2631,
      37.7,      2601,
     37.72,      2668,
     37.74,      2630,
     37.76,      2592,
     37.78,      2543,
      37.8,      2620,
     37.82,      2594,
     37.84,      2573,
     37.86,      2564,
     37.88,      2664,
      37.9,      2613,
     37.92,      2652,
     37.94,      2625,
     37.96,      2661,
     37.98,      2695,
        38,      2671,
     38.02,      2652,
     38.04,      2734,
     38.06,      2654,
     38.08,      2696,
      38.1,      2742,
     38.12,      2791,
     38.14,      2700,
     38.16,      2877,
     38.18,      2845,
      38.2,      2825,
     38.22,      2828,
     38.24,      2815,
     38.26,      2843,
     38.28,      2793,
      38.3,      2856,
     38.32,      2971,
     38.34,      3050,
     38.36,      2983,
     38.38,      3169,
      38.4,      3064,
     38.42,      3076,
     38.44,      3141,
     38.46,      3166,
     38.48,      3318,
      38.5,      3432,
     38.52,      3327,
     38.54,      3429,
     38.56,      3528,
     38.58,      3494,
      38.6,      3591,
     38.62,      3666,
     38.64,      3778,
     38.66,      3764,
     38.68,      3663,
      38.7,      3877,
     38.72,      3948,
     38.74,      3868,
     38.76,      3880,
     38.78,      3984,
      38.8,      4165,
     38.82,      4107,
     38.84,      4125,
     38.86,      4092,
     38.88,      4143,
      38.9,      4051,
     38.92,      3975,
     38.94,      4067,
     38.96,      3929,
     38.98,      3995,
        39,      3836,
     39.02,      3792,
     39.04,      3761,
     39.06,      3836,
     39.08,      3913,
      39.1,      3770,
     39.12,      3770,
     39.14,      3669,
     39.16,      3676,
     39.18,      3524,
      39.2,      3579,
     39.22,      3389,
     39.24,      3574,
     39.26,      3391,
     39.28,      3207,
      39.3,      3175,
     39.32,      3119,
     39.34,      3230,
     39.36,      3068,
     39.38,      2987,
      39.4,      3089,
     39.42,      2921,
     39.44,      2959,
     39.46,      3035,
     39.48,      2896,
      39.5,      2857,
     39.52,      2812,
     39.54,      2796,
     39.56,      2878,
     39.58,      2774,
      39.6,      2752,
     39.62,      2832,
     39.64,      2834,
     39.66,      2674,
     39.68,      2769,
      39.7,      2710,
     39.72,      2846,
     39.74,      2810,
     39.76,      2809,
     39.78,      2665,
      39.8,      2652,
     39.82,      2652,
     39.84,      2753,
     39.86,      2629,
     39.88,      2662,
      39.9,      2694,
     39.92,      2599,
     39.94,      2700,
     39.96,      2657,
     39.98,      2668,
        40,      2630,
     40.02,      2626,
     40.04,      2611,
     40.06,      2476,
     40.08,      2567,
      40.1,      2548,
     40.12,      2562,
     40.14,      2655,
     40.16,      2506,
     40.18,      2568,
      40.2,      2488,
     40.22,      2515,
     40.24,      2558,
     40.26,      2392,
     40.28,      2565,
      40.3,      2483,
     40.32,      2533,
     40.34,      2399,
     40.36,      2382,
     40.38,      2533,
      40.4,      2461,
     40.42,      2421,
     40.44,      2510,
     40.46,      2543,
     40.48,      2458,
      40.5,      2482,
     40.52,      2423,
     40.54,      2444,
     40.56,      2488,
     40.58,      2443,
      40.6,      2540,
     40.62,      2526,
     40.64,      2377,
     40.66,      2495,
     40.68,      2533,
      40.7,      2435,
     40.72,      2561,
     40.74,      2465,
     40.76,      2508,
     40.78,      2483,
      40.8,      2452,
     40.82,      2471,
     40.84,      2452,
     40.86,      2397,
     40.88,      2389,
      40.9,      2450,
     40.92,      2453,
     40.94,      2472,
     40.96,      2413,
     40.98,      2548,
        41,      2529,
     41.02,      2499,
     41.04,      2489,
     41.06,      2410,
     41.08,      2500,
      41.1,      2455,
     41.12,      2432,
     41.14,      2453,
     41.16,      2382,
     41.18,      2489,
      41.2,      2390,
     41.22,      2413,
     41.24,      2514,
     41.26,      2551,
     41.28,      2417,
      41.3,      2538,
     41.32,      2459,
     41.34,      2599,
     41.36,      2509,
     41.38,      2505,
      41.4,      2500,
     41.42,      2398,
     41.44,      2464,
     41.46,      2380,
     41.48,      2445,
      41.5,      2397,
     41.52,      2444,
     41.54,      2485,
     41.56,      2403,
     41.58,      2479,
      41.6,      2462,
     41.62,      2567,
     41.64,      2465,
     41.66,      2458,
     41.68,      2400,
      41.7,      2481,
     41.72,      2500,
     41.74,      2521,
     41.76,      2414,
     41.78,      2323,
      41.8,      2475,
     41.82,      2436,
     41.84,      2408,
     41.86,      2396,
     41.88,      2443,
      41.9,      2490,
     41.92,      2387,
     41.94,      2448,
     41.96,      2556,
     41.98,      2439,
        42,      2408,
     42.02,      2442,
     42.04,      2362,
     42.06,      2405,
     42.08,      2433,
      42.1,      2494,
     42.12,      2516,
     42.14,      2444,
     42.16,      2522,
     42.18,      2459,
      42.2,      2459,
     42.22,      2508,
     42.24,      2567,
     42.26,      2507,
     42.28,      2478,
      42.3,      2481,
     42.32,      2468,
     42.34,      2472,
     42.36,      2453,
     42.38,      2530,
      42.4,      2424,
     42.42,      2446,
     42.44,      2560,
     42.46,      2459,
     42.48,      2443,
      42.5,      2548,
     42.52,      2546,
     42.54,      2495,
     42.56,      2542,
     42.58,      2415,
      42.6,      2546,
     42.62,      2408,
     42.64,      2450,
     42.66,      2507,
     42.68,      2506,
      42.7,      2484,
     42.72,      2471,
     42.74,      2592,
     42.76,      2487,
     42.78,      2470,
      42.8,      2544,
     42.82,      2509,
     42.84,      2450,
     42.86,      2548,
     42.88,      2487,
      42.9,      2616,
     42.92,      2551,
     42.94,      2486,
     42.96,      2482,
     42.98,      2533,
        43,      2548,
     43.02,      2507,
     43.04,      2487,
     43.06,      2474,
     43.08,      2471,
      43.1,      2513,
     43.12,      2570,
     43.14,      2558,
     43.16,      2591,
     43.18,      2610,
      43.2,      2431,
     43.22,      2552,
     43.24,      2566,
     43.26,      2561,
     43.28,      2527,
      43.3,      2607,
     43.32,      2532,
     43.34,      2571,
     43.36,      2575,
     43.38,      2686,
      43.4,      2483,
     43.42,      2485,
     43.44,      2527,
     43.46,      2534,
     43.48,      2490,
      43.5,      2510,
     43.52,      2521,
     43.54,      2461,
     43.56,      2434,
     43.58,      2444,
      43.6,      2506,
     43.62,      2554,
     43.64,      2498,
     43.66,      2518,
     43.68,      2535,
      43.7,      2457,
     43.72,      2545,
     43.74,      2452,
     43.76,      2396,
     43.78,      2484,
      43.8,      2519,
     43.82,      2506,
     43.84,      2476,
     43.86,      2490,
     43.88,      2433,
      43.9,      2472,
     43.92,      2438,
     43.94,      2468,
     43.96,      2419,
     43.98,      2469,
        44,      2503,
     44.02,      2521,
     44.04,      2366,
     44.06,      2462,
     44.08,      2403,
      44.1,      2520,
     44.12,      2468,
     44.14,      2472,
     44.16,      2449,
     44.18,      2423,
      44.2,      2468,
     44.22,      2514,
     44.24,      2458,
     44.26,      2416,
     44.28,      2510,
      44.3,      2466,
     44.32,      2566,
     44.34,      2483,
     44.36,      2440,
     44.38,      2441,
      44.4,      2483,
     44.42,      2518,
     44.44,      2551,
     44.46,      2352,
     44.48,      2474,
      44.5,      2522,
     44.52,      2494,
     44.54,      2470,
     44.56,      2457,
     44.58,      2416,
      44.6,      2405,
     44.62,      2585,
     44.64,      2400,
     44.66,      2438,
     44.68,      2361,
      44.7,      2460,
     44.72,      2405,
     44.74,      2426,
     44.76,      2395,
     44.78,      2476,
      44.8,      2436,
     44.82,      2502,
     44.84,      2375,
     44.86,      2342,
     44.88,      2421,
      44.9,      2513,
     44.92,      2424,
     44.94,      2452,
     44.96,      2443,
     44.98,      2471,
        45,      2492,
     45.02,      2395,
     45.04,      2416,
     45.06,      2412,
     45.08,      2465,
      45.1,      2476,
     45.12,      2497,
     45.14,      2488,
     45.16,      2396,
     45.18,      2361,
      45.2,      2279,
     45.22,      2438,
     45.24,      2442,
     45.26,      2404,
     45.28,      2477,
      45.3,      2481,
     45.32,      2432,
     45.34,      2447,
     45.36,      2412,
     45.38,      2397,
      45.4,      2385,
     45.42,      2350,
     45.44,      2400,
     45.46,      2400,
     45.48,      2363,
      45.5,      2430,
     45.52,      2398,
     45.54,      2398,
     45.56,      2407,
     45.58,      2398,
      45.6,      2452,
     45.62,      2300,
     45.64,      2469,
     45.66,      2389,
     45.68,      2461,
      45.7,      2503,
     45.72,      2404,
     45.74,      2434,
     45.76,      2318,
     45.78,      2453,
      45.8,      2399,
     45.82,      2432,
     45.84,      2391,
     45.86,      2402,
     45.88,      2518,
      45.9,      2438,
     45.92,      2407,
     45.94,      2364,
     45.96,      2402,
     45.98,      2401,
        46,      2463,
     46.02,      2393,
     46.04,      2450,
     46.06,      2411,
     46.08,      2468,
      46.1,      2359,
     46.12,      2438,
     46.14,      2406,
     46.16,      2370,
     46.18,      2325,
      46.2,      2386,
     46.22,      2354,
     46.24,      2340,
     46.26,      2350,
     46.28,      2352,
      46.3,      2411,
     46.32,      2376,
     46.34,      2401,
     46.36,      2353,
     46.38,      2305,
      46.4,      2303,
     46.42,      2335,
     46.44,      2336,
     46.46,      2339,
     46.48,      2444,
      46.5,      2423,
     46.52,      2379,
     46.54,      2396,
     46.56,      2409,
     46.58,      2305,
      46.6,      2393,
     46.62,      2386,
     46.64,      2358,
     46.66,      2421,
     46.68,      2373,
      46.7,      2286,
     46.72,      2332,
     46.74,      2366,
     46.76,      2347,
     46.78,      2446,
      46.8,      2348,
     46.82,      2515,
     46.84,      2341,
     46.86,      2308,
     46.88,      2422,
      46.9,      2414,
     46.92,      2341,
     46.94,      2390,
     46.96,      2354,
     46.98,      2391,
        47,      2336,
     47.02,      2361,
     47.04,      2351,
     47.06,      2255,
     47.08,      2377,
      47.1,      2389,
     47.12,      2338,
     47.14,      2385,
     47.16,      2271,
     47.18,      2278,
      47.2,      2411,
     47.22,      2414,
     47.24,      2315,
     47.26,      2345,
     47.28,      2401,
      47.3,      2332,
     47.32,      2308,
     47.34,      2407,
     47.36,      2387,
     47.38,      2330,
      47.4,      2311,
     47.42,      2338,
     47.44,      2237,
     47.46,      2408,
     47.48,      2279,
      47.5,      2330,
     47.52,      2329,
     47.54,      2376,
     47.56,      2369,
     47.58,      2391,
      47.6,      2393,
     47.62,      2319,
     47.64,      2326,
     47.66,      2374,
     47.68,      2309,
      47.7,      2353,
     47.72,      2367,
     47.74,      2366,
     47.76,      2367,
     47.78,      2351,
      47.8,      2362,
     47.82,      2268,
     47.84,      2311,
     47.86,      2338,
     47.88,      2270,
      47.9,      2348,
     47.92,      2363,
     47.94,      2352,
     47.96,      2438,
     47.98,      2352,
        48,      2391,
     48.02,      2429,
     48.04,      2340,
     48.06,      2358,
     48.08,      2382,
      48.1,      2388,
     48.12,      2343,
     48.14,      2366,
     48.16,      2336,
     48.18,      2237,
      48.2,      2295,
     48.22,      2354,
     48.24,      2350,
     48.26,      2315,
     48.28,      2290,
      48.3,      2331,
     48.32,      2329,
     48.34,      2362,
     48.36,      2353,
     48.38,      2233,
      48.4,      2319,
     48.42,      2310,
     48.44,      2336,
     48.46,      2371,
     48.48,      2252,
      48.5,      2245,
     48.52,      2271,
     48.54,      2319,
     48.56,      2265,
     48.58,      2300,
      48.6,      2302,
     48.62,      2265,
     48.64,      2315,
     48.66,      2244,
     48.68,      2316,
      48.7,      2260,
     48.72,      2192,
     48.74,      2296,
     48.76,      2348,
     48.78,      2218,
      48.8,      2240,
     48.82,      2210,
     48.84,      2257,
     48.86,      2255,
     48.88,      2208,
      48.9,      2283,
     48.92,      2346,
     48.94,      2198,
     48.96,      2281,
     48.98,      2284,
        49,      2173,
     49.02,      2295,
     49.04,      2342,
     49.06,      2141,
     49.08,      2152,
      49.1,      2353,
     49.12,      2156,
     49.14,      2246,
     49.16,      2210,
     49.18,      2286,
      49.2,      2252,
     49.22,      2122,
     49.24,      2170,
     49.26,      2277,
     49.28,      2247,
      49.3,      2190,
     49.32,      2203,
     49.34,      2231,
     49.36,      2300,
     49.38,      2227,
      49.4,      2274,
     49.42,      2147,
     49.44,      2243,
     49.46,      2161,
     49.48,      2167,
      49.5,      2247,
     49.52,      2195,
     49.54,      2258,
     49.56,      2177,
     49.58,      2161,
      49.6,      2177,
     49.62,      2167,
     49.64,      2238,
     49.66,      2247,
     49.68,      2198,
      49.7,      2235,
     49.72,      2183,
     49.74,      2174,
     49.76,      2190,
     49.78,      2179,
      49.8,      2149,
     49.82,      2229,
     49.84,      2215,
     49.86,      2291,
     49.88,      2184,
      49.9,      2187,
     49.92,      2240,
     49.94,      2175,
     49.96,      2194,
     49.98,      2193,
        50,      2144,
     50.02,      2182,
     50.04,      2180,
     50.06,      2204,
     50.08,      2198,
      50.1,      2166,
     50.12,      2172,
     50.14,      2221,
     50.16,      2141,
     50.18,      2126,
      50.2,      2154,
     50.22,      2147,
     50.24,      2193,
     50.26,      2225,
     50.28,      2125,
      50.3,      2136,
     50.32,      2262,
     50.34,      2294,
     50.36,      2130,
     50.38,      2067,
      50.4,      2150,
     50.42,      2255,
     50.44,      2122,
     50.46,      2091,
     50.48,      2209,
      50.5,      2251,
     50.52,      2187,
     50.54,      2198,
     50.56,      2146,
     50.58,      2135,
      50.6,      2151,
     50.62,      2214,
     50.64,      2122,
     50.66,      2166,
     50.68,      2127,
      50.7,      2170,
     50.72,      2156,
     50.74,      2126,
     50.76,      2116,
     50.78,      2217,
      50.8,      2184,
     50.82,      2181,
     50.84,      2169,
     50.86,      2115,
     50.88,      2103,
      50.9,      2114,
     50.92,      2131,
     50.94,      2122,
     50.96,      2154,
     50.98,      2073,
        51,      2168,
     51.02,      2034,
     51.04,      2179,
     51.06,      2153,
     51.08,      2131,
      51.1,      2056,
     51.12,      2137,
     51.14,      2102,
     51.16,      2125,
     51.18,      2180,
      51.2,      2144,
     51.22,      2137,
     51.24,      2146,
     51.26,      2122,
     51.28,      2128,
      51.3,      2001,
     51.32,      1953,
     51.34,      2103,
     51.36,      2131,
     51.38,      2049,
      51.4,      2049,
     51.42,      2132,
     51.44,      2081,
     51.46,      2114,
     51.48,      2154,
      51.5,      2156,
     51.52,      1992,
     51.54,      2108,
     51.56,      2090,
     51.58,      2140,
      51.6,      2135,
     51.62,      2103,
     51.64,      2155,
     51.66,      2132,
     51.68,      2081,
      51.7,      2093,
     51.72,      2133,
     51.74,      2065,
     51.76,      2124,
     51.78,      2096,
      51.8,      2048,
     51.82,      2144,
     51.84,      2085,
     51.86,      2087,
     51.88,      2011,
      51.9,      2056,
     51.92,      2083,
     51.94,      2073,
     51.96,      2092,
     51.98,      2117,
        52,      2130,
     52.02,      2120,
     52.04,      2094,
     52.06,      2125,
     52.08,      2157,
      52.1,      1964,
     52.12,      2068,
     52.14,      2074,
     52.16,      2104,
     52.18,      2019,
      52.2,      2019,
     52.22,      2084,
     52.24,      2112,
     52.26,      2028,
     52.28,      2083,
      52.3,      2027,
     52.32,      2058,
     52.34,      2114,
     52.36,      2087,
     52.38,      2111,
      52.4,      2067,
     52.42,      2090,
     52.44,      2101,
     52.46,      2110,
     52.48,      2134,
      52.5,      2073,
     52.52,      2074,
     52.54,      2187,
     52.56,      2195,
     52.58,      2086,
      52.6,      2138,
     52.62,      2215,
     52.64,      2116,
     52.66,      2134,
     52.68,      2157,
      52.7,      2092,
     52.72,      2115,
     52.74,      2110,
     52.76,      1994,
     52.78,      2136,
      52.8,      2147,
     52.82,      1983,
     52.84,      2099,
     52.86,      2037,
     52.88,      2184,
      52.9,      2058,
     52.92,      2052,
     52.94,      2079,
     52.96,      2065,
     52.98,      2093,
        53,      2079,
     53.02,      2065,
     53.04,      2029,
     53.06,      2136,
     53.08,      1989,
      53.1,      2090,
     53.12,      2056,
     53.14,      2090,
     53.16,      2057,
     53.18,      2026,
      53.2,      1904,
     53.22,      2005,
     53.24,      2079,
     53.26,      2064,
     53.28,      2022,
      53.3,      2054,
     53.32,      2020,
     53.34,      1997,
     53.36,      2028,
     53.38,      2112,
      53.4,      1985,
     53.42,      2032,
     53.44,      2071,
     53.46,      1987,
     53.48,      2027,
      53.5,      2031,
     53.52,      2068,
     53.54,      1977,
     53.56,      1992,
     53.58,      1948,
      53.6,      2062,
     53.62,      1962,
     53.64,      2036,
     53.66,      2013,
     53.68,      2095,
      53.7,      2080,
     53.72,      1957,
     53.74,      2079,
     53.76,      2023,
     53.78,      2103,
      53.8,      2115,
     53.82,      2042,
     53.84,      1916,
     53.86,      2087,
     53.88,      2023,
      53.9,      2013,
     53.92,      2054,
     53.94,      2044,
     53.96,      2040,
     53.98,      2014,
        54,      2005,
     54.02,      2006,
     54.04,      1983,
     54.06,      2004,
     54.08,      2012,
      54.1,      2063,
     54.12,      2031,
     54.14,      2004,
     54.16,      1982,
     54.18,      2069,
      54.2,      1922,
     54.22,      1966,
     54.24,      1990,
     54.26,      1991,
     54.28,      1972,
      54.3,      1976,
     54.32,      2072,
     54.34,      1933,
     54.36,      2026,
     54.38,      2059,
      54.4,      2021,
     54.42,      1996,
     54.44,      2036,
     54.46,      2058,
     54.48,      2026,
      54.5,      1983,
     54.52,      2019,
     54.54,      1985,
     54.56,      1979,
     54.58,      1926,
      54.6,      1959,
     54.62,      1994,
     54.64,      2003,
     54.66,      1970,
     54.68,      1944,
      54.7,      1971,
     54.72,      2073,
     54.74,      2042,
     54.76,      1992,
     54.78,      2007,
      54.8,      2016,
     54.82,      2044,
     54.84,      1985,
     54.86,      2079,
     54.88,      2048,
      54.9,      1944,
     54.92,      1896,
     54.94,      2087,
     54.96,      2011,
     54.98,      1939,
        55,      1991,
     55.02,      2013,
     55.04,      1948,
     55.06,      2044,
     55.08,      2024,
      55.1,      2011,
     55.12,      2005,
     55.14,      1963,
     55.16,      1979,
     55.18,      2014,
      55.2,      1957,
     55.22,      1994,
     55.24,      1966,
     55.26,      2025,
     55.28,      2040,
      55.3,      2028,
     55.32,      2100,
     55.34,      2032,
     55.36,      2070,
     55.38,      1945,
      55.4,      1966,
     55.42,      2021,
     55.44,      1971,
     55.46,      2053,
     55.48,      2012,
      55.5,      2132,
     55.52,      2062,
     55.54,      1944,
     55.56,      2044,
     55.58,      1999,
      55.6,      2090,
     55.62,      2045,
     55.64,      2020,
     55.66,      2019,
     55.68,      2025,
      55.7,      2023,
     55.72,      2009,
     55.74,      2056,
     55.76,      2016,
     55.78,      2071,
      55.8,      2117,
     55.82,      2065,
     55.84,      2039,
     55.86,      2045,
     55.88,      2005,
      55.9,      2103,
     55.92,      2014,
     55.94,      2019,
     55.96,      2127,
     55.98,      2030,
        56,      2125,
     56.02,      2085,
     56.04,      2155,
     56.06,      2040,
     56.08,      2077,
      56.1,      2102,
     56.12,      2043,
     56.14,      2107,
     56.16,      2049,
     56.18,      2070,
      56.2,      2076,
     56.22,      2113,
     56.24,      2103,
     56.26,      2036,
     56.28,      2088,
      56.3,      2069,
     56.32,      2110,
     56.34,      2064,
     56.36,      2056,
     56.38,      2145,
      56.4,      1971,
     56.42,      2035,
     56.44,      2044,
     56.46,      2071,
     56.48,      2137,
      56.5,      2111,
     56.52,      2032,
     56.54,      2087,
     56.56,      2044,
     56.58,      1985,
      56.6,      2153,
     56.62,      2104,
     56.64,      2122,
     56.66,      1974,
     56.68,      2032,
      56.7,      2002,
     56.72,      2077,
     56.74,      2103,
     56.76,      2033,
     56.78,      2077,
      56.8,      2052,
     56.82,      2011,
     56.84,      2009,
     56.86,      2007,
     56.88,      2063,
      56.9,      2017,
     56.92,      1945,
     56.94,      2046,
     56.96,      2048,
     56.98,      2023,
        57,      2061,
     57.02,      2032,
     57.04,      1968,
     57.06,      2011,
     57.08,      1987,
      57.1,      2002,
     57.12,      2070,
     57.14,      1971,
     57.16,      2036,
     57.18,      1930,
      57.2,      2051,
     57.22,      1989,
     57.24,      1946,
     57.26,      1979,
     57.28,      1965,
      57.3,      2043,
     57.32,      2094,
     57.34,      1994,
     57.36,      2033,
     57.38,      1962,
      57.4,      1939,
     57.42,      2063,
     57.44,      2059,
     57.46,      1966,
     57.48,      2079,
      57.5,      2011,
     57.52,      1990,
     57.54,      2019,
     57.56,      1956,
     57.58,      1895,
      57.6,      1955,
     57.62,      1989,
     57.64,      2005,
     57.66,      1976,
     57.68,      1974,
      57.7,      1994,
     57.72,      2018,
     57.74,      1937,
     57.76,      1962,
     57.78,      1982,
      57.8,      1936,
     57.82,      1880,
     57.84,      1943,
     57.86,      1956,
     57.88,      2038,
      57.9,      1979,
     57.92,      1962,
     57.94,      1910,
     57.96,      1996,
     57.98,      1957,
        58,      1949,
     58.02,      1918,
     58.04,      1945,
     58.06,      1909,
     58.08,      1948,
      58.1,      1965,
     58.12,      1907,
     58.14,      1895,
     58.16,      1913,
     58.18,      1915,
      58.2,      1851,
     58.22,      1923,
     58.24,      1906,
     58.26,      1884,
     58.28,      1940,
      58.3,      1968,
     58.32,      1904,
     58.34,      1923,
     58.36,      1946,
     58.38,      1884,
      58.4,      1966,
     58.42,      1901,
     58.44,      1993,
     58.46,      1870,
     58.48,      1853,
      58.5,      1979,
     58.52,      1990,
     58.54,      1832,
     58.56,      1963,
     58.58,      1942,
      58.6,      1954,
     58.62,      1926,
     58.64,      1943,
     58.66,      1938,
     58.68,      1943,
      58.7,      1966,
     58.72,      1985,
     58.74,      1875,
     58.76,      1934,
     58.78,      1874,
      58.8,      1828,
     58.82,      1862,
     58.84,      2000,
     58.86,      1911,
     58.88,      1972,
      58.9,      1958,
     58.92,      1926,
     58.94,      1921,
     58.96,      1880,
     58.98,      1978,
        59,      1835,
     59.02,      1964,
     59.04,      1876,
     59.06,      1928,
     59.08,      1900,
      59.1,      1895,
     59.12,      1894,
     59.14,      1936,
     59.16,      1938,
     59.18,      1814,
      59.2,      2011,
     59.22,      1941,
     59.24,      1937,
     59.26,      1860,
     59.28,      1917,
      59.3,      1927,
     59.32,      1915,
     59.34,      1902,
     59.36,      1879,
     59.38,      1948,
      59.4,      1930,
     59.42,      1927,
     59.44,      1822,
     59.46,      1932,
     59.48,      1893,
      59.5,      1906,
     59.52,      1890,
     59.54,      1936,
     59.56,      1890,
     59.58,      1863,
      59.6,      1890,
     59.62,      1896,
     59.64,      1895,
     59.66,      1885,
     59.68,      1969,
      59.7,      1925,
     59.72,      1944,
     59.74,      1973,
     59.76,      1970,
     59.78,      1927,
      59.8,      1841,
     59.82,      1884,
     59.84,      1918,
     59.86,      1941,
     59.88,      1866,
      59.9,      1871,
     59.92,      1906,
     59.94,      1950,
     59.96,      1889,
     59.98,      1919,
        60,      2004,
     60.02,      1909,
     60.04,      1923,
     60.06,      1840,
     60.08,      1940,
      60.1,      1958,
     60.12,      1821,
     60.14,      1933,
     60.16,      1880,
     60.18,      1919,
      60.2,      1855,
     60.22,      1832,
     60.24,      1886,
     60.26,      1808,
     60.28,      1883,
      60.3,      1930,
     60.32,      1913,
     60.34,      1931,
     60.36,      1973,
     60.38,      1904,
      60.4,      1889,
     60.42,      1876,
     60.44,      1887,
     60.46,      1847,
     60.48,      1896,
      60.5,      1852,
     60.52,      1831,
     60.54,      1900,
     60.56,      1908,
     60.58,      1915,
      60.6,      1892,
     60.62,      1904,
     60.64,      1826,
     60.66,      1921,
     60.68,      1879,
      60.7,      1915,
     60.72,      1849,
     60.74,      1930,
     60.76,      1756,
     60.78,      1893,
      60.8,      1912,
     60.82,      1911,
     60.84,      1900,
     60.86,      1946,
     60.88,      1896,
      60.9,      1932,
     60.92,      1966,
     60.94,      1884,
     60.96,      1927,
     60.98,      1852,
        61,      1888,
     61.02,      1874,
     61.04,      1860,
     61.06,      1957,
     61.08,      1817,
      61.1,      1845,
     61.12,      1973,
     61.14,      1863,
     61.16,      1878,
     61.18,      1823,
      61.2,      1870,
     61.22,      1836,
     61.24,      1935,
     61.26,      1906,
     61.28,      1878,
      61.3,      1859,
     61.32,      1940,
     61.34,      1835,
     61.36,      1817,
     61.38,      1817,
      61.4,      1915,
     61.42,      1886,
     61.44,      1906,
     61.46,      1862,
     61.48,      1955,
      61.5,      1958,
     61.52,      1841,
     61.54,      1836,
     61.56,      1906,
     61.58,      1953,
      61.6,      1823,
     61.62,      1878,
     61.64,      1875,
     61.66,      1816,
     61.68,      1720,
      61.7,      1878,
     61.72,      1848,
     61.74,      1895,
     61.76,      1882,
     61.78,      1840,
      61.8,      1893,
     61.82,      1913,
     61.84,      1837,
     61.86,      1851,
     61.88,      1922,
      61.9,      1786,
     61.92,      1855,
     61.94,      1894,
     61.96,      1977,
     61.98,      1828,
        62,      1868,
     62.02,      1862,
     62.04,      1812,
     62.06,      1945,
     62.08,      1970,
      62.1,      2000,
     62.12,      1864,
     62.14,      1899,
     62.16,      1875,
     62.18,      1929,
      62.2,      1972,
     62.22,      1904,
     62.24,      1889,
     62.26,      1897,
     62.28,      1936,
      62.3,      1854,
     62.32,      1885,
     62.34,      1839,
     62.36,      1872,
     62.38,      1857,
      62.4,      1861,
     62.42,      1930,
     62.44,      1897,
     62.46,      1872,
     62.48,      1926,
      62.5,      1906,
     62.52,      1867,
     62.54,      1796,
     62.56,      1907,
     62.58,      1891,
      62.6,      1894,
     62.62,      1873,
     62.64,      1832,
     62.66,      1880,
     62.68,      1802,
      62.7,      1884,
     62.72,      1936,
     62.74,      1805,
     62.76,      1893,
     62.78,      1896,
      62.8,      1908,
     62.82,      1955,
     62.84,      1933,
     62.86,      1833,
     62.88,      1897,
      62.9,      1838,
     62.92,      1868,
     62.94,      1918,
     62.96,      1898,
     62.98,      1889,
        63,      1935,
     63.02,      1959,
     63.04,      1854,
     63.06,      1911,
     63.08,      1884,
      63.1,      1873,
     63.12,      1882,
     63.14,      1916,
     63.16,      1848,
     63.18,      1882,
      63.2,      1879,
     63.22,      1908,
     63.24,      1920,
     63.26,      1797,
     63.28,      1858,
      63.3,      1823,
     63.32,      1920,
     63.34,      1874,
     63.36,      1972,
     63.38,      1987,
      63.4,      1917,
     63.42,      1896,
     63.44,      1832,
     63.46,      1868,
     63.48,      1847,
      63.5,      1855,
     63.52,      1926,
     63.54,      1851,
     63.56,      1899,
     63.58,      1949,
      63.6,      1931,
     63.62,      1812,
     63.64,      1773,
     63.66,      1855,
     63.68,      1884,
      63.7,      1894,
     63.72,      1936,
     63.74,      1835,
     63.76,      1925,
     63.78,      1891,
      63.8,      1902,
     63.82,      1939,
     63.84,      1930,
     63.86,      1859,
     63.88,      1842,
      63.9,      1923,
     63.92,      1954,
     63.94,      1880,
     63.96,      1880,
     63.98,      1871,
        64,      1912,
     64.02,      1924,
     64.04,      1880,
     64.06,      1877,
     64.08,      1838,
      64.1,      1856,
     64.12,      1899,
     64.14,      1891,
     64.16,      1925,
     64.18,      1815,
      64.2,      1873,
     64.22,      1880,
     64.24,      1845,
     64.26,      1820,
     64.28,      1884,
      64.3,      1870,
     64.32,      1820,
     64.34,      1905,
     64.36,      1882,
     64.38,      1868,
      64.4,      1784,
     64.42,      1853,
     64.44,      1861,
     64.46,      1860,
     64.48,      1919,
      64.5,      1865,
     64.52,      1810,
     64.54,      1909,
     64.56,      1870,
     64.58,      1811,
      64.6,      1826,
     64.62,      1858,
     64.64,      1879,
     64.66,      1928,
     64.68,      1831,
      64.7,      1862,
     64.72,      1844,
     64.74,      1847,
     64.76,      1865,
     64.78,      1803,
      64.8,      1859,
     64.82,      1838,
     64.84,      1821,
     64.86,      1823,
     64.88,      1906,
      64.9,      1811,
     64.92,      1772,
     64.94,      1851,
     64.96,      1805,
     64.98,      1794,
        65,      1823,
     65.02,      1810,
     65.04,      1797,
     65.06,      1784,
     65.08,      1849,
      65.1,      1769,
     65.12,      1827,
     65.14,      1854,
     65.16,      1835,
     65.18,      1892,
      65.2,      1794,
     65.22,      1819,
     65.24,      1802,
     65.26,      1918,
     65.28,      1817,
      65.3,      1798,
     65.32,      1836,
     65.34,      1823,
     65.36,      1816,
     65.38,      1789,
      65.4,      1753,
     65.42,      1868,
     65.44,      1858,
     65.46,      1771,
     65.48,      1843,
      65.5,      1835,
     65.52,      1831,
     65.54,      1719,
     65.56,      1841,
     65.58,      1787,
      65.6,      1837,
     65.62,      1879,
     65.64,      1828,
     65.66,      1813,
     65.68,      1778,
      65.7,      1879,
     65.72,      1802,
     65.74,      1826,
     65.76,      1880,
     65.78,      1843,
      65.8,      1883,
     65.82,      1797,
     65.84,      1775,
     65.86,      1869,
     65.88,      1770,
      65.9,      1772,
     65.92,      1796,
     65.94,      1821,
     65.96,      1808,
     65.98,      1754,
        66,      1798,
     66.02,      1725,
     66.04,      1833,
     66.06,      1780,
     66.08,      1791,
      66.1,      1776,
     66.12,      1857,
     66.14,      1833,
     66.16,      1814,
     66.18,      1748,
      66.2,      1806,
     66.22,      1774,
     66.24,      1778,
     66.26,      1892,
     66.28,      1851,
      66.3,      1856,
     66.32,      1743,
     66.34,      1833,
     66.36,      1807,
     66.38,      1764,
      66.4,      1827,
     66.42,      1738,
     66.44,      1836,
     66.46,      1772,
     66.48,      1829,
      66.5,      1841,
     66.52,      1782,
     66.54,      1789,
     66.56,      1844,
     66.58,      1839,
      66.6,      1719,
     66.62,      1877,
     66.64,      1881,
     66.66,      1800,
     66.68,      1714,
      66.7,      1826,
     66.72,      1766,
     66.74,      1847,
     66.76,      1785,
     66.78,      1805,
      66.8,      1745,
     66.82,      1750,
     66.84,      1838,
     66.86,      1755,
     66.88,      1813,
      66.9,      1857,
     66.92,      1728,
     66.94,      1811,
     66.96,      1768,
     66.98,      1860,
        67,      1847,
     67.02,      1804,
     67.04,      1807,
     67.06,      1746,
     67.08,      1751,
      67.1,      1866,
     67.12,      1868,
     67.14,      1829,
     67.16,      1801,
     67.18,      1917,
      67.2,      1725,
     67.22,      1817,
     67.24,      1825,
     67.26,      1740,
     67.28,      1828,
      67.3,      1707,
     67.32,      1898,
     67.34,      1726,
     67.36,      1778,
     67.38,      1743,
      67.4,      1885,
     67.42,      1879,
     67.44,      1806,
     67.46,      1766,
     67.48,      1771,
      67.5,      1822,
     67.52,      1702,
     67.54,      1842,
     67.56,      1816,
     67.58,      1819,
      67.6,      1847,
     67.62,      1848,
     67.64,      1851,
     67.66,      1844,
     67.68,      1840,
      67.7,      1837,
     67.72,      1823,
     67.74,      1748,
     67.76,      1810,
     67.78,      1810,
      67.8,      1771,
     67.82,      1732,
     67.84,      1820,
     67.86,      1857,
     67.88,      1795,
      67.9,      1825,
     67.92,      1777,
     67.94,      1795,
     67.96,      1811,
     67.98,      1889,
        68,      1721,
     68.02,      1828,
     68.04,      1799,
     68.06,      1785,
     68.08,      1828,
      68.1,      1857,
     68.12,      1775,
     68.14,      1765,
     68.16,      1766,
     68.18,      1786,
      68.2,      1787,
     68.22,      1800,
     68.24,      1817,
     68.26,      1805,
     68.28,      1818,
      68.3,      1805,
     68.32,      1817,
     68.34,      1764,
     68.36,      1822,
     68.38,      1789,
      68.4,      1762,
     68.42,      1754,
     68.44,      1827,
     68.46,      1808,
     68.48,      1808,
      68.5,      1782,
     68.52,      1773,
     68.54,      1768,
     68.56,      1804,
     68.58,      1847,
      68.6,      1880,
     68.62,      1720,
     68.64,      1865,
     68.66,      1860,
     68.68,      1819,
      68.7,      1922,
     68.72,      1870,
     68.74,      1844,
     68.76,      1812,
     68.78,      1798,
      68.8,      1825,
     68.82,      1733,
     68.84,      1779,
     68.86,      1789,
     68.88,      1828,
      68.9,      1852,
     68.92,      1837,
     68.94,      1846,
     68.96,      1854,
     68.98,      1797,
        69,      1819,
     69.02,      1831,
     69.04,      1802,
     69.06,      1898,
     69.08,      1751,
      69.1,      1808,
     69.12,      1913,
     69.14,      1764,
     69.16,      1809,
     69.18,      1903,
      69.2,      1871,
     69.22,      1715,
     69.24,      1813,
     69.26,      1833,
     69.28,      1860,
      69.3,      1806,
     69.32,      1835,
     69.34,      1921,
     69.36,      1880,
     69.38,      1843,
      69.4,      1831,
     69.42,      1865,
     69.44,      1775,
     69.46,      1841,
     69.48,      1938,
      69.5,      1892,
     69.52,      1839,
     69.54,      1869,
     69.56,      1817,
     69.58,      1833,
      69.6,      1847,
     69.62,      1880,
     69.64,      1873,
     69.66,      1880,
     69.68,      1880,
      69.7,      1919,
     69.72,      1867,
     69.74,      1898,
     69.76,      1896,
     69.78,      1880,
      69.8,      1893,
     69.82,      1915,
     69.84,      1899,
     69.86,      1893,
     69.88,      1914,
      69.9,      2001,
     69.92,      1904,
     69.94,      1927,
     69.96,      2021,
     69.98,      1999,
        70,      1864,
     70.02,      1992,
     70.04,      1939,
     70.06,      1990,
     70.08,      1926,
      70.1,      1946,
     70.12,      2008,
     70.14,      2000,
     70.16,      1950,
     70.18,      1986,
      70.2,      1979,
     70.22,      1928,
     70.24,      1956,
     70.26,      2003,
     70.28,      2017,
      70.3,      2024,
     70.32,      1971,
     70.34,      1987,
     70.36,      1988,
     70.38,      1979,
      70.4,      2028,
     70.42,      2020,
     70.44,      1997,
     70.46,      2012,
     70.48,      2015,
      70.5,      2012,
     70.52,      1984,
     70.54,      1993,
     70.56,      1986,
     70.58,      1984,
      70.6,      2044,
     70.62,      1903,
     70.64,      1983,
     70.66,      1993,
     70.68,      1932,
      70.7,      1984,
     70.72,      1962,
     70.74,      1876,
     70.76,      1944,
     70.78,      1956,
      70.8,      1893,
     70.82,      1978,
     70.84,      1911,
     70.86,      1854,
     70.88,      1846,
      70.9,      1912,
     70.92,      1839,
     70.94,      1837,
     70.96,      1826,
     70.98,      1822,
        71,      1857,
     71.02,      1977,
     71.04,      1892,
     71.06,      1876,
     71.08,      1892,
      71.1,      1803,
     71.12,      1849,
     71.14,      1927,
     71.16,      1897,
     71.18,      1807,
      71.2,      1852,
     71.22,      1879,
     71.24,      1914,
     71.26,      1803,
     71.28,      1808,
      71.3,      1931,
     71.32,      1777,
     71.34,      1859,
     71.36,      1871,
     71.38,      1802,
      71.4,      1812,
     71.42,      1846,
     71.44,      1828,
     71.46,      1781,
     71.48,      1891,
      71.5,      1849,
     71.52,      1785,
     71.54,      1812,
     71.56,      1774,
     71.58,      1849,
      71.6,      1794,
     71.62,      1797,
     71.64,      1732,
     71.66,      1758,
     71.68,      1847,
      71.7,      1847,
     71.72,      1766,
     71.74,      1736,
     71.76,      1806,
     71.78,      1814,
      71.8,      1697,
     71.82,      1722,
     71.84,      1731,
     71.86,      1715,
     71.88,      1782,
      71.9,      1739,
     71.92,      1730,
     71.94,      1796,
     71.96,      1809,
     71.98,      1811,
        72,      1856,
     72.02,      1750,
     72.04,      1773,
     72.06,      1767,
     72.08,      1785,
      72.1,      1783,
     72.12,      1752,
     72.14,      1767,
     72.16,      1773,
     72.18,      1749,
      72.2,      1727,
     72.22,      1675,
     72.24,      1730,
     72.26,      1800,
     72.28,      1756,
      72.3,      1787,
     72.32,      1751,
     72.34,      1816,
     72.36,      1754,
     72.38,      1754,
      72.4,      1792,
     72.42,      1756,
     72.44,      1721,
     72.46,      1806,
     72.48,      1757,
      72.5,      1744,
     72.52,      1751,
     72.54,      1816,
     72.56,      1692,
     72.58,      1710,
      72.6,      1680,
     72.62,      1674,
     72.64,      1717,
     72.66,      1736,
     72.68,      1730,
      72.7,      1737,
     72.72,      1780,
     72.74,      1770,
     72.76,      1689,
     72.78,      1765,
      72.8,      1794,
     72.82,      1761,
     72.84,      1758,
     72.86,      1660,
     72.88,      1768,
      72.9,      1746,
     72.92,      1737,
     72.94,      1695,
     72.96,      1826,
     72.98,      1709,
        73,      1772,
     73.02,      1729,
     73.04,      1784,
     73.06,      1653,
     73.08,      1722,
      73.1,      1715,
     73.12,      1734,
     73.14,      1766,
     73.16,      1713,
     73.18,      1671,
      73.2,      1696,
     73.22,      1684,
     73.24,      1730,
     73.26,      1718,
     73.28,      1684,
      73.3,      1684,
     73.32,      1667,
     73.34,      1686,
     73.36,      1673,
     73.38,      1690,
      73.4,      1682,
     73.42,      1700,
     73.44,      1748,
     73.46,      1666,
     73.48,      1724,
      73.5,      1782,
     73.52,      1763,
     73.54,      1648,
     73.56,      1673,
     73.58,      1643,
      73.6,      1668,
     73.62,      1674,
     73.64,      1661,
     73.66,      1679,
     73.68,      1692,
      73.7,      1744,
     73.72,      1744,
     73.74,      1761,
     73.76,      1685,
     73.78,      1805,
      73.8,      1695,
     73.82,      1735,
     73.84,      1743,
     73.86,      1728,
     73.88,      1729,
      73.9,      1739,
     73.92,      1650,
     73.94,      1662,
     73.96,      1695,
     73.98,      1701,
        74,      1654,
     74.02,      1681,
     74.04,      1677,
     74.06,      1725,
     74.08,      1681,
      74.1,      1682,
     74.12,      1750,
     74.14,      1767,
     74.16,      1724,
     74.18,      1750,
      74.2,      1647,
     74.22,      1708,
     74.24,      1723,
     74.26,      1702,
     74.28,      1655,
      74.3,      1721,
     74.32,      1662,
     74.34,      1819,
     74.36,      1692,
     74.38,      1699,
      74.4,      1676,
     74.42,      1730,
     74.44,      1694,
     74.46,      1679,
     74.48,      1671,
      74.5,      1739,
     74.52,      1717,
     74.54,      1724,
     74.56,      1686,
     74.58,      1663,
      74.6,      1737,
     74.62,      1677,
     74.64,      1617,
     74.66,      1776,
     74.68,      1711,
      74.7,      1686,
     74.72,      1752,
     74.74,      1669,
     74.76,      1679,
     74.78,      1608,
      74.8,      1679,
     74.82,      1665,
     74.84,      1664,
     74.86,      1652,
     74.88,      1689,
      74.9,      1666,
     74.92,      1703,
     74.94,      1611,
     74.96,      1647,
     74.98,      1699,
        75,      1694,
     75.02,      1677,
     75.04,      1651,
     75.06,      1720,
     75.08,      1745,
      75.1,      1708,
     75.12,      1639,
     75.14,      1635,
     75.16,      1726,
     75.18,      1746,
      75.2,      1748,
     75.22,      1683,
     75.24,      1638,
     75.26,      1644,
     75.28,      1660,
      75.3,      1709,
     75.32,      1687,
     75.34,      1684,
     75.36,      1667,
     75.38,      1661,
      75.4,      1619,
     75.42,      1732,
     75.44,      1777,
     75.46,      1665,
     75.48,      1745,
      75.5,      1625,
     75.52,      1623,
     75.54,      1688,
     75.56,      1682,
     75.58,      1650,
      75.6,      1694,
     75.62,      1685,
     75.64,      1707,
     75.66,      1622,
     75.68,      1634,
      75.7,      1688,
     75.72,      1782,
     75.74,      1657,
     75.76,      1656,
     75.78,      1640,
      75.8,      1616,
     75.82,      1633,
     75.84,      1689,
     75.86,      1586,
     75.88,      1644,
      75.9,      1702,
     75.92,      1605,
     75.94,      1667,
     75.96,      1651,
     75.98,      1699,
        76,      1624,
     76.02,      1682,
     76.04,      1609,
     76.06,      1728,
     76.08,      1616,
      76.1,      1648,
     76.12,      1673,
     76.14,      1630,
     76.16,      1649,
     76.18,      1669,
      76.2,      1623,
     76.22,      1677,
     76.24,      1660,
     76.26,      1688,
     76.28,      1660,
      76.3,      1626,
     76.32,      1677,
     76.34,      1627,
     76.36,      1662,
     76.38,      1670,
      76.4,      1624,
     76.42,      1686,
     76.44,      1652,
     76.46,      1652,
     76.48,      1640,
      76.5,      1625,
     76.52,      1637,
     76.54,      1674,
     76.56,      1631,
     76.58,      1583,
      76.6,      1642,
     76.62,      1647,
     76.64,      1693,
     76.66,      1656,
     76.68,      1678,
      76.7,      1527,
     76.72,      1633,
     76.74,      1662,
     76.76,      1664,
     76.78,      1637,
      76.8,      1697,
     76.82,      1609,
     76.84,      1662,
     76.86,      1669,
     76.88,      1633,
      76.9,      1587,
     76.92,      1646,
     76.94,      1620,
     76.96,      1665,
     76.98,      1632,
        77,      1599,
     77.02,      1613,
     77.04,      1669,
     77.06,      1654,
     77.08,      1651,
      77.1,      1623,
     77.12,      1685,
     77.14,      1623,
     77.16,      1564,
     77.18,      1664,
      77.2,      1596,
     77.22,      1640,
     77.24,      1650,
     77.26,      1636,
     77.28,      1633,
      77.3,      1607,
     77.32,      1590,
     77.34,      1569,
     77.36,      1679,
     77.38,      1670,
      77.4,      1569,
     77.42,      1640,
     77.44,      1715,
     77.46,      1605,
     77.48,      1575,
      77.5,      1650,
     77.52,      1656,
     77.54,      1634,
     77.56,      1672,
     77.58,      1603,
      77.6,      1678,
     77.62,      1661,
     77.64,      1645,
     77.66,      1649,
     77.68,      1700,
      77.7,      1703,
     77.72,      1605,
     77.74,      1589,
     77.76,      1634,
     77.78,      1691,
      77.8,      1620,
     77.82,      1672,
     77.84,      1513,
     77.86,      1663,
     77.88,      1615,
      77.9,      1573,
     77.92,      1642,
     77.94,      1577,
     77.96,      1660,
     77.98,      1629,
        78,      1632,
     78.02,      1609,
     78.04,      1654,
     78.06,      1662,
     78.08,      1618,
      78.1,      1700,
     78.12,      1638,
     78.14,      1605,
     78.16,      1614,
     78.18,      1568,
      78.2,      1675,
     78.22,      1574,
     78.24,      1569,
     78.26,      1670,
     78.28,      1565,
      78.3,      1705,
     78.32,      1611,
     78.34,      1601,
     78.36,      1694,
     78.38,      1657,
      78.4,      1593,
     78.42,      1618,
     78.44,      1666,
     78.46,      1634,
     78.48,      1645,
      78.5,      1642,
     78.52,      1654,
     78.54,      1551,
     78.56,      1574,
     78.58,      1511,
      78.6,      1595,
     78.62,      1535,
     78.64,      1617,
     78.66,      1579,
     78.68,      1549,
      78.7,      1594,
     78.72,      1610,
     78.74,      1563,
     78.76,      1632,
     78.78,      1566,
      78.8,      1605,
     78.82,      1626,
     78.84,      1599,
     78.86,      1598,
     78.88,      1627,
      78.9,      1616,
     78.92,      1535,
     78.94,      1601,
     78.96,      1601,
     78.98,      1573,
        79,      1590,
     79.02,      1552,
     79.04,      1621,
     79.06,      1618,
     79.08,      1524,
      79.1,      1673,
     79.12,      1664,
     79.14,      1665,
     79.16,      1542,
     79.18,      1581,
      79.2,      1554,
     79.22,      1585,
     79.24,      1613,
     79.26,      1529,
     79.28,      1662,
      79.3,      1631,
     79.32,      1487,
     79.34,      1613,
     79.36,      1593,
     79.38,      1577,
      79.4,      1526,
     79.42,      1588,
     79.44,      1521,
     79.46,      1557,
     79.48,      1616,
      79.5,      1641,
     79.52,      1621,
     79.54,      1567,
     79.56,      1619,
     79.58,      1581,
      79.6,      1551,
     79.62,      1532,
     79.64,      1608,
     79.66,      1537,
     79.68,      1626,
      79.7,      1545,
     79.72,      1524,
     79.74,      1585,
     79.76,      1549,
     79.78,      1591,
      79.8,      1529,
     79.82,      1573,
     79.84,      1580,
     79.86,      1570,
     79.88,      1553,
      79.9,      1544,
     79.92,      1540,
     79.94,      1553,
     79.96,      1512,
     79.98,      1578,
        80,      1637,
     80.02,      1576,
     80.04,      1575,
     80.06,      1576,
     80.08,      1567,
      80.1,      1563,
     80.12,      1511,
     80.14,      1586,
     80.16,      1559,
     80.18,      1541,
      80.2,      1566,
     80.22,      1627,
     80.24,      1545,
     80.26,      1548,
     80.28,      1552,
      80.3,      1526,
     80.32,      1611,
     80.34,      1576,
     80.36,      1566,
     80.38,      1568,
      80.4,      1606,
     80.42,      1516,
     80.44,      1531,
     80.46,      1558,
     80.48,      1579,
      80.5,      1593,
     80.52,      1614,
     80.54,      1536,
     80.56,      1638,
     80.58,      1560,
      80.6,      1556,
     80.62,      1535,
     80.64,      1553,
     80.66,      1530,
     80.68,      1552,
      80.7,      1583,
     80.72,      1501,
     80.74,      1505,
     80.76,      1469,
     80.78,      1615,
      80.8,      1518,
     80.82,      1542,
     80.84,      1521,
     80.86,      1532,
     80.88,      1513,
      80.9,      1524,
     80.92,      1486,
     80.94,      1600,
     80.96,      1509,
     80.98,      1533,
        81,      1453,
     81.02,      1593,
     81.04,      1506,
     81.06,      1542,
     81.08,      1504,
      81.1,      1485,
     81.12,      1538,
     81.14,      1526,
     81.16,      1504,
     81.18,      1549,
      81.2,      1572,
     81.22,      1564,
     81.24,      1530,
     81.26,      1529,
     81.28,      1544,
      81.3,      1580,
     81.32,      1530,
     81.34,      1553,
     81.36,      1496,
     81.38,      1451,
      81.4,      1423,
     81.42,      1528,
     81.44,      1541,
     81.46,      1553,
     81.48,      1529,
      81.5,      1564,
     81.52,      1490,
     81.54,      1560,
     81.56,      1496,
     81.58,      1543,
      81.6,      1561,
     81.62,      1540,
     81.64,      1531,
     81.66,      1498,
     81.68,      1500,
      81.7,      1562,
     81.72,      1423,
     81.74,      1546,
     81.76,      1534,
     81.78,      1526,
      81.8,      1546,
     81.82,      1524,
     81.84,      1513,
     81.86,      1478,
     81.88,      1490,
      81.9,      1508,
     81.92,      1508,
     81.94,      1528,
     81.96,      1509,
     81.98,      1552,
        82,      1461,
     82.02,      1522,
     82.04,      1486,
     82.06,      1460,
     82.08,      1517,
      82.1,      1458,
     82.12,      1496,
     82.14,      1494,
     82.16,      1503,
     82.18,      1561,
      82.2,      1512,
     82.22,      1507,
     82.24,      1477,
     82.26,      1492,
     82.28,      1470,
      82.3,      1527,
     82.32,      1582,
     82.34,      1527,
     82.36,      1489,
     82.38,      1557,
      82.4,      1544,
     82.42,      1526,
     82.44,      1511,
     82.46,      1488,
     82.48,      1496,
      82.5,      1558,
     82.52,      1506,
     82.54,      1537,
     82.56,      1493,
     82.58,      1553,
      82.6,      1535,
     82.62,      1495,
     82.64,      1532,
     82.66,      1521,
     82.68,      1525,
      82.7,      1502,
     82.72,      1476,
     82.74,      1517,
     82.76,      1480,
     82.78,      1441,
      82.8,      1471,
     82.82,      1532,
     82.84,      1535,
     82.86,      1429,
     82.88,      1515,
      82.9,      1510,
     82.92,      1510,
     82.94,      1533,
     82.96,      1613,
     82.98,      1486,
        83,      1547,
     83.02,      1477,
     83.04,      1505,
     83.06,      1507,
     83.08,      1516,
      83.1,      1495,
     83.12,      1554,
     83.14,      1565,
     83.16,      1526,
     83.18,      1491,
      83.2,      1524,
     83.22,      1535,
     83.24,      1479,
     83.26,      1485,
     83.28,      1542,
      83.3,      1514,
     83.32,      1554,
     83.34,      1484,
     83.36,      1503,
     83.38,      1498,
      83.4,      1491,
     83.42,      1582,
     83.44,      1458,
     83.46,      1443,
     83.48,      1446,
      83.5,      1520,
     83.52,      1585,
     83.54,      1480,
     83.56,      1493,
     83.58,      1518,
      83.6,      1540,
     83.62,      1521,
     83.64,      1505,
     83.66,      1461,
     83.68,      1417,
      83.7,      1412,
     83.72,      1475,
     83.74,      1471,
     83.76,      1544,
     83.78,      1432,
      83.8,      1474,
     83.82,      1453,
     83.84,      1474,
     83.86,      1475,
     83.88,      1495,
      83.9,      1430,
     83.92,      1444,
     83.94,      1472,
     83.96,      1494,
     83.98,      1417,
        84,      1444,
     84.02,      1435,
     84.04,      1498,
     84.06,      1491,
     84.08,      1381,
      84.1,      1431,
     84.12,      1437,
     84.14,      1482,
     84.16,      1524,
     84.18,      1471,
      84.2,      1476,
     84.22,      1419,
     84.24,      1440,
     84.26,      1437,
     84.28,      1373,
      84.3,      1405,
     84.32,      1482,
     84.34,      1499,
     84.36,      1458,
     84.38,      1431,
      84.4,      1392,
     84.42,      1401,
     84.44,      1392,
     84.46,      1443,
     84.48,      1437,
      84.5,      1408,
     84.52,      1402,
     84.54,      1449,
     84.56,      1460,
     84.58,      1442,
      84.6,      1416,
     84.62,      1410,
     84.64,      1432,
     84.66,      1416,
     84.68,      1442,
      84.7,      1451,
     84.72,      1454,
     84.74,      1401,
     84.76,      1433,
     84.78,      1442,
      84.8,      1482,
     84.82,      1451,
     84.84,      1468,
     84.86,      1442,
     84.88,      1426,
      84.9,      1404,
     84.92,      1394,
     84.94,      1386,
     84.96,      1380,
     84.98,      1412,
        85,      1418,
     85.02,      1378,
     85.04,      1427,
     85.06,      1421,
     85.08,      1425,
      85.1,      1376,
     85.12,      1383,
     85.14,      1388,
     85.16,      1374,
     85.18,      1404,
      85.2,      1459,
     85.22,      1430,
     85.24,      1423,
     85.26,      1312,
     85.28,      1399,
      85.3,      1400,
     85.32,      1371,
     85.34,      1377,
     85.36,      1424,
     85.38,      1397,
      85.4,      1428,
     85.42,      1387,
     85.44,      1353,
     85.46,      1371,
     85.48,      1376,
      85.5,      1423,
     85.52,      1384,
     85.54,      1308,
     85.56,      1471,
     85.58,      1390,
      85.6,      1402,
     85.62,      1359,
     85.64,      1401,
     85.66,      1420,
     85.68,      1378,
      85.7,      1356,
     85.72,      1376,
     85.74,      1381,
     85.76,      1374,
     85.78,      1370,
      85.8,      1380,
     85.82,      1396,
     85.84,      1389,
     85.86,      1372,
     85.88,      1357,
      85.9,      1330,
     85.92,      1370,
     85.94,      1311,
     85.96,      1431,
     85.98,      1383,
        86,      1396,
     86.02,      1370,
     86.04,      1357,
     86.06,      1344,
     86.08,      1332,
      86.1,      1380,
     86.12,      1345,
     86.14,      1348,
     86.16,      1325,
     86.18,      1413,
      86.2,      1383,
     86.22,      1355,
     86.24,      1353,
     86.26,      1369,
     86.28,      1382,
      86.3,      1358,
     86.32,      1436,
     86.34,      1335,
     86.36,      1366,
     86.38,      1355,
      86.4,      1369,
     86.42,      1412,
     86.44,      1348,
     86.46,      1363,
     86.48,      1375,
      86.5,      1348,
     86.52,      1418,
     86.54,      1313,
     86.56,      1313,
     86.58,      1422,
      86.6,      1382,
     86.62,      1309,
     86.64,      1340,
     86.66,      1340,
     86.68,      1359,
      86.7,      1390,
     86.72,      1311,
     86.74,      1320,
     86.76,      1382,
     86.78,      1270,
      86.8,      1312,
     86.82,      1352,
     86.84,      1284,
     86.86,      1341,
     86.88,      1292,
      86.9,      1330,
     86.92,      1347,
     86.94,      1351,
     86.96,      1335,
     86.98,      1363,
        87,      1305,
     87.02,      1394,
     87.04,      1319,
     87.06,      1346,
     87.08,      1437,
      87.1,      1372,
     87.12,      1412,
     87.14,      1347,
     87.16,      1272,
     87.18,      1305,
      87.2,      1357,
     87.22,      1305,
     87.24,      1305,
     87.26,      1317,
     87.28,      1383,
      87.3,      1318,
     87.32,      1354,
     87.34,      1293,
     87.36,      1324,
     87.38,      1322,
      87.4,      1325,
     87.42,      1353,
     87.44,      1362,
     87.46,      1286,
     87.48,      1299,
      87.5,      1239,
     87.52,      1356,
     87.54,      1362,
     87.56,      1378,
     87.58,      1389,
      87.6,      1369,
     87.62,      1348,
     87.64,      1341,
     87.66,      1328,
     87.68,      1285,
      87.7,      1270,
     87.72,      1291,
     87.74,      1306,
     87.76,      1283,
     87.78,      1295,
      87.8,      1321,
     87.82,      1294,
     87.84,      1288,
     87.86,      1309,
     87.88,      1260,
      87.9,      1365,
     87.92,      1332,
     87.94,      1321,
     87.96,      1342,
     87.98,      1294,
        88,      1319,
     88.02,      1284,
     88.04,      1319,
     88.06,      1354,
     88.08,      1317,
      88.1,      1333,
     88.12,      1312,
     88.14,      1339,
     88.16,      1299,
     88.18,      1337,
      88.2,      1304,
     88.22,      1247,
     88.24,      1310,
     88.26,      1336,
     88.28,      1295,
      88.3,      1339,
     88.32,      1339,
     88.34,      1320,
     88.36,      1306,
     88.38,      1327,
      88.4,      1317,
     88.42,      1311,
     88.44,      1326,
     88.46,      1381,
     88.48,      1327,
      88.5,      1282,
     88.52,      1279,
     88.54,      1384,
     88.56,      1304,
     88.58,      1218,
      88.6,      1320,
     88.62,      1389,
     88.64,      1327,
     88.66,      1329,
     88.68,      1279,
      88.7,      1283,
     88.72,      1358,
     88.74,      1294,
     88.76,      1290,
     88.78,      1330,
      88.8,      1222,
     88.82,      1262,
     88.84,      1365,
     88.86,      1265,
     88.88,      1227,
      88.9,      1345,
     88.92,      1338,
     88.94,      1342,
     88.96,      1349,
     88.98,      1329,
        89,      1299,
     89.02,      1306,
     89.04,      1259,
     89.06,      1294,
     89.08,      1270,
      89.1,      1339,
     89.12,      1322,
     89.14,      1304,
     89.16,      1277,
     89.18,      1299,
      89.2,      1328,
     89.22,      1280,
     89.24,      1358,
     89.26,      1270,
     89.28,      1205,
      89.3,      1328,
     89.32,      1276,
     89.34,      1279,
     89.36,      1239,
     89.38,      1361,
      89.4,      1322,
     89.42,      1327,
     89.44,      1308,
     89.46,      1300,
     89.48,      1373,
      89.5,      1302,
     89.52,      1308,
     89.54,      1343,
     89.56,      1387,
     89.58,      1301,
      89.6,      1292,
     89.62,      1314,
     89.64,      1327,
     89.66,      1325,
     89.68,      1275,
      89.7,      1284,
     89.72,      1276,
     89.74,      1295,
     89.76,      1252,
     89.78,      1273,
      89.8,      1271,
     89.82,      1308,
     89.84,      1258,
     89.86,      1276,
     89.88,      1276,
      89.9,      1254,
     89.92,      1333,
     89.94,      1307,
     89.96,      1274,
     89.98,      1352,
        90,      1324,
     90.02,      1309,
     90.04,      1310,
     90.06,      1280,
     90.08,      1267,
      90.1,      1244,
     90.12,      1251,
     90.14,      1273,
     90.16,      1281,
     90.18,      1364,
      90.2,      1314,
     90.22,      1228,
     90.24,      1227,
     90.26,      1235,
     90.28,      1335,
      90.3,      1298,
     90.32,      1341,
     90.34,      1332,
     90.36,      1343,
     90.38,      1222,
      90.4,      1265,
     90.42,      1253,
     90.44,      1334,
     90.46,      1254,
     90.48,      1263,
      90.5,      1342,
     90.52,      1288,
     90.54,      1211,
     90.56,      1273,
     90.58,      1348,
      90.6,      1362,
     90.62,      1246,
     90.64,      1322,
     90.66,      1232,
     90.68,      1302,
      90.7,      1292,
     90.72,      1268,
     90.74,      1317,
     90.76,      1308,
     90.78,      1264,
      90.8,      1234,
     90.82,      1322,
     90.84,      1261,
     90.86,      1253,
     90.88,      1306,
      90.9,      1339,
     90.92,      1317,
     90.94,      1291,
     90.96,      1278,
     90.98,      1279,
        91,      1247,
     91.02,      1313,
     91.04,      1284,
     91.06,      1309,
     91.08,      1314,
      91.1,      1247,
     91.12,      1321,
     91.14,      1268,
     91.16,      1317,
     91.18,      1210,
      91.2,      1220,
     91.22,      1271,
     91.24,      1283,
     91.26,      1242,
     91.28,      1253,
      91.3,      1292,
     91.32,      1281,
     91.34,      1288,
     91.36,      1257,
     91.38,      1280,
      91.4,      1276,
     91.42,      1245,
     91.44,      1245,
     91.46,      1292,
     91.48,      1307,
      91.5,      1250,
     91.52,      1250,
     91.54,      1281,
     91.56,      1243,
     91.58,      1311,
      91.6,      1249,
     91.62,      1231,
     91.64,      1291,
     91.66,      1332,
     91.68,      1297,
      91.7,      1255,
     91.72,      1292,
     91.74,      1302,
     91.76,      1207,
     91.78,      1354,
      91.8,      1293,
     91.82,      1244,
     91.84,      1266,
     91.86,      1270,
     91.88,      1265,
      91.9,      1267,
     91.92,      1360,
     91.94,      1287,
     91.96,      1242,
     91.98,      1269,
        92,      1229,
     92.02,      1290,
     92.04,      1265,
     92.06,      1288,
     92.08,      1290,
      92.1,      1266,
     92.12,      1356,
     92.14,      1169,
     92.16,      1238,
     92.18,      1297,
      92.2,      1200,
     92.22,      1214,
     92.24,      1318,
     92.26,      1234,
     92.28,      1246,
      92.3,      1243,
     92.32,      1266,
     92.34,      1286,
     92.36,      1258,
     92.38,      1266,
      92.4,      1232,
     92.42,      1281,
     92.44,      1303,
     92.46,      1242,
     92.48,      1276,
      92.5,      1200,
     92.52,      1278,
     92.54,      1258,
     92.56,      1250,
     92.58,      1231,
      92.6,      1228,
     92.62,      1279,
     92.64,      1257,
     92.66,      1264,
     92.68,      1246,
      92.7,      1286,
     92.72,      1287,
     92.74,      1265,
     92.76,      1349,
     92.78,      1261,
      92.8,      1270,
     92.82,      1273,
     92.84,      1297,
     92.86,      1253,
     92.88,      1252,
      92.9,      1205,
     92.92,      1283,
     92.94,      1269,
     92.96,      1260,
     92.98,      1272,
        93,      1281,
     93.02,      1219,
     93.04,      1286,
     93.06,      1257,
     93.08,      1319,
      93.1,      1316,
     93.12,      1257,
     93.14,      1226,
     93.16,      1264,
     93.18,      1309,
      93.2,      1222,
     93.22,      1231,
     93.24,      1276,
     93.26,      1290,
     93.28,      1243,
      93.3,      1242,
     93.32,      1243,
     93.34,      1226,
     93.36,      1271,
     93.38,      1252,
      93.4,      1326,
     93.42,      1308,
     93.44,      1225,
     93.46,      1268,
     93.48,      1229,
      93.5,      1174,
     93.52,      1257,
     93.54,      1259,
     93.56,      1264,
     93.58,      1294,
      93.6,      1254,
     93.62,      1224,
     93.64,      1298,
     93.66,      1209,
     93.68,      1240,
      93.7,      1270,
     93.72,      1232,
     93.74,      1311,
     93.76,      1189,
     93.78,      1254,
      93.8,      1327,
     93.82,      1321,
     93.84,      1247,
     93.86,      1338,
     93.88,      1271,
      93.9,      1235,
     93.92,      1222,
     93.94,      1245,
     93.96,      1194,
     93.98,      1277,
        94,      1228,
     94.02,      1221,
     94.04,      1259,
     94.06,      1284,
     94.08,      1173,
      94.1,      1192,
     94.12,      1276,
     94.14,      1259,
     94.16,      1270,
     94.18,      1239,
      94.2,      1358,
     94.22,      1317,
     94.24,      1271,
     94.26,      1251,
     94.28,      1296,
      94.3,      1293,
     94.32,      1278,
     94.34,      1267,
     94.36,      1298,
     94.38,      1280,
      94.4,      1276,
     94.42,      1227,
     94.44,      1264,
     94.46,      1301,
     94.48,      1256,
      94.5,      1275,
     94.52,      1280,
     94.54,      1271,
     94.56,      1282,
     94.58,      1258,
      94.6,      1269,
     94.62,      1214,
     94.64,      1316,
     94.66,      1269,
     94.68,      1310,
      94.7,      1296,
     94.72,      1286,
     94.74,      1236,
     94.76,      1218,
     94.78,      1238,
      94.8,      1280,
     94.82,      1231,
     94.84,      1275,
     94.86,      1209,
     94.88,      1262,
      94.9,      1300,
     94.92,      1303,
     94.94,      1253,
     94.96,      1285,
     94.98,      1311,
        95,      1257,
     95.02,      1334,
     95.04,      1357,
     95.06,      1285,
     95.08,      1271,
      95.1,      1300,
     95.12,      1299,
     95.14,      1307,
     95.16,      1267,
     95.18,      1290,
      95.2,      1242,
     95.22,      1271,
     95.24,      1298,
     95.26,      1286,
     95.28,      1305,
      95.3,      1275,
     95.32,      1253,
     95.34,      1279,
     95.36,      1283,
     95.38,      1214,
      95.4,      1219,
     95.42,      1267,
     95.44,      1279,
     95.46,      1229,
     95.48,      1244,
      95.5,      1270,
     95.52,      1320,
     95.54,      1319,
     95.56,      1260,
     95.58,      1325,
      95.6,      1244,
     95.62,      1322,
     95.64,      1255,
     95.66,      1356,
     95.68,      1238,
      95.7,      1267,
     95.72,      1307,
     95.74,      1357,
     95.76,      1312,
     95.78,      1269,
      95.8,      1314,
     95.82,      1238,
     95.84,      1295,
     95.86,      1282,
     95.88,      1279,
      95.9,      1332,
     95.92,      1315,
     95.94,      1272,
     95.96,      1391,
     95.98,      1242,
        96,      1289,
     96.02,      1253,
     96.04,      1362,
     96.06,      1288,
     96.08,      1335,
      96.1,      1340,
     96.12,      1325,
     96.14,      1326,
     96.16,      1304,
     96.18,      1282,
      96.2,      1365,
     96.22,      1262,
     96.24,      1295,
     96.26,      1279,
     96.28,      1276,
      96.3,      1328,
     96.32,      1327,
     96.34,      1296,
     96.36,      1396,
     96.38,      1213,
      96.4,      1265,
     96.42,      1279,
     96.44,      1289,
     96.46,      1290,
     96.48,      1218,
      96.5,      1260,
     96.52,      1304,
     96.54,      1259,
     96.56,      1226,
     96.58,      1318,
      96.6,      1332,
     96.62,      1306,
     96.64,      1326,
     96.66,      1341,
     96.68,      1371,
      96.7,      1353,
     96.72,      1317,
     96.74,      1253,
     96.76,      1288,
     96.78,      1278,
      96.8,      1303,
     96.82,      1285,
     96.84,      1242,
     96.86,      1258,
     96.88,      1243,
      96.9,      1336,
     96.92,      1310,
     96.94,      1293,
     96.96,      1229,
     96.98,      1250,
        97,      1307,
     97.02,      1239,
     97.04,      1235,
     97.06,      1323,
     97.08,      1270,
      97.1,      1258,
     97.12,      1255,
     97.14,      1320,
     97.16,      1235,
     97.18,      1270,
      97.2,      1279,
     97.22,      1252,
     97.24,      1255,
     97.26,      1285,
     97.28,      1267,
      97.3,      1206,
     97.32,      1318,
     97.34,      1248,
     97.36,      1297,
     97.38,      1226,
      97.4,      1221,
     97.42,      1270,
     97.44,      1262,
     97.46,      1238,
     97.48,      1256,
      97.5,      1241,
     97.52,      1273,
     97.54,      1267,
     97.56,      1237,
     97.58,      1237,
      97.6,      1200,
     97.62,      1264,
     97.64,      1248,
     97.66,      1250,
     97.68,      1228,
      97.7,      1265,
     97.72,      1286,
     97.74,      1324,
     97.76,      1285,
     97.78,      1346,
      97.8,      1274,
     97.82,      1274,
     97.84,      1257,
     97.86,      1227,
     97.88,      1273,
      97.9,      1296,
     97.92,      1291,
     97.94,      1221,
     97.96,      1256,
     97.98,      1266,
        98,      1241,
     98.02,      1270,
     98.04,      1282,
     98.06,      1205,
     98.08,      1269,
      98.1,      1237,
     98.12,      1202,
     98.14,      1261,
     98.16,      1296,
     98.18,      1242,
      98.2,      1266,
     98.22,      1312,
     98.24,      1239,
     98.26,      1215,
     98.28,      1299,
      98.3,      1296,
     98.32,      1251,
     98.34,      1259,
     98.36,      1275,
     98.38,      1284,
      98.4,      1302,
     98.42,      1311,
     98.44,      1204,
     98.46,      1301,
     98.48,      1220,
      98.5,      1216,
     98.52,      1199,
     98.54,      1226,
     98.56,      1256,
     98.58,      1236,
      98.6,      1280,
     98.62,      1266,
     98.64,      1279,
     98.66,      1268,
     98.68,      1240,
      98.7,      1220,
     98.72,      1257,
     98.74,      1253,
     98.76,      1262,
     98.78,      1238,
      98.8,      1258,
     98.82,      1250,
     98.84,      1231,
     98.86,      1216,
     98.88,      1217,
      98.9,      1235,
     98.92,      1252,
     98.94,      1248,
     98.96,      1273,
     98.98,      1289,
        99,      1218,
     99.02,      1206,
     99.04,      1228,
     99.06,      1225,
     99.08,      1186,
      99.1,      1283,
     99.12,      1199,
     99.14,      1261,
     99.16,      1247,
     99.18,      1276,
      99.2,      1298,
     99.22,      1201,
     99.24,      1193,
     99.26,      1200,
     99.28,      1245,
      99.3,      1192,
     99.32,      1224,
     99.34,      1236,
     99.36,      1192,
     99.38,      1227,
      99.4,      1238,
     99.42,      1295,
     99.44,      1276,
     99.46,      1156,
     99.48,      1229,
      99.5,      1288,
     99.52,      1350,
     99.54,      1265,
     99.56,      1279,
     99.58,      1246,
      99.6,      1217,
     99.62,      1260,
     99.64,      1221,
     99.66,      1245,
     99.68,      1200,
      99.7,      1271,
     99.72,      1219,
     99.74,      1259,
     99.76,      1165,
     99.78,      1239,
      99.8,      1215,
     99.82,      1211,
     99.84,      1182,
     99.86,      1209,
     99.88,      1269,
      99.9,      1187,
     99.92,      1189,
     99.94,      1244,
     99.96,      1287,
     99.98,      1205,
       100,      1198,
    100.02,      1188,
    100.04,      1237,
    100.06,      1240,
    100.08,      1203,
     100.1,      1260,
    100.12,      1248,
    100.14,      1209,
    100.16,      1223,
    100.18,      1263,
     100.2,      1288,
    100.22,      1215,
    100.24,      1213,
    100.26,      1231,
    100.28,      1206,
     100.3,      1239,
    100.32,      1236,
    100.34,      1170,
    100.36,      1220,
    100.38,      1202,
     100.4,      1191,
    100.42,      1203,
    100.44,      1238,
    100.46,      1258,
    100.48,      1280,
     100.5,      1239,
    100.52,      1253,
    100.54,      1196,
    100.56,      1240,
    100.58,      1214,
     100.6,      1177,
    100.62,      1284,
    100.64,      1247,
    100.66,      1249,
    100.68,      1218,
     100.7,      1254,
    100.72,      1214,
    100.74,      1179,
    100.76,      1248,
    100.78,      1152,
     100.8,      1203,
    100.82,      1243,
    100.84,      1259,
    100.86,      1231,
    100.88,      1223,
     100.9,      1204,
    100.92,      1219,
    100.94,      1239,
    100.96,      1227,
    100.98,      1251,
       101,      1273,
    101.02,      1212,
    101.04,      1228,
    101.06,      1170,
    101.08,      1226,
     101.1,      1203,
    101.12,      1178,
    101.14,      1216,
    101.16,      1189,
    101.18,      1225,
     101.2,      1265,
    101.22,      1212,
    101.24,      1197,
    101.26,      1284,
    101.28,      1218,
     101.3,      1287,
    101.32,      1259,
    101.34,      1200,
    101.36,      1173,
    101.38,      1196,
     101.4,      1230,
    101.42,      1233,
    101.44,      1233,
    101.46,      1247,
    101.48,      1272,
     101.5,      1228,
    101.52,      1248,
    101.54,      1244,
    101.56,      1231,
    101.58,      1165,
     101.6,      1188,
    101.62,      1192,
    101.64,      1162,
    101.66,      1258,
    101.68,      1259,
     101.7,      1227,
    101.72,      1176,
    101.74,      1259,
    101.76,      1218,
    101.78,      1243,
     101.8,      1260,
    101.82,      1238,
    101.84,      1223,
    101.86,      1175,
    101.88,      1199,
     101.9,      1197,
    101.92,      1217,
    101.94,      1245,
    101.96,      1238,
    101.98,      1203,
       102,      1270,
    102.02,      1172,
    102.04,      1186,
    102.06,      1205,
    102.08,      1276,
     102.1,      1272,
    102.12,      1247,
    102.14,      1190,
    102.16,      1251,
    102.18,      1268,
     102.2,      1224,
    102.22,      1182,
    102.24,      1229,
    102.26,      1191,
    102.28,      1199,
     102.3,      1196,
    102.32,      1176,
    102.34,      1213,
    102.36,      1238,
    102.38,      1165,
     102.4,      1193,
    102.42,      1207,
    102.44,      1203,
    102.46,      1254,
    102.48,      1183,
     102.5,      1217,
    102.52,      1228,
    102.54,      1210,
    102.56,      1238,
    102.58,      1219,
     102.6,      1178,
    102.62,      1217,
    102.64,      1192,
    102.66,      1214,
    102.68,      1155,
     102.7,      1170,
    102.72,      1170,
    102.74,      1166,
    102.76,      1184,
    102.78,      1161,
     102.8,      1257,
    102.82,      1174,
    102.84,      1205,
    102.86,      1276,
    102.88,      1278,
     102.9,      1239,
    102.92,      1188,
    102.94,      1206,
    102.96,      1164,
    102.98,      1184,
       103,      1190,
    103.02,      1245,
    103.04,      1160,
    103.06,      1156,
    103.08,      1183,
     103.1,      1197,
    103.12,      1250,
    103.14,      1192,
    103.16,      1232,
    103.18,      1191,
     103.2,      1161,
    103.22,      1167,
    103.24,      1192,
    103.26,      1243,
    103.28,      1202,
     103.3,      1209,
    103.32,      1205,
    103.34,      1193,
    103.36,      1200,
    103.38,      1209,
     103.4,      1162,
    103.42,      1192,
    103.44,      1208,
    103.46,      1205,
    103.48,      1208,
     103.5,      1156,
    103.52,      1189,
    103.54,      1165,
    103.56,      1222,
    103.58,      1232,
     103.6,      1275,
    103.62,      1185,
    103.64,      1238,
    103.66,      1212,
    103.68,      1230,
     103.7,      1138,
    103.72,      1191,
    103.74,      1212,
    103.76,      1246,
    103.78,      1235,
     103.8,      1194,
    103.82,      1156,
    103.84,      1222,
    103.86,      1150,
    103.88,      1146,
     103.9,      1237,
    103.92,      1167,
    103.94,      1223,
    103.96,      1249,
    103.98,      1317,
       104,      1202,
    104.02,      1226,
    104.04,      1159,
    104.06,      1247,
    104.08,      1154,
     104.1,      1216,
    104.12,      1162,
    104.14,      1153,
    104.16,      1163,
    104.18,      1231,
     104.2,      1229,
    104.22,      1133,
    104.24,      1198,
    104.26,      1247,
    104.28,      1182,
     104.3,      1196,
    104.32,      1160,
    104.34,      1199,
    104.36,      1163,
    104.38,      1169,
     104.4,      1201,
    104.42,      1170,
    104.44,      1248,
    104.46,      1109,
    104.48,      1209,
     104.5,      1168,
    104.52,      1197,
    104.54,      1193,
    104.56,      1193,
    104.58,      1187,
     104.6,      1153,
    104.62,      1192,
    104.64,      1260,
    104.66,      1197,
    104.68,      1176,
     104.7,      1217,
    104.72,      1174,
    104.74,      1222,
    104.76,      1247,
    104.78,      1234,
     104.8,      1156,
    104.82,      1194,
    104.84,      1228,
    104.86,      1193,
    104.88,      1217,
     104.9,      1192,
    104.92,      1163,
    104.94,      1183,
    104.96,      1188,
    104.98,      1178,
       105,      1193,
    105.02,      1187,
    105.04,      1192,
    105.06,      1153,
    105.08,      1177,
     105.1,      1259,
    105.12,      1199,
    105.14,      1196,
    105.16,      1267,
    105.18,      1172,
     105.2,      1220,
    105.22,      1211,
    105.24,      1117,
    105.26,      1220,
    105.28,      1185,
     105.3,      1191,
    105.32,      1171,
    105.34,      1171,
    105.36,      1154,
    105.38,      1133,
     105.4,      1169,
    105.42,      1231,
    105.44,      1185,
    105.46,      1199,
    105.48,      1215,
     105.5,      1191,
    105.52,      1200,
    105.54,      1226,
    105.56,      1229,
    105.58,      1167,
     105.6,      1206,
    105.62,      1241,
    105.64,      1164,
    105.66,      1159,
    105.68,      1164,
     105.7,      1185,
    105.72,      1245,
    105.74,      1172,
    105.76,      1200,
    105.78,      1155,
     105.8,      1185,
    105.82,      1151,
    105.84,      1132,
    105.86,      1208,
    105.88,      1137,
     105.9,      1156,
    105.92,      1168,
    105.94,      1240,
    105.96,      1225,
    105.98,      1178,
       106,      1221,
    106.02,      1247,
    106.04,      1225,
    106.06,      1175,
    106.08,      1164,
     106.1,      1180,
    106.12,      1258,
    106.14,      1173,
    106.16,      1210,
    106.18,      1165,
     106.2,      1181,
    106.22,      1189,
    106.24,      1141,
    106.26,      1203,
    106.28,      1167,
     106.3,      1201,
    106.32,      1210,
    106.34,      1109,
    106.36,      1181,
    106.38,      1186,
     106.4,      1153,
    106.42,      1148,
    106.44,      1196,
    106.46,      1166,
    106.48,      1183,
     106.5,      1166,
    106.52,      1173,
    106.54,      1168,
    106.56,      1162,
    106.58,      1245,
     106.6,      1219,
    106.62,      1183,
    106.64,      1216,
    106.66,      1205,
    106.68,      1165,
     106.7,      1230,
    106.72,      1193,
    106.74,      1173,
    106.76,      1174,
    106.78,      1165,
     106.8,      1223,
    106.82,      1186,
    106.84,      1179,
    106.86,      1196,
    106.88,      1246,
     106.9,      1221,
    106.92,      1227,
    106.94,      1217,
    106.96,      1216,
    106.98,      1216,
       107,      1181,
    107.02,      1210,
    107.04,      1136,
    107.06,      1217,
    107.08,      1169,
     107.1,      1120,
    107.12,      1155,
    107.14,      1176,
    107.16,      1173,
    107.18,      1213,
     107.2,      1254,
    107.22,      1179,
    107.24,      1159,
    107.26,      1207,
    107.28,      1152,
     107.3,      1245,
    107.32,      1242,
    107.34,      1196,
    107.36,      1212,
    107.38,      1168,
     107.4,      1234,
    107.42,      1222,
    107.44,      1184,
    107.46,      1122,
    107.48,      1087,
     107.5,      1154,
    107.52,      1187,
    107.54,      1176,
    107.56,      1143,
    107.58,      1171,
     107.6,      1158,
    107.62,      1207,
    107.64,      1155,
    107.66,      1156,
    107.68,      1130,
     107.7,      1165,
    107.72,      1178,
    107.74,      1144,
    107.76,      1221,
    107.78,      1137,
     107.8,      1181,
    107.82,      1168,
    107.84,      1199,
    107.86,      1112,
    107.88,      1162,
     107.9,      1138,
    107.92,      1184,
    107.94,      1220,
    107.96,      1162,
    107.98,      1154,
       108,      1200,
    108.02,      1219,
    108.04,      1200,
    108.06,      1199,
    108.08,      1120,
     108.1,      1171,
    108.12,      1144,
    108.14,      1243,
    108.16,      1217,
    108.18,      1210,
     108.2,      1128,
    108.22,      1236,
    108.24,      1225,
    108.26,      1216,
    108.28,      1180,
     108.3,      1162,
    108.32,      1228,
    108.34,      1100,
    108.36,      1152,
    108.38,      1176,
     108.4,      1162,
    108.42,      1197,
    108.44,      1187,
    108.46,      1254,
    108.48,      1193,
     108.5,      1216,
    108.52,      1176,
    108.54,      1164,
    108.56,      1134,
    108.58,      1187,
     108.6,      1199,
    108.62,      1230,
    108.64,      1190,
    108.66,      1161,
    108.68,      1181,
     108.7,      1193,
    108.72,      1239,
    108.74,      1132,
    108.76,      1248,
    108.78,      1233,
     108.8,      1238,
    108.82,      1225,
    108.84,      1225,
    108.86,      1202,
    108.88,      1243,
     108.9,      1198,
    108.92,      1219,
    108.94,      1150,
    108.96,      1213,
    108.98,      1213,
       109,      1234,
    109.02,      1234,
    109.04,      1212,
    109.06,      1239,
    109.08,      1163,
     109.1,      1234,
    109.12,      1118,
    109.14,      1243,
    109.16,      1235,
    109.18,      1232,
     109.2,      1198,
    109.22,      1173,
    109.24,      1199,
    109.26,      1181,
    109.28,      1240,
     109.3,      1279,
    109.32,      1168,
    109.34,      1184,
    109.36,      1144,
    109.38,      1101,
     109.4,      1217,
    109.42,      1275,
    109.44,      1199,
    109.46,      1205,
    109.48,      1214,
     109.5,      1232,
    109.52,      1185,
    109.54,      1221,
    109.56,      1173,
    109.58,      1173,
     109.6,      1124,
    109.62,      1121,
    109.64,      1216,
    109.66,      1163,
    109.68,      1237,
     109.7,      1205,
    109.72,      1188,
    109.74,      1243,
    109.76,      1163,
    109.78,      1172,
     109.8,      1188,
    109.82,      1174,
    109.84,      1186,
    109.86,      1284,
    109.88,      1169,
     109.9,      1214,
    109.92,      1221,
    109.94,      1212,
    109.96,      1212,
    109.98,      1219,
       110,      1175,
    110.02,      1197,
    110.04,      1201,
    110.06,      1228,
    110.08,      1154,
     110.1,      1198,
    110.12,      1315,
    110.14,      1163,
    110.16,      1233,
    110.18,      1175,
     110.2,      1224,
    110.22,      1172,
    110.24,      1165,
    110.26,      1178,
    110.28,      1172,
     110.3,      1226,
    110.32,      1143,
    110.34,      1233,
    110.36,      1188,
    110.38,      1139,
     110.4,      1232,
    110.42,      1126,
    110.44,      1288,
    110.46,      1166,
    110.48,      1166,
     110.5,      1198,
    110.52,      1179,
    110.54,      1153,
    110.56,      1215,
    110.58,      1224,
     110.6,      1237,
    110.62,      1181,
    110.64,      1209,
    110.66,      1247,
    110.68,      1203,
     110.7,      1192,
    110.72,      1188,
    110.74,      1223,
    110.76,      1127,
    110.78,      1170,
     110.8,      1179,
    110.82,      1153,
    110.84,      1250,
    110.86,      1186,
    110.88,      1163,
     110.9,      1192,
    110.92,      1215,
    110.94,      1228,
    110.96,      1195,
    110.98,      1202,
       111,      1218,
    111.02,      1155,
    111.04,      1127,
    111.06,      1147,
    111.08,      1162,
     111.1,      1164,
    111.12,      1188,
    111.14,      1195,
    111.16,      1201,
    111.18,      1147,
     111.2,      1168,
    111.22,      1165,
    111.24,      1203,
    111.26,      1187,
    111.28,      1195,
     111.3,      1135,
    111.32,      1234,
    111.34,      1109,
    111.36,      1128,
    111.38,      1170,
     111.4,      1166,
    111.42,      1206,
    111.44,      1193,
    111.46,      1236,
    111.48,      1250,
     111.5,      1126,
    111.52,      1165,
    111.54,      1216,
    111.56,      1206,
    111.58,      1158,
     111.6,      1183,
    111.62,      1212,
    111.64,      1191,
    111.66,      1181,
    111.68,      1153,
     111.7,      1135,
    111.72,      1255,
    111.74,      1182,
    111.76,      1187,
    111.78,      1167,
     111.8,      1163,
    111.82,      1131,
    111.84,      1136,
    111.86,      1170,
    111.88,      1200,
     111.9,      1186,
    111.92,      1200,
    111.94,      1168,
    111.96,      1207,
    111.98,      1183,
       112,      1140,
    112.02,      1198,
    112.04,      1135,
    112.06,      1143,
    112.08,      1118,
     112.1,      1180,
    112.12,      1215,
    112.14,      1190,
    112.16,      1163,
    112.18,      1226,
     112.2,      1178,
    112.22,      1199,
    112.24,      1221,
    112.26,      1172,
    112.28,      1208,
     112.3,      1150,
    112.32,      1152,
    112.34,      1178,
    112.36,      1127,
    112.38,      1184,
     112.4,      1130,
    112.42,      1202,
    112.44,      1201,
    112.46,      1216,
    112.48,      1189,
     112.5,      1185,
    112.52,      1171,
    112.54,      1164,
    112.56,      1187,
    112.58,      1182,
     112.6,      1137,
    112.62,      1202,
    112.64,      1197,
    112.66,      1235,
    112.68,      1239,
     112.7,      1189,
    112.72,      1204,
    112.74,      1171,
    112.76,      1107,
    112.78,      1179,
     112.8,      1152,
    112.82,      1187,
    112.84,      1217,
    112.86,      1188,
    112.88,      1134,
     112.9,      1184,
    112.92,      1139,
    112.94,      1247,
    112.96,      1182,
    112.98,      1200,
       113,      1200,
    113.02,      1150,
    113.04,      1136,
    113.06,      1209,
    113.08,      1183,
     113.1,      1171,
    113.12,      1153,
    113.14,      1162,
    113.16,      1232,
    113.18,      1285,
     113.2,      1138,
    113.22,      1254,
    113.24,      1177,
    113.26,      1139,
    113.28,      1198,
     113.3,      1106,
    113.32,      1150,
    113.34,      1181,
    113.36,      1201,
    113.38,      1135,
     113.4,      1185,
    113.42,      1176,
    113.44,      1214,
    113.46,      1234,
    113.48,      1189,
     113.5,      1245,
    113.52,      1087,
    113.54,      1145,
    113.56,      1207,
    113.58,      1172,
     113.6,      1209,
    113.62,      1176,
    113.64,      1158,
    113.66,      1159,
    113.68,      1119,
     113.7,      1142,
    113.72,      1165,
    113.74,      1233,
    113.76,      1168,
    113.78,      1228,
     113.8,      1153,
    113.82,      1155,
    113.84,      1178,
    113.86,      1181,
    113.88,      1198,
     113.9,      1225,
    113.92,      1183,
    113.94,      1159,
    113.96,      1189,
    113.98,      1235,
       114,      1178,
    114.02,      1128,
    114.04,      1277,
    114.06,      1156,
    114.08,      1160,
     114.1,      1223,
    114.12,      1178,
    114.14,      1159,
    114.16,      1238,
    114.18,      1194,
     114.2,      1191,
    114.22,      1201,
    114.24,      1180,
    114.26,      1225,
    114.28,      1186,
     114.3,      1142,
    114.32,      1227,
    114.34,      1164,
    114.36,      1225,
    114.38,      1216,
     114.4,      1217,
    114.42,      1187,
    114.44,      1172,
    114.46,      1195,
    114.48,      1157,
     114.5,      1227,
    114.52,      1299,
    114.54,      1146,
    114.56,      1214,
    114.58,      1185,
     114.6,      1169,
    114.62,      1115,
    114.64,      1194,
    114.66,      1145,
    114.68,      1180,
     114.7,      1156,
    114.72,      1168,
    114.74,      1199,
    114.76,      1200,
    114.78,      1163,
     114.8,      1168,
    114.82,      1169,
    114.84,      1185,
    114.86,      1132,
    114.88,      1169,
     114.9,      1138,
    114.92,      1141,
    114.94,      1164,
    114.96,      1177,
    114.98,      1201,
       115,      1216,
    115.02,      1196,
    115.04,      1220,
    115.06,      1182,
    115.08,      1250,
     115.1,      1123,
    115.12,      1180,
    115.14,      1167,
    115.16,      1198,
    115.18,      1152,
     115.2,      1156,
    115.22,      1166,
    115.24,      1210,
    115.26,      1170,
    115.28,      1173,
     115.3,      1201,
    115.32,      1188,
    115.34,      1239,
    115.36,      1197,
    115.38,      1167,
     115.4,      1238,
    115.42,      1192,
    115.44,      1181,
    115.46,      1164,
    115.48,      1149,
     115.5,      1199,
    115.52,      1147,
    115.54,      1236,
    115.56,      1185,
    115.58,      1202,
     115.6,      1217,
    115.62,      1198,
    115.64,      1243,
    115.66,      1200,
    115.68,      1190,
     115.7,      1230,
    115.72,      1212,
    115.74,      1218,
    115.76,      1236,
    115.78,      1144,
     115.8,      1193,
    115.82,      1143,
    115.84,      1210,
    115.86,      1254,
    115.88,      1106,
     115.9,      1212,
    115.92,      1169,
    115.94,      1155,
    115.96,      1181,
    115.98,      1182,
       116,      1241,
    116.02,      1153,
    116.04,      1225,
    116.06,      1206,
    116.08,      1198,
     116.1,      1135,
    116.12,      1157,
    116.14,      1200,
    116.16,      1190,
    116.18,      1178,
     116.2,      1235,
    116.22,      1202,
    116.24,      1227,
    116.26,      1134,
    116.28,      1200,
     116.3,      1220,
    116.32,      1171,
    116.34,      1179,
    116.36,      1163,
    116.38,      1224,
     116.4,      1179,
    116.42,      1159,
    116.44,      1158,
    116.46,      1161,
    116.48,      1132,
     116.5,      1128,
    116.52,      1209,
    116.54,      1186,
    116.56,      1184,
    116.58,      1125,
     116.6,      1138,
    116.62,      1149,
    116.64,      1210,
    116.66,      1192,
    116.68,      1179,
     116.7,      1172,
    116.72,      1224,
    116.74,      1187,
    116.76,      1169,
    116.78,      1161,
     116.8,      1180,
    116.82,      1171,
    116.84,      1177,
    116.86,      1201,
    116.88,      1206,
     116.9,      1206,
    116.92,      1185,
    116.94,      1188,
    116.96,      1201,
    116.98,      1205,
       117,      1120,
    117.02,      1165,
    117.04,      1187,
    117.06,      1132,
    117.08,      1230,
     117.1,      1116,
    117.12,      1154,
    117.14,      1195,
    117.16,      1136,
    117.18,      1135,
     117.2,      1213,
    117.22,      1222,
    117.24,      1119,
    117.26,      1187,
    117.28,      1178,
     117.3,      1185,
    117.32,      1130,
    117.34,      1150,
    117.36,      1168,
    117.38,      1198,
     117.4,      1236,
    117.42,      1150,
    117.44,      1205,
    117.46,      1148,
    117.48,      1154,
     117.5,      1179,
    117.52,      1190,
    117.54,      1200,
    117.56,      1188,
    117.58,      1219,
     117.6,      1262,
    117.62,      1176,
    117.64,      1146,
    117.66,      1217,
    117.68,      1179,
     117.7,      1191,
    117.72,      1249,
    117.74,      1203,
    117.76,      1188,
    117.78,      1204,
     117.8,      1190,
    117.82,      1179,
    117.84,      1214,
    117.86,      1119,
    117.88,      1200,
     117.9,      1162,
    117.92,      1251,
    117.94,      1244,
    117.96,      1181,
    117.98,      1201,
       118,      1212,
    118.02,      1269,
    118.04,      1191,
    118.06,      1197,
    118.08,      1192,
     118.1,      1167,
    118.12,      1185,
    118.14,      1164,
    118.16,      1158,
    118.18,      1207,
     118.2,      1221,
    118.22,      1216,
    118.24,      1230,
    118.26,      1228,
    118.28,      1131,
     118.3,      1175,
    118.32,      1164,
    118.34,      1160,
    118.36,      1158,
    118.38,      1186,
     118.4,      1214,
    118.42,      1130,
    118.44,      1204,
    118.46,      1193,
    118.48,      1200,
     118.5,      1169,
    118.52,      1182,
    118.54,      1242,
    118.56,      1247,
    118.58,      1201,
     118.6,      1192,
    118.62,      1199,
    118.64,      1191,
    118.66,      1230,
    118.68,      1210,
     118.7,      1236,
    118.72,      1196,
    118.74,      1147,
    118.76,      1196,
    118.78,      1154,
     118.8,      1209,
    118.82,      1178,
    118.84,      1214,
    118.86,      1204,
    118.88,      1228,
     118.9,      1202,
    118.92,      1168,
    118.94,      1169,
    118.96,      1243,
    118.98,      1198,
       119,      1214,
    119.02,      1137,
    119.04,      1232,
    119.06,      1230,
    119.08,      1178,
     119.1,      1192,
    119.12,      1145,
    119.14,      1185,
    119.16,      1192,
    119.18,      1193,
     119.2,      1178,
    119.22,      1152,
    119.24,      1219,
    119.26,      1245,
    119.28,      1167,
     119.3,      1076,
    119.32,      1220,
    119.34,      1190,
    119.36,      1194,
    119.38,      1208,
     119.4,      1088,
    119.42,      1185,
    119.44,      1219,
    119.46,      1222,
    119.48,      1266,
     119.5,      1143,
    119.52,      1201,
    119.54,      1189,
    119.56,      1241,
    119.58,      1203,
     119.6,      1197,
    119.62,      1231,
    119.64,      1160,
    119.66,      1198,
    119.68,      1136,
     119.7,      1180,
    119.72,      1199,
    119.74,      1142,
    119.76,      1223,
    119.78,      1297,
     119.8,      1162,
    119.82,      1218,
    119.84,      1253,
    119.86,      1243,
    119.88,      1221,
     119.9,      1226,
    119.92,      1211,
    119.94,      1208,
    119.96,      1245,
    119.98,      1197,
       120,      1149,
