;RAW4.00
[RawHeader]
Date=04/28/2026
EstimatedTotalTime=0
FurtherDQLReading=0
HardwareIndicator=65519
MeasuredTotalTime=0
MeasurementFlag=1
NumberOfMeasuredRanges=1
NumberOfRanges=1
Time=11:43:34

[HardwareConfiguration]
AbsorptionFactor=0
ActivateAbsorber=0
Alpha1=0
Alpha2=0
AlphaAverage=0
AlphaRatio=0
Analyzer=1
Anode=Cu
AntiScatteringSlit=2
BeamOpticsFlags=59
Beta=0
BetaRelativeIntensity=0
DeactivateAbsorber=0
DetectorSlit=0.05
DivergenceSlit=2
GoniometerControl=9999
GoniometerDiameter=435
GoniometerModel=264
GoniometerStage=0
Monochromator=0
NearSampleSlit=1
PrimarySollerSlit=1
SampleChanger=0
SecondSollerSlit=2
SynchronousAxis=0
ThinFilmAttachment=0.46
WaveUnit=A

[VarInfo]
Type=OSUSER
Flags=0
Value=D500

[VarInfo]
Type=USER
Flags=0
Value=James Hamlin

[VarInfo]
Type=SITE
Flags=0
Value=Gainseville, FL

[VarInfo]
Type=CREATOR
Flags=0
Value=XRD Commander

[VarInfo]
Type=SAMPLEID
Flags=0
Value=0566_HM_ScCu4Pd

[RangeHeader]
ActuallyUsedLambda=0
AdditionalDetectorMask=0
DataRecordLength=4
DelayTime=0
DisplayPlaneNumber=0
EstimatedScanTime=0
ExtraParametersMask=0
GeneratorCurrent=9999
GeneratorVoltage=9999
Increment=0.02
Increment3=0
NumberOfCompletedData=5751
NumberOfCounts=1
NumberOfDetectors=1
NumberOfDrives=2
NumberOfEncoderDrives=0
NumberOfMeasuredData=5751
NumberOfVaryingParameters=0
RangeStartTime=1322508715
RotationSpeed=0
ScanMode=1
ScanType=Locked Coupled
SimulatedMeasConditions=0
SlitChangerIn=9999
SmootingWidth=0
Start=5
Steps=5751
SynchronousRotation=0
Time=10

[Drive]
DriveFlags=1
DriveName=Theta
DriveNumber=1
DriveOffset=0
OffsetIndex=0
OscillationAmplitude=0
OscillationSpeed=0
StartPosition=2.5

[Drive]
DriveFlags=1
DriveName=2Theta
DriveNumber=2
DriveOffset=0
OffsetIndex=0
OscillationAmplitude=0
OscillationSpeed=0
StartPosition=5

[Detector]
AmplifierGain=0
ConstantDeadTime=0
DetectorFlags=256
DetectorName=Detector 1
DetectorNumber=1
DetectorType=1
Discriminator1LowerLevel=0
Discriminator1WindowWidth=0
Discriminator2LowerLevel=0
Discriminator2WindowWidth=0
HighVoltage=0
PileUpTime=0
PulseShaping=9999
TTLDetectorName=

[Data]
     Angle, Det1Disc1,
         5,      3699,
      5.02,      3690,
      5.04,      3621,
      5.06,      3536,
      5.08,      3601,
       5.1,      3623,
      5.12,      3599,
      5.14,      3636,
      5.16,      3568,
      5.18,      3740,
       5.2,      3712,
      5.22,      3674,
      5.24,      3640,
      5.26,      3649,
      5.28,      3646,
       5.3,      3709,
      5.32,      3657,
      5.34,      3739,
      5.36,      3682,
      5.38,      3612,
       5.4,      3786,
      5.42,      3731,
      5.44,      3695,
      5.46,      3645,
      5.48,      3736,
       5.5,      3816,
      5.52,      3705,
      5.54,      3799,
      5.56,      3786,
      5.58,      3696,
       5.6,      3784,
      5.62,      3692,
      5.64,      3872,
      5.66,      3816,
      5.68,      3757,
       5.7,      3804,
      5.72,      3711,
      5.74,      3748,
      5.76,      3791,
      5.78,      3908,
       5.8,      3830,
      5.82,      3968,
      5.84,      3834,
      5.86,      3827,
      5.88,      3816,
       5.9,      3905,
      5.92,      3920,
      5.94,      3868,
      5.96,      3848,
      5.98,      3867,
         6,      4010,
      6.02,      3916,
      6.04,      3844,
      6.06,      3965,
      6.08,      3927,
       6.1,      3937,
      6.12,      3931,
      6.14,      4034,
      6.16,      3952,
      6.18,      3816,
       6.2,      4132,
      6.22,      4040,
      6.24,      4061,
      6.26,      3911,
      6.28,      4104,
       6.3,      4017,
      6.32,      3910,
      6.34,      4058,
      6.36,      4062,
      6.38,      4123,
       6.4,      4099,
      6.42,      3933,
      6.44,      4030,
      6.46,      3975,
      6.48,      4078,
       6.5,      4076,
      6.52,      4164,
      6.54,      4123,
      6.56,      4168,
      6.58,      4137,
       6.6,      4178,
      6.62,      4121,
      6.64,      4293,
      6.66,      4092,
      6.68,      4353,
       6.7,      4133,
      6.72,      4165,
      6.74,      4228,
      6.76,      4209,
      6.78,      4242,
       6.8,      4315,
      6.82,      4213,
      6.84,      4276,
      6.86,      4272,
      6.88,      4221,
       6.9,      4239,
      6.92,      4312,
      6.94,      4423,
      6.96,      4431,
      6.98,      4335,
         7,      4422,
      7.02,      4330,
      7.04,      4372,
      7.06,      4384,
      7.08,      4350,
       7.1,      4359,
      7.12,      4331,
      7.14,      4441,
      7.16,      4256,
      7.18,      4324,
       7.2,      4402,
      7.22,      4344,
      7.24,      4449,
      7.26,      4334,
      7.28,      4247,
       7.3,      4353,
      7.32,      4356,
      7.34,      4495,
      7.36,      4429,
      7.38,      4557,
       7.4,      4453,
      7.42,      4554,
      7.44,      4536,
      7.46,      4607,
      7.48,      4636,
       7.5,      4486,
      7.52,      4675,
      7.54,      4435,
      7.56,      4537,
      7.58,      4631,
       7.6,      4600,
      7.62,      4585,
      7.64,      4552,
      7.66,      4614,
      7.68,      4688,
       7.7,      4605,
      7.72,      4549,
      7.74,      4763,
      7.76,      4676,
      7.78,      4651,
       7.8,      4706,
      7.82,      4668,
      7.84,      4683,
      7.86,      4711,
      7.88,      4596,
       7.9,      4762,
      7.92,      4761,
      7.94,      4709,
      7.96,      4626,
      7.98,      4666,
         8,      4799,
      8.02,      4757,
      8.04,      4767,
      8.06,      4822,
      8.08,      4791,
       8.1,      4646,
      8.12,      4806,
      8.14,      4718,
      8.16,      4875,
      8.18,      4804,
       8.2,      4766,
      8.22,      4882,
      8.24,      4856,
      8.26,      4841,
      8.28,      4915,
       8.3,      4994,
      8.32,      4900,
      8.34,      4922,
      8.36,      4812,
      8.38,      4815,
       8.4,      4874,
      8.42,      4951,
      8.44,      4887,
      8.46,      4870,
      8.48,      4938,
       8.5,      5095,
      8.52,      4981,
      8.54,      5117,
      8.56,      4932,
      8.58,      4958,
       8.6,      4991,
      8.62,      5025,
      8.64,      5060,
      8.66,      4969,
      8.68,      5155,
       8.7,      5130,
      8.72,      4970,
      8.74,      5281,
      8.76,      5126,
      8.78,      5185,
       8.8,      5093,
      8.82,      5140,
      8.84,      5267,
      8.86,      5318,
      8.88,      5186,
       8.9,      5275,
      8.92,      5253,
      8.94,      5275,
      8.96,      5345,
      8.98,      5309,
         9,      5333,
      9.02,      5239,
      9.04,      5376,
      9.06,      5329,
      9.08,      5368,
       9.1,      5468,
      9.12,      5291,
      9.14,      5365,
      9.16,      5435,
      9.18,      5337,
       9.2,      5491,
      9.22,      5586,
      9.24,      5618,
      9.26,      5575,
      9.28,      5605,
       9.3,      5672,
      9.32,      5649,
      9.34,      5712,
      9.36,      5709,
      9.38,      5676,
       9.4,      5712,
      9.42,      5745,
      9.44,      5751,
      9.46,      5782,
      9.48,      5780,
       9.5,      5892,
      9.52,      5843,
      9.54,      5860,
      9.56,      5863,
      9.58,      5959,
       9.6,      6073,
      9.62,      6109,
      9.64,      6040,
      9.66,      6154,
      9.68,      6058,
       9.7,      6206,
      9.72,      6257,
      9.74,      6172,
      9.76,      6119,
      9.78,      6405,
       9.8,      6344,
      9.82,      6317,
      9.84,      6326,
      9.86,      6406,
      9.88,      6444,
       9.9,      6402,
      9.92,      6488,
      9.94,      6528,
      9.96,      6666,
      9.98,      6731,
        10,      6656,
     10.02,      6817,
     10.04,      6750,
     10.06,      6828,
     10.08,      6818,
      10.1,      6955,
     10.12,      6953,
     10.14,      7025,
     10.16,      6989,
     10.18,      6969,
      10.2,      7015,
     10.22,      7337,
     10.24,      7307,
     10.26,      7340,
     10.28,      7328,
      10.3,      7308,
     10.32,      7460,
     10.34,      7436,
     10.36,      7642,
     10.38,      7719,
      10.4,      7671,
     10.42,      7621,
     10.44,      7945,
     10.46,      7820,
     10.48,      8029,
      10.5,      7877,
     10.52,      8047,
     10.54,      8076,
     10.56,      8149,
     10.58,      8166,
      10.6,      8150,
     10.62,      8285,
     10.64,      8417,
     10.66,      8367,
     10.68,      8516,
      10.7,      8528,
     10.72,      8651,
     10.74,      8957,
     10.76,      8742,
     10.78,      8918,
      10.8,      8939,
     10.82,      8966,
     10.84,      8951,
     10.86,      8902,
     10.88,      9224,
      10.9,      9196,
     10.92,      9391,
     10.94,      9471,
     10.96,      9398,
     10.98,      9521,
        11,      9593,
     11.02,      9498,
     11.04,      9587,
     11.06,      9584,
     11.08,      9872,
      11.1,      9873,
     11.12,      9896,
     11.14,      9844,
     11.16,      9934,
     11.18,     10139,
      11.2,     10195,
     11.22,     10193,
     11.24,     10294,
     11.26,     10417,
     11.28,     10423,
      11.3,     10403,
     11.32,     10324,
     11.34,     10606,
     11.36,     10560,
     11.38,     10534,
      11.4,     10624,
     11.42,     10757,
     11.44,     10688,
     11.46,     10686,
     11.48,     10837,
      11.5,     10866,
     11.52,     10925,
     11.54,     11000,
     11.56,     10835,
     11.58,     10810,
      11.6,     11039,
     11.62,     10982,
     11.64,     11112,
     11.66,     11079,
     11.68,     11005,
      11.7,     11046,
     11.72,     11103,
     11.74,     11246,
     11.76,     11223,
     11.78,     11109,
      11.8,     11282,
     11.82,     11134,
     11.84,     11244,
     11.86,     11198,
     11.88,     11305,
      11.9,     11370,
     11.92,     11172,
     11.94,     11404,
     11.96,     11018,
     11.98,     11352,
        12,     11184,
     12.02,     11083,
     12.04,     11174,
     12.06,     11004,
     12.08,     11046,
      12.1,     11055,
     12.12,     11138,
     12.14,     10974,
     12.16,     11000,
     12.18,     11018,
      12.2,     10906,
     12.22,     10791,
     12.24,     10883,
     12.26,     10888,
     12.28,     10878,
      12.3,     10949,
     12.32,     10956,
     12.34,     10784,
     12.36,     10612,
     12.38,     10653,
      12.4,     10592,
     12.42,     10586,
     12.44,     10644,
     12.46,     10659,
     12.48,     10539,
      12.5,     10602,
     12.52,     10554,
     12.54,     10335,
     12.56,     10581,
     12.58,     10219,
      12.6,     10191,
     12.62,     10343,
     12.64,     10288,
     12.66,     10054,
     12.68,     10062,
      12.7,      9813,
     12.72,     10015,
     12.74,     10071,
     12.76,      9894,
     12.78,      9845,
      12.8,      9911,
     12.82,      9658,
     12.84,      9751,
     12.86,      9751,
     12.88,      9598,
      12.9,      9599,
     12.92,      9541,
     12.94,      9561,
     12.96,      9373,
     12.98,      9275,
        13,      9289,
     13.02,      9308,
     13.04,      9386,
     13.06,      9186,
     13.08,      9228,
      13.1,      9252,
     13.12,      9107,
     13.14,      8882,
     13.16,      9054,
     13.18,      8912,
      13.2,      8891,
     13.22,      8921,
     13.24,      8937,
     13.26,      8638,
     13.28,      8709,
      13.3,      8939,
     13.32,      8676,
     13.34,      8415,
     13.36,      8550,
     13.38,      8487,
      13.4,      8286,
     13.42,      8464,
     13.44,      8440,
     13.46,      8333,
     13.48,      8284,
      13.5,      8268,
     13.52,      8100,
     13.54,      8159,
     13.56,      8121,
     13.58,      7998,
      13.6,      8053,
     13.62,      7974,
     13.64,      7954,
     13.66,      7950,
     13.68,      7894,
      13.7,      7892,
     13.72,      8029,
     13.74,      7864,
     13.76,      7834,
     13.78,      7815,
      13.8,      7545,
     13.82,      7642,
     13.84,      7615,
     13.86,      7660,
     13.88,      7556,
      13.9,      7559,
     13.92,      7564,
     13.94,      7376,
     13.96,      7533,
     13.98,      7324,
        14,      7373,
     14.02,      7350,
     14.04,      7304,
     14.06,      7334,
     14.08,      7332,
      14.1,      7224,
     14.12,      7230,
     14.14,      7053,
     14.16,      7132,
     14.18,      7090,
      14.2,      7201,
     14.22,      7092,
     14.24,      6922,
     14.26,      7029,
     14.28,      6917,
      14.3,      7024,
     14.32,      6861,
     14.34,      6910,
     14.36,      6890,
     14.38,      6940,
      14.4,      6844,
     14.42,      6843,
     14.44,      6619,
     14.46,      6807,
     14.48,      6706,
      14.5,      6652,
     14.52,      6731,
     14.54,      6775,
     14.56,      6628,
     14.58,      6439,
      14.6,      6609,
     14.62,      6596,
     14.64,      6506,
     14.66,      6564,
     14.68,      6503,
      14.7,      6410,
     14.72,      6333,
     14.74,      6293,
     14.76,      6544,
     14.78,      6640,
      14.8,      6332,
     14.82,      6250,
     14.84,      6311,
     14.86,      6360,
     14.88,      6273,
      14.9,      6323,
     14.92,      6221,
     14.94,      6174,
     14.96,      6199,
     14.98,      6208,
        15,      6162,
     15.02,      6071,
     15.04,      6073,
     15.06,      6149,
     15.08,      6146,
      15.1,      6084,
     15.12,      5970,
     15.14,      6016,
     15.16,      6061,
     15.18,      6072,
      15.2,      6018,
     15.22,      6140,
     15.24,      6011,
     15.26,      6020,
     15.28,      6029,
      15.3,      6072,
     15.32,      5940,
     15.34,      5925,
     15.36,      5978,
     15.38,      5851,
      15.4,      5823,
     15.42,      5814,
     15.44,      5760,
     15.46,      5745,
     15.48,      5853,
      15.5,      5623,
     15.52,      5823,
     15.54,      5833,
     15.56,      5799,
     15.58,      5850,
      15.6,      5782,
     15.62,      5858,
     15.64,      5654,
     15.66,      5763,
     15.68,      5769,
      15.7,      5654,
     15.72,      5623,
     15.74,      5573,
     15.76,      5692,
     15.78,      5680,
      15.8,      5666,
     15.82,      5539,
     15.84,      5686,
     15.86,      5521,
     15.88,      5621,
      15.9,      5459,
     15.92,      5527,
     15.94,      5634,
     15.96,      5568,
     15.98,      5505,
        16,      5500,
     16.02,      5512,
     16.04,      5538,
     16.06,      5590,
     16.08,      5500,
      16.1,      5351,
     16.12,      5546,
     16.14,      5410,
     16.16,      5443,
     16.18,      5405,
      16.2,      5417,
     16.22,      5182,
     16.24,      5354,
     16.26,      5373,
     16.28,      5345,
      16.3,      5419,
     16.32,      5410,
     16.34,      5323,
     16.36,      5365,
     16.38,      5378,
      16.4,      5418,
     16.42,      5312,
     16.44,      5311,
     16.46,      5238,
     16.48,      5388,
      16.5,      5192,
     16.52,      5250,
     16.54,      5327,
     16.56,      5299,
     16.58,      5222,
      16.6,      5362,
     16.62,      5397,
     16.64,      5242,
     16.66,      5350,
     16.68,      4997,
      16.7,      5175,
     16.72,      5196,
     16.74,      5278,
     16.76,      5217,
     16.78,      5192,
      16.8,      5128,
     16.82,      5063,
     16.84,      5194,
     16.86,      5232,
     16.88,      5119,
      16.9,      5255,
     16.92,      5039,
     16.94,      5268,
     16.96,      5058,
     16.98,      5069,
        17,      5008,
     17.02,      5055,
     17.04,      5094,
     17.06,      5090,
     17.08,      5117,
      17.1,      5114,
     17.12,      5032,
     17.14,      5245,
     17.16,      5110,
     17.18,      5225,
      17.2,      5092,
     17.22,      5161,
     17.24,      5131,
     17.26,      5191,
     17.28,      5227,
      17.3,      5109,
     17.32,      5005,
     17.34,      5026,
     17.36,      5010,
     17.38,      5153,
      17.4,      5101,
     17.42,      5095,
     17.44,      5069,
     17.46,      5042,
     17.48,      5008,
      17.5,      5080,
     17.52,      5068,
     17.54,      4990,
     17.56,      5001,
     17.58,      5028,
      17.6,      5103,
     17.62,      5111,
     17.64,      5073,
     17.66,      5102,
     17.68,      5039,
      17.7,      4983,
     17.72,      4973,
     17.74,      4951,
     17.76,      5044,
     17.78,      5046,
      17.8,      5044,
     17.82,      5030,
     17.84,      5089,
     17.86,      5027,
     17.88,      5094,
      17.9,      4960,
     17.92,      5101,
     17.94,      4993,
     17.96,      5026,
     17.98,      5077,
        18,      4910,
     18.02,      4936,
     18.04,      4901,
     18.06,      4972,
     18.08,      5064,
      18.1,      5030,
     18.12,      5027,
     18.14,      5090,
     18.16,      4989,
     18.18,      5063,
      18.2,      5099,
     18.22,      4959,
     18.24,      5020,
     18.26,      4985,
     18.28,      4926,
      18.3,      5061,
     18.32,      5072,
     18.34,      4962,
     18.36,      5135,
     18.38,      4977,
      18.4,      4897,
     18.42,      4998,
     18.44,      5127,
     18.46,      5092,
     18.48,      4934,
      18.5,      5024,
     18.52,      5124,
     18.54,      5009,
     18.56,      5116,
     18.58,      5123,
      18.6,      5133,
     18.62,      5139,
     18.64,      5034,
     18.66,      5097,
     18.68,      5066,
      18.7,      5024,
     18.72,      5006,
     18.74,      5094,
     18.76,      4996,
     18.78,      5093,
      18.8,      5050,
     18.82,      4971,
     18.84,      4963,
     18.86,      5072,
     18.88,      5017,
      18.9,      5064,
     18.92,      4910,
     18.94,      4972,
     18.96,      5090,
     18.98,      5235,
        19,      5068,
     19.02,      5123,
     19.04,      5133,
     19.06,      5063,
     19.08,      5116,
      19.1,      5008,
     19.12,      5012,
     19.14,      5071,
     19.16,      5091,
     19.18,      4980,
      19.2,      5145,
     19.22,      5091,
     19.24,      5078,
     19.26,      5007,
     19.28,      5114,
      19.3,      4925,
     19.32,      5059,
     19.34,      5117,
     19.36,      5035,
     19.38,      5110,
      19.4,      5267,
     19.42,      5125,
     19.44,      5110,
     19.46,      5072,
     19.48,      5245,
      19.5,      5195,
     19.52,      5123,
     19.54,      5079,
     19.56,      5174,
     19.58,      5150,
      19.6,      5210,
     19.62,      5101,
     19.64,      5120,
     19.66,      4976,
     19.68,      5124,
      19.7,      5079,
     19.72,      5140,
     19.74,      5079,
     19.76,      5116,
     19.78,      5089,
      19.8,      5199,
     19.82,      5145,
     19.84,      5182,
     19.86,      5175,
     19.88,      5098,
      19.9,      4983,
     19.92,      5179,
     19.94,      5232,
     19.96,      5104,
     19.98,      5192,
        20,      5221,
     20.02,      5116,
     20.04,      5088,
     20.06,      5120,
     20.08,      5162,
      20.1,      5248,
     20.12,      5091,
     20.14,      5140,
     20.16,      5092,
     20.18,      5139,
      20.2,      5188,
     20.22,      5271,
     20.24,      5161,
     20.26,      5286,
     20.28,      5047,
      20.3,      5281,
     20.32,      5330,
     20.34,      5067,
     20.36,      5209,
     20.38,      5210,
      20.4,      5101,
     20.42,      5117,
     20.44,      5278,
     20.46,      5346,
     20.48,      5108,
      20.5,      5231,
     20.52,      5158,
     20.54,      5177,
     20.56,      5217,
     20.58,      5083,
      20.6,      5292,
     20.62,      5276,
     20.64,      5245,
     20.66,      5108,
     20.68,      5301,
      20.7,      5122,
     20.72,      5111,
     20.74,      5175,
     20.76,      5153,
     20.78,      5144,
      20.8,      5161,
     20.82,      5109,
     20.84,      5203,
     20.86,      5228,
     20.88,      5268,
      20.9,      5272,
     20.92,      5292,
     20.94,      5325,
     20.96,      5265,
     20.98,      5231,
        21,      5254,
     21.02,      5159,
     21.04,      5209,
     21.06,      5275,
     21.08,      5350,
      21.1,      5203,
     21.12,      5256,
     21.14,      5253,
     21.16,      5304,
     21.18,      5290,
      21.2,      5238,
     21.22,      5391,
     21.24,      5253,
     21.26,      5229,
     21.28,      5314,
      21.3,      5142,
     21.32,      5241,
     21.34,      5330,
     21.36,      5215,
     21.38,      5280,
      21.4,      5200,
     21.42,      5253,
     21.44,      5301,
     21.46,      5293,
     21.48,      5237,
      21.5,      5355,
     21.52,      5232,
     21.54,      5264,
     21.56,      5167,
     21.58,      5303,
      21.6,      5315,
     21.62,      5279,
     21.64,      5191,
     21.66,      5361,
     21.68,      5294,
      21.7,      5247,
     21.72,      5333,
     21.74,      5109,
     21.76,      5138,
     21.78,      5208,
      21.8,      5180,
     21.82,      5316,
     21.84,      5248,
     21.86,      5071,
     21.88,      5184,
      21.9,      5122,
     21.92,      5189,
     21.94,      5143,
     21.96,      5287,
     21.98,      5130,
        22,      5299,
     22.02,      5208,
     22.04,      5153,
     22.06,      5220,
     22.08,      5288,
      22.1,      5174,
     22.12,      5089,
     22.14,      5184,
     22.16,      5119,
     22.18,      5163,
      22.2,      5064,
     22.22,      5155,
     22.24,      5188,
     22.26,      5142,
     22.28,      5167,
      22.3,      5094,
     22.32,      5211,
     22.34,      5125,
     22.36,      5194,
     22.38,      5175,
      22.4,      5321,
     22.42,      5123,
     22.44,      5073,
     22.46,      5185,
     22.48,      5192,
      22.5,      5236,
     22.52,      5149,
     22.54,      5160,
     22.56,      5098,
     22.58,      5055,
      22.6,      5038,
     22.62,      5171,
     22.64,      5026,
     22.66,      5104,
     22.68,      5152,
      22.7,      5216,
     22.72,      5136,
     22.74,      5220,
     22.76,      5079,
     22.78,      4996,
      22.8,      4984,
     22.82,      5045,
     22.84,      5164,
     22.86,      5066,
     22.88,      5000,
      22.9,      5019,
     22.92,      5197,
     22.94,      5072,
     22.96,      4949,
     22.98,      5174,
        23,      5081,
     23.02,      5091,
     23.04,      4908,
     23.06,      5052,
     23.08,      4980,
      23.1,      5209,
     23.12,      4981,
     23.14,      5025,
     23.16,      4935,
     23.18,      5209,
      23.2,      5015,
     23.22,      5004,
     23.24,      5049,
     23.26,      5030,
     23.28,      5143,
      23.3,      5013,
     23.32,      4955,
     23.34,      4969,
     23.36,      4967,
     23.38,      5005,
      23.4,      4969,
     23.42,      4977,
     23.44,      4952,
     23.46,      4956,
     23.48,      4901,
      23.5,      4983,
     23.52,      4950,
     23.54,      4991,
     23.56,      4988,
     23.58,      5007,
      23.6,      4969,
     23.62,      4983,
     23.64,      4789,
     23.66,      4913,
     23.68,      4887,
      23.7,      4932,
     23.72,      4843,
     23.74,      4927,
     23.76,      4953,
     23.78,      4969,
      23.8,      4852,
     23.82,      4938,
     23.84,      4986,
     23.86,      4930,
     23.88,      4895,
      23.9,      4862,
     23.92,      4921,
     23.94,      4765,
     23.96,      4732,
     23.98,      4806,
        24,      4810,
     24.02,      4886,
     24.04,      4851,
     24.06,      4888,
     24.08,      4745,
      24.1,      4830,
     24.12,      4873,
     24.14,      4736,
     24.16,      4971,
     24.18,      4762,
      24.2,      4802,
     24.22,      4793,
     24.24,      4853,
     24.26,      4602,
     24.28,      4678,
      24.3,      4720,
     24.32,      4779,
     24.34,      4713,
     24.36,      4717,
     24.38,      4669,
      24.4,      4697,
     24.42,      4543,
     24.44,      4658,
     24.46,      4716,
     24.48,      4624,
      24.5,      4684,
     24.52,      4617,
     24.54,      4630,
     24.56,      4693,
     24.58,      4601,
      24.6,      4518,
     24.62,      4569,
     24.64,      4623,
     24.66,      4537,
     24.68,      4608,
      24.7,      4607,
     24.72,      4471,
     24.74,      4585,
     24.76,      4346,
     24.78,      4579,
      24.8,      4569,
     24.82,      4632,
     24.84,      4476,
     24.86,      4480,
     24.88,      4550,
      24.9,      4499,
     24.92,      4426,
     24.94,      4594,
     24.96,      4527,
     24.98,      4548,
        25,      4386,
     25.02,      4531,
     25.04,      4484,
     25.06,      4478,
     25.08,      4523,
      25.1,      4606,
     25.12,      4486,
     25.14,      4466,
     25.16,      4350,
     25.18,      4463,
      25.2,      4411,
     25.22,      4571,
     25.24,      4501,
     25.26,      4404,
     25.28,      4470,
      25.3,      4448,
     25.32,      4398,
     25.34,      4360,
     25.36,      4422,
     25.38,      4328,
      25.4,      4429,
     25.42,      4379,
     25.44,      4348,
     25.46,      4374,
     25.48,      4345,
      25.5,      4338,
     25.52,      4351,
     25.54,      4439,
     25.56,      4250,
     25.58,      4301,
      25.6,      4372,
     25.62,      4242,
     25.64,      4373,
     25.66,      4201,
     25.68,      4337,
      25.7,      4247,
     25.72,      4247,
     25.74,      4244,
     25.76,      4422,
     25.78,      4277,
      25.8,      4385,
     25.82,      4261,
     25.84,      4391,
     25.86,      4242,
     25.88,      4295,
      25.9,      4177,
     25.92,      4251,
     25.94,      4266,
     25.96,      4200,
     25.98,      4175,
        26,      4181,
     26.02,      4288,
     26.04,      4213,
     26.06,      4100,
     26.08,      4177,
      26.1,      4217,
     26.12,      4204,
     26.14,      4267,
     26.16,      4186,
     26.18,      4102,
      26.2,      4188,
     26.22,      4081,
     26.24,      4174,
     26.26,      3971,
     26.28,      4225,
      26.3,      4061,
     26.32,      4159,
     26.34,      4105,
     26.36,      4219,
     26.38,      4166,
      26.4,      3987,
     26.42,      4041,
     26.44,      3990,
     26.46,      4231,
     26.48,      4158,
      26.5,      4194,
     26.52,      4151,
     26.54,      4066,
     26.56,      4089,
     26.58,      4074,
      26.6,      4034,
     26.62,      4104,
     26.64,      3998,
     26.66,      4104,
     26.68,      4047,
      26.7,      4047,
     26.72,      4039,
     26.74,      4026,
     26.76,      3988,
     26.78,      4031,
      26.8,      3973,
     26.82,      4006,
     26.84,      4002,
     26.86,      3962,
     26.88,      4006,
      26.9,      4048,
     26.92,      3899,
     26.94,      3986,
     26.96,      3995,
     26.98,      3961,
        27,      3950,
     27.02,      3911,
     27.04,      4108,
     27.06,      3957,
     27.08,      3945,
      27.1,      3966,
     27.12,      3966,
     27.14,      3975,
     27.16,      3922,
     27.18,      3957,
      27.2,      3933,
     27.22,      3974,
     27.24,      3950,
     27.26,      3926,
     27.28,      3942,
      27.3,      3899,
     27.32,      3802,
     27.34,      3898,
     27.36,      3787,
     27.38,      3905,
      27.4,      3797,
     27.42,      3888,
     27.44,      3867,
     27.46,      3915,
     27.48,      3877,
      27.5,      3807,
     27.52,      3773,
     27.54,      3883,
     27.56,      3864,
     27.58,      3808,
      27.6,      3699,
     27.62,      3769,
     27.64,      3694,
     27.66,      3800,
     27.68,      3836,
      27.7,      3876,
     27.72,      3856,
     27.74,      3728,
     27.76,      3858,
     27.78,      3887,
      27.8,      3914,
     27.82,      3757,
     27.84,      3721,
     27.86,      3790,
     27.88,      3800,
      27.9,      3869,
     27.92,      4047,
     27.94,      3987,
     27.96,      4048,
     27.98,      4093,
        28,      4124,
     28.02,      4198,
     28.04,      4141,
     28.06,      4259,
     28.08,      4222,
      28.1,      4021,
     28.12,      4068,
     28.14,      3877,
     28.16,      3949,
     28.18,      3896,
      28.2,      3716,
     28.22,      3726,
     28.24,      3768,
     28.26,      3723,
     28.28,      3719,
      28.3,      3644,
     28.32,      3686,
     28.34,      3769,
     28.36,      3622,
     28.38,      3664,
      28.4,      3660,
     28.42,      3789,
     28.44,      3599,
     28.46,      3612,
     28.48,      3680,
      28.5,      3711,
     28.52,      3681,
     28.54,      3711,
     28.56,      3642,
     28.58,      3639,
      28.6,      3564,
     28.62,      3671,
     28.64,      3689,
     28.66,      3605,
     28.68,      3530,
      28.7,      3626,
     28.72,      3621,
     28.74,      3637,
     28.76,      3556,
     28.78,      3589,
      28.8,      3711,
     28.82,      3739,
     28.84,      3626,
     28.86,      3549,
     28.88,      3696,
      28.9,      3589,
     28.92,      3527,
     28.94,      3639,
     28.96,      3553,
     28.98,      3646,
        29,      3599,
     29.02,      3582,
     29.04,      3483,
     29.06,      3524,
     29.08,      3587,
      29.1,      3397,
     29.12,      3496,
     29.14,      3574,
     29.16,      3591,
     29.18,      3607,
      29.2,      3522,
     29.22,      3462,
     29.24,      3493,
     29.26,      3439,
     29.28,      3584,
      29.3,      3525,
     29.32,      3554,
     29.34,      3482,
     29.36,      3674,
     29.38,      3542,
      29.4,      3508,
     29.42,      3498,
     29.44,      3509,
     29.46,      3471,
     29.48,      3516,
      29.5,      3493,
     29.52,      3532,
     29.54,      3530,
     29.56,      3447,
     29.58,      3401,
      29.6,      3495,
     29.62,      3416,
     29.64,      3349,
     29.66,      3592,
     29.68,      3462,
      29.7,      3497,
     29.72,      3552,
     29.74,      3481,
     29.76,      3511,
     29.78,      3495,
      29.8,      3495,
     29.82,      3372,
     29.84,      3557,
     29.86,      3494,
     29.88,      3398,
      29.9,      3351,
     29.92,      3528,
     29.94,      3445,
     29.96,      3443,
     29.98,      3495,
        30,      3396,
     30.02,      3347,
     30.04,      3394,
     30.06,      3444,
     30.08,      3444,
      30.1,      3454,
     30.12,      3340,
     30.14,      3299,
     30.16,      3373,
     30.18,      3379,
      30.2,      3502,
     30.22,      3278,
     30.24,      3440,
     30.26,      3464,
     30.28,      3399,
      30.3,      3379,
     30.32,      3329,
     30.34,      3415,
     30.36,      3456,
     30.38,      3346,
      30.4,      3421,
     30.42,      3485,
     30.44,      3362,
     30.46,      3399,
     30.48,      3319,
      30.5,      3457,
     30.52,      3330,
     30.54,      3333,
     30.56,      3402,
     30.58,      3324,
      30.6,      3277,
     30.62,      3418,
     30.64,      3333,
     30.66,      3310,
     30.68,      3300,
      30.7,      3313,
     30.72,      3349,
     30.74,      3343,
     30.76,      3252,
     30.78,      3396,
      30.8,      3367,
     30.82,      3366,
     30.84,      3307,
     30.86,      3338,
     30.88,      3262,
      30.9,      3376,
     30.92,      3278,
     30.94,      3358,
     30.96,      3322,
     30.98,      3336,
        31,      3248,
     31.02,      3278,
     31.04,      3258,
     31.06,      3305,
     31.08,      3297,
      31.1,      3297,
     31.12,      3262,
     31.14,      3398,
     31.16,      3359,
     31.18,      3315,
      31.2,      3282,
     31.22,      3291,
     31.24,      3283,
     31.26,      3233,
     31.28,      3266,
      31.3,      3180,
     31.32,      3113,
     31.34,      3323,
     31.36,      3188,
     31.38,      3246,
      31.4,      3288,
     31.42,      3269,
     31.44,      3326,
     31.46,      3334,
     31.48,      3295,
      31.5,      3330,
     31.52,      3228,
     31.54,      3357,
     31.56,      3193,
     31.58,      3296,
      31.6,      3232,
     31.62,      3263,
     31.64,      3215,
     31.66,      3230,
     31.68,      3262,
      31.7,      3169,
     31.72,      3303,
     31.74,      3356,
     31.76,      3226,
     31.78,      3271,
      31.8,      3220,
     31.82,      3195,
     31.84,      3195,
     31.86,      3135,
     31.88,      3253,
      31.9,      3211,
     31.92,      3216,
     31.94,      3300,
     31.96,      3265,
     31.98,      3173,
        32,      3252,
     32.02,      3089,
     32.04,      3212,
     32.06,      3192,
     32.08,      3148,
      32.1,      3104,
     32.12,      3199,
     32.14,      3167,
     32.16,      3190,
     32.18,      3239,
      32.2,      3132,
     32.22,      3242,
     32.24,      3177,
     32.26,      3156,
     32.28,      3197,
      32.3,      3212,
     32.32,      3195,
     32.34,      3179,
     32.36,      3052,
     32.38,      3266,
      32.4,      3148,
     32.42,      3191,
     32.44,      3071,
     32.46,      3178,
     32.48,      3198,
      32.5,      3082,
     32.52,      3165,
     32.54,      3240,
     32.56,      3185,
     32.58,      3180,
      32.6,      3119,
     32.62,      3242,
     32.64,      3165,
     32.66,      3155,
     32.68,      3130,
      32.7,      3145,
     32.72,      3117,
     32.74,      3211,
     32.76,      3072,
     32.78,      3160,
      32.8,      3172,
     32.82,      3092,
     32.84,      3189,
     32.86,      3175,
     32.88,      3103,
      32.9,      3071,
     32.92,      3126,
     32.94,      3149,
     32.96,      3244,
     32.98,      3083,
        33,      3175,
     33.02,      3251,
     33.04,      3125,
     33.06,      3121,
     33.08,      3094,
      33.1,      3165,
     33.12,      3159,
     33.14,      3083,
     33.16,      3067,
     33.18,      3159,
      33.2,      3178,
     33.22,      3024,
     33.24,      3056,
     33.26,      3108,
     33.28,      3083,
      33.3,      3199,
     33.32,      3099,
     33.34,      3089,
     33.36,      3126,
     33.38,      3183,
      33.4,      3195,
     33.42,      3120,
     33.44,      3095,
     33.46,      3208,
     33.48,      3095,
      33.5,      3226,
     33.52,      3113,
     33.54,      3102,
     33.56,      3075,
     33.58,      3034,
      33.6,      2985,
     33.62,      3071,
     33.64,      3093,
     33.66,      3086,
     33.68,      3054,
      33.7,      3014,
     33.72,      3117,
     33.74,      3042,
     33.76,      3192,
     33.78,      3034,
      33.8,      3144,
     33.82,      3078,
     33.84,      3041,
     33.86,      2986,
     33.88,      3023,
      33.9,      3216,
     33.92,      3105,
     33.94,      3077,
     33.96,      3027,
     33.98,      3078,
        34,      3108,
     34.02,      3066,
     34.04,      3091,
     34.06,      3137,
     34.08,      3001,
      34.1,      3091,
     34.12,      3077,
     34.14,      3015,
     34.16,      3096,
     34.18,      3066,
      34.2,      3140,
     34.22,      3208,
     34.24,      3071,
     34.26,      3099,
     34.28,      3040,
      34.3,      3106,
     34.32,      3037,
     34.34,      3140,
     34.36,      3042,
     34.38,      3065,
      34.4,      3083,
     34.42,      3050,
     34.44,      3095,
     34.46,      2903,
     34.48,      3054,
      34.5,      2967,
     34.52,      3157,
     34.54,      3080,
     34.56,      3102,
     34.58,      3024,
      34.6,      3126,
     34.62,      3012,
     34.64,      3150,
     34.66,      3049,
     34.68,      3052,
      34.7,      3123,
     34.72,      3111,
     34.74,      2985,
     34.76,      3135,
     34.78,      2992,
      34.8,      2968,
     34.82,      3082,
     34.84,      3006,
     34.86,      2984,
     34.88,      3056,
      34.9,      3075,
     34.92,      3027,
     34.94,      3116,
     34.96,      3039,
     34.98,      3027,
        35,      3063,
     35.02,      2986,
     35.04,      3094,
     35.06,      3091,
     35.08,      3058,
      35.1,      3151,
     35.12,      3043,
     35.14,      3059,
     35.16,      3105,
     35.18,      3116,
      35.2,      3013,
     35.22,      3048,
     35.24,      3100,
     35.26,      3004,
     35.28,      2948,
      35.3,      3079,
     35.32,      3066,
     35.34,      3087,
     35.36,      3031,
     35.38,      3008,
      35.4,      3043,
     35.42,      2986,
     35.44,      3058,
     35.46,      3049,
     35.48,      3100,
      35.5,      3004,
     35.52,      3031,
     35.54,      3009,
     35.56,      3091,
     35.58,      3053,
      35.6,      3073,
     35.62,      2993,
     35.64,      2973,
     35.66,      3062,
     35.68,      3043,
      35.7,      3057,
     35.72,      3074,
     35.74,      3043,
     35.76,      3105,
     35.78,      3253,
      35.8,      3056,
     35.82,      3030,
     35.84,      3096,
     35.86,      3032,
     35.88,      3073,
      35.9,      3071,
     35.92,      3010,
     35.94,      3181,
     35.96,      2974,
     35.98,      3065,
        36,      3128,
     36.02,      3069,
     36.04,      3097,
     36.06,      3155,
     36.08,      3116,
      36.1,      3198,
     36.12,      2954,
     36.14,      3053,
     36.16,      3083,
     36.18,      3088,
      36.2,      3088,
     36.22,      3074,
     36.24,      3099,
     36.26,      3187,
     36.28,      3092,
      36.3,      3029,
     36.32,      3151,
     36.34,      3064,
     36.36,      3126,
     36.38,      3159,
      36.4,      3090,
     36.42,      3126,
     36.44,      3017,
     36.46,      3129,
     36.48,      3139,
      36.5,      3163,
     36.52,      3145,
     36.54,      3181,
     36.56,      3062,
     36.58,      3125,
      36.6,      3115,
     36.62,      3194,
     36.64,      3230,
     36.66,      3203,
     36.68,      3117,
      36.7,      3171,
     36.72,      3336,
     36.74,      3168,
     36.76,      3272,
     36.78,      3148,
      36.8,      3205,
     36.82,      3303,
     36.84,      3226,
     36.86,      3290,
     36.88,      3273,
      36.9,      3295,
     36.92,      3367,
     36.94,      3238,
     36.96,      3341,
     36.98,      3343,
        37,      3331,
     37.02,      3258,
     37.04,      3394,
     37.06,      3405,
     37.08,      3392,
      37.1,      3485,
     37.12,      3355,
     37.14,      3401,
     37.16,      3360,
     37.18,      3462,
      37.2,      3463,
     37.22,      3603,
     37.24,      3548,
     37.26,      3608,
     37.28,      3450,
      37.3,      3531,
     37.32,      3512,
     37.34,      3610,
     37.36,      3483,
     37.38,      3486,
      37.4,      3649,
     37.42,      3599,
     37.44,      3552,
     37.46,      3541,
     37.48,      3531,
      37.5,      3451,
     37.52,      3552,
     37.54,      3502,
     37.56,      3475,
     37.58,      3539,
      37.6,      3522,
     37.62,      3483,
     37.64,      3571,
     37.66,      3398,
     37.68,      3409,
      37.7,      3464,
     37.72,      3426,
     37.74,      3470,
     37.76,      3348,
     37.78,      3413,
      37.8,      3377,
     37.82,      3277,
     37.84,      3291,
     37.86,      3309,
     37.88,      3295,
      37.9,      3378,
     37.92,      3263,
     37.94,      3233,
     37.96,      3280,
     37.98,      3394,
        38,      3382,
     38.02,      3352,
     38.04,      3231,
     38.06,      3345,
     38.08,      3330,
      38.1,      3147,
     38.12,      3230,
     38.14,      3246,
     38.16,      3295,
     38.18,      3233,
      38.2,      3283,
     38.22,      3250,
     38.24,      3309,
     38.26,      3225,
     38.28,      3126,
      38.3,      3183,
     38.32,      3258,
     38.34,      3376,
     38.36,      3158,
     38.38,      3309,
      38.4,      3267,
     38.42,      3341,
     38.44,      3297,
     38.46,      3272,
     38.48,      3345,
      38.5,      3416,
     38.52,      3503,
     38.54,      3281,
     38.56,      3241,
     38.58,      3376,
      38.6,      3346,
     38.62,      3229,
     38.64,      3320,
     38.66,      3346,
     38.68,      3277,
      38.7,      3312,
     38.72,      3312,
     38.74,      3359,
     38.76,      3331,
     38.78,      3243,
      38.8,      3345,
     38.82,      3172,
     38.84,      3269,
     38.86,      3217,
     38.88,      3390,
      38.9,      3345,
     38.92,      3275,
     38.94,      3317,
     38.96,      3276,
     38.98,      3351,
        39,      3382,
     39.02,      3330,
     39.04,      3292,
     39.06,      3352,
     39.08,      3328,
      39.1,      3302,
     39.12,      3311,
     39.14,      3350,
     39.16,      3333,
     39.18,      3392,
      39.2,      3390,
     39.22,      3265,
     39.24,      3328,
     39.26,      3378,
     39.28,      3383,
      39.3,      3349,
     39.32,      3369,
     39.34,      3360,
     39.36,      3318,
     39.38,      3385,
      39.4,      3273,
     39.42,      3425,
     39.44,      3403,
     39.46,      3457,
     39.48,      3364,
      39.5,      3313,
     39.52,      3380,
     39.54,      3388,
     39.56,      3468,
     39.58,      3434,
      39.6,      3457,
     39.62,      3474,
     39.64,      3575,
     39.66,      3549,
     39.68,      3569,
      39.7,      3395,
     39.72,      3467,
     39.74,      3586,
     39.76,      3441,
     39.78,      3565,
      39.8,      3474,
     39.82,      3570,
     39.84,      3625,
     39.86,      3662,
     39.88,      3562,
      39.9,      3574,
     39.92,      3551,
     39.94,      3568,
     39.96,      3707,
     39.98,      3526,
        40,      3643,
     40.02,      3636,
     40.04,      3735,
     40.06,      3616,
     40.08,      3616,
      40.1,      3653,
     40.12,      3732,
     40.14,      3747,
     40.16,      3717,
     40.18,      3858,
      40.2,      3889,
     40.22,      3869,
     40.24,      3945,
     40.26,      3796,
     40.28,      3986,
      40.3,      3913,
     40.32,      4115,
     40.34,      3974,
     40.36,      4221,
     40.38,      3983,
      40.4,      4137,
     40.42,      4308,
     40.44,      4223,
     40.46,      4258,
     40.48,      4512,
      40.5,      4239,
     40.52,      4437,
     40.54,      4432,
     40.56,      4470,
     40.58,      4635,
      40.6,      4689,
     40.62,      4664,
     40.64,      4694,
     40.66,      4660,
     40.68,      4763,
      40.7,      4837,
     40.72,      4625,
     40.74,      4856,
     40.76,      4753,
     40.78,      4716,
      40.8,      4684,
     40.82,      4817,
     40.84,      4627,
     40.86,      4566,
     40.88,      4668,
      40.9,      4472,
     40.92,      4520,
     40.94,      4608,
     40.96,      4453,
     40.98,      4620,
        41,      4469,
     41.02,      4452,
     41.04,      4402,
     41.06,      4419,
     41.08,      4272,
      41.1,      4335,
     41.12,      4328,
     41.14,      4302,
     41.16,      4239,
     41.18,      4272,
      41.2,      4242,
     41.22,      4208,
     41.24,      4286,
     41.26,      4186,
     41.28,      4335,
      41.3,      4232,
     41.32,      4187,
     41.34,      4214,
     41.36,      4211,
     41.38,      4282,
      41.4,      4226,
     41.42,      4358,
     41.44,      4164,
     41.46,      4248,
     41.48,      4328,
      41.5,      4329,
     41.52,      4254,
     41.54,      4296,
     41.56,      4313,
     41.58,      4149,
      41.6,      4421,
     41.62,      4305,
     41.64,      4286,
     41.66,      4399,
     41.68,      4314,
      41.7,      4336,
     41.72,      4288,
     41.74,      4456,
     41.76,      4346,
     41.78,      4401,
      41.8,      4421,
     41.82,      4369,
     41.84,      4452,
     41.86,      4441,
     41.88,      4403,
      41.9,      4515,
     41.92,      4483,
     41.94,      4415,
     41.96,      4473,
     41.98,      4452,
        42,      4441,
     42.02,      4648,
     42.04,      4572,
     42.06,      4513,
     42.08,      4552,
      42.1,      4495,
     42.12,      4649,
     42.14,      4463,
     42.16,      4430,
     42.18,      4585,
      42.2,      4555,
     42.22,      4528,
     42.24,      4654,
     42.26,      4431,
     42.28,      4553,
      42.3,      4607,
     42.32,      4733,
     42.34,      4705,
     42.36,      4767,
     42.38,      4716,
      42.4,      4677,
     42.42,      4748,
     42.44,      4685,
     42.46,      4680,
     42.48,      4756,
      42.5,      4716,
     42.52,      4721,
     42.54,      4773,
     42.56,      4682,
     42.58,      4768,
      42.6,      4669,
     42.62,      4719,
     42.64,      4832,
     42.66,      4739,
     42.68,      4820,
      42.7,      4669,
     42.72,      4742,
     42.74,      4731,
     42.76,      4739,
     42.78,      4614,
      42.8,      4671,
     42.82,      4684,
     42.84,      4822,
     42.86,      4843,
     42.88,      4807,
      42.9,      4735,
     42.92,      4794,
     42.94,      4845,
     42.96,      4873,
     42.98,      4927,
        43,      4938,
     43.02,      4915,
     43.04,      4923,
     43.06,      4855,
     43.08,      4890,
      43.1,      4979,
     43.12,      4981,
     43.14,      5124,
     43.16,      5088,
     43.18,      5053,
      43.2,      5140,
     43.22,      5159,
     43.24,      5283,
     43.26,      5283,
     43.28,      5235,
      43.3,      5172,
     43.32,      5390,
     43.34,      5213,
     43.36,      5247,
     43.38,      5225,
      43.4,      5050,
     43.42,      5014,
     43.44,      5040,
     43.46,      4901,
     43.48,      4925,
      43.5,      4769,
     43.52,      4708,
     43.54,      4668,
     43.56,      4607,
     43.58,      4602,
      43.6,      4586,
     43.62,      4389,
     43.64,      4578,
     43.66,      4375,
     43.68,      4405,
      43.7,      4370,
     43.72,      4347,
     43.74,      4276,
     43.76,      4224,
     43.78,      4276,
      43.8,      4142,
     43.82,      4221,
     43.84,      4119,
     43.86,      4123,
     43.88,      4229,
      43.9,      4018,
     43.92,      4038,
     43.94,      4085,
     43.96,      4109,
     43.98,      3934,
        44,      3966,
     44.02,      4056,
     44.04,      3962,
     44.06,      3928,
     44.08,      3752,
      44.1,      3984,
     44.12,      3855,
     44.14,      3790,
     44.16,      3782,
     44.18,      3690,
      44.2,      3776,
     44.22,      3663,
     44.24,      3853,
     44.26,      3800,
     44.28,      3745,
      44.3,      3773,
     44.32,      3822,
     44.34,      3814,
     44.36,      3720,
     44.38,      3695,
      44.4,      3694,
     44.42,      3779,
     44.44,      3641,
     44.46,      3722,
     44.48,      3667,
      44.5,      3659,
     44.52,      3777,
     44.54,      3709,
     44.56,      3564,
     44.58,      3632,
      44.6,      3680,
     44.62,      3654,
     44.64,      3699,
     44.66,      3704,
     44.68,      3674,
      44.7,      3703,
     44.72,      3611,
     44.74,      3700,
     44.76,      3577,
     44.78,      3497,
      44.8,      3566,
     44.82,      3574,
     44.84,      3596,
     44.86,      3635,
     44.88,      3599,
      44.9,      3648,
     44.92,      3605,
     44.94,      3544,
     44.96,      3501,
     44.98,      3450,
        45,      3574,
     45.02,      3499,
     45.04,      3427,
     45.06,      3369,
     45.08,      3493,
      45.1,      3398,
     45.12,      3465,
     45.14,      3522,
     45.16,      3450,
     45.18,      3522,
      45.2,      3418,
     45.22,      3378,
     45.24,      3331,
     45.26,      3435,
     45.28,      3459,
      45.3,      3390,
     45.32,      3420,
     45.34,      3394,
     45.36,      3404,
     45.38,      3362,
      45.4,      3438,
     45.42,      3421,
     45.44,      3464,
     45.46,      3288,
     45.48,      3298,
      45.5,      3382,
     45.52,      3461,
     45.54,      3438,
     45.56,      3479,
     45.58,      3402,
      45.6,      3433,
     45.62,      3455,
     45.64,      3422,
     45.66,      3300,
     45.68,      3555,
      45.7,      3322,
     45.72,      3347,
     45.74,      3410,
     45.76,      3416,
     45.78,      3421,
      45.8,      3517,
     45.82,      3451,
     45.84,      3372,
     45.86,      3549,
     45.88,      3398,
      45.9,      3387,
     45.92,      3358,
     45.94,      3337,
     45.96,      3368,
     45.98,      3434,
        46,      3475,
     46.02,      3387,
     46.04,      3465,
     46.06,      3457,
     46.08,      3600,
      46.1,      3397,
     46.12,      3432,
     46.14,      3433,
     46.16,      3367,
     46.18,      3372,
      46.2,      3459,
     46.22,      3461,
     46.24,      3479,
     46.26,      3428,
     46.28,      3374,
      46.3,      3418,
     46.32,      3374,
     46.34,      3424,
     46.36,      3458,
     46.38,      3449,
      46.4,      3387,
     46.42,      3571,
     46.44,      3416,
     46.46,      3465,
     46.48,      3402,
      46.5,      3371,
     46.52,      3423,
     46.54,      3362,
     46.56,      3457,
     46.58,      3487,
      46.6,      3371,
     46.62,      3545,
     46.64,      3434,
     46.66,      3428,
     46.68,      3335,
      46.7,      3341,
     46.72,      3361,
     46.74,      3369,
     46.76,      3422,
     46.78,      3408,
      46.8,      3404,
     46.82,      3299,
     46.84,      3407,
     46.86,      3381,
     46.88,      3411,
      46.9,      3488,
     46.92,      3336,
     46.94,      3432,
     46.96,      3471,
     46.98,      3395,
        47,      3343,
     47.02,      3377,
     47.04,      3266,
     47.06,      3334,
     47.08,      3473,
      47.1,      3414,
     47.12,      3236,
     47.14,      3335,
     47.16,      3330,
     47.18,      3414,
      47.2,      3330,
     47.22,      3371,
     47.24,      3350,
     47.26,      3410,
     47.28,      3291,
      47.3,      3366,
     47.32,      3307,
     47.34,      3330,
     47.36,      3346,
     47.38,      3278,
      47.4,      3259,
     47.42,      3289,
     47.44,      3234,
     47.46,      3247,
     47.48,      3266,
      47.5,      3239,
     47.52,      3451,
     47.54,      3196,
     47.56,      3295,
     47.58,      3383,
      47.6,      3272,
     47.62,      3213,
     47.64,      3179,
     47.66,      3160,
     47.68,      3184,
      47.7,      3190,
     47.72,      3185,
     47.74,      3326,
     47.76,      3320,
     47.78,      3120,
      47.8,      3208,
     47.82,      3207,
     47.84,      3181,
     47.86,      3167,
     47.88,      3078,
      47.9,      3163,
     47.92,      3215,
     47.94,      3127,
     47.96,      3138,
     47.98,      3160,
        48,      3240,
     48.02,      3186,
     48.04,      3285,
     48.06,      3136,
     48.08,      3172,
      48.1,      3079,
     48.12,      3098,
     48.14,      3193,
     48.16,      3191,
     48.18,      3221,
      48.2,      3172,
     48.22,      3153,
     48.24,      3124,
     48.26,      3210,
     48.28,      3196,
      48.3,      3058,
     48.32,      2975,
     48.34,      3197,
     48.36,      3096,
     48.38,      3179,
      48.4,      3099,
     48.42,      3181,
     48.44,      3037,
     48.46,      3225,
     48.48,      3201,
      48.5,      3163,
     48.52,      3142,
     48.54,      3254,
     48.56,      3120,
     48.58,      3158,
      48.6,      3078,
     48.62,      3090,
     48.64,      3101,
     48.66,      3146,
     48.68,      3154,
      48.7,      3088,
     48.72,      3161,
     48.74,      3090,
     48.76,      3157,
     48.78,      3072,
      48.8,      3095,
     48.82,      3048,
     48.84,      3181,
     48.86,      3107,
     48.88,      3092,
      48.9,      3174,
     48.92,      3133,
     48.94,      3076,
     48.96,      3145,
     48.98,      3078,
        49,      3079,
     49.02,      3191,
     49.04,      3034,
     49.06,      3139,
     49.08,      3168,
      49.1,      3181,
     49.12,      3209,
     49.14,      3090,
     49.16,      3163,
     49.18,      3114,
      49.2,      3119,
     49.22,      3131,
     49.24,      3128,
     49.26,      3222,
     49.28,      3086,
      49.3,      3245,
     49.32,      3092,
     49.34,      3139,
     49.36,      3206,
     49.38,      3203,
      49.4,      3202,
     49.42,      3084,
     49.44,      3149,
     49.46,      3040,
     49.48,      3155,
      49.5,      3075,
     49.52,      3192,
     49.54,      3111,
     49.56,      3097,
     49.58,      3079,
      49.6,      3036,
     49.62,      3130,
     49.64,      3135,
     49.66,      3145,
     49.68,      3076,
      49.7,      3100,
     49.72,      3067,
     49.74,      3104,
     49.76,      3099,
     49.78,      3117,
      49.8,      3127,
     49.82,      3127,
     49.84,      3055,
     49.86,      3155,
     49.88,      3119,
      49.9,      3110,
     49.92,      3029,
     49.94,      3019,
     49.96,      3151,
     49.98,      3138,
        50,      3142,
     50.02,      3122,
     50.04,      3101,
     50.06,      3097,
     50.08,      3158,
      50.1,      3090,
     50.12,      3104,
     50.14,      3106,
     50.16,      3176,
     50.18,      3070,
      50.2,      3175,
     50.22,      3104,
     50.24,      3172,
     50.26,      3209,
     50.28,      3202,
      50.3,      3061,
     50.32,      3148,
     50.34,      3136,
     50.36,      3130,
     50.38,      3056,
      50.4,      3143,
     50.42,      3192,
     50.44,      3183,
     50.46,      3159,
     50.48,      2973,
      50.5,      3128,
     50.52,      3123,
     50.54,      3192,
     50.56,      3168,
     50.58,      3006,
      50.6,      3127,
     50.62,      3093,
     50.64,      3113,
     50.66,      3051,
     50.68,      3083,
      50.7,      3032,
     50.72,      3033,
     50.74,      2993,
     50.76,      2991,
     50.78,      3056,
      50.8,      3031,
     50.82,      2961,
     50.84,      2861,
     50.86,      2984,
     50.88,      2947,
      50.9,      3022,
     50.92,      2884,
     50.94,      2996,
     50.96,      2952,
     50.98,      2999,
        51,      2927,
     51.02,      2880,
     51.04,      2868,
     51.06,      2893,
     51.08,      2842,
      51.1,      2823,
     51.12,      2871,
     51.14,      2861,
     51.16,      2928,
     51.18,      2873,
      51.2,      2927,
     51.22,      2942,
     51.24,      2888,
     51.26,      2811,
     51.28,      2901,
      51.3,      2745,
     51.32,      2812,
     51.34,      2858,
     51.36,      2935,
     51.38,      2876,
      51.4,      2917,
     51.42,      2777,
     51.44,      2863,
     51.46,      2838,
     51.48,      2737,
      51.5,      2780,
     51.52,      2777,
     51.54,      2813,
     51.56,      2848,
     51.58,      2892,
      51.6,      2809,
     51.62,      2877,
     51.64,      2762,
     51.66,      2767,
     51.68,      2756,
      51.7,      2765,
     51.72,      2860,
     51.74,      2703,
     51.76,      2859,
     51.78,      2710,
      51.8,      2747,
     51.82,      2847,
     51.84,      2773,
     51.86,      2825,
     51.88,      2778,
      51.9,      2720,
     51.92,      2821,
     51.94,      2757,
     51.96,      2727,
     51.98,      2743,
        52,      2781,
     52.02,      2766,
     52.04,      2767,
     52.06,      2773,
     52.08,      2759,
      52.1,      2823,
     52.12,      2680,
     52.14,      2788,
     52.16,      2766,
     52.18,      2856,
      52.2,      2672,
     52.22,      2690,
     52.24,      2839,
     52.26,      2780,
     52.28,      2767,
      52.3,      2770,
     52.32,      2704,
     52.34,      2824,
     52.36,      2725,
     52.38,      2772,
      52.4,      2731,
     52.42,      2797,
     52.44,      2699,
     52.46,      2779,
     52.48,      2864,
      52.5,      2763,
     52.52,      2812,
     52.54,      2768,
     52.56,      2685,
     52.58,      2639,
      52.6,      2791,
     52.62,      2740,
     52.64,      2808,
     52.66,      2762,
     52.68,      2785,
      52.7,      2744,
     52.72,      2751,
     52.74,      2722,
     52.76,      2781,
     52.78,      2566,
      52.8,      2807,
     52.82,      2840,
     52.84,      2769,
     52.86,      2680,
     52.88,      2834,
      52.9,      2708,
     52.92,      2772,
     52.94,      2798,
     52.96,      2644,
     52.98,      2755,
        53,      2722,
     53.02,      2719,
     53.04,      2772,
     53.06,      2730,
     53.08,      2686,
      53.1,      2698,
     53.12,      2739,
     53.14,      2774,
     53.16,      2877,
     53.18,      2705,
      53.2,      2777,
     53.22,      2720,
     53.24,      2724,
     53.26,      2723,
     53.28,      2704,
      53.3,      2750,
     53.32,      2799,
     53.34,      2736,
     53.36,      2825,
     53.38,      2774,
      53.4,      2670,
     53.42,      2743,
     53.44,      2685,
     53.46,      2766,
     53.48,      2708,
      53.5,      2633,
     53.52,      2730,
     53.54,      2812,
     53.56,      2705,
     53.58,      2801,
      53.6,      2762,
     53.62,      2776,
     53.64,      2765,
     53.66,      2808,
     53.68,      2639,
      53.7,      2679,
     53.72,      2703,
     53.74,      2716,
     53.76,      2797,
     53.78,      2822,
      53.8,      2679,
     53.82,      2658,
     53.84,      2673,
     53.86,      2674,
     53.88,      2745,
      53.9,      2763,
     53.92,      2749,
     53.94,      2789,
     53.96,      2669,
     53.98,      2717,
        54,      2659,
     54.02,      2663,
     54.04,      2784,
     54.06,      2645,
     54.08,      2747,
      54.1,      2799,
     54.12,      2804,
     54.14,      2743,
     54.16,      2793,
     54.18,      2766,
      54.2,      2644,
     54.22,      2786,
     54.24,      2783,
     54.26,      2794,
     54.28,      2688,
      54.3,      2645,
     54.32,      2799,
     54.34,      2764,
     54.36,      2635,
     54.38,      2737,
      54.4,      2742,
     54.42,      2710,
     54.44,      2658,
     54.46,      2746,
     54.48,      2772,
      54.5,      2728,
     54.52,      2736,
     54.54,      2804,
     54.56,      2680,
     54.58,      2790,
      54.6,      2745,
     54.62,      2735,
     54.64,      2667,
     54.66,      2726,
     54.68,      2729,
      54.7,      2657,
     54.72,      2734,
     54.74,      2682,
     54.76,      2734,
     54.78,      2724,
      54.8,      2647,
     54.82,      2804,
     54.84,      2702,
     54.86,      2716,
     54.88,      2673,
      54.9,      2640,
     54.92,      2614,
     54.94,      2704,
     54.96,      2591,
     54.98,      2713,
        55,      2688,
     55.02,      2734,
     55.04,      2665,
     55.06,      2689,
     55.08,      2692,
      55.1,      2728,
     55.12,      2667,
     55.14,      2683,
     55.16,      2657,
     55.18,      2737,
      55.2,      2694,
     55.22,      2773,
     55.24,      2691,
     55.26,      2756,
     55.28,      2656,
      55.3,      2681,
     55.32,      2657,
     55.34,      2744,
     55.36,      2788,
     55.38,      2622,
      55.4,      2648,
     55.42,      2533,
     55.44,      2669,
     55.46,      2696,
     55.48,      2722,
      55.5,      2741,
     55.52,      2888,
     55.54,      2665,
     55.56,      2838,
     55.58,      2791,
      55.6,      2538,
     55.62,      2687,
     55.64,      2698,
     55.66,      2766,
     55.68,      2755,
      55.7,      2732,
     55.72,      2681,
     55.74,      2640,
     55.76,      2684,
     55.78,      2662,
      55.8,      2718,
     55.82,      2765,
     55.84,      2706,
     55.86,      2725,
     55.88,      2676,
      55.9,      2768,
     55.92,      2685,
     55.94,      2733,
     55.96,      2782,
     55.98,      2670,
        56,      2776,
     56.02,      2718,
     56.04,      2773,
     56.06,      2736,
     56.08,      2793,
      56.1,      2780,
     56.12,      2762,
     56.14,      2719,
     56.16,      2731,
     56.18,      2634,
      56.2,      2733,
     56.22,      2756,
     56.24,      2706,
     56.26,      2684,
     56.28,      2755,
      56.3,      2738,
     56.32,      2642,
     56.34,      2716,
     56.36,      2614,
     56.38,      2704,
      56.4,      2691,
     56.42,      2766,
     56.44,      2767,
     56.46,      2777,
     56.48,      2727,
      56.5,      2677,
     56.52,      2766,
     56.54,      2792,
     56.56,      2733,
     56.58,      2679,
      56.6,      2658,
     56.62,      2802,
     56.64,      2784,
     56.66,      2778,
     56.68,      2715,
      56.7,      2731,
     56.72,      2688,
     56.74,      2736,
     56.76,      2724,
     56.78,      2800,
      56.8,      2752,
     56.82,      2693,
     56.84,      2728,
     56.86,      2744,
     56.88,      2761,
      56.9,      2679,
     56.92,      2764,
     56.94,      2631,
     56.96,      2772,
     56.98,      2659,
        57,      2674,
     57.02,      2737,
     57.04,      2792,
     57.06,      2760,
     57.08,      2698,
      57.1,      2815,
     57.12,      2570,
     57.14,      2795,
     57.16,      2644,
     57.18,      2699,
      57.2,      2765,
     57.22,      2731,
     57.24,      2790,
     57.26,      2733,
     57.28,      2724,
      57.3,      2729,
     57.32,      2621,
     57.34,      2766,
     57.36,      2772,
     57.38,      2721,
      57.4,      2628,
     57.42,      2769,
     57.44,      2641,
     57.46,      2711,
     57.48,      2756,
      57.5,      2717,
     57.52,      2735,
     57.54,      2719,
     57.56,      2767,
     57.58,      2768,
      57.6,      2771,
     57.62,      2671,
     57.64,      2739,
     57.66,      2657,
     57.68,      2748,
      57.7,      2790,
     57.72,      2710,
     57.74,      2696,
     57.76,      2662,
     57.78,      2734,
      57.8,      2819,
     57.82,      2843,
     57.84,      2732,
     57.86,      2753,
     57.88,      2706,
      57.9,      2716,
     57.92,      2759,
     57.94,      2692,
     57.96,      2706,
     57.98,      2770,
        58,      2720,
     58.02,      2703,
     58.04,      2660,
     58.06,      2818,
     58.08,      2707,
      58.1,      2826,
     58.12,      2727,
     58.14,      2710,
     58.16,      2677,
     58.18,      2810,
      58.2,      2745,
     58.22,      2865,
     58.24,      2756,
     58.26,      2668,
     58.28,      2661,
      58.3,      2761,
     58.32,      2749,
     58.34,      2774,
     58.36,      2815,
     58.38,      2743,
      58.4,      2634,
     58.42,      2783,
     58.44,      2662,
     58.46,      2676,
     58.48,      2871,
      58.5,      2754,
     58.52,      2765,
     58.54,      2767,
     58.56,      2774,
     58.58,      2756,
      58.6,      2733,
     58.62,      2654,
     58.64,      2826,
     58.66,      2683,
     58.68,      2735,
      58.7,      2795,
     58.72,      2731,
     58.74,      2711,
     58.76,      2751,
     58.78,      2768,
      58.8,      2758,
     58.82,      2827,
     58.84,      2776,
     58.86,      2767,
     58.88,      2772,
      58.9,      2607,
     58.92,      2803,
     58.94,      2744,
     58.96,      2711,
     58.98,      2753,
        59,      2844,
     59.02,      2824,
     59.04,      2722,
     59.06,      2826,
     59.08,      2770,
      59.1,      2812,
     59.12,      2748,
     59.14,      2836,
     59.16,      2725,
     59.18,      2777,
      59.2,      2788,
     59.22,      2768,
     59.24,      2727,
     59.26,      2757,
     59.28,      2773,
      59.3,      2650,
     59.32,      2779,
     59.34,      2603,
     59.36,      2821,
     59.38,      2826,
      59.4,      2692,
     59.42,      2807,
     59.44,      2711,
     59.46,      2776,
     59.48,      2705,
      59.5,      2788,
     59.52,      2724,
     59.54,      2754,
     59.56,      2702,
     59.58,      2706,
      59.6,      2778,
     59.62,      2802,
     59.64,      2755,
     59.66,      2713,
     59.68,      2733,
      59.7,      2661,
     59.72,      2767,
     59.74,      2775,
     59.76,      2679,
     59.78,      2872,
      59.8,      2818,
     59.82,      2765,
     59.84,      2649,
     59.86,      2661,
     59.88,      2633,
      59.9,      2794,
     59.92,      2628,
     59.94,      2755,
     59.96,      2770,
     59.98,      2698,
        60,      2719,
     60.02,      2788,
     60.04,      2705,
     60.06,      2688,
     60.08,      2815,
      60.1,      2739,
     60.12,      2760,
     60.14,      2648,
     60.16,      2760,
     60.18,      2779,
      60.2,      2719,
     60.22,      2696,
     60.24,      2779,
     60.26,      2770,
     60.28,      2790,
      60.3,      2709,
     60.32,      2707,
     60.34,      2757,
     60.36,      2771,
     60.38,      2763,
      60.4,      2685,
     60.42,      2725,
     60.44,      2740,
     60.46,      2719,
     60.48,      2679,
      60.5,      2780,
     60.52,      2753,
     60.54,      2766,
     60.56,      2772,
     60.58,      2800,
      60.6,      2753,
     60.62,      2705,
     60.64,      2726,
     60.66,      2685,
     60.68,      2739,
      60.7,      2747,
     60.72,      2751,
     60.74,      2722,
     60.76,      2735,
     60.78,      2726,
      60.8,      2789,
     60.82,      2695,
     60.84,      2754,
     60.86,      2685,
     60.88,      2674,
      60.9,      2659,
     60.92,      2735,
     60.94,      2778,
     60.96,      2746,
     60.98,      2658,
        61,      2739,
     61.02,      2780,
     61.04,      2738,
     61.06,      2696,
     61.08,      2672,
      61.1,      2690,
     61.12,      2754,
     61.14,      2782,
     61.16,      2765,
     61.18,      2735,
      61.2,      2706,
     61.22,      2712,
     61.24,      2699,
     61.26,      2637,
     61.28,      2741,
      61.3,      2780,
     61.32,      2732,
     61.34,      2777,
     61.36,      2842,
     61.38,      2791,
      61.4,      2683,
     61.42,      2747,
     61.44,      2683,
     61.46,      2724,
     61.48,      2711,
      61.5,      2773,
     61.52,      2762,
     61.54,      2775,
     61.56,      2781,
     61.58,      2788,
      61.6,      2665,
     61.62,      2823,
     61.64,      2698,
     61.66,      2749,
     61.68,      2749,
      61.7,      2690,
     61.72,      2825,
     61.74,      2730,
     61.76,      2734,
     61.78,      2777,
      61.8,      2729,
     61.82,      2727,
     61.84,      2749,
     61.86,      2736,
     61.88,      2690,
      61.9,      2720,
     61.92,      2788,
     61.94,      2744,
     61.96,      2747,
     61.98,      2602,
        62,      2771,
     62.02,      2866,
     62.04,      2659,
     62.06,      2765,
     62.08,      2749,
      62.1,      2669,
     62.12,      2678,
     62.14,      2699,
     62.16,      2814,
     62.18,      2713,
      62.2,      2789,
     62.22,      2619,
     62.24,      2699,
     62.26,      2785,
     62.28,      2770,
      62.3,      2760,
     62.32,      2744,
     62.34,      2780,
     62.36,      2730,
     62.38,      2776,
      62.4,      2801,
     62.42,      2804,
     62.44,      2691,
     62.46,      2769,
     62.48,      2679,
      62.5,      2761,
     62.52,      2836,
     62.54,      2797,
     62.56,      2762,
     62.58,      2730,
      62.6,      2800,
     62.62,      2692,
     62.64,      2673,
     62.66,      2670,
     62.68,      2758,
      62.7,      2729,
     62.72,      2702,
     62.74,      2624,
     62.76,      2754,
     62.78,      2799,
      62.8,      2838,
     62.82,      2774,
     62.84,      2767,
     62.86,      2800,
     62.88,      2712,
      62.9,      2761,
     62.92,      2760,
     62.94,      2758,
     62.96,      2685,
     62.98,      2747,
        63,      2776,
     63.02,      2787,
     63.04,      2840,
     63.06,      2737,
     63.08,      2726,
      63.1,      2732,
     63.12,      2761,
     63.14,      2638,
     63.16,      2730,
     63.18,      2764,
      63.2,      2778,
     63.22,      2710,
     63.24,      2733,
     63.26,      2676,
     63.28,      2692,
      63.3,      2780,
     63.32,      2749,
     63.34,      2687,
     63.36,      2807,
     63.38,      2831,
      63.4,      2663,
     63.42,      2771,
     63.44,      2700,
     63.46,      2736,
     63.48,      2723,
      63.5,      2651,
     63.52,      2767,
     63.54,      2783,
     63.56,      2708,
     63.58,      2769,
      63.6,      2756,
     63.62,      2846,
     63.64,      2728,
     63.66,      2762,
     63.68,      2768,
      63.7,      2788,
     63.72,      2769,
     63.74,      2736,
     63.76,      2821,
     63.78,      2773,
      63.8,      2698,
     63.82,      2793,
     63.84,      2752,
     63.86,      2705,
     63.88,      2718,
      63.9,      2660,
     63.92,      2732,
     63.94,      2813,
     63.96,      2733,
     63.98,      2721,
        64,      2739,
     64.02,      2737,
     64.04,      2835,
     64.06,      2724,
     64.08,      2810,
      64.1,      2708,
     64.12,      2725,
     64.14,      2700,
     64.16,      2732,
     64.18,      2777,
      64.2,      2799,
     64.22,      2736,
     64.24,      2734,
     64.26,      2680,
     64.28,      2778,
      64.3,      2704,
     64.32,      2675,
     64.34,      2699,
     64.36,      2736,
     64.38,      2680,
      64.4,      2737,
     64.42,      2779,
     64.44,      2738,
     64.46,      2851,
     64.48,      2792,
      64.5,      2794,
     64.52,      2813,
     64.54,      2767,
     64.56,      2775,
     64.58,      2844,
      64.6,      2755,
     64.62,      2769,
     64.64,      2688,
     64.66,      2734,
     64.68,      2792,
      64.7,      2724,
     64.72,      2725,
     64.74,      2758,
     64.76,      2641,
     64.78,      2694,
      64.8,      2793,
     64.82,      2786,
     64.84,      2850,
     64.86,      2735,
     64.88,      2847,
      64.9,      2714,
     64.92,      2810,
     64.94,      2823,
     64.96,      2665,
     64.98,      2908,
        65,      2888,
     65.02,      2748,
     65.04,      2789,
     65.06,      2779,
     65.08,      2715,
      65.1,      2734,
     65.12,      2903,
     65.14,      2752,
     65.16,      2702,
     65.18,      2770,
      65.2,      2695,
     65.22,      2782,
     65.24,      2782,
     65.26,      2838,
     65.28,      2773,
      65.3,      2776,
     65.32,      2831,
     65.34,      2761,
     65.36,      2651,
     65.38,      2676,
      65.4,      2752,
     65.42,      2777,
     65.44,      2710,
     65.46,      2664,
     65.48,      2773,
      65.5,      2681,
     65.52,      2795,
     65.54,      2796,
     65.56,      2854,
     65.58,      2745,
      65.6,      2735,
     65.62,      2716,
     65.64,      2724,
     65.66,      2744,
     65.68,      2846,
      65.7,      2674,
     65.72,      2706,
     65.74,      2843,
     65.76,      2752,
     65.78,      2786,
      65.8,      2756,
     65.82,      2854,
     65.84,      2781,
     65.86,      2788,
     65.88,      2804,
      65.9,      2833,
     65.92,      2728,
     65.94,      2877,
     65.96,      2699,
     65.98,      2796,
        66,      2745,
     66.02,      2813,
     66.04,      2809,
     66.06,      2819,
     66.08,      2806,
      66.1,      2846,
     66.12,      2795,
     66.14,      2808,
     66.16,      2720,
     66.18,      2803,
      66.2,      2754,
     66.22,      2754,
     66.24,      2745,
     66.26,      2834,
     66.28,      2805,
      66.3,      2835,
     66.32,      2757,
     66.34,      2767,
     66.36,      2774,
     66.38,      2739,
      66.4,      2808,
     66.42,      2854,
     66.44,      2788,
     66.46,      2766,
     66.48,      2775,
      66.5,      2886,
     66.52,      2819,
     66.54,      2743,
     66.56,      2764,
     66.58,      2831,
      66.6,      2849,
     66.62,      2816,
     66.64,      2827,
     66.66,      2811,
     66.68,      2725,
      66.7,      2825,
     66.72,      2854,
     66.74,      2756,
     66.76,      2873,
     66.78,      2862,
      66.8,      2831,
     66.82,      2813,
     66.84,      2848,
     66.86,      2853,
     66.88,      2920,
      66.9,      2793,
     66.92,      2834,
     66.94,      2876,
     66.96,      2813,
     66.98,      2874,
        67,      2862,
     67.02,      2836,
     67.04,      2863,
     67.06,      2850,
     67.08,      2944,
      67.1,      2860,
     67.12,      2897,
     67.14,      2864,
     67.16,      2848,
     67.18,      2866,
      67.2,      2761,
     67.22,      2762,
     67.24,      2910,
     67.26,      2825,
     67.28,      2894,
      67.3,      2814,
     67.32,      2854,
     67.34,      2769,
     67.36,      2851,
     67.38,      2815,
      67.4,      2865,
     67.42,      2834,
     67.44,      2872,
     67.46,      2820,
     67.48,      2811,
      67.5,      2858,
     67.52,      2784,
     67.54,      2875,
     67.56,      2885,
     67.58,      2901,
      67.6,      2823,
     67.62,      2865,
     67.64,      2811,
     67.66,      2805,
     67.68,      2834,
      67.7,      2858,
     67.72,      2905,
     67.74,      2747,
     67.76,      2911,
     67.78,      2869,
      67.8,      2818,
     67.82,      2796,
     67.84,      2868,
     67.86,      2861,
     67.88,      2840,
      67.9,      2869,
     67.92,      2869,
     67.94,      2921,
     67.96,      2768,
     67.98,      2833,
        68,      2765,
     68.02,      2910,
     68.04,      2721,
     68.06,      2873,
     68.08,      2869,
      68.1,      2838,
     68.12,      2858,
     68.14,      2792,
     68.16,      2780,
     68.18,      2851,
      68.2,      2857,
     68.22,      2821,
     68.24,      2843,
     68.26,      2800,
     68.28,      2857,
      68.3,      2779,
     68.32,      2860,
     68.34,      2832,
     68.36,      2874,
     68.38,      2904,
      68.4,      2862,
     68.42,      2766,
     68.44,      2776,
     68.46,      2750,
     68.48,      2816,
      68.5,      2818,
     68.52,      2796,
     68.54,      2744,
     68.56,      2873,
     68.58,      2859,
      68.6,      2844,
     68.62,      2846,
     68.64,      2880,
     68.66,      2816,
     68.68,      2860,
      68.7,      2882,
     68.72,      2939,
     68.74,      2823,
     68.76,      2875,
     68.78,      2742,
      68.8,      2903,
     68.82,      2856,
     68.84,      2787,
     68.86,      2828,
     68.88,      2830,
      68.9,      2853,
     68.92,      2837,
     68.94,      2887,
     68.96,      2896,
     68.98,      2846,
        69,      2848,
     69.02,      2827,
     69.04,      2820,
     69.06,      2894,
     69.08,      2790,
      69.1,      2758,
     69.12,      2897,
     69.14,      2976,
     69.16,      2903,
     69.18,      2877,
      69.2,      2920,
     69.22,      2864,
     69.24,      2812,
     69.26,      2788,
     69.28,      2787,
      69.3,      2865,
     69.32,      2833,
     69.34,      2895,
     69.36,      2930,
     69.38,      2932,
      69.4,      2949,
     69.42,      2967,
     69.44,      2865,
     69.46,      2791,
     69.48,      2862,
      69.5,      2991,
     69.52,      2917,
     69.54,      2998,
     69.56,      2952,
     69.58,      2888,
      69.6,      2866,
     69.62,      2846,
     69.64,      2904,
     69.66,      3001,
     69.68,      3003,
      69.7,      2878,
     69.72,      2856,
     69.74,      3031,
     69.76,      2913,
     69.78,      2838,
      69.8,      2821,
     69.82,      2831,
     69.84,      2958,
     69.86,      2889,
     69.88,      2895,
      69.9,      2864,
     69.92,      2886,
     69.94,      2870,
     69.96,      2829,
     69.98,      2915,
        70,      2852,
     70.02,      2930,
     70.04,      2986,
     70.06,      2958,
     70.08,      2904,
      70.1,      2858,
     70.12,      2806,
     70.14,      2938,
     70.16,      3001,
     70.18,      2882,
      70.2,      2766,
     70.22,      2917,
     70.24,      2887,
     70.26,      2983,
     70.28,      2934,
      70.3,      2973,
     70.32,      2880,
     70.34,      2965,
     70.36,      2954,
     70.38,      2958,
      70.4,      2950,
     70.42,      2932,
     70.44,      2824,
     70.46,      2959,
     70.48,      2909,
      70.5,      2909,
     70.52,      2937,
     70.54,      2933,
     70.56,      2919,
     70.58,      2888,
      70.6,      2833,
     70.62,      2906,
     70.64,      2923,
     70.66,      2983,
     70.68,      2934,
      70.7,      2842,
     70.72,      2924,
     70.74,      2920,
     70.76,      3041,
     70.78,      2821,
      70.8,      2958,
     70.82,      3017,
     70.84,      2875,
     70.86,      2853,
     70.88,      2872,
      70.9,      2851,
     70.92,      2862,
     70.94,      2903,
     70.96,      2873,
     70.98,      2795,
        71,      2845,
     71.02,      2855,
     71.04,      2917,
     71.06,      2991,
     71.08,      2961,
      71.1,      2924,
     71.12,      2909,
     71.14,      2890,
     71.16,      2874,
     71.18,      2888,
      71.2,      2974,
     71.22,      2890,
     71.24,      2913,
     71.26,      2889,
     71.28,      2887,
      71.3,      2874,
     71.32,      2926,
     71.34,      2917,
     71.36,      2932,
     71.38,      3009,
      71.4,      2926,
     71.42,      2953,
     71.44,      2975,
     71.46,      2900,
     71.48,      2934,
      71.5,      2862,
     71.52,      2930,
     71.54,      2855,
     71.56,      3016,
     71.58,      3015,
      71.6,      2940,
     71.62,      2794,
     71.64,      2811,
     71.66,      2923,
     71.68,      2941,
      71.7,      2896,
     71.72,      2975,
     71.74,      3010,
     71.76,      2898,
     71.78,      2970,
      71.8,      2975,
     71.82,      2995,
     71.84,      2891,
     71.86,      2842,
     71.88,      2989,
      71.9,      3050,
     71.92,      2935,
     71.94,      3015,
     71.96,      2950,
     71.98,      2853,
        72,      2946,
     72.02,      2977,
     72.04,      2997,
     72.06,      2961,
     72.08,      3053,
      72.1,      2905,
     72.12,      2924,
     72.14,      2999,
     72.16,      2975,
     72.18,      3015,
      72.2,      3097,
     72.22,      2873,
     72.24,      3022,
     72.26,      2922,
     72.28,      2912,
      72.3,      2827,
     72.32,      2858,
     72.34,      2985,
     72.36,      3022,
     72.38,      3013,
      72.4,      2993,
     72.42,      2987,
     72.44,      2992,
     72.46,      2959,
     72.48,      2978,
      72.5,      2982,
     72.52,      2894,
     72.54,      2966,
     72.56,      3025,
     72.58,      2969,
      72.6,      3053,
     72.62,      2992,
     72.64,      2880,
     72.66,      2986,
     72.68,      2865,
      72.7,      2964,
     72.72,      2951,
     72.74,      2989,
     72.76,      3037,
     72.78,      2966,
      72.8,      2899,
     72.82,      2932,
     72.84,      2983,
     72.86,      2994,
     72.88,      2905,
      72.9,      3073,
     72.92,      2944,
     72.94,      3050,
     72.96,      2959,
     72.98,      3025,
        73,      2980,
     73.02,      2906,
     73.04,      3028,
     73.06,      3043,
     73.08,      2958,
      73.1,      3025,
     73.12,      2970,
     73.14,      2949,
     73.16,      3040,
     73.18,      2966,
      73.2,      2952,
     73.22,      3042,
     73.24,      3027,
     73.26,      3045,
     73.28,      3046,
      73.3,      2943,
     73.32,      3043,
     73.34,      3049,
     73.36,      3008,
     73.38,      2981,
      73.4,      3064,
     73.42,      3020,
     73.44,      2997,
     73.46,      2986,
     73.48,      3022,
      73.5,      2960,
     73.52,      3064,
     73.54,      3036,
     73.56,      3071,
     73.58,      2897,
      73.6,      3079,
     73.62,      3038,
     73.64,      3061,
     73.66,      3018,
     73.68,      2967,
      73.7,      3008,
     73.72,      2914,
     73.74,      2997,
     73.76,      3098,
     73.78,      3114,
      73.8,      3187,
     73.82,      3097,
     73.84,      3201,
     73.86,      3105,
     73.88,      3059,
      73.9,      3137,
     73.92,      3167,
     73.94,      3124,
     73.96,      3142,
     73.98,      3123,
        74,      3127,
     74.02,      3141,
     74.04,      3109,
     74.06,      3186,
     74.08,      3126,
      74.1,      3105,
     74.12,      3206,
     74.14,      3246,
     74.16,      3056,
     74.18,      3039,
      74.2,      3153,
     74.22,      3071,
     74.24,      3117,
     74.26,      3172,
     74.28,      3129,
      74.3,      3167,
     74.32,      3120,
     74.34,      3146,
     74.36,      3084,
     74.38,      3083,
      74.4,      3147,
     74.42,      3117,
     74.44,      3108,
     74.46,      3082,
     74.48,      3033,
      74.5,      3108,
     74.52,      3066,
     74.54,      3171,
     74.56,      3076,
     74.58,      3189,
      74.6,      3204,
     74.62,      3051,
     74.64,      3062,
     74.66,      3030,
     74.68,      3072,
      74.7,      3026,
     74.72,      3163,
     74.74,      3084,
     74.76,      3029,
     74.78,      3050,
      74.8,      3104,
     74.82,      3061,
     74.84,      3101,
     74.86,      3038,
     74.88,      3080,
      74.9,      2997,
     74.92,      3054,
     74.94,      3102,
     74.96,      2985,
     74.98,      3052,
        75,      2983,
     75.02,      3039,
     75.04,      3099,
     75.06,      2974,
     75.08,      3050,
      75.1,      2969,
     75.12,      3065,
     75.14,      2951,
     75.16,      3029,
     75.18,      2951,
      75.2,      2955,
     75.22,      3135,
     75.24,      3152,
     75.26,      3035,
     75.28,      2911,
      75.3,      3073,
     75.32,      3084,
     75.34,      3088,
     75.36,      3058,
     75.38,      3034,
      75.4,      3058,
     75.42,      3150,
     75.44,      3008,
     75.46,      3076,
     75.48,      3069,
      75.5,      3115,
     75.52,      2993,
     75.54,      2917,
     75.56,      3003,
     75.58,      3018,
      75.6,      3106,
     75.62,      2962,
     75.64,      3031,
     75.66,      3015,
     75.68,      3066,
      75.7,      3006,
     75.72,      3090,
     75.74,      2986,
     75.76,      2951,
     75.78,      2944,
      75.8,      3027,
     75.82,      3010,
     75.84,      2981,
     75.86,      3048,
     75.88,      3075,
      75.9,      3075,
     75.92,      3115,
     75.94,      3049,
     75.96,      3064,
     75.98,      3037,
        76,      2922,
     76.02,      2938,
     76.04,      2933,
     76.06,      3051,
     76.08,      2915,
      76.1,      3011,
     76.12,      2957,
     76.14,      3018,
     76.16,      2965,
     76.18,      3017,
      76.2,      2902,
     76.22,      2915,
     76.24,      3074,
     76.26,      2885,
     76.28,      3009,
      76.3,      2900,
     76.32,      3033,
     76.34,      2927,
     76.36,      2898,
     76.38,      2960,
      76.4,      2950,
     76.42,      2896,
     76.44,      2905,
     76.46,      2948,
     76.48,      2937,
      76.5,      3022,
     76.52,      2940,
     76.54,      2940,
     76.56,      2807,
     76.58,      2991,
      76.6,      2896,
     76.62,      2877,
     76.64,      3029,
     76.66,      2908,
     76.68,      2938,
      76.7,      2952,
     76.72,      2952,
     76.74,      2917,
     76.76,      3013,
     76.78,      2962,
      76.8,      2896,
     76.82,      3027,
     76.84,      2887,
     76.86,      2871,
     76.88,      2925,
      76.9,      2957,
     76.92,      3005,
     76.94,      2971,
     76.96,      2973,
     76.98,      2863,
        77,      2817,
     77.02,      2842,
     77.04,      2859,
     77.06,      2832,
     77.08,      2851,
      77.1,      2941,
     77.12,      2844,
     77.14,      2961,
     77.16,      2892,
     77.18,      2857,
      77.2,      2833,
     77.22,      2845,
     77.24,      2815,
     77.26,      3021,
     77.28,      2805,
      77.3,      2893,
     77.32,      2905,
     77.34,      2716,
     77.36,      2811,
     77.38,      2891,
      77.4,      2916,
     77.42,      2953,
     77.44,      2912,
     77.46,      2970,
     77.48,      3009,
      77.5,      2916,
     77.52,      2813,
     77.54,      2863,
     77.56,      2856,
     77.58,      2925,
      77.6,      2829,
     77.62,      2761,
     77.64,      2904,
     77.66,      2936,
     77.68,      2819,
      77.7,      2904,
     77.72,      2878,
     77.74,      2898,
     77.76,      2880,
     77.78,      2794,
      77.8,      2906,
     77.82,      2861,
     77.84,      2814,
     77.86,      2869,
     77.88,      2839,
      77.9,      2739,
     77.92,      2775,
     77.94,      2811,
     77.96,      2789,
     77.98,      2763,
        78,      2727,
     78.02,      2784,
     78.04,      2868,
     78.06,      2883,
     78.08,      2840,
      78.1,      2721,
     78.12,      2796,
     78.14,      2788,
     78.16,      2804,
     78.18,      2861,
      78.2,      2869,
     78.22,      2883,
     78.24,      2819,
     78.26,      2793,
     78.28,      2896,
      78.3,      2750,
     78.32,      2793,
     78.34,      2808,
     78.36,      2874,
     78.38,      2814,
      78.4,      2855,
     78.42,      2746,
     78.44,      2838,
     78.46,      2812,
     78.48,      2795,
      78.5,      2773,
     78.52,      2863,
     78.54,      2787,
     78.56,      2790,
     78.58,      2813,
      78.6,      2752,
     78.62,      2806,
     78.64,      2823,
     78.66,      2787,
     78.68,      2762,
      78.7,      2852,
     78.72,      2836,
     78.74,      2737,
     78.76,      2765,
     78.78,      2714,
      78.8,      2738,
     78.82,      2878,
     78.84,      2719,
     78.86,      2734,
     78.88,      2741,
      78.9,      2760,
     78.92,      2720,
     78.94,      2863,
     78.96,      2831,
     78.98,      2938,
        79,      2766,
     79.02,      2807,
     79.04,      2805,
     79.06,      2860,
     79.08,      2786,
      79.1,      2667,
     79.12,      2753,
     79.14,      2822,
     79.16,      2837,
     79.18,      2808,
      79.2,      2733,
     79.22,      2762,
     79.24,      2707,
     79.26,      2824,
     79.28,      2762,
      79.3,      2740,
     79.32,      2792,
     79.34,      2747,
     79.36,      2812,
     79.38,      2775,
      79.4,      2774,
     79.42,      2766,
     79.44,      2865,
     79.46,      2749,
     79.48,      2686,
      79.5,      2825,
     79.52,      2850,
     79.54,      2638,
     79.56,      2777,
     79.58,      2821,
      79.6,      2744,
     79.62,      2752,
     79.64,      2738,
     79.66,      2677,
     79.68,      2810,
      79.7,      2748,
     79.72,      2724,
     79.74,      2756,
     79.76,      2714,
     79.78,      2743,
      79.8,      2781,
     79.82,      2599,
     79.84,      2700,
     79.86,      2739,
     79.88,      2791,
      79.9,      2792,
     79.92,      2811,
     79.94,      2787,
     79.96,      2602,
     79.98,      2698,
        80,      2644,
     80.02,      2737,
     80.04,      2797,
     80.06,      2755,
     80.08,      2646,
      80.1,      2680,
     80.12,      2768,
     80.14,      2772,
     80.16,      2729,
     80.18,      2683,
      80.2,      2687,
     80.22,      2787,
     80.24,      2719,
     80.26,      2665,
     80.28,      2783,
      80.3,      2729,
     80.32,      2657,
     80.34,      2706,
     80.36,      2733,
     80.38,      2779,
      80.4,      2609,
     80.42,      2655,
     80.44,      2688,
     80.46,      2635,
     80.48,      2679,
      80.5,      2693,
     80.52,      2652,
     80.54,      2654,
     80.56,      2659,
     80.58,      2711,
      80.6,      2653,
     80.62,      2595,
     80.64,      2699,
     80.66,      2601,
     80.68,      2682,
      80.7,      2581,
     80.72,      2624,
     80.74,      2643,
     80.76,      2614,
     80.78,      2650,
      80.8,      2649,
     80.82,      2630,
     80.84,      2672,
     80.86,      2681,
     80.88,      2544,
      80.9,      2660,
     80.92,      2542,
     80.94,      2729,
     80.96,      2584,
     80.98,      2616,
        81,      2762,
     81.02,      2690,
     81.04,      2635,
     81.06,      2470,
     81.08,      2750,
      81.1,      2658,
     81.12,      2594,
     81.14,      2695,
     81.16,      2583,
     81.18,      2617,
      81.2,      2619,
     81.22,      2623,
     81.24,      2553,
     81.26,      2622,
     81.28,      2634,
      81.3,      2653,
     81.32,      2667,
     81.34,      2565,
     81.36,      2618,
     81.38,      2650,
      81.4,      2589,
     81.42,      2634,
     81.44,      2610,
     81.46,      2643,
     81.48,      2651,
      81.5,      2604,
     81.52,      2625,
     81.54,      2667,
     81.56,      2560,
     81.58,      2497,
      81.6,      2582,
     81.62,      2558,
     81.64,      2658,
     81.66,      2569,
     81.68,      2596,
      81.7,      2581,
     81.72,      2557,
     81.74,      2605,
     81.76,      2491,
     81.78,      2540,
      81.8,      2602,
     81.82,      2556,
     81.84,      2565,
     81.86,      2588,
     81.88,      2561,
      81.9,      2575,
     81.92,      2569,
     81.94,      2550,
     81.96,      2566,
     81.98,      2640,
        82,      2562,
     82.02,      2569,
     82.04,      2607,
     82.06,      2604,
     82.08,      2558,
      82.1,      2575,
     82.12,      2573,
     82.14,      2560,
     82.16,      2709,
     82.18,      2644,
      82.2,      2595,
     82.22,      2535,
     82.24,      2611,
     82.26,      2571,
     82.28,      2647,
      82.3,      2526,
     82.32,      2567,
     82.34,      2521,
     82.36,      2520,
     82.38,      2530,
      82.4,      2493,
     82.42,      2608,
     82.44,      2628,
     82.46,      2476,
     82.48,      2470,
      82.5,      2625,
     82.52,      2518,
     82.54,      2453,
     82.56,      2570,
     82.58,      2543,
      82.6,      2597,
     82.62,      2475,
     82.64,      2594,
     82.66,      2531,
     82.68,      2527,
      82.7,      2545,
     82.72,      2548,
     82.74,      2573,
     82.76,      2505,
     82.78,      2600,
      82.8,      2588,
     82.82,      2598,
     82.84,      2519,
     82.86,      2539,
     82.88,      2532,
      82.9,      2564,
     82.92,      2635,
     82.94,      2593,
     82.96,      2503,
     82.98,      2458,
        83,      2594,
     83.02,      2499,
     83.04,      2528,
     83.06,      2577,
     83.08,      2548,
      83.1,      2693,
     83.12,      2587,
     83.14,      2496,
     83.16,      2509,
     83.18,      2580,
      83.2,      2655,
     83.22,      2439,
     83.24,      2599,
     83.26,      2564,
     83.28,      2606,
      83.3,      2471,
     83.32,      2538,
     83.34,      2539,
     83.36,      2568,
     83.38,      2642,
      83.4,      2528,
     83.42,      2608,
     83.44,      2502,
     83.46,      2495,
     83.48,      2449,
      83.5,      2534,
     83.52,      2582,
     83.54,      2579,
     83.56,      2543,
     83.58,      2512,
      83.6,      2548,
     83.62,      2509,
     83.64,      2576,
     83.66,      2523,
     83.68,      2549,
      83.7,      2498,
     83.72,      2514,
     83.74,      2486,
     83.76,      2481,
     83.78,      2495,
      83.8,      2454,
     83.82,      2516,
     83.84,      2535,
     83.86,      2571,
     83.88,      2528,
      83.9,      2469,
     83.92,      2555,
     83.94,      2598,
     83.96,      2483,
     83.98,      2488,
        84,      2496,
     84.02,      2540,
     84.04,      2504,
     84.06,      2556,
     84.08,      2462,
      84.1,      2571,
     84.12,      2572,
     84.14,      2461,
     84.16,      2573,
     84.18,      2531,
      84.2,      2557,
     84.22,      2648,
     84.24,      2551,
     84.26,      2554,
     84.28,      2564,
      84.3,      2601,
     84.32,      2582,
     84.34,      2556,
     84.36,      2601,
     84.38,      2529,
      84.4,      2510,
     84.42,      2564,
     84.44,      2415,
     84.46,      2498,
     84.48,      2517,
      84.5,      2470,
     84.52,      2521,
     84.54,      2511,
     84.56,      2553,
     84.58,      2471,
      84.6,      2493,
     84.62,      2569,
     84.64,      2466,
     84.66,      2511,
     84.68,      2508,
      84.7,      2476,
     84.72,      2514,
     84.74,      2515,
     84.76,      2520,
     84.78,      2461,
      84.8,      2506,
     84.82,      2529,
     84.84,      2582,
     84.86,      2476,
     84.88,      2600,
      84.9,      2546,
     84.92,      2483,
     84.94,      2496,
     84.96,      2489,
     84.98,      2556,
        85,      2493,
     85.02,      2495,
     85.04,      2446,
     85.06,      2558,
     85.08,      2546,
      85.1,      2546,
     85.12,      2583,
     85.14,      2541,
     85.16,      2461,
     85.18,      2514,
      85.2,      2522,
     85.22,      2425,
     85.24,      2571,
     85.26,      2582,
     85.28,      2558,
      85.3,      2477,
     85.32,      2531,
     85.34,      2513,
     85.36,      2534,
     85.38,      2572,
      85.4,      2481,
     85.42,      2514,
     85.44,      2504,
     85.46,      2512,
     85.48,      2575,
      85.5,      2478,
     85.52,      2563,
     85.54,      2552,
     85.56,      2517,
     85.58,      2598,
      85.6,      2556,
     85.62,      2511,
     85.64,      2441,
     85.66,      2455,
     85.68,      2479,
      85.7,      2508,
     85.72,      2487,
     85.74,      2504,
     85.76,      2427,
     85.78,      2509,
      85.8,      2492,
     85.82,      2489,
     85.84,      2593,
     85.86,      2540,
     85.88,      2400,
      85.9,      2471,
     85.92,      2605,
     85.94,      2463,
     85.96,      2475,
     85.98,      2430,
        86,      2534,
     86.02,      2581,
     86.04,      2538,
     86.06,      2590,
     86.08,      2454,
      86.1,      2589,
     86.12,      2484,
     86.14,      2587,
     86.16,      2556,
     86.18,      2493,
      86.2,      2594,
     86.22,      2630,
     86.24,      2479,
     86.26,      2511,
     86.28,      2518,
      86.3,      2482,
     86.32,      2514,
     86.34,      2479,
     86.36,      2523,
     86.38,      2584,
      86.4,      2506,
     86.42,      2512,
     86.44,      2580,
     86.46,      2532,
     86.48,      2536,
      86.5,      2528,
     86.52,      2537,
     86.54,      2551,
     86.56,      2477,
     86.58,      2494,
      86.6,      2544,
     86.62,      2497,
     86.64,      2573,
     86.66,      2536,
     86.68,      2491,
      86.7,      2579,
     86.72,      2505,
     86.74,      2530,
     86.76,      2536,
     86.78,      2562,
      86.8,      2498,
     86.82,      2470,
     86.84,      2479,
     86.86,      2539,
     86.88,      2440,
      86.9,      2575,
     86.92,      2574,
     86.94,      2471,
     86.96,      2488,
     86.98,      2472,
        87,      2436,
     87.02,      2534,
     87.04,      2528,
     87.06,      2430,
     87.08,      2531,
      87.1,      2549,
     87.12,      2522,
     87.14,      2555,
     87.16,      2492,
     87.18,      2516,
      87.2,      2483,
     87.22,      2496,
     87.24,      2601,
     87.26,      2568,
     87.28,      2543,
      87.3,      2511,
     87.32,      2607,
     87.34,      2549,
     87.36,      2635,
     87.38,      2521,
      87.4,      2621,
     87.42,      2541,
     87.44,      2572,
     87.46,      2528,
     87.48,      2662,
      87.5,      2595,
     87.52,      2588,
     87.54,      2586,
     87.56,      2567,
     87.58,      2564,
      87.6,      2638,
     87.62,      2555,
     87.64,      2431,
     87.66,      2641,
     87.68,      2604,
      87.7,      2480,
     87.72,      2513,
     87.74,      2507,
     87.76,      2521,
     87.78,      2599,
      87.8,      2558,
     87.82,      2574,
     87.84,      2512,
     87.86,      2557,
     87.88,      2554,
      87.9,      2526,
     87.92,      2613,
     87.94,      2581,
     87.96,      2545,
     87.98,      2599,
        88,      2509,
     88.02,      2561,
     88.04,      2570,
     88.06,      2520,
     88.08,      2536,
      88.1,      2617,
     88.12,      2576,
     88.14,      2530,
     88.16,      2658,
     88.18,      2559,
      88.2,      2495,
     88.22,      2508,
     88.24,      2509,
     88.26,      2585,
     88.28,      2570,
      88.3,      2570,
     88.32,      2590,
     88.34,      2611,
     88.36,      2553,
     88.38,      2499,
      88.4,      2541,
     88.42,      2671,
     88.44,      2556,
     88.46,      2599,
     88.48,      2572,
      88.5,      2638,
     88.52,      2444,
     88.54,      2654,
     88.56,      2567,
     88.58,      2620,
      88.6,      2584,
     88.62,      2501,
     88.64,      2523,
     88.66,      2563,
     88.68,      2597,
      88.7,      2561,
     88.72,      2498,
     88.74,      2551,
     88.76,      2621,
     88.78,      2563,
      88.8,      2470,
     88.82,      2582,
     88.84,      2600,
     88.86,      2626,
     88.88,      2583,
      88.9,      2626,
     88.92,      2556,
     88.94,      2567,
     88.96,      2596,
     88.98,      2557,
        89,      2591,
     89.02,      2550,
     89.04,      2626,
     89.06,      2608,
     89.08,      2576,
      89.1,      2590,
     89.12,      2585,
     89.14,      2567,
     89.16,      2489,
     89.18,      2596,
      89.2,      2584,
     89.22,      2543,
     89.24,      2528,
     89.26,      2665,
     89.28,      2558,
      89.3,      2543,
     89.32,      2593,
     89.34,      2497,
     89.36,      2581,
     89.38,      2628,
      89.4,      2556,
     89.42,      2531,
     89.44,      2546,
     89.46,      2561,
     89.48,      2526,
      89.5,      2551,
     89.52,      2570,
     89.54,      2580,
     89.56,      2583,
     89.58,      2530,
      89.6,      2601,
     89.62,      2621,
     89.64,      2674,
     89.66,      2679,
     89.68,      2619,
      89.7,      2612,
     89.72,      2652,
     89.74,      2570,
     89.76,      2602,
     89.78,      2556,
      89.8,      2602,
     89.82,      2616,
     89.84,      2674,
     89.86,      2617,
     89.88,      2565,
      89.9,      2584,
     89.92,      2605,
     89.94,      2670,
     89.96,      2571,
     89.98,      2700,
        90,      2626,
     90.02,      2502,
     90.04,      2659,
     90.06,      2744,
     90.08,      2578,
      90.1,      2594,
     90.12,      2535,
     90.14,      2633,
     90.16,      2607,
     90.18,      2627,
      90.2,      2619,
     90.22,      2686,
     90.24,      2557,
     90.26,      2565,
     90.28,      2590,
      90.3,      2573,
     90.32,      2483,
     90.34,      2516,
     90.36,      2522,
     90.38,      2628,
      90.4,      2538,
     90.42,      2579,
     90.44,      2552,
     90.46,      2477,
     90.48,      2609,
      90.5,      2488,
     90.52,      2486,
     90.54,      2506,
     90.56,      2669,
     90.58,      2547,
      90.6,      2452,
     90.62,      2501,
     90.64,      2548,
     90.66,      2620,
     90.68,      2539,
      90.7,      2548,
     90.72,      2553,
     90.74,      2534,
     90.76,      2496,
     90.78,      2549,
      90.8,      2475,
     90.82,      2530,
     90.84,      2527,
     90.86,      2529,
     90.88,      2527,
      90.9,      2588,
     90.92,      2547,
     90.94,      2489,
     90.96,      2491,
     90.98,      2487,
        91,      2503,
     91.02,      2501,
     91.04,      2594,
     91.06,      2473,
     91.08,      2497,
      91.1,      2593,
     91.12,      2603,
     91.14,      2583,
     91.16,      2506,
     91.18,      2564,
      91.2,      2468,
     91.22,      2530,
     91.24,      2577,
     91.26,      2460,
     91.28,      2514,
      91.3,      2656,
     91.32,      2641,
     91.34,      2496,
     91.36,      2470,
     91.38,      2513,
      91.4,      2474,
     91.42,      2589,
     91.44,      2478,
     91.46,      2467,
     91.48,      2600,
      91.5,      2527,
     91.52,      2461,
     91.54,      2534,
     91.56,      2556,
     91.58,      2531,
      91.6,      2528,
     91.62,      2520,
     91.64,      2489,
     91.66,      2521,
     91.68,      2541,
      91.7,      2446,
     91.72,      2493,
     91.74,      2530,
     91.76,      2626,
     91.78,      2474,
      91.8,      2528,
     91.82,      2516,
     91.84,      2552,
     91.86,      2682,
     91.88,      2505,
      91.9,      2574,
     91.92,      2502,
     91.94,      2479,
     91.96,      2590,
     91.98,      2484,
        92,      2603,
     92.02,      2594,
     92.04,      2568,
     92.06,      2463,
     92.08,      2520,
      92.1,      2502,
     92.12,      2578,
     92.14,      2533,
     92.16,      2418,
     92.18,      2576,
      92.2,      2642,
     92.22,      2492,
     92.24,      2504,
     92.26,      2535,
     92.28,      2527,
      92.3,      2543,
     92.32,      2502,
     92.34,      2497,
     92.36,      2606,
     92.38,      2554,
      92.4,      2518,
     92.42,      2585,
     92.44,      2487,
     92.46,      2561,
     92.48,      2575,
      92.5,      2501,
     92.52,      2526,
     92.54,      2528,
     92.56,      2587,
     92.58,      2583,
      92.6,      2593,
     92.62,      2559,
     92.64,      2553,
     92.66,      2478,
     92.68,      2498,
      92.7,      2522,
     92.72,      2501,
     92.74,      2529,
     92.76,      2593,
     92.78,      2533,
      92.8,      2537,
     92.82,      2575,
     92.84,      2663,
     92.86,      2541,
     92.88,      2496,
      92.9,      2478,
     92.92,      2512,
     92.94,      2543,
     92.96,      2662,
     92.98,      2617,
        93,      2520,
     93.02,      2548,
     93.04,      2553,
     93.06,      2454,
     93.08,      2445,
      93.1,      2554,
     93.12,      2528,
     93.14,      2615,
     93.16,      2623,
     93.18,      2629,
      93.2,      2663,
     93.22,      2526,
     93.24,      2554,
     93.26,      2543,
     93.28,      2461,
      93.3,      2581,
     93.32,      2629,
     93.34,      2484,
     93.36,      2484,
     93.38,      2519,
      93.4,      2556,
     93.42,      2467,
     93.44,      2504,
     93.46,      2556,
     93.48,      2490,
      93.5,      2520,
     93.52,      2647,
     93.54,      2588,
     93.56,      2596,
     93.58,      2563,
      93.6,      2555,
     93.62,      2636,
     93.64,      2570,
     93.66,      2576,
     93.68,      2564,
      93.7,      2578,
     93.72,      2662,
     93.74,      2679,
     93.76,      2508,
     93.78,      2572,
      93.8,      2492,
     93.82,      2571,
     93.84,      2619,
     93.86,      2615,
     93.88,      2523,
      93.9,      2592,
     93.92,      2643,
     93.94,      2575,
     93.96,      2556,
     93.98,      2646,
        94,      2556,
     94.02,      2509,
     94.04,      2640,
     94.06,      2545,
     94.08,      2521,
      94.1,      2447,
     94.12,      2663,
     94.14,      2639,
     94.16,      2592,
     94.18,      2563,
      94.2,      2643,
     94.22,      2571,
     94.24,      2634,
     94.26,      2696,
     94.28,      2548,
      94.3,      2566,
     94.32,      2603,
     94.34,      2490,
     94.36,      2626,
     94.38,      2583,
      94.4,      2641,
     94.42,      2570,
     94.44,      2638,
     94.46,      2536,
     94.48,      2658,
      94.5,      2661,
     94.52,      2628,
     94.54,      2583,
     94.56,      2590,
     94.58,      2532,
      94.6,      2561,
     94.62,      2619,
     94.64,      2545,
     94.66,      2645,
     94.68,      2621,
      94.7,      2652,
     94.72,      2619,
     94.74,      2648,
     94.76,      2568,
     94.78,      2613,
      94.8,      2537,
     94.82,      2574,
     94.84,      2612,
     94.86,      2599,
     94.88,      2706,
      94.9,      2629,
     94.92,      2651,
     94.94,      2682,
     94.96,      2596,
     94.98,      2640,
        95,      2649,
     95.02,      2629,
     95.04,      2534,
     95.06,      2630,
     95.08,      2612,
      95.1,      2630,
     95.12,      2645,
     95.14,      2562,
     95.16,      2525,
     95.18,      2584,
      95.2,      2614,
     95.22,      2510,
     95.24,      2610,
     95.26,      2609,
     95.28,      2604,
      95.3,      2596,
     95.32,      2505,
     95.34,      2598,
     95.36,      2643,
     95.38,      2587,
      95.4,      2661,
     95.42,      2614,
     95.44,      2591,
     95.46,      2587,
     95.48,      2577,
      95.5,      2602,
     95.52,      2499,
     95.54,      2592,
     95.56,      2559,
     95.58,      2616,
      95.6,      2612,
     95.62,      2539,
     95.64,      2593,
     95.66,      2574,
     95.68,      2546,
      95.7,      2544,
     95.72,      2599,
     95.74,      2587,
     95.76,      2554,
     95.78,      2636,
      95.8,      2508,
     95.82,      2583,
     95.84,      2625,
     95.86,      2527,
     95.88,      2634,
      95.9,      2583,
     95.92,      2598,
     95.94,      2518,
     95.96,      2582,
     95.98,      2488,
        96,      2612,
     96.02,      2550,
     96.04,      2548,
     96.06,      2527,
     96.08,      2533,
      96.1,      2603,
     96.12,      2558,
     96.14,      2623,
     96.16,      2530,
     96.18,      2516,
      96.2,      2498,
     96.22,      2528,
     96.24,      2513,
     96.26,      2626,
     96.28,      2461,
      96.3,      2522,
     96.32,      2472,
     96.34,      2512,
     96.36,      2574,
     96.38,      2473,
      96.4,      2507,
     96.42,      2565,
     96.44,      2528,
     96.46,      2534,
     96.48,      2565,
      96.5,      2620,
     96.52,      2476,
     96.54,      2527,
     96.56,      2578,
     96.58,      2524,
      96.6,      2518,
     96.62,      2508,
     96.64,      2487,
     96.66,      2550,
     96.68,      2387,
      96.7,      2477,
     96.72,      2573,
     96.74,      2510,
     96.76,      2511,
     96.78,      2519,
      96.8,      2601,
     96.82,      2466,
     96.84,      2481,
     96.86,      2441,
     96.88,      2464,
      96.9,      2395,
     96.92,      2504,
     96.94,      2548,
     96.96,      2504,
     96.98,      2551,
        97,      2457,
     97.02,      2487,
     97.04,      2503,
     97.06,      2548,
     97.08,      2485,
      97.1,      2450,
     97.12,      2463,
     97.14,      2457,
     97.16,      2499,
     97.18,      2476,
      97.2,      2483,
     97.22,      2611,
     97.24,      2532,
     97.26,      2523,
     97.28,      2575,
      97.3,      2549,
     97.32,      2496,
     97.34,      2521,
     97.36,      2512,
     97.38,      2569,
      97.4,      2492,
     97.42,      2434,
     97.44,      2542,
     97.46,      2527,
     97.48,      2376,
      97.5,      2454,
     97.52,      2502,
     97.54,      2576,
     97.56,      2469,
     97.58,      2522,
      97.6,      2524,
     97.62,      2532,
     97.64,      2387,
     97.66,      2596,
     97.68,      2456,
      97.7,      2442,
     97.72,      2535,
     97.74,      2509,
     97.76,      2453,
     97.78,      2468,
      97.8,      2407,
     97.82,      2474,
     97.84,      2552,
     97.86,      2525,
     97.88,      2476,
      97.9,      2519,
     97.92,      2465,
     97.94,      2549,
     97.96,      2559,
     97.98,      2503,
        98,      2527,
     98.02,      2520,
     98.04,      2483,
     98.06,      2467,
     98.08,      2537,
      98.1,      2442,
     98.12,      2471,
     98.14,      2473,
     98.16,      2544,
     98.18,      2400,
      98.2,      2529,
     98.22,      2467,
     98.24,      2625,
     98.26,      2279,
     98.28,      2547,
      98.3,      2490,
     98.32,      2501,
     98.34,      2464,
     98.36,      2564,
     98.38,      2506,
      98.4,      2516,
     98.42,      2553,
     98.44,      2541,
     98.46,      2429,
     98.48,      2393,
      98.5,      2471,
     98.52,      2493,
     98.54,      2392,
     98.56,      2490,
     98.58,      2606,
      98.6,      2456,
     98.62,      2542,
     98.64,      2448,
     98.66,      2474,
     98.68,      2488,
      98.7,      2555,
     98.72,      2557,
     98.74,      2507,
     98.76,      2481,
     98.78,      2480,
      98.8,      2471,
     98.82,      2479,
     98.84,      2630,
     98.86,      2491,
     98.88,      2436,
      98.9,      2500,
     98.92,      2494,
     98.94,      2460,
     98.96,      2518,
     98.98,      2507,
        99,      2486,
     99.02,      2482,
     99.04,      2540,
     99.06,      2487,
     99.08,      2461,
      99.1,      2535,
     99.12,      2514,
     99.14,      2478,
     99.16,      2405,
     99.18,      2522,
      99.2,      2486,
     99.22,      2488,
     99.24,      2458,
     99.26,      2462,
     99.28,      2446,
      99.3,      2501,
     99.32,      2492,
     99.34,      2481,
     99.36,      2498,
     99.38,      2463,
      99.4,      2474,
     99.42,      2356,
     99.44,      2525,
     99.46,      2502,
     99.48,      2525,
      99.5,      2437,
     99.52,      2514,
     99.54,      2479,
     99.56,      2569,
     99.58,      2493,
      99.6,      2535,
     99.62,      2539,
     99.64,      2437,
     99.66,      2479,
     99.68,      2394,
      99.7,      2473,
     99.72,      2507,
     99.74,      2494,
     99.76,      2522,
     99.78,      2520,
      99.8,      2530,
     99.82,      2452,
     99.84,      2511,
     99.86,      2519,
     99.88,      2555,
      99.9,      2462,
     99.92,      2462,
     99.94,      2398,
     99.96,      2434,
     99.98,      2481,
       100,      2510,
    100.02,      2564,
    100.04,      2442,
    100.06,      2452,
    100.08,      2533,
     100.1,      2499,
    100.12,      2550,
    100.14,      2445,
    100.16,      2473,
    100.18,      2527,
     100.2,      2422,
    100.22,      2461,
    100.24,      2500,
    100.26,      2451,
    100.28,      2475,
     100.3,      2425,
    100.32,      2514,
    100.34,      2473,
    100.36,      2427,
    100.38,      2444,
     100.4,      2541,
    100.42,      2421,
    100.44,      2457,
    100.46,      2453,
    100.48,      2548,
     100.5,      2368,
    100.52,      2430,
    100.54,      2451,
    100.56,      2482,
    100.58,      2527,
     100.6,      2396,
    100.62,      2433,
    100.64,      2464,
    100.66,      2511,
    100.68,      2443,
     100.7,      2482,
    100.72,      2572,
    100.74,      2451,
    100.76,      2483,
    100.78,      2497,
     100.8,      2455,
    100.82,      2456,
    100.84,      2464,
    100.86,      2475,
    100.88,      2393,
     100.9,      2416,
    100.92,      2477,
    100.94,      2534,
    100.96,      2374,
    100.98,      2480,
       101,      2461,
    101.02,      2482,
    101.04,      2421,
    101.06,      2417,
    101.08,      2495,
     101.1,      2450,
    101.12,      2405,
    101.14,      2459,
    101.16,      2408,
    101.18,      2589,
     101.2,      2394,
    101.22,      2445,
    101.24,      2442,
    101.26,      2397,
    101.28,      2420,
     101.3,      2549,
    101.32,      2575,
    101.34,      2468,
    101.36,      2436,
    101.38,      2456,
     101.4,      2469,
    101.42,      2479,
    101.44,      2445,
    101.46,      2525,
    101.48,      2442,
     101.5,      2566,
    101.52,      2432,
    101.54,      2393,
    101.56,      2489,
    101.58,      2458,
     101.6,      2486,
    101.62,      2519,
    101.64,      2423,
    101.66,      2447,
    101.68,      2436,
     101.7,      2522,
    101.72,      2558,
    101.74,      2435,
    101.76,      2434,
    101.78,      2388,
     101.8,      2430,
    101.82,      2328,
    101.84,      2580,
    101.86,      2453,
    101.88,      2498,
     101.9,      2507,
    101.92,      2440,
    101.94,      2472,
    101.96,      2371,
    101.98,      2446,
       102,      2526,
    102.02,      2435,
    102.04,      2466,
    102.06,      2474,
    102.08,      2538,
     102.1,      2414,
    102.12,      2493,
    102.14,      2492,
    102.16,      2438,
    102.18,      2488,
     102.2,      2486,
    102.22,      2513,
    102.24,      2455,
    102.26,      2454,
    102.28,      2367,
     102.3,      2524,
    102.32,      2482,
    102.34,      2531,
    102.36,      2547,
    102.38,      2437,
     102.4,      2429,
    102.42,      2520,
    102.44,      2442,
    102.46,      2510,
    102.48,      2442,
     102.5,      2523,
    102.52,      2521,
    102.54,      2407,
    102.56,      2423,
    102.58,      2481,
     102.6,      2490,
    102.62,      2514,
    102.64,      2481,
    102.66,      2486,
    102.68,      2497,
     102.7,      2517,
    102.72,      2430,
    102.74,      2480,
    102.76,      2426,
    102.78,      2476,
     102.8,      2560,
    102.82,      2496,
    102.84,      2410,
    102.86,      2370,
    102.88,      2437,
     102.9,      2459,
    102.92,      2545,
    102.94,      2466,
    102.96,      2430,
    102.98,      2414,
       103,      2470,
    103.02,      2399,
    103.04,      2473,
    103.06,      2422,
    103.08,      2390,
     103.1,      2480,
    103.12,      2486,
    103.14,      2414,
    103.16,      2473,
    103.18,      2410,
     103.2,      2462,
    103.22,      2457,
    103.24,      2412,
    103.26,      2412,
    103.28,      2495,
     103.3,      2452,
    103.32,      2481,
    103.34,      2432,
    103.36,      2512,
    103.38,      2388,
     103.4,      2462,
    103.42,      2487,
    103.44,      2381,
    103.46,      2417,
    103.48,      2463,
     103.5,      2436,
    103.52,      2410,
    103.54,      2517,
    103.56,      2518,
    103.58,      2498,
     103.6,      2435,
    103.62,      2428,
    103.64,      2444,
    103.66,      2463,
    103.68,      2429,
     103.7,      2458,
    103.72,      2485,
    103.74,      2390,
    103.76,      2426,
    103.78,      2413,
     103.8,      2476,
    103.82,      2487,
    103.84,      2464,
    103.86,      2403,
    103.88,      2443,
     103.9,      2438,
    103.92,      2542,
    103.94,      2514,
    103.96,      2389,
    103.98,      2448,
       104,      2427,
    104.02,      2394,
    104.04,      2491,
    104.06,      2463,
    104.08,      2508,
     104.1,      2467,
    104.12,      2387,
    104.14,      2408,
    104.16,      2503,
    104.18,      2403,
     104.2,      2544,
    104.22,      2432,
    104.24,      2394,
    104.26,      2465,
    104.28,      2371,
     104.3,      2395,
    104.32,      2530,
    104.34,      2513,
    104.36,      2490,
    104.38,      2401,
     104.4,      2470,
    104.42,      2423,
    104.44,      2504,
    104.46,      2356,
    104.48,      2508,
     104.5,      2375,
    104.52,      2444,
    104.54,      2452,
    104.56,      2392,
    104.58,      2399,
     104.6,      2422,
    104.62,      2462,
    104.64,      2534,
    104.66,      2475,
    104.68,      2470,
     104.7,      2430,
    104.72,      2484,
    104.74,      2448,
    104.76,      2523,
    104.78,      2495,
     104.8,      2465,
    104.82,      2395,
    104.84,      2534,
    104.86,      2418,
    104.88,      2484,
     104.9,      2456,
    104.92,      2372,
    104.94,      2443,
    104.96,      2486,
    104.98,      2355,
       105,      2501,
    105.02,      2419,
    105.04,      2497,
    105.06,      2426,
    105.08,      2395,
     105.1,      2455,
    105.12,      2390,
    105.14,      2397,
    105.16,      2422,
    105.18,      2407,
     105.2,      2463,
    105.22,      2390,
    105.24,      2453,
    105.26,      2377,
    105.28,      2480,
     105.3,      2413,
    105.32,      2390,
    105.34,      2452,
    105.36,      2481,
    105.38,      2391,
     105.4,      2520,
    105.42,      2446,
    105.44,      2506,
    105.46,      2428,
    105.48,      2536,
     105.5,      2493,
    105.52,      2527,
    105.54,      2465,
    105.56,      2477,
    105.58,      2443,
     105.6,      2430,
    105.62,      2424,
    105.64,      2407,
    105.66,      2455,
    105.68,      2461,
     105.7,      2545,
    105.72,      2486,
    105.74,      2481,
    105.76,      2459,
    105.78,      2412,
     105.8,      2398,
    105.82,      2397,
    105.84,      2487,
    105.86,      2466,
    105.88,      2468,
     105.9,      2349,
    105.92,      2541,
    105.94,      2414,
    105.96,      2444,
    105.98,      2389,
       106,      2507,
    106.02,      2466,
    106.04,      2482,
    106.06,      2451,
    106.08,      2467,
     106.1,      2509,
    106.12,      2339,
    106.14,      2406,
    106.16,      2433,
    106.18,      2393,
     106.2,      2563,
    106.22,      2464,
    106.24,      2437,
    106.26,      2418,
    106.28,      2475,
     106.3,      2411,
    106.32,      2487,
    106.34,      2492,
    106.36,      2453,
    106.38,      2442,
     106.4,      2478,
    106.42,      2409,
    106.44,      2492,
    106.46,      2506,
    106.48,      2395,
     106.5,      2455,
    106.52,      2416,
    106.54,      2405,
    106.56,      2474,
    106.58,      2473,
     106.6,      2482,
    106.62,      2425,
    106.64,      2367,
    106.66,      2423,
    106.68,      2499,
     106.7,      2469,
    106.72,      2442,
    106.74,      2485,
    106.76,      2464,
    106.78,      2465,
     106.8,      2474,
    106.82,      2376,
    106.84,      2444,
    106.86,      2453,
    106.88,      2384,
     106.9,      2464,
    106.92,      2435,
    106.94,      2430,
    106.96,      2410,
    106.98,      2435,
       107,      2356,
    107.02,      2413,
    107.04,      2447,
    107.06,      2414,
    107.08,      2467,
     107.1,      2399,
    107.12,      2478,
    107.14,      2457,
    107.16,      2467,
    107.18,      2506,
     107.2,      2393,
    107.22,      2397,
    107.24,      2421,
    107.26,      2383,
    107.28,      2411,
     107.3,      2417,
    107.32,      2477,
    107.34,      2392,
    107.36,      2420,
    107.38,      2432,
     107.4,      2439,
    107.42,      2473,
    107.44,      2440,
    107.46,      2511,
    107.48,      2490,
     107.5,      2327,
    107.52,      2415,
    107.54,      2522,
    107.56,      2468,
    107.58,      2410,
     107.6,      2451,
    107.62,      2428,
    107.64,      2461,
    107.66,      2387,
    107.68,      2506,
     107.7,      2497,
    107.72,      2421,
    107.74,      2580,
    107.76,      2465,
    107.78,      2350,
     107.8,      2426,
    107.82,      2369,
    107.84,      2446,
    107.86,      2483,
    107.88,      2408,
     107.9,      2482,
    107.92,      2470,
    107.94,      2366,
    107.96,      2518,
    107.98,      2505,
       108,      2437,
    108.02,      2469,
    108.04,      2484,
    108.06,      2366,
    108.08,      2541,
     108.1,      2503,
    108.12,      2432,
    108.14,      2434,
    108.16,      2485,
    108.18,      2428,
     108.2,      2350,
    108.22,      2463,
    108.24,      2398,
    108.26,      2435,
    108.28,      2471,
     108.3,      2421,
    108.32,      2455,
    108.34,      2417,
    108.36,      2477,
    108.38,      2362,
     108.4,      2342,
    108.42,      2488,
    108.44,      2453,
    108.46,      2469,
    108.48,      2510,
     108.5,      2431,
    108.52,      2419,
    108.54,      2431,
    108.56,      2446,
    108.58,      2493,
     108.6,      2421,
    108.62,      2556,
    108.64,      2435,
    108.66,      2385,
    108.68,      2479,
     108.7,      2529,
    108.72,      2440,
    108.74,      2473,
    108.76,      2425,
    108.78,      2429,
     108.8,      2515,
    108.82,      2461,
    108.84,      2503,
    108.86,      2397,
    108.88,      2477,
     108.9,      2408,
    108.92,      2496,
    108.94,      2466,
    108.96,      2451,
    108.98,      2550,
       109,      2467,
    109.02,      2487,
    109.04,      2561,
    109.06,      2426,
    109.08,      2402,
     109.1,      2448,
    109.12,      2488,
    109.14,      2487,
    109.16,      2496,
    109.18,      2384,
     109.2,      2336,
    109.22,      2462,
    109.24,      2443,
    109.26,      2435,
    109.28,      2522,
     109.3,      2465,
    109.32,      2428,
    109.34,      2439,
    109.36,      2461,
    109.38,      2435,
     109.4,      2477,
    109.42,      2447,
    109.44,      2545,
    109.46,      2591,
    109.48,      2367,
     109.5,      2437,
    109.52,      2423,
    109.54,      2489,
    109.56,      2450,
    109.58,      2498,
     109.6,      2469,
    109.62,      2453,
    109.64,      2542,
    109.66,      2389,
    109.68,      2439,
     109.7,      2495,
    109.72,      2520,
    109.74,      2429,
    109.76,      2434,
    109.78,      2407,
     109.8,      2534,
    109.82,      2429,
    109.84,      2499,
    109.86,      2491,
    109.88,      2477,
     109.9,      2426,
    109.92,      2462,
    109.94,      2449,
    109.96,      2538,
    109.98,      2474,
       110,      2437,
    110.02,      2451,
    110.04,      2495,
    110.06,      2531,
    110.08,      2422,
     110.1,      2482,
    110.12,      2539,
    110.14,      2497,
    110.16,      2496,
    110.18,      2515,
     110.2,      2548,
    110.22,      2467,
    110.24,      2499,
    110.26,      2468,
    110.28,      2496,
     110.3,      2446,
    110.32,      2458,
    110.34,      2467,
    110.36,      2515,
    110.38,      2506,
     110.4,      2497,
    110.42,      2440,
    110.44,      2414,
    110.46,      2554,
    110.48,      2440,
     110.5,      2442,
    110.52,      2505,
    110.54,      2552,
    110.56,      2552,
    110.58,      2371,
     110.6,      2433,
    110.62,      2495,
    110.64,      2515,
    110.66,      2431,
    110.68,      2518,
     110.7,      2531,
    110.72,      2440,
    110.74,      2446,
    110.76,      2486,
    110.78,      2445,
     110.8,      2506,
    110.82,      2549,
    110.84,      2560,
    110.86,      2443,
    110.88,      2433,
     110.9,      2443,
    110.92,      2591,
    110.94,      2404,
    110.96,      2497,
    110.98,      2366,
       111,      2457,
    111.02,      2502,
    111.04,      2530,
    111.06,      2471,
    111.08,      2495,
     111.1,      2514,
    111.12,      2465,
    111.14,      2499,
    111.16,      2412,
    111.18,      2430,
     111.2,      2475,
    111.22,      2489,
    111.24,      2507,
    111.26,      2444,
    111.28,      2521,
     111.3,      2502,
    111.32,      2406,
    111.34,      2455,
    111.36,      2372,
    111.38,      2512,
     111.4,      2512,
    111.42,      2463,
    111.44,      2476,
    111.46,      2531,
    111.48,      2500,
     111.5,      2520,
    111.52,      2536,
    111.54,      2556,
    111.56,      2530,
    111.58,      2526,
     111.6,      2482,
    111.62,      2453,
    111.64,      2454,
    111.66,      2471,
    111.68,      2533,
     111.7,      2380,
    111.72,      2515,
    111.74,      2481,
    111.76,      2503,
    111.78,      2443,
     111.8,      2464,
    111.82,      2454,
    111.84,      2425,
    111.86,      2505,
    111.88,      2551,
     111.9,      2565,
    111.92,      2430,
    111.94,      2552,
    111.96,      2457,
    111.98,      2508,
       112,      2525,
    112.02,      2568,
    112.04,      2439,
    112.06,      2485,
    112.08,      2414,
     112.1,      2443,
    112.12,      2468,
    112.14,      2482,
    112.16,      2491,
    112.18,      2592,
     112.2,      2433,
    112.22,      2477,
    112.24,      2535,
    112.26,      2419,
    112.28,      2475,
     112.3,      2489,
    112.32,      2467,
    112.34,      2531,
    112.36,      2425,
    112.38,      2444,
     112.4,      2567,
    112.42,      2540,
    112.44,      2588,
    112.46,      2465,
    112.48,      2493,
     112.5,      2502,
    112.52,      2403,
    112.54,      2461,
    112.56,      2528,
    112.58,      2475,
     112.6,      2533,
    112.62,      2468,
    112.64,      2503,
    112.66,      2507,
    112.68,      2467,
     112.7,      2482,
    112.72,      2515,
    112.74,      2493,
    112.76,      2544,
    112.78,      2523,
     112.8,      2530,
    112.82,      2549,
    112.84,      2489,
    112.86,      2535,
    112.88,      2514,
     112.9,      2515,
    112.92,      2565,
    112.94,      2435,
    112.96,      2572,
    112.98,      2411,
       113,      2495,
    113.02,      2488,
    113.04,      2557,
    113.06,      2644,
    113.08,      2563,
     113.1,      2447,
    113.12,      2486,
    113.14,      2604,
    113.16,      2541,
    113.18,      2468,
     113.2,      2467,
    113.22,      2485,
    113.24,      2592,
    113.26,      2506,
    113.28,      2488,
     113.3,      2511,
    113.32,      2495,
    113.34,      2468,
    113.36,      2493,
    113.38,      2477,
     113.4,      2498,
    113.42,      2459,
    113.44,      2482,
    113.46,      2520,
    113.48,      2465,
     113.5,      2513,
    113.52,      2477,
    113.54,      2476,
    113.56,      2525,
    113.58,      2456,
     113.6,      2587,
    113.62,      2542,
    113.64,      2657,
    113.66,      2464,
    113.68,      2539,
     113.7,      2562,
    113.72,      2452,
    113.74,      2461,
    113.76,      2580,
    113.78,      2595,
     113.8,      2529,
    113.82,      2518,
    113.84,      2462,
    113.86,      2473,
    113.88,      2462,
     113.9,      2548,
    113.92,      2512,
    113.94,      2531,
    113.96,      2514,
    113.98,      2546,
       114,      2540,
    114.02,      2624,
    114.04,      2470,
    114.06,      2488,
    114.08,      2568,
     114.1,      2568,
    114.12,      2523,
    114.14,      2494,
    114.16,      2490,
    114.18,      2531,
     114.2,      2452,
    114.22,      2474,
    114.24,      2545,
    114.26,      2528,
    114.28,      2408,
     114.3,      2422,
    114.32,      2439,
    114.34,      2437,
    114.36,      2557,
    114.38,      2543,
     114.4,      2622,
    114.42,      2564,
    114.44,      2586,
    114.46,      2531,
    114.48,      2566,
     114.5,      2509,
    114.52,      2603,
    114.54,      2576,
    114.56,      2491,
    114.58,      2540,
     114.6,      2538,
    114.62,      2514,
    114.64,      2516,
    114.66,      2546,
    114.68,      2542,
     114.7,      2568,
    114.72,      2494,
    114.74,      2545,
    114.76,      2589,
    114.78,      2544,
     114.8,      2581,
    114.82,      2544,
    114.84,      2549,
    114.86,      2508,
    114.88,      2517,
     114.9,      2425,
    114.92,      2583,
    114.94,      2472,
    114.96,      2462,
    114.98,      2470,
       115,      2535,
    115.02,      2504,
    115.04,      2560,
    115.06,      2467,
    115.08,      2599,
     115.1,      2586,
    115.12,      2523,
    115.14,      2535,
    115.16,      2572,
    115.18,      2425,
     115.2,      2536,
    115.22,      2471,
    115.24,      2601,
    115.26,      2592,
    115.28,      2521,
     115.3,      2420,
    115.32,      2544,
    115.34,      2456,
    115.36,      2427,
    115.38,      2609,
     115.4,      2556,
    115.42,      2484,
    115.44,      2511,
    115.46,      2560,
    115.48,      2537,
     115.5,      2552,
    115.52,      2572,
    115.54,      2481,
    115.56,      2490,
    115.58,      2570,
     115.6,      2471,
    115.62,      2545,
    115.64,      2573,
    115.66,      2617,
    115.68,      2555,
     115.7,      2582,
    115.72,      2493,
    115.74,      2580,
    115.76,      2536,
    115.78,      2526,
     115.8,      2537,
    115.82,      2430,
    115.84,      2545,
    115.86,      2565,
    115.88,      2504,
     115.9,      2595,
    115.92,      2571,
    115.94,      2540,
    115.96,      2519,
    115.98,      2580,
       116,      2594,
    116.02,      2420,
    116.04,      2567,
    116.06,      2616,
    116.08,      2521,
     116.1,      2660,
    116.12,      2582,
    116.14,      2540,
    116.16,      2615,
    116.18,      2514,
     116.2,      2537,
    116.22,      2595,
    116.24,      2540,
    116.26,      2559,
    116.28,      2603,
     116.3,      2516,
    116.32,      2533,
    116.34,      2510,
    116.36,      2588,
    116.38,      2562,
     116.4,      2601,
    116.42,      2576,
    116.44,      2607,
    116.46,      2490,
    116.48,      2606,
     116.5,      2543,
    116.52,      2595,
    116.54,      2562,
    116.56,      2574,
    116.58,      2551,
     116.6,      2581,
    116.62,      2515,
    116.64,      2452,
    116.66,      2576,
    116.68,      2605,
     116.7,      2569,
    116.72,      2560,
    116.74,      2654,
    116.76,      2580,
    116.78,      2526,
     116.8,      2570,
    116.82,      2514,
    116.84,      2583,
    116.86,      2635,
    116.88,      2542,
     116.9,      2618,
    116.92,      2605,
    116.94,      2663,
    116.96,      2466,
    116.98,      2530,
       117,      2586,
    117.02,      2544,
    117.04,      2624,
    117.06,      2588,
    117.08,      2598,
     117.1,      2585,
    117.12,      2617,
    117.14,      2612,
    117.16,      2469,
    117.18,      2571,
     117.2,      2497,
    117.22,      2533,
    117.24,      2628,
    117.26,      2587,
    117.28,      2586,
     117.3,      2573,
    117.32,      2563,
    117.34,      2579,
    117.36,      2600,
    117.38,      2500,
     117.4,      2553,
    117.42,      2616,
    117.44,      2642,
    117.46,      2623,
    117.48,      2600,
     117.5,      2532,
    117.52,      2549,
    117.54,      2575,
    117.56,      2577,
    117.58,      2538,
     117.6,      2554,
    117.62,      2621,
    117.64,      2591,
    117.66,      2556,
    117.68,      2573,
     117.7,      2617,
    117.72,      2706,
    117.74,      2521,
    117.76,      2664,
    117.78,      2580,
     117.8,      2588,
    117.82,      2603,
    117.84,      2607,
    117.86,      2536,
    117.88,      2672,
     117.9,      2618,
    117.92,      2582,
    117.94,      2556,
    117.96,      2681,
    117.98,      2599,
       118,      2510,
    118.02,      2566,
    118.04,      2657,
    118.06,      2540,
    118.08,      2578,
     118.1,      2618,
    118.12,      2448,
    118.14,      2656,
    118.16,      2495,
    118.18,      2585,
     118.2,      2689,
    118.22,      2613,
    118.24,      2632,
    118.26,      2589,
    118.28,      2580,
     118.3,      2612,
    118.32,      2663,
    118.34,      2612,
    118.36,      2649,
    118.38,      2476,
     118.4,      2569,
    118.42,      2725,
    118.44,      2611,
    118.46,      2536,
    118.48,      2562,
     118.5,      2547,
    118.52,      2592,
    118.54,      2633,
    118.56,      2565,
    118.58,      2535,
     118.6,      2636,
    118.62,      2544,
    118.64,      2685,
    118.66,      2663,
    118.68,      2581,
     118.7,      2629,
    118.72,      2539,
    118.74,      2601,
    118.76,      2496,
    118.78,      2696,
     118.8,      2533,
    118.82,      2640,
    118.84,      2646,
    118.86,      2639,
    118.88,      2638,
     118.9,      2626,
    118.92,      2574,
    118.94,      2666,
    118.96,      2583,
    118.98,      2621,
       119,      2621,
    119.02,      2612,
    119.04,      2613,
    119.06,      2479,
    119.08,      2587,
     119.1,      2614,
    119.12,      2536,
    119.14,      2636,
    119.16,      2592,
    119.18,      2615,
     119.2,      2587,
    119.22,      2610,
    119.24,      2610,
    119.26,      2633,
    119.28,      2571,
     119.3,      2677,
    119.32,      2594,
    119.34,      2494,
    119.36,      2684,
    119.38,      2551,
     119.4,      2693,
    119.42,      2698,
    119.44,      2636,
    119.46,      2577,
    119.48,      2591,
     119.5,      2627,
    119.52,      2601,
    119.54,      2701,
    119.56,      2524,
    119.58,      2647,
     119.6,      2581,
    119.62,      2659,
    119.64,      2564,
    119.66,      2575,
    119.68,      2521,
     119.7,      2582,
    119.72,      2627,
    119.74,      2742,
    119.76,      2578,
    119.78,      2615,
     119.8,      2561,
    119.82,      2626,
    119.84,      2581,
    119.86,      2622,
    119.88,      2638,
     119.9,      2628,
    119.92,      2625,
    119.94,      2671,
    119.96,      2587,
    119.98,      2538,
       120,      2528,
