HardwareIndicator=65519
Wavelength = 1.54059Å, !5.0°/120.0°/0.02°/1(s), I(p)=13613/367, Cu(45kV,40mA), Wednesday, April 29, 2026, 8:51 AM
Angle	I(o)	I(c)	I(d)	I(b)
5.0	3515	3465	50	3458
5.02	3453	3467	-14	3460
5.04	3456	3470	-14	3462
5.06	3415	3472	-57	3464
5.08	3487	3474	13	3467
5.1	3381	3477	-96	3469
5.12	3372	3479	-107	3471
5.14	3458	3481	-23	3474
5.16	3464	3483	-19	3476
5.18	3459	3486	-27	3478
5.2	3482	3488	-6	3481
5.22	3472	3491	-19	3483
5.24	3447	3493	-46	3485
5.26	3446	3495	-49	3488
5.28	3415	3498	-83	3490
5.3	3462	3500	-38	3493
5.32	3417	3503	-86	3495
5.34	3493	3505	-12	3498
5.36	3483	3508	-25	3500
5.38	3514	3511	3	3503
5.4	3539	3513	26	3506
5.42	3662	3516	146	3509
5.44	3616	3519	97	3511
5.46	3549	3522	27	3514
5.48	3596	3524	72	3517
5.5	3618	3527	91	3520
5.52	3392	3530	-138	3523
5.54	3460	3533	-73	3526
5.56	3586	3537	49	3529
5.58	3493	3540	-47	3532
5.6	3492	3543	-51	3535
5.62	3586	3546	40	3539
5.64	3543	3549	-6	3542
5.66	3495	3553	-58	3545
5.68	3435	3556	-121	3549
5.7	3530	3560	-30	3552
5.72	3603	3563	40	3556
5.74	3444	3567	-123	3559
5.76	3511	3570	-59	3563
5.78	3600	3574	26	3567
5.8	3572	3578	-6	3570
5.82	3608	3581	27	3574
5.84	3537	3585	-48	3578
5.86	3545	3589	-44	3582
5.88	3619	3593	26	3585
5.9	3622	3597	25	3589
5.92	3599	3601	-2	3593
5.94	3671	3605	66	3597
5.96	3631	3609	22	3601
5.98	3670	3613	57	3605
6.0	3660	3617	43	3609
6.02	3653	3621	32	3613
6.04	3643	3625	18	3618
6.06	3617	3629	-12	3622
6.08	3832	3633	199	3626
6.1	3760	3638	122	3630
6.12	3721	3642	79	3634
6.14	3666	3646	20	3639
6.16	3702	3651	51	3643
6.18	3606	3655	-49	3647
6.2	3771	3659	112	3652
6.22	3759	3664	95	3656
6.24	3728	3668	60	3661
6.26	3848	3672	176	3665
6.28	3744	3677	67	3669
6.3	3693	3681	12	3674
6.32	3888	3686	202	3678
6.34	3792	3690	102	3683
6.36	3777	3695	82	3687
6.38	3651	3700	-49	3692
6.4	3783	3704	79	3696
6.42	4024	3709	315	3701
6.44	3796	3713	83	3705
6.46	3768	3718	50	3710
6.48	3854	3722	132	3715
6.5	3894	3727	167	3719
6.52	3935	3731	204	3724
6.54	3889	3736	153	3728
6.56	3786	3741	45	3733
6.58	3837	3745	92	3737
6.6	3940	3750	190	3742
6.62	3766	3754	12	3747
6.64	3833	3759	74	3751
6.66	3884	3764	120	3756
6.68	3770	3768	2	3760
6.7	3737	3773	-36	3765
6.72	3938	3777	161	3770
6.74	3837	3782	55	3774
6.76	3956	3787	169	3779
6.78	3894	3791	103	3783
6.8	3940	3796	144	3788
6.82	3916	3800	116	3792
6.84	3825	3805	20	3797
6.86	3963	3809	154	3801
6.88	3929	3814	115	3806
6.9	3950	3818	132	3810
6.92	3852	3823	29	3815
6.94	3905	3827	78	3819
6.96	3916	3832	84	3824
6.98	3916	3836	80	3828
7.0	3986	3840	146	3833
7.02	3918	3845	73	3837
7.04	3975	3849	126	3841
7.06	3994	3854	140	3846
7.08	3990	3858	132	3850
7.1	3993	3862	131	3854
7.12	3990	3866	124	3859
7.14	4016	3871	145	3863
7.16	3923	3875	48	3867
7.18	3911	3879	32	3871
7.2	3920	3883	37	3875
7.22	3964	3887	77	3879
7.24	4025	3891	134	3884
7.26	4033	3896	137	3888
7.28	3971	3900	71	3892
7.3	3925	3904	21	3896
7.32	4005	3907	98	3900
7.34	4016	3911	105	3903
7.36	3867	3915	-48	3907
7.38	4075	3919	156	3911
7.4	3843	3923	-80	3915
7.42	4002	3927	75	3919
7.44	3958	3930	28	3922
7.46	4142	3934	208	3926
7.48	3852	3938	-86	3930
7.5	4035	3941	94	3933
7.52	4084	3945	139	3937
7.54	4020	3949	71	3940
7.56	4096	3952	144	3944
7.58	3941	3956	-15	3947
7.6	3876	3959	-83	3950
7.62	3989	3962	27	3954
7.64	4122	3966	156	3957
7.66	3961	3969	-8	3960
7.68	3986	3972	14	3963
7.7	4035	3975	60	3966
7.72	4034	3978	56	3969
7.74	4020	3981	39	3972
7.76	4016	3984	32	3975
7.78	4002	3987	15	3978
7.8	4206	3990	216	3981
7.82	4076	3993	83	3983
7.84	4103	3996	107	3986
7.86	4157	3999	158	3989
7.88	4007	4001	6	3991
7.9	4015	4004	11	3993
7.92	4099	4007	92	3996
7.94	4154	4009	145	3998
7.96	4239	4012	227	4000
7.98	4057	4014	43	4003
8.0	4112	4016	96	4005
8.02	4013	4019	-6	4007
8.04	4121	4021	100	4009
8.06	4092	4023	69	4010
8.08	4145	4025	120	4012
8.1	4105	4028	77	4014
8.12	4258	4030	228	4016
8.14	4202	4032	170	4017
8.16	4128	4035	93	4019
8.18	4133	4038	95	4020
8.2	4215	4043	172	4021
8.22	4326	4051	275	4023
8.24	4330	4065	265	4024
8.26	4249	4088	161	4025
8.28	4276	4126	150	4026
8.3	4352	4185	167	4027
8.32	4539	4270	269	4028
8.34	4469	4382	87	4029
8.36	4628	4514	114	4030
8.38	4569	4653	-84	4031
8.4	4557	4777	-220	4032
8.42	4524	4863	-339	4033
8.44	4409	4892	-483	4033
8.46	4444	4871	-427	4034
8.48	4237	4813	-576	4035
8.5	4107	4729	-622	4036
8.52	4123	4628	-505	4037
8.54	4169	4522	-353	4038
8.56	4150	4421	-271	4039
8.58	4171	4330	-159	4040
8.6	4153	4254	-101	4041
8.62	4126	4195	-69	4042
8.64	4134	4151	-17	4043
8.66	4230	4120	110	4044
8.68	4224	4099	125	4046
8.7	4116	4086	30	4047
8.72	4107	4078	29	4048
8.74	4034	4074	-40	4050
8.76	4184	4072	112	4051
8.78	4032	4072	-40	4053
8.8	4054	4072	-18	4055
8.82	4192	4073	119	4056
8.84	4133	4074	59	4058
8.86	4270	4075	195	4060
8.88	4153	4077	76	4063
8.9	4154	4079	75	4065
8.92	4202	4081	121	4067
8.94	4120	4083	37	4070
8.96	4164	4086	78	4072
8.98	4093	4088	5	4075
9.0	4123	4091	32	4078
9.02	4167	4094	73	4081
9.04	4144	4097	47	4085
9.06	4124	4101	23	4088
9.08	4133	4104	29	4092
9.1	4314	4108	206	4096
9.12	4236	4112	124	4100
9.14	4256	4116	140	4104
9.16	4315	4120	195	4108
9.18	4164	4125	39	4113
9.2	4225	4129	96	4118
9.22	4188	4134	54	4123
9.24	4273	4140	133	4128
9.26	4223	4145	78	4133
9.28	4070	4150	-80	4139
9.3	4193	4156	37	4145
9.32	4218	4162	56	4151
9.34	4367	4169	198	4157
9.36	4304	4175	129	4164
9.38	4344	4182	162	4171
9.4	4289	4190	99	4178
9.42	4282	4197	85	4185
9.44	4257	4205	52	4193
9.46	4308	4213	95	4201
9.48	4312	4221	91	4209
9.5	4358	4230	128	4218
9.52	4163	4239	-76	4227
9.54	4278	4248	30	4236
9.56	4351	4258	93	4245
9.58	4256	4268	-12	4255
9.6	4359	4277	82	4265
9.62	4339	4288	51	4276
9.64	4422	4299	123	4286
9.66	4246	4310	-64	4297
9.68	4409	4322	87	4309
9.7	4421	4334	87	4321
9.72	4474	4346	128	4333
9.74	4367	4359	8	4345
9.76	4268	4372	-104	4358
9.78	4347	4386	-39	4371
9.8	4363	4400	-37	4385
9.82	4465	4414	51	4399
9.84	4435	4429	6	4413
9.86	4545	4445	100	4428
9.88	4402	4460	-58	4443
9.9	4450	4476	-26	4458
9.92	4304	4493	-189	4474
9.94	4464	4510	-46	4490
9.96	4568	4527	41	4506
9.98	4531	4545	-14	4522
10.0	4495	4563	-68	4539
10.02	4586	4582	4	4556
10.04	4471	4601	-130	4573
10.06	4551	4621	-70	4591
10.08	4527	4641	-114	4609
10.1	4640	4661	-21	4627
10.12	4721	4682	39	4645
10.14	4598	4703	-105	4664
10.16	4802	4725	77	4682
10.18	4637	4747	-110	4701
10.2	4643	4770	-127	4720
10.22	4702	4793	-91	4739
10.24	4654	4817	-163	4759
10.26	4785	4841	-56	4778
10.28	4747	4866	-119	4798
10.3	4820	4891	-71	4818
10.32	4753	4917	-164	4837
10.34	4829	4943	-114	4857
10.36	4916	4969	-53	4878
10.38	4784	4996	-212	4898
10.4	4790	5024	-234	4918
10.42	4974	5051	-77	4938
10.44	4850	5080	-230	4959
10.46	4852	5108	-256	4979
10.48	4919	5137	-218	5000
10.5	4935	5166	-231	5020
10.52	4936	5196	-260	5041
10.54	4955	5226	-271	5061
10.56	5007	5256	-249	5082
10.58	5085	5286	-201	5102
10.6	5086	5316	-230	5123
10.62	4905	5346	-441	5143
10.64	5035	5376	-341	5163
10.66	5175	5406	-231	5184
10.68	5213	5436	-223	5204
10.7	5214	5466	-252	5224
10.72	5267	5496	-229	5244
10.74	5241	5525	-284	5264
10.76	5281	5553	-272	5284
10.78	5180	5581	-401	5304
10.8	5456	5609	-153	5324
10.82	5462	5636	-174	5343
10.84	5577	5662	-85	5363
10.86	5255	5687	-432	5382
10.88	5445	5712	-267	5401
10.9	5476	5736	-260	5420
10.92	5466	5758	-292	5439
10.94	5473	5780	-307	5457
10.96	5478	5800	-322	5476
10.98	5538	5820	-282	5494
11.0	5613	5838	-225	5512
11.02	5374	5855	-481	5529
11.04	5440	5872	-432	5547
11.06	5730	5888	-158	5564
11.08	5638	5903	-265	5581
11.1	5724	5917	-193	5597
11.12	5758	5930	-172	5614
11.14	5721	5943	-222	5630
11.16	5703	5955	-252	5646
11.18	5635	5966	-331	5661
11.2	5930	5977	-47	5676
11.22	5650	5986	-336	5691
11.24	5839	5996	-157	5705
11.26	5712	6004	-292	5720
11.28	5937	6012	-75	5733
11.3	5839	6019	-180	5747
11.32	5790	6025	-235	5760
11.34	5837	6031	-194	5772
11.36	5905	6036	-131	5784
11.38	5877	6041	-164	5796
11.4	5817	6045	-228	5807
11.42	5906	6048	-142	5818
11.44	5818	6051	-233	5829
11.46	5998	6054	-56	5839
11.48	5938	6056	-118	5848
11.5	5891	6057	-166	5857
11.52	5979	6059	-80	5866
11.54	6025	6059	-34	5874
11.56	6042	6059	-17	5881
11.58	6053	6059	-6	5889
11.6	5932	6059	-127	5895
11.62	6091	6057	34	5901
11.64	6029	6056	-27	5907
11.66	5847	6054	-207	5911
11.68	5985	6052	-67	5916
11.7	6025	6049	-24	5920
11.72	6024	6046	-22	5923
11.74	5935	6042	-107	5925
11.76	5914	6038	-124	5927
11.78	5961	6034	-73	5929
11.8	5947	6029	-82	5929
11.82	6037	6024	13	5929
11.84	6070	6019	51	5929
11.86	6049	6012	37	5928
11.88	6043	6006	37	5926
11.9	6010	5999	11	5923
11.92	6008	5991	17	5920
11.94	5884	5984	-100	5916
11.96	5938	5975	-37	5911
11.98	5920	5966	-46	5906
12.0	5899	5957	-58	5900
12.02	6007	5947	60	5894
12.04	5921	5937	-16	5886
12.06	5922	5926	-4	5878
12.08	5842	5914	-72	5870
12.1	5932	5903	29	5861
12.12	5916	5891	25	5851
12.14	5850	5878	-28	5840
12.16	5896	5865	31	5829
12.18	5708	5851	-143	5818
12.2	5855	5838	17	5806
12.22	5729	5823	-94	5793
12.24	5834	5808	26	5780
12.26	5743	5793	-50	5766
12.28	5878	5778	100	5752
12.3	5761	5762	-1	5737
12.32	5737	5745	-8	5722
12.34	5703	5728	-25	5706
12.36	5710	5711	-1	5690
12.38	5758	5693	65	5673
12.4	5579	5675	-96	5656
12.42	5474	5657	-183	5638
12.44	5695	5638	57	5620
12.46	5751	5619	132	5601
12.48	5429	5599	-170	5582
12.5	5395	5579	-184	5563
12.52	5575	5559	16	5543
12.54	5585	5538	47	5523
12.56	5434	5517	-83	5502
12.58	5501	5496	5	5481
12.6	5526	5474	52	5460
12.62	5353	5452	-99	5438
12.64	5507	5430	77	5416
12.66	5302	5407	-105	5394
12.68	5288	5384	-96	5371
12.7	5211	5361	-150	5348
12.72	5213	5337	-124	5325
12.74	5194	5314	-120	5301
12.76	5292	5290	2	5277
12.78	5228	5265	-37	5253
12.8	5240	5241	-1	5229
12.82	5108	5216	-108	5204
12.84	5243	5191	52	5179
12.86	5138	5166	-28	5154
12.88	5183	5140	43	5129
12.9	4978	5115	-137	5103
12.92	5138	5089	49	5077
12.94	5041	5063	-22	5051
12.96	5057	5036	21	5025
12.98	5088	5010	78	4999
13.0	4998	4984	14	4973
13.02	4863	4957	-94	4946
13.04	4974	4930	44	4919
13.06	4865	4903	-38	4892
13.08	4955	4876	79	4865
13.1	4872	4849	23	4838
13.12	4847	4822	25	4811
13.14	4866	4795	71	4784
13.16	4776	4767	9	4757
13.18	4907	4740	167	4729
13.2	4724	4712	12	4702
13.22	4634	4685	-51	4674
13.24	4607	4657	-50	4647
13.26	4614	4630	-16	4619
13.28	4646	4602	44	4592
13.3	4503	4574	-71	4564
13.32	4720	4547	173	4537
13.34	4529	4519	10	4509
13.36	4476	4492	-16	4482
13.38	4579	4464	115	4454
13.4	4598	4437	161	4427
13.42	4579	4409	170	4400
13.44	4425	4382	43	4372
13.46	4448	4355	93	4345
13.48	4426	4328	98	4318
13.5	4352	4301	51	4291
13.52	4386	4274	112	4264
13.54	4372	4247	125	4237
13.56	4258	4220	38	4211
13.58	4309	4194	115	4184
13.6	4314	4168	146	4158
13.62	4280	4141	139	4132
13.64	4408	4115	293	4106
13.66	4185	4089	96	4080
13.68	4214	4064	150	4054
13.7	4172	4038	134	4029
13.72	4217	4013	204	4004
13.74	4160	3988	172	3979
13.76	4248	3963	285	3954
13.78	4153	3939	214	3929
13.8	4114	3914	200	3905
13.82	4076	3890	186	3881
13.84	3967	3866	101	3857
13.86	4139	3842	297	3833
13.88	4034	3819	215	3809
13.9	4021	3795	226	3786
13.92	4053	3772	281	3763
13.94	3956	3749	207	3740
13.96	4107	3726	381	3717
13.98	4018	3704	314	3695
14.0	3864	3681	183	3672
14.02	3911	3659	252	3650
14.04	3781	3637	144	3628
14.06	3821	3615	206	3606
14.08	3952	3594	358	3585
14.1	3970	3572	398	3563
14.12	3811	3551	260	3542
14.14	3772	3530	242	3521
14.16	3866	3509	357	3500
14.18	3737	3489	248	3480
14.2	3778	3468	310	3459
14.22	3746	3448	298	3439
14.24	3662	3428	234	3419
14.26	3671	3408	263	3399
14.28	3660	3388	272	3379
14.3	3550	3368	182	3360
14.32	3421	3349	72	3340
14.34	3515	3330	185	3321
14.36	3649	3311	338	3302
14.38	3542	3292	250	3283
14.4	3569	3273	296	3265
14.42	3511	3255	256	3246
14.44	3517	3237	280	3228
14.46	3510	3218	292	3210
14.48	3517	3200	317	3192
14.5	3386	3183	203	3174
14.52	3516	3165	351	3156
14.54	3379	3148	231	3139
14.56	3416	3131	285	3122
14.58	3425	3114	311	3105
14.6	3398	3097	301	3088
14.62	3326	3080	246	3071
14.64	3351	3064	287	3054
14.66	3282	3047	235	3038
14.68	3344	3031	313	3022
14.7	3246	3015	231	3006
14.72	3255	2999	256	2990
14.74	3275	2983	292	2974
14.76	3173	2968	205	2958
14.78	3245	2952	293	2943
14.8	3185	2937	248	2928
14.82	3177	2922	255	2912
14.84	3274	2907	367	2897
14.86	3313	2892	421	2883
14.88	3102	2877	225	2868
14.9	3200	2863	337	2853
14.92	3165	2848	317	2839
14.94	3075	2834	241	2825
14.96	3093	2820	273	2811
14.98	3140	2806	334	2797
15.0	3200	2792	408	2783
15.02	3118	2779	339	2770
15.04	3074	2765	309	2756
15.06	3122	2752	370	2743
15.08	3026	2739	287	2730
15.1	2915	2726	189	2717
15.12	2961	2713	248	2704
15.14	2998	2700	298	2691
15.16	2959	2688	271	2678
15.18	2887	2675	212	2666
15.2	2981	2663	318	2654
15.22	3012	2651	361	2642
15.24	2994	2639	355	2629
15.26	2947	2628	319	2618
15.28	3009	2616	393	2606
15.3	2954	2604	350	2594
15.32	2907	2593	314	2583
15.34	2896	2581	315	2571
15.36	2961	2570	391	2560
15.38	2741	2559	182	2549
15.4	2803	2548	255	2538
15.42	2840	2537	303	2527
15.44	2795	2527	268	2516
15.46	2762	2516	246	2506
15.48	2733	2506	227	2495
15.5	2705	2495	210	2485
15.52	2762	2485	277	2475
15.54	2690	2475	215	2465
15.56	2744	2465	279	2455
15.58	2648	2456	192	2445
15.6	2678	2446	232	2435
15.62	2719	2436	283	2426
15.64	2676	2427	249	2416
15.66	2615	2418	197	2407
15.68	2793	2409	384	2398
15.7	2605	2400	205	2389
15.72	2581	2391	190	2380
15.74	2619	2382	237	2371
15.76	2509	2373	136	2362
15.78	2603	2365	238	2353
15.8	2519	2356	163	2345
15.82	2621	2348	273	2336
15.84	2464	2340	124	2328
15.86	2519	2332	187	2320
15.88	2480	2324	156	2312
15.9	2523	2316	207	2304
15.92	2492	2308	184	2296
15.94	2446	2301	145	2288
15.96	2473	2293	180	2280
15.98	2427	2286	141	2273
16.0	2429	2278	151	2265
16.02	2473	2271	202	2258
16.04	2503	2264	239	2250
16.06	2453	2257	196	2243
16.08	2462	2251	211	2236
16.1	2434	2244	190	2229
16.12	2410	2237	173	2222
16.14	2344	2231	113	2215
16.16	2371	2225	146	2209
16.18	2297	2218	79	2202
16.2	2230	2212	18	2196
16.22	2336	2207	129	2189
16.24	2371	2201	170	2183
16.26	2364	2195	169	2177
16.28	2388	2190	198	2170
16.3	2321	2184	137	2164
16.32	2346	2179	167	2158
16.34	2300	2174	126	2152
16.36	2409	2169	240	2147
16.38	2338	2165	173	2141
16.4	2366	2161	205	2135
16.42	2404	2156	248	2130
16.44	2382	2153	229	2124
16.46	2482	2149	333	2119
16.48	2501	2146	355	2113
16.5	2401	2143	258	2108
16.52	2466	2141	325	2103
16.54	2574	2139	435	2098
16.56	2599	2138	461	2093
16.58	2765	2138	627	2088
16.6	2783	2139	644	2083
16.62	2906	2143	763	2078
16.64	3087	2151	936	2074
16.66	3302	2166	1136	2069
16.68	3421	2195	1226	2064
16.7	3913	2245	1668	2060
16.72	4207	2328	1879	2055
16.74	4699	2456	2243	2051
16.76	5088	2642	2446	2047
16.78	5492	2893	2599	2042
16.8	5851	3205	2646	2038
16.82	6002	3561	2441	2034
16.84	5744	3924	1820	2030
16.86	5263	4245	1018	2026
16.88	4483	4463	20	2022
16.9	3585	4546	-961	2018
16.92	2973	4511	-1538	2015
16.94	2599	4362	-1763	2011
16.96	2261	4139	-1878	2007
16.98	2326	3868	-1542	2003
17.0	2303	3578	-1275	2000
17.02	2284	3291	-1007	1996
17.04	2146	3025	-879	1993
17.06	2131	2791	-660	1989
17.08	2203	2594	-391	1986
17.1	2064	2437	-373	1983
17.12	2050	2315	-265	1979
17.14	2067	2224	-157	1976
17.16	2071	2158	-87	1973
17.18	1953	2111	-158	1970
17.2	1997	2078	-81	1967
17.22	2042	2054	-12	1964
17.24	2073	2037	36	1961
17.26	2010	2024	-14	1958
17.28	2037	2014	23	1955
17.3	1996	2006	-10	1952
17.32	1995	1998	-3	1949
17.34	2048	1992	56	1946
17.36	2075	1986	89	1944
17.38	1979	1981	-2	1941
17.4	1990	1976	14	1938
17.42	1954	1971	-17	1936
17.44	1909	1967	-58	1933
17.46	1936	1962	-26	1930
17.48	1965	1958	7	1928
17.5	2011	1954	57	1925
17.52	1920	1951	-31	1923
17.54	1936	1947	-11	1920
17.56	1998	1944	54	1918
17.58	1923	1940	-17	1915
17.6	1972	1937	35	1913
17.62	1996	1934	62	1911
17.64	1900	1931	-31	1908
17.66	1897	1928	-31	1906
17.68	2023	1925	98	1904
17.7	1999	1922	77	1902
17.72	1868	1919	-51	1899
17.74	1871	1916	-45	1897
17.76	1887	1914	-27	1895
17.78	1905	1911	-6	1893
17.8	1949	1909	40	1891
17.82	1835	1906	-71	1888
17.84	1899	1903	-4	1886
17.86	1892	1901	-9	1884
17.88	1868	1899	-31	1882
17.9	1896	1896	0	1880
17.92	1910	1894	16	1878
17.94	1986	1892	94	1876
17.96	1895	1889	6	1874
17.98	1908	1887	21	1872
18.0	1898	1885	13	1870
18.02	1869	1883	-14	1868
18.04	1976	1880	96	1866
18.06	1838	1878	-40	1864
18.08	1909	1876	33	1862
18.1	1935	1874	61	1860
18.12	1896	1872	24	1858
18.14	2017	1870	147	1856
18.16	1911	1868	43	1854
18.18	1883	1866	17	1852
18.2	1930	1864	66	1851
18.22	1911	1862	49	1849
18.24	1898	1860	38	1847
18.26	1936	1858	78	1845
18.28	1940	1856	84	1843
18.3	1911	1854	57	1841
18.32	1806	1852	-46	1840
18.34	1877	1850	27	1838
18.36	1853	1848	5	1836
18.38	1900	1847	53	1834
18.4	1807	1845	-38	1833
18.42	1915	1843	72	1831
18.44	1942	1841	101	1829
18.46	1874	1839	35	1828
18.48	1834	1838	-4	1826
18.5	1840	1836	4	1824
18.52	1865	1834	31	1823
18.54	1900	1833	67	1821
18.56	1902	1831	71	1819
18.58	1899	1830	69	1818
18.6	1891	1828	63	1816
18.62	1878	1826	52	1815
18.64	1777	1825	-48	1813
18.66	1848	1823	25	1811
18.68	1934	1821	113	1810
18.7	1879	1820	59	1808
18.72	1939	1818	121	1807
18.74	1926	1817	109	1805
18.76	1867	1815	52	1804
18.78	1843	1814	29	1802
18.8	1930	1812	118	1801
18.82	1832	1811	21	1799
18.84	1825	1809	16	1798
18.86	1847	1808	39	1796
18.88	1806	1806	0	1795
18.9	1830	1805	25	1794
18.92	1875	1803	72	1792
18.94	1845	1802	43	1791
18.96	1875	1801	74	1789
18.98	1849	1799	50	1788
19.0	1866	1798	68	1787
19.02	1809	1796	13	1785
19.04	1822	1795	27	1784
19.06	1771	1794	-23	1783
19.08	1877	1792	85	1781
19.1	1934	1791	143	1780
19.12	1840	1789	51	1779
19.14	1867	1788	79	1777
19.16	1891	1787	104	1776
19.18	1852	1786	66	1775
19.2	1880	1784	96	1774
19.22	1910	1783	127	1772
19.24	1864	1782	82	1771
19.26	1872	1781	91	1770
19.28	1769	1779	-10	1769
19.3	1803	1778	25	1768
19.32	1874	1777	97	1766
19.34	1818	1776	42	1765
19.36	1834	1775	59	1764
19.38	1835	1774	61	1763
19.4	1893	1772	121	1762
19.42	1770	1771	-1	1760
19.44	1823	1770	53	1759
19.46	1894	1769	125	1758
19.48	1914	1768	146	1757
19.5	1861	1767	94	1756
19.52	1875	1766	109	1755
19.54	1765	1765	0	1754
19.56	1815	1764	51	1753
19.58	1865	1763	102	1752
19.6	1879	1761	118	1751
19.62	1887	1760	127	1749
19.64	1827	1759	68	1748
19.66	1881	1758	123	1747
19.68	1903	1757	146	1746
19.7	1835	1756	79	1745
19.72	1823	1755	68	1744
19.74	1941	1755	186	1743
19.76	1817	1754	63	1742
19.78	1804	1753	51	1741
19.8	1775	1752	23	1740
19.82	1881	1751	130	1739
19.84	1825	1750	75	1738
19.86	1844	1749	95	1737
19.88	1903	1748	155	1736
19.9	1840	1747	93	1736
19.92	1813	1747	66	1735
19.94	1826	1746	80	1734
19.96	1890	1745	145	1733
19.98	1946	1743	203	1732
20.0	1943	1743	200	1731
20.02	1774	1742	32	1730
20.04	1843	1741	102	1729
20.06	1907	1740	167	1728
20.08	1943	1739	204	1727
20.1	1946	1738	208	1727
20.12	1864	1738	126	1726
20.14	1915	1737	178	1725
20.16	1882	1736	146	1724
20.18	1899	1735	164	1723
20.2	1910	1734	176	1722
20.22	1928	1734	194	1721
20.24	1942	1733	209	1721
20.26	1860	1732	128	1720
20.28	1971	1731	240	1719
20.3	1918	1731	187	1718
20.32	1955	1730	225	1717
20.34	1951	1729	222	1717
20.36	1951	1729	222	1716
20.38	2005	1728	277	1715
20.4	2053	1727	326	1714
20.42	2036	1727	309	1713
20.44	2155	1726	429	1713
20.46	2121	1725	396	1712
20.48	2110	1725	385	1711
20.5	2129	1724	405	1710
20.52	2047	1723	324	1710
20.54	2079	1723	356	1709
20.56	2068	1722	346	1708
20.58	1965	1721	244	1707
20.6	2018	1721	297	1707
20.62	1994	1720	274	1706
20.64	2036	1720	316	1705
20.66	1952	1719	233	1705
20.68	1980	1719	261	1704
20.7	1898	1718	180	1703
20.72	1925	1718	207	1703
20.74	1919	1717	202	1702
20.76	1913	1717	196	1701
20.78	1899	1717	182	1700
20.8	1978	1716	262	1700
20.82	1960	1716	244	1699
20.84	1985	1715	270	1698
20.86	1933	1715	218	1698
20.88	1973	1715	258	1697
20.9	2114	1714	400	1696
20.92	2138	1714	424	1696
20.94	2111	1714	397	1695
20.96	2087	1714	373	1695
20.98	2187	1714	473	1694
21.0	2092	1714	378	1693
21.02	2086	1714	372	1693
21.04	2091	1714	377	1692
21.06	2115	1714	401	1691
21.08	2036	1714	322	1691
21.1	1979	1715	264	1690
21.12	1924	1715	209	1690
21.14	1982	1716	266	1689
21.16	2002	1717	285	1688
21.18	1960	1717	243	1688
21.2	1897	1718	179	1687
21.22	1935	1719	216	1686
21.24	1852	1720	132	1686
21.26	1962	1722	240	1685
21.28	1890	1723	167	1685
21.3	1957	1725	232	1684
21.32	1862	1727	135	1683
21.34	1899	1729	170	1683
21.36	1912	1731	181	1682
21.38	1819	1733	86	1682
21.4	1880	1736	144	1681
21.42	1939	1739	200	1681
21.44	1915	1742	173	1680
21.46	1938	1745	193	1679
21.48	1953	1748	205	1679
21.5	1973	1752	221	1678
21.52	1892	1756	136	1678
21.54	1895	1760	135	1677
21.56	1899	1764	135	1677
21.58	1880	1768	112	1676
21.6	1930	1772	158	1675
21.62	1940	1777	163	1675
21.64	2009	1782	227	1674
21.66	1958	1787	171	1674
21.68	2029	1792	237	1673
21.7	2004	1797	207	1673
21.72	1961	1802	159	1672
21.74	2088	1807	281	1671
21.76	2040	1812	228	1671
21.78	2059	1817	242	1670
21.8	2033	1822	211	1670
21.82	2062	1827	235	1669
21.84	2099	1832	267	1669
21.86	1978	1837	141	1668
21.88	2023	1841	182	1668
21.9	2036	1845	191	1667
21.92	2014	1849	165	1666
21.94	1974	1853	121	1666
21.96	1925	1856	69	1665
21.98	1917	1859	58	1665
22.0	1902	1861	41	1664
22.02	1898	1863	35	1664
22.04	1818	1864	-46	1663
22.06	1858	1865	-7	1663
22.08	1884	1866	18	1662
22.1	1823	1866	-43	1661
22.12	1897	1866	31	1661
22.14	1848	1866	-18	1660
22.16	1841	1865	-24	1660
22.18	1803	1864	-61	1659
22.2	1772	1863	-91	1659
22.22	1788	1862	-74	1658
22.24	1837	1861	-24	1658
22.26	1920	1860	60	1657
22.28	1819	1858	-39	1656
22.3	1857	1857	0	1656
22.32	1836	1856	-20	1655
22.34	1838	1855	-17	1655
22.36	1845	1854	-9	1654
22.38	1824	1853	-29	1654
22.4	1887	1851	36	1653
22.42	1794	1850	-56	1652
22.44	1930	1848	82	1652
22.46	1907	1845	62	1651
22.48	1916	1842	74	1651
22.5	1880	1839	41	1650
22.52	1909	1836	73	1650
22.54	1903	1832	71	1649
22.56	1890	1828	62	1648
22.58	1875	1824	51	1648
22.6	1910	1821	89	1647
22.62	1927	1817	110	1647
22.64	1984	1813	171	1646
22.66	2002	1810	192	1645
22.68	2032	1806	226	1645
22.7	2026	1803	223	1644
22.72	2026	1800	226	1644
22.74	2130	1795	335	1643
22.76	1942	1792	150	1642
22.78	2001	1790	211	1642
22.8	1987	1786	201	1641
22.82	1990	1783	207	1640
22.84	1955	1780	175	1640
22.86	1917	1777	140	1639
22.88	1982	1775	207	1638
22.9	1972	1774	198	1638
22.92	1959	1773	186	1637
22.94	1924	1772	152	1637
22.96	1983	1773	210	1636
22.98	1899	1774	125	1635
23.0	2020	1775	245	1635
23.02	2086	1775	311	1634
23.04	2134	1776	358	1633
23.06	2064	1774	290	1633
23.08	2105	1770	335	1632
23.1	2088	1766	322	1631
23.12	2064	1760	304	1631
23.14	1968	1753	215	1630
23.16	2083	1746	337	1629
23.18	2099	1739	360	1628
23.2	1991	1732	259	1628
23.22	2037	1726	311	1627
23.24	2099	1719	380	1626
23.26	2100	1714	386	1626
23.28	2039	1709	330	1625
23.3	2082	1705	377	1624
23.32	1888	1700	188	1623
23.34	1874	1697	177	1623
23.36	1876	1693	183	1622
23.38	1865	1691	174	1621
23.4	1803	1687	116	1620
23.42	1755	1684	71	1620
23.44	1713	1682	31	1619
23.46	1764	1680	84	1618
23.48	1735	1678	57	1617
23.5	1774	1676	98	1617
23.52	1782	1674	108	1616
23.54	1744	1672	72	1615
23.56	1761	1670	91	1614
23.58	1811	1669	142	1613
23.6	1801	1668	133	1613
23.62	1779	1666	113	1612
23.64	1739	1665	74	1611
23.66	1740	1665	75	1610
23.68	1752	1664	88	1609
23.7	1752	1664	88	1608
23.72	1675	1665	10	1608
23.74	1749	1666	83	1607
23.76	1684	1669	15	1606
23.78	1765	1675	90	1605
23.8	1730	1683	47	1604
23.82	1805	1697	108	1603
23.84	1761	1718	43	1602
23.86	1829	1748	81	1601
23.88	1913	1788	125	1600
23.9	1884	1839	45	1600
23.92	1872	1899	-27	1599
23.94	1895	1964	-69	1598
23.96	1914	2028	-114	1597
23.98	1933	2081	-148	1596
24.0	2017	2114	-97	1595
24.02	2137	2127	10	1594
24.04	2138	2121	17	1593
24.06	2045	2097	-52	1592
24.08	2053	2058	-5	1591
24.1	1972	2012	-40	1590
24.12	1898	1961	-63	1589
24.14	1874	1911	-37	1588
24.16	1890	1864	26	1587
24.18	1770	1822	-52	1586
24.2	1691	1786	-95	1585
24.22	1778	1756	22	1584
24.24	1793	1733	60	1583
24.26	1832	1715	117	1582
24.28	1739	1702	37	1581
24.3	1829	1693	136	1580
24.32	1870	1687	183	1578
24.34	1733	1684	49	1577
24.36	1696	1682	14	1576
24.38	1904	1682	222	1575
24.4	1860	1682	178	1574
24.42	1888	1683	205	1573
24.44	1910	1685	225	1572
24.46	1930	1687	243	1571
24.48	1920	1689	231	1569
24.5	1941	1691	250	1568
24.52	1940	1694	246	1567
24.54	1949	1696	253	1566
24.56	1886	1699	187	1565
24.58	1910	1701	209	1563
24.6	1950	1704	246	1562
24.62	1858	1706	152	1561
24.64	1956	1709	247	1560
24.66	1903	1711	192	1559
24.68	1904	1714	190	1557
24.7	1824	1716	108	1556
24.72	1935	1717	218	1555
24.74	1857	1718	139	1553
24.76	1777	1719	58	1552
24.78	1713	1720	-7	1551
24.8	1811	1720	91	1549
24.82	1745	1719	26	1548
24.84	1600	1718	-118	1547
24.86	1712	1717	-5	1545
24.88	1745	1716	29	1544
24.9	1823	1714	109	1543
24.92	1791	1712	79	1541
24.94	1835	1710	125	1540
24.96	1820	1706	114	1539
24.98	1875	1703	172	1537
25.0	1844	1700	144	1536
25.02	1838	1697	141	1534
25.04	1864	1693	171	1533
25.06	1846	1689	157	1531
25.08	1778	1686	92	1530
25.1	1797	1682	115	1528
25.12	1754	1678	76	1527
25.14	1771	1675	96	1525
25.16	1732	1671	61	1524
25.18	1777	1667	110	1522
25.2	1739	1663	76	1521
25.22	1662	1659	3	1519
25.24	1677	1656	21	1518
25.26	1734	1653	81	1516
25.28	1769	1651	118	1515
25.3	1795	1650	145	1513
25.32	1802	1651	151	1511
25.34	1797	1653	144	1510
25.36	1757	1656	101	1508
25.38	1804	1660	144	1507
25.4	1856	1663	193	1505
25.42	1864	1665	199	1503
25.44	1770	1665	105	1502
25.46	1814	1662	152	1500
25.48	1738	1657	81	1499
25.5	1670	1649	21	1497
25.52	1770	1640	130	1495
25.54	1636	1630	6	1494
25.56	1711	1620	91	1492
25.58	1569	1610	-41	1490
25.6	1555	1601	-46	1489
25.62	1574	1593	-19	1487
25.64	1563	1585	-22	1485
25.66	1594	1579	15	1483
25.68	1502	1574	-72	1482
25.7	1572	1570	2	1480
25.72	1500	1567	-67	1478
25.74	1597	1566	31	1476
25.76	1673	1567	106	1475
25.78	1591	1571	20	1473
25.8	1628	1579	49	1471
25.82	1619	1593	26	1469
25.84	1658	1616	42	1468
25.86	1687	1652	35	1466
25.88	1646	1701	-55	1464
25.9	1714	1768	-54	1462
25.92	1906	1851	55	1460
25.94	2061	1949	112	1459
25.96	2149	2055	94	1457
25.98	2190	2156	34	1455
26.0	2219	2240	-21	1453
26.02	2402	2291	111	1451
26.04	2361	2310	51	1450
26.06	2298	2300	-2	1448
26.08	2233	2259	-26	1446
26.1	2117	2193	-76	1444
26.12	1871	2113	-242	1442
26.14	1811	2027	-216	1440
26.16	1627	1940	-313	1438
26.18	1563	1858	-295	1437
26.2	1568	1782	-214	1435
26.22	1531	1716	-185	1433
26.24	1495	1661	-166	1431
26.26	1481	1615	-134	1429
26.28	1450	1578	-128	1427
26.3	1441	1549	-108	1425
26.32	1411	1527	-116	1423
26.34	1390	1509	-119	1421
26.36	1417	1496	-79	1419
26.38	1437	1485	-48	1418
26.4	1421	1477	-56	1416
26.42	1466	1470	-4	1414
26.44	1381	1464	-83	1412
26.46	1357	1459	-102	1410
26.48	1359	1455	-96	1408
26.5	1472	1451	21	1406
26.52	1362	1447	-85	1404
26.54	1401	1443	-42	1402
26.56	1386	1440	-54	1400
26.58	1465	1437	28	1398
26.6	1396	1433	-37	1396
26.62	1400	1430	-30	1394
26.64	1428	1427	1	1392
26.66	1434	1425	9	1390
26.68	1334	1422	-88	1388
26.7	1353	1419	-66	1386
26.72	1309	1416	-107	1384
26.74	1409	1414	-5	1382
26.76	1338	1411	-73	1380
26.78	1377	1409	-32	1378
26.8	1426	1406	20	1376
26.82	1462	1404	58	1374
26.84	1367	1402	-35	1372
26.86	1373	1399	-26	1370
26.88	1364	1397	-33	1368
26.9	1377	1394	-17	1366
26.92	1391	1392	-1	1364
26.94	1407	1390	17	1362
26.96	1376	1388	-12	1360
26.98	1367	1386	-19	1358
27.0	1458	1384	74	1356
27.02	1505	1382	123	1354
27.04	1449	1380	69	1352
27.06	1451	1378	73	1350
27.08	1396	1376	20	1348
27.1	1406	1373	33	1346
27.12	1381	1371	10	1344
27.14	1402	1370	32	1342
27.16	1372	1368	4	1340
27.18	1250	1366	-116	1338
27.2	1294	1364	-70	1336
27.22	1313	1362	-49	1334
27.24	1266	1360	-94	1332
27.26	1289	1358	-69	1330
27.28	1291	1356	-65	1328
27.3	1310	1354	-44	1326
27.32	1295	1352	-57	1324
27.34	1350	1349	1	1322
27.36	1262	1348	-86	1320
27.38	1355	1346	9	1318
27.4	1361	1344	17	1316
27.42	1286	1342	-56	1314
27.44	1295	1341	-46	1312
27.46	1247	1339	-92	1310
27.48	1351	1337	14	1308
27.5	1226	1335	-109	1306
27.52	1259	1333	-74	1304
27.54	1343	1332	11	1302
27.56	1317	1330	-13	1300
27.58	1328	1328	0	1298
27.6	1297	1326	-29	1296
27.62	1342	1325	17	1294
27.64	1352	1323	29	1292
27.66	1287	1321	-34	1290
27.68	1285	1319	-34	1288
27.7	1309	1317	-8	1286
27.72	1223	1315	-92	1284
27.74	1266	1313	-47	1282
27.76	1335	1311	24	1280
27.78	1279	1309	-30	1278
27.8	1269	1306	-37	1276
27.82	1243	1304	-61	1274
27.84	1282	1302	-20	1272
27.86	1306	1300	6	1270
27.88	1233	1298	-65	1268
27.9	1281	1296	-15	1266
27.92	1262	1295	-33	1264
27.94	1247	1294	-47	1262
27.96	1271	1292	-21	1260
27.98	1280	1290	-10	1258
28.0	1220	1289	-69	1256
28.02	1319	1287	32	1254
28.04	1224	1287	-63	1253
28.06	1300	1287	13	1251
28.08	1240	1288	-48	1249
28.1	1256	1289	-33	1247
28.12	1256	1290	-34	1245
28.14	1338	1292	46	1243
28.16	1240	1294	-54	1241
28.18	1351	1295	56	1239
28.2	1411	1296	115	1237
28.22	1380	1295	85	1235
28.24	1397	1293	104	1233
28.26	1381	1290	91	1231
28.28	1397	1286	111	1229
28.3	1448	1282	166	1227
28.32	1517	1277	240	1226
28.34	1551	1272	279	1224
28.36	1630	1267	363	1222
28.38	1730	1262	468	1220
28.4	1851	1257	594	1218
28.42	1936	1253	683	1216
28.44	2033	1250	783	1214
28.46	1962	1246	716	1212
28.48	2063	1243	820	1210
28.5	2108	1240	868	1209
28.52	1897	1238	659	1207
28.54	1854	1235	619	1205
28.56	1784	1233	551	1203
28.58	1735	1229	506	1201
28.6	1725	1228	497	1199
28.62	1695	1226	469	1198
28.64	1655	1224	431	1196
28.66	1678	1222	456	1194
28.68	1728	1221	507	1192
28.7	1905	1219	686	1190
28.72	1977	1217	760	1189
28.74	2177	1215	962	1187
28.76	2337	1213	1124	1185
28.78	2531	1212	1319	1183
28.8	2572	1210	1362	1181
28.82	2691	1208	1483	1180
28.84	2599	1207	1392	1178
28.86	2581	1205	1376	1176
28.88	2278	1204	1074	1174
28.9	2081	1202	879	1173
28.92	1964	1200	764	1171
28.94	1685	1199	486	1169
28.96	1584	1197	387	1167
28.98	1497	1196	301	1166
29.0	1471	1194	277	1164
29.02	1398	1193	205	1162
29.04	1378	1191	187	1161
29.06	1356	1190	166	1159
29.08	1359	1188	171	1157
29.1	1411	1187	224	1156
29.12	1296	1185	111	1154
29.14	1238	1185	53	1152
29.16	1250	1184	66	1151
29.18	1336	1182	154	1149
29.2	1288	1181	107	1147
29.22	1217	1180	37	1146
29.24	1218	1178	40	1144
29.26	1215	1177	38	1143
29.28	1177	1176	1	1141
29.3	1222	1174	48	1139
29.32	1117	1173	-56	1138
29.34	1186	1172	14	1136
29.36	1109	1170	-61	1135
29.38	1169	1169	0	1133
29.4	1209	1168	41	1132
29.42	1115	1167	-52	1130
29.44	1125	1166	-41	1129
29.46	1104	1165	-61	1127
29.48	1165	1164	1	1126
29.5	1213	1162	51	1124
29.52	1123	1162	-39	1123
29.54	1145	1161	-16	1121
29.56	1140	1160	-20	1120
29.58	1151	1159	-8	1118
29.6	1107	1158	-51	1117
29.62	1125	1157	-32	1115
29.64	1141	1156	-15	1114
29.66	1196	1155	41	1112
29.68	1093	1154	-61	1111
29.7	1168	1153	15	1110
29.72	1127	1152	-25	1108
29.74	1159	1152	7	1107
29.76	1135	1151	-16	1106
29.78	1070	1150	-80	1104
29.8	1060	1151	-91	1103
29.82	1088	1150	-62	1102
29.84	1110	1149	-39	1100
29.86	1071	1149	-78	1099
29.88	1131	1148	-17	1098
29.9	1103	1148	-45	1096
29.92	1095	1147	-52	1095
29.94	1092	1147	-55	1094
29.96	1093	1146	-53	1093
29.98	1109	1146	-37	1091
30.0	1110	1146	-36	1090
30.02	1072	1145	-73	1089
30.04	1094	1145	-51	1088
30.06	1056	1145	-89	1086
30.08	1124	1145	-21	1085
30.1	1124	1145	-21	1084
30.12	1184	1145	39	1083
30.14	1073	1145	-72	1082
30.16	1106	1145	-39	1081
30.18	1085	1145	-60	1080
30.2	1183	1146	37	1078
30.22	1106	1146	-40	1077
30.24	1069	1146	-77	1076
30.26	1103	1147	-44	1075
30.28	1136	1148	-12	1074
30.3	1201	1148	53	1073
30.32	1166	1149	17	1072
30.34	1147	1150	-3	1071
30.36	1187	1151	36	1070
30.38	1132	1152	-20	1069
30.4	1129	1154	-25	1068
30.42	1110	1155	-45	1067
30.44	1120	1157	-37	1066
30.46	1172	1159	13	1065
30.48	1080	1161	-81	1064
30.5	1117	1163	-46	1063
30.52	1151	1166	-15	1062
30.54	1140	1169	-29	1061
30.56	1132	1172	-40	1060
30.58	1099	1175	-76	1060
30.6	1121	1179	-58	1059
30.62	1134	1183	-49	1058
30.64	1138	1188	-50	1057
30.66	1128	1193	-65	1056
30.68	1094	1199	-105	1055
30.7	1103	1205	-102	1054
30.72	1174	1214	-40	1054
30.74	1117	1221	-104	1053
30.76	1191	1230	-39	1052
30.78	1121	1239	-118	1051
30.8	1125	1249	-124	1050
30.82	1216	1260	-44	1050
30.84	1157	1272	-115	1049
30.86	1183	1286	-103	1048
30.88	1196	1302	-106	1047
30.9	1221	1322	-101	1047
30.92	1283	1345	-62	1046
30.94	1287	1375	-88	1045
30.96	1312	1413	-101	1044
30.98	1345	1465	-120	1044
31.0	1444	1532	-88	1043
31.02	1520	1622	-102	1042
31.04	1685	1735	-50	1042
31.06	1944	1874	70	1041
31.08	2033	2039	-6	1040
31.1	2375	2222	153	1040
31.12	2515	2413	102	1039
31.14	2727	2591	136	1039
31.16	2725	2733	-8	1038
31.18	2849	2822	27	1037
31.2	2761	2869	-108	1037
31.22	2652	2875	-223	1036
31.24	2439	2837	-398	1036
31.26	2197	2760	-563	1035
31.28	2109	2661	-552	1034
31.3	2044	2551	-507	1034
31.32	2062	2439	-377	1033
31.34	2019	2333	-314	1033
31.36	2097	2237	-140	1032
31.38	2363	2155	208	1032
31.4	2356	2090	266	1031
31.42	2661	2039	622	1031
31.44	2798	2001	797	1030
31.46	2910	1976	934	1030
31.48	2926	1962	964	1029
31.5	3005	1956	1049	1029
31.52	2821	1958	863	1028
31.54	2900	1965	935	1028
31.56	2844	1977	867	1028
31.58	2762	1991	771	1027
31.6	2695	2009	686	1027
31.62	2833	2028	805	1026
31.64	2789	2049	740	1026
31.66	2800	2071	729	1025
31.68	2890	2094	796	1025
31.7	2879	2117	762	1025
31.72	2797	2141	656	1024
31.74	2548	2165	383	1024
31.76	2444	2191	253	1024
31.78	2196	2214	-18	1023
31.8	2185	2238	-53	1023
31.82	1919	2261	-342	1022
31.84	1852	2283	-431	1022
31.86	1695	2304	-609	1022
31.88	1606	2324	-718	1021
31.9	1607	2343	-736	1021
31.92	1586	2359	-773	1021
31.94	1590	2376	-786	1021
31.96	1620	2389	-769	1020
31.98	1632	2399	-767	1020
32.0	1574	2406	-832	1020
32.02	1686	2411	-725	1019
32.04	1778	2413	-635	1019
32.06	1775	2412	-637	1019
32.08	1928	2409	-481	1019
32.1	2218	2405	-187	1018
32.12	2393	2400	-7	1018
32.14	2556	2395	161	1018
32.16	2723	2392	331	1018
32.18	2880	2392	488	1017
32.2	3020	2397	623	1017
32.22	3017	2409	608	1017
32.24	2799	2429	370	1017
32.26	2695	2460	235	1017
32.28	2595	2498	97	1016
32.3	2392	2543	-151	1016
32.32	2405	2590	-185	1016
32.34	2300	2632	-332	1016
32.36	2211	2657	-446	1016
32.38	2187	2660	-473	1015
32.4	2229	2645	-416	1015
32.42	2363	2613	-250	1015
32.44	2279	2563	-284	1015
32.46	2212	2496	-284	1015
32.48	2072	2418	-346	1015
32.5	2093	2336	-243	1015
32.52	1864	2252	-388	1014
32.54	1731	2170	-439	1014
32.56	1556	2093	-537	1014
32.58	1508	2021	-513	1014
32.6	1455	1956	-501	1014
32.62	1316	1897	-581	1014
32.64	1251	1845	-594	1014
32.66	1225	1799	-574	1014
32.68	1235	1758	-523	1014
32.7	1134	1722	-588	1014
32.72	1176	1689	-513	1013
32.74	1175	1659	-484	1013
32.76	1194	1632	-438	1013
32.78	1134	1608	-474	1013
32.8	1134	1585	-451	1013
32.82	1111	1564	-453	1013
32.84	1085	1544	-459	1013
32.86	1143	1525	-382	1013
32.88	1203	1508	-305	1013
32.9	1153	1492	-339	1013
32.92	1172	1477	-305	1013
32.94	1180	1462	-282	1013
32.96	1203	1449	-246	1013
32.98	1293	1436	-143	1013
33.0	1284	1425	-141	1013
33.02	1288	1414	-126	1013
33.04	1276	1404	-128	1013
33.06	1374	1394	-20	1013
33.08	1355	1386	-31	1013
33.1	1384	1378	6	1013
33.12	1451	1370	81	1013
33.14	1444	1364	80	1013
33.16	1459	1358	101	1013
33.18	1634	1351	283	1013
33.2	1618	1346	272	1013
33.22	1704	1341	363	1013
33.24	1712	1337	375	1013
33.26	1882	1333	549	1013
33.28	1989	1330	659	1013
33.3	1899	1327	572	1013
33.32	1894	1324	570	1013
33.34	1962	1321	641	1013
33.36	1947	1319	628	1013
33.38	1920	1315	605	1013
33.4	1833	1314	519	1013
33.42	1846	1312	534	1013
33.44	1763	1311	452	1013
33.46	1714	1311	403	1013
33.48	1708	1311	397	1013
33.5	1590	1311	279	1013
33.52	1584	1311	273	1013
33.54	1431	1312	119	1013
33.56	1425	1314	111	1014
33.58	1376	1316	60	1014
33.6	1371	1318	53	1014
33.62	1343	1321	22	1014
33.64	1338	1325	13	1014
33.66	1275	1329	-54	1014
33.68	1335	1332	3	1014
33.7	1395	1338	57	1014
33.72	1372	1346	26	1014
33.74	1441	1354	87	1014
33.76	1452	1363	89	1014
33.78	1515	1375	140	1014
33.8	1420	1388	32	1014
33.82	1577	1404	173	1015
33.84	1643	1423	220	1015
33.86	1790	1447	343	1015
33.88	1886	1476	410	1015
33.9	2074	1516	558	1015
33.92	2320	1569	751	1015
33.94	2642	1642	1000	1015
33.96	3004	1743	1261	1015
33.98	3296	1879	1417	1015
34.0	3745	2059	1686	1015
34.02	3953	2292	1661	1016
34.04	4453	2580	1873	1016
34.06	4608	2922	1686	1016
34.08	5109	3307	1802	1016
34.1	5297	3709	1588	1016
34.12	5518	4089	1429	1016
34.14	5292	4397	895	1016
34.16	5315	4594	721	1016
34.18	4799	4695	104	1016
34.2	4382	4711	-329	1017
34.22	4071	4640	-569	1017
34.24	3440	4486	-1046	1017
34.26	3144	4267	-1123	1017
34.28	2657	4019	-1362	1017
34.3	2338	3767	-1429	1017
34.32	2273	3530	-1257	1017
34.34	2131	3328	-1197	1017
34.36	2210	3179	-969	1017
34.38	2194	3099	-905	1018
34.4	2367	3108	-741	1018
34.42	2525	3223	-698	1018
34.44	2702	3465	-763	1018
34.46	3015	3851	-836	1018
34.48	3440	4396	-956	1018
34.5	3960	5098	-1138	1018
34.52	4650	5943	-1293	1018
34.54	5637	6887	-1250	1018
34.56	6862	7849	-987	1019
34.58	8350	8707	-357	1019
34.6	9837	9321	516	1019
34.62	11516	9643	1873	1019
34.64	12773	9755	3018	1019
34.66	13600	9651	3949	1019
34.68	13613	9321	4292	1019
34.7	13140	8770	4370	1019
34.72	12141	8089	4052	1019
34.74	10432	7345	3087	1020
34.76	8800	6584	2216	1020
34.78	7310	5848	1462	1020
34.8	5987	5166	821	1020
34.82	4906	4557	349	1020
34.84	3834	4030	-196	1020
34.86	2915	3585	-670	1020
34.88	2635	3219	-584	1020
34.9	2338	2924	-586	1020
34.92	2189	2692	-503	1020
34.94	2048	2513	-465	1020
34.96	1858	2377	-519	1021
34.98	1823	2277	-454	1021
35.0	1677	2204	-527	1021
35.02	1675	2153	-478	1021
35.04	1670	2120	-450	1021
35.06	1683	2100	-417	1021
35.08	1542	2091	-549	1021
35.1	1545	2090	-545	1021
35.12	1551	2097	-546	1021
35.14	1494	2110	-616	1021
35.16	1513	2129	-616	1021
35.18	1478	2153	-675	1021
35.2	1530	2181	-651	1022
35.22	1510	2214	-704	1022
35.24	1535	2251	-716	1022
35.26	1476	2292	-816	1022
35.28	1542	2336	-794	1022
35.3	1613	2384	-771	1022
35.32	1654	2434	-780	1022
35.34	1800	2488	-688	1022
35.36	1883	2544	-661	1022
35.38	1977	2603	-626	1022
35.4	2167	2664	-497	1022
35.42	2470	2726	-256	1022
35.44	2543	2790	-247	1022
35.46	2670	2854	-184	1022
35.48	2715	2920	-205	1022
35.5	2857	2985	-128	1022
35.52	2812	3049	-237	1022
35.54	2635	3113	-478	1022
35.56	2462	3175	-713	1022
35.58	2531	3235	-704	1022
35.6	2289	3291	-1002	1022
35.62	2211	3345	-1134	1022
35.64	2189	3393	-1204	1022
35.66	2153	3437	-1284	1022
35.68	2175	3476	-1301	1022
35.7	2237	3508	-1271	1022
35.72	2307	3534	-1227	1022
35.74	2555	3554	-999	1022
35.76	2778	3568	-790	1022
35.78	3160	3575	-415	1022
35.8	3442	3575	-133	1022
35.82	3903	3570	333	1022
35.84	4391	3560	831	1022
35.86	4776	3544	1232	1022
35.88	5355	3524	1831	1022
35.9	5588	3499	2089	1022
35.92	5958	3470	2488	1022
35.94	5992	3437	2555	1022
35.96	5884	3401	2483	1022
35.98	6026	3361	2665	1022
36.0	5798	3319	2479	1022
36.02	5704	3274	2430	1022
36.04	5558	3227	2331	1022
36.06	5577	3178	2399	1021
36.08	5578	3127	2451	1021
36.1	5558	3075	2483	1021
36.12	5724	3021	2703	1021
36.14	6014	2967	3047	1021
36.16	6032	2912	3120	1021
36.18	6327	2856	3471	1021
36.2	6475	2800	3675	1021
36.22	6842	2744	4098	1021
36.24	7224	2689	4535	1020
36.26	7307	2633	4674	1020
36.28	7265	2578	4687	1020
36.3	7212	2524	4688	1020
36.32	6937	2471	4466	1020
36.34	6789	2418	4371	1020
36.36	6121	2366	3755	1020
36.38	5595	2315	3280	1019
36.4	4995	2266	2729	1019
36.42	4347	2217	2130	1019
36.44	3750	2170	1580	1019
36.46	3248	2123	1125	1019
36.48	2849	2079	770	1019
36.5	2481	2035	446	1018
36.52	2232	1993	239	1018
36.54	1941	1952	-11	1018
36.56	1903	1913	-10	1018
36.58	1729	1875	-146	1017
36.6	1692	1839	-147	1017
36.62	1685	1803	-118	1017
36.64	1683	1769	-86	1017
36.66	1758	1737	21	1016
36.68	1756	1706	50	1016
36.7	1732	1676	56	1016
36.72	1878	1648	230	1016
36.74	1845	1621	224	1015
36.76	1969	1595	374	1015
36.78	1886	1570	316	1015
36.8	1836	1547	289	1015
36.82	1825	1526	299	1014
36.84	1810	1505	305	1014
36.86	1757	1485	272	1014
36.88	1634	1466	168	1013
36.9	1588	1448	140	1013
36.92	1430	1431	-1	1013
36.94	1350	1415	-65	1012
36.96	1329	1399	-70	1012
36.98	1299	1385	-86	1012
37.0	1241	1372	-131	1011
37.02	1160	1358	-198	1011
37.04	1196	1346	-150	1010
37.06	1154	1335	-181	1010
37.08	1156	1324	-168	1010
37.1	1218	1314	-96	1009
37.12	1256	1305	-49	1009
37.14	1280	1296	-16	1008
37.16	1272	1287	-15	1008
37.18	1410	1279	131	1008
37.2	1352	1272	80	1007
37.22	1304	1264	40	1007
37.24	1264	1258	6	1006
37.26	1286	1252	34	1006
37.28	1217	1246	-29	1005
37.3	1224	1242	-18	1005
37.32	1244	1237	7	1004
37.34	1102	1233	-131	1004
37.36	1141	1229	-88	1003
37.38	1046	1227	-181	1003
37.4	1152	1224	-72	1002
37.42	1127	1223	-96	1002
37.44	1121	1223	-102	1001
37.46	1140	1224	-84	1001
37.48	1173	1227	-54	1000
37.5	1176	1234	-58	1000
37.52	1187	1244	-57	999
37.54	1300	1258	42	998
37.56	1293	1279	14	998
37.58	1349	1306	43	997
37.6	1491	1341	150	997
37.62	1589	1382	207	996
37.64	1606	1429	177	995
37.66	1758	1478	280	995
37.68	1733	1523	210	994
37.7	1758	1557	201	993
37.72	1651	1576	75	993
37.74	1514	1584	-70	992
37.76	1386	1581	-195	991
37.78	1343	1568	-225	991
37.8	1263	1544	-281	990
37.82	1099	1510	-411	989
37.84	1100	1471	-371	989
37.86	1042	1430	-388	988
37.88	1033	1389	-356	987
37.9	956	1349	-393	986
37.92	1012	1312	-300	986
37.94	969	1281	-312	985
37.96	943	1252	-309	984
37.98	1007	1227	-220	983
38.0	1027	1205	-178	982
38.02	1049	1188	-139	982
38.04	1093	1173	-80	981
38.06	975	1160	-185	980
38.08	1040	1150	-110	979
38.1	1007	1142	-135	978
38.12	1064	1135	-71	977
38.14	1034	1129	-95	977
38.16	1061	1123	-62	976
38.18	1075	1119	-44	975
38.2	1073	1115	-42	974
38.22	1144	1111	33	973
38.24	1183	1108	75	972
38.26	1269	1105	164	971
38.28	1370	1104	266	970
38.3	1427	1102	325	969
38.32	1429	1100	329	968
38.34	1573	1097	476	967
38.36	1684	1093	591	967
38.38	1606	1092	514	966
38.4	1633	1091	542	965
38.42	1576	1090	486	964
38.44	1613	1090	523	963
38.46	1524	1090	434	962
38.48	1433	1092	341	961
38.5	1308	1094	214	960
38.52	1342	1099	243	959
38.54	1227	1105	122	958
38.56	1149	1114	35	956
38.58	1130	1127	3	955
38.6	1079	1143	-64	954
38.62	1088	1164	-76	953
38.64	1177	1188	-11	952
38.66	1121	1216	-95	951
38.68	1189	1246	-57	950
38.7	1212	1273	-61	949
38.72	1314	1295	19	948
38.74	1291	1307	-16	947
38.76	1374	1312	62	946
38.78	1349	1311	38	945
38.8	1390	1305	85	944
38.82	1305	1292	13	942
38.84	1318	1273	45	941
38.86	1235	1251	-16	940
38.88	1235	1227	8	939
38.9	1204	1202	2	938
38.92	1166	1178	-12	937
38.94	1123	1156	-33	936
38.96	1137	1136	1	934
38.98	1153	1119	34	933
39.0	1177	1104	73	932
39.02	1283	1091	192	931
39.04	1271	1080	191	930
39.06	1345	1071	274	929
39.08	1449	1064	385	927
39.1	1473	1058	415	926
39.12	1399	1053	346	925
39.14	1653	1048	605	924
39.16	1636	1044	592	923
39.18	1629	1041	588	921
39.2	1526	1039	487	920
39.22	1652	1037	615	919
39.24	1575	1036	539	918
39.26	1490	1034	456	917
39.28	1478	1033	445	915
39.3	1414	1033	381	914
39.32	1426	1032	394	913
39.34	1266	1032	234	912
39.36	1283	1033	250	910
39.38	1255	1033	222	909
39.4	1137	1033	104	908
39.42	1159	1034	125	907
39.44	1065	1034	31	906
39.46	990	1035	-45	904
39.48	987	1037	-50	903
39.5	958	1038	-80	902
39.52	913	1040	-127	901
39.54	925	1042	-117	899
39.56	941	1045	-104	898
39.58	854	1045	-191	897
39.6	859	1048	-189	895
39.62	864	1052	-188	894
39.64	850	1056	-206	893
39.66	864	1061	-197	892
39.68	885	1066	-181	890
39.7	901	1071	-170	889
39.72	823	1077	-254	888
39.74	880	1084	-204	887
39.76	862	1091	-229	885
39.78	859	1096	-237	884
39.8	854	1102	-248	883
39.82	892	1111	-219	882
39.84	875	1121	-246	880
39.86	842	1131	-289	879
39.88	883	1141	-258	878
39.9	937	1153	-216	876
39.92	893	1165	-272	875
39.94	909	1177	-268	874
39.96	903	1190	-287	873
39.98	959	1204	-245	871
40.0	938	1219	-281	870
40.02	947	1234	-287	869
40.04	986	1249	-263	867
40.06	971	1265	-294	866
40.08	1036	1282	-246	865
40.1	1041	1298	-257	864
40.12	1108	1315	-207	862
40.14	1119	1332	-213	861
40.16	1266	1349	-83	860
40.18	1249	1366	-117	859
40.2	1353	1383	-30	857
40.22	1437	1400	37	856
40.24	1524	1416	108	855
40.26	1542	1431	111	854
40.28	1694	1445	249	852
40.3	1716	1459	257	851
40.32	1821	1471	350	850
40.34	1837	1482	355	849
40.36	1667	1491	176	847
40.38	1721	1499	222	846
40.4	1683	1505	178	845
40.42	1562	1508	54	844
40.44	1522	1510	12	842
40.46	1511	1511	0	841
40.48	1391	1510	-119	840
40.5	1285	1507	-222	839
40.52	1206	1503	-297	837
40.54	1205	1498	-293	836
40.56	1105	1492	-387	835
40.58	984	1484	-500	834
40.6	1016	1476	-460	832
40.62	1017	1467	-450	831
40.64	998	1457	-459	830
40.66	917	1447	-530	829
40.68	921	1435	-514	828
40.7	936	1424	-488	826
40.72	904	1412	-508	825
40.74	872	1400	-528	824
40.76	850	1387	-537	823
40.78	807	1374	-567	822
40.8	880	1362	-482	820
40.82	821	1350	-529	819
40.84	834	1338	-504	818
40.86	858	1326	-468	817
40.88	889	1315	-426	816
40.9	821	1304	-483	815
40.92	861	1295	-434	813
40.94	960	1288	-328	812
40.96	931	1282	-351	811
40.98	936	1280	-344	810
41.0	987	1281	-294	809
41.02	1064	1287	-223	808
41.04	1068	1300	-232	807
41.06	1202	1321	-119	806
41.08	1332	1351	-19	804
41.1	1562	1391	171	803
41.12	1609	1441	168	802
41.14	1737	1500	237	801
41.16	1765	1563	202	800
41.18	1814	1624	190	799
41.2	1734	1673	61	798
41.22	1713	1700	13	797
41.24	1595	1708	-113	796
41.26	1368	1704	-336	795
41.28	1431	1687	-256	794
41.3	1250	1657	-407	793
41.32	1143	1614	-471	792
41.34	1055	1558	-503	791
41.36	995	1498	-503	790
41.38	930	1435	-505	789
41.4	922	1373	-451	788
41.42	909	1314	-405	787
41.44	861	1260	-399	786
41.46	869	1211	-342	785
41.48	825	1168	-343	784
41.5	812	1131	-319	783
41.52	854	1099	-245	782
41.54	831	1071	-240	781
41.56	901	1048	-147	780
41.58	901	1029	-128	779
41.6	812	1013	-201	778
41.62	873	999	-126	777
41.64	812	987	-175	776
41.66	816	977	-161	775
41.68	829	969	-140	774
41.7	809	962	-153	774
41.72	881	956	-75	773
41.74	865	950	-85	772
41.76	845	945	-100	771
41.78	843	942	-99	770
41.8	870	939	-69	769
41.82	915	935	-20	768
41.84	880	933	-53	768
41.86	866	931	-65	767
41.88	860	929	-69	766
41.9	839	927	-88	765
41.92	820	926	-106	765
41.94	843	925	-82	764
41.96	809	925	-116	763
41.98	798	925	-127	762
42.0	797	925	-128	762
42.02	779	925	-146	761
42.04	751	926	-175	760
42.06	754	927	-173	759
42.08	808	928	-120	759
42.1	815	929	-114	758
42.12	823	931	-108	757
42.14	786	933	-147	757
42.16	800	934	-134	756
42.18	865	936	-71	755
42.2	818	938	-120	755
42.22	802	940	-138	754
42.24	792	942	-150	754
42.26	823	944	-121	753
42.28	806	946	-140	752
42.3	917	948	-31	752
42.32	850	950	-100	751
42.34	866	952	-86	751
42.36	997	953	44	750
42.38	878	954	-76	750
42.4	922	954	-32	749
42.42	926	955	-29	749
42.44	920	955	-35	748
42.46	1005	954	51	748
42.48	938	954	-16	747
42.5	944	953	-9	747
42.52	897	952	-55	746
42.54	900	951	-51	746
42.56	967	949	18	745
42.58	862	947	-85	745
42.6	906	945	-39	744
42.62	896	942	-46	744
42.64	901	940	-39	744
42.66	918	938	-20	743
42.68	886	935	-49	743
42.7	891	932	-41	742
42.72	903	929	-26	742
42.74	931	927	4	742
42.76	974	924	50	741
42.78	938	921	17	741
42.8	989	918	71	741
42.82	980	916	64	740
42.84	1032	913	119	740
42.86	1048	911	137	740
42.88	1060	910	150	739
42.9	1032	908	124	739
42.92	1026	907	119	739
42.94	1055	906	149	739
42.96	1024	905	119	738
42.98	984	904	80	738
43.0	889	903	-14	738
43.02	958	902	56	738
43.04	944	901	43	737
43.06	955	898	57	737
43.08	943	896	47	737
43.1	861	892	-31	737
43.12	852	889	-37	736
43.14	803	886	-83	736
43.16	826	883	-57	736
43.18	840	881	-41	736
43.2	761	878	-117	736
43.22	822	874	-52	736
43.24	789	871	-82	735
43.26	833	868	-35	735
43.28	766	866	-100	735
43.3	803	863	-60	735
43.32	764	861	-97	735
43.34	812	859	-47	735
43.36	794	858	-64	735
43.38	793	856	-63	735
43.4	818	855	-37	735
43.42	830	854	-24	734
43.44	837	853	-16	734
43.46	848	853	-5	734
43.48	840	852	-12	734
43.5	819	852	-33	734
43.52	791	852	-61	734
43.54	777	852	-75	734
43.56	831	852	-21	734
43.58	819	852	-33	734
43.6	807	853	-46	734
43.62	830	855	-25	734
43.64	819	856	-37	734
43.66	890	857	33	734
43.68	839	858	-19	734
43.7	876	859	17	734
43.72	886	859	27	734
43.74	834	861	-27	734
43.76	860	862	-2	734
43.78	834	864	-30	734
43.8	858	867	-9	734
43.82	868	869	-1	734
43.84	870	872	-2	734
43.86	840	875	-35	734
43.88	810	878	-68	734
43.9	891	881	10	734
43.92	846	885	-39	734
43.94	872	890	-18	735
43.96	896	894	2	735
43.98	862	900	-38	735
44.0	938	906	32	735
44.02	899	913	-14	735
44.04	901	922	-21	735
44.06	900	932	-32	735
44.08	905	944	-39	735
44.1	967	958	9	735
44.12	977	977	0	736
44.14	1038	999	39	736
44.16	1115	1026	89	736
44.18	1035	1060	-25	736
44.2	1237	1099	138	736
44.22	1332	1145	187	736
44.24	1385	1195	190	737
44.26	1593	1247	346	737
44.28	1641	1297	344	737
44.3	1682	1337	345	737
44.32	1775	1363	412	737
44.34	1792	1380	412	737
44.36	1692	1390	302	738
44.38	1675	1393	282	738
44.4	1596	1391	205	738
44.42	1500	1381	119	738
44.44	1442	1365	77	738
44.46	1427	1345	82	739
44.48	1431	1325	106	739
44.5	1347	1305	42	739
44.52	1334	1288	46	739
44.54	1232	1274	-42	740
44.56	1385	1263	122	740
44.58	1453	1258	195	740
44.6	1609	1256	353	740
44.62	1699	1259	440	741
44.64	1812	1265	547	741
44.66	2002	1276	726	741
44.68	2266	1290	976	741
44.7	2383	1307	1076	742
44.72	2503	1327	1176	742
44.74	2628	1350	1278	742
44.76	2822	1376	1446	742
44.78	2771	1405	1366	743
44.8	2868	1436	1432	743
44.82	2848	1470	1378	743
44.84	2821	1508	1313	744
44.86	2846	1550	1296	744
44.88	2772	1596	1176	744
44.9	2720	1647	1073	745
44.92	2731	1706	1025	745
44.94	2899	1774	1125	745
44.96	2931	1854	1077	746
44.98	3328	1948	1380	746
45.0	3773	2060	1713	746
45.02	4230	2192	2038	746
45.04	4620	2348	2272	747
45.06	5252	2527	2725	747
45.08	5474	2727	2747	747
45.1	5624	2941	2683	748
45.12	5712	3155	2558	748
45.14	5454	3342	2112	749
45.16	5107	3478	1629	749
45.18	4659	3553	1106	749
45.2	4114	3591	523	750
45.22	3886	3597	289	750
45.24	3559	3574	-15	750
45.26	3195	3521	-326	751
45.28	2749	3433	-684	751
45.3	2529	3315	-786	751
45.32	2225	3183	-958	752
45.34	2195	3044	-849	752
45.36	2206	2905	-699	752
45.38	2240	2772	-532	753
45.4	2267	2649	-382	753
45.42	2285	2538	-253	754
45.44	2409	2441	-32	754
45.46	2326	2359	-33	754
45.48	2272	2291	-19	755
45.5	2278	2237	41	755
45.52	2300	2196	104	756
45.54	2152	2173	-21	756
45.56	2152	2167	-15	756
45.58	2080	2179	-99	757
45.6	2000	2211	-211	757
45.62	2015	2266	-251	757
45.64	2067	2344	-277	758
45.66	2108	2446	-338	758
45.68	2096	2571	-475	759
45.7	2251	2710	-459	759
45.72	2299	2851	-552	760
45.74	2476	2972	-496	760
45.76	2591	3048	-457	760
45.78	2878	3076	-198	761
45.8	3129	3075	54	761
45.82	3266	3051	215	762
45.84	3604	3006	598	762
45.86	3726	2937	789	762
45.88	3717	2844	873	763
45.9	3733	2730	1003	763
45.92	3689	2607	1082	764
45.94	3709	2484	1225	764
45.96	3441	2366	1075	764
45.98	3380	2260	1120	765
46.0	3096	2172	924	765
46.02	2709	2104	605	766
46.04	2598	2062	536	766
46.06	2373	2046	327	767
46.08	2261	2059	202	767
46.1	2146	2101	45	767
46.12	2112	2173	-61	768
46.14	2023	2272	-249	768
46.16	1916	2390	-474	769
46.18	1994	2514	-520	769
46.2	2060	2621	-561	769
46.22	2177	2689	-512	770
46.24	2298	2712	-414	770
46.26	2508	2709	-201	771
46.28	2702	2683	19	771
46.3	3015	2638	377	772
46.32	3220	2573	647	772
46.34	3206	2483	723	772
46.36	3189	2370	819	773
46.38	3175	2247	928	773
46.4	2976	2119	857	774
46.42	2768	1993	775	774
46.44	2447	1872	575	774
46.46	2405	1761	644	775
46.48	2034	1660	374	775
46.5	2014	1573	441	776
46.52	1652	1496	156	776
46.54	1528	1430	98	777
46.56	1416	1373	43	777
46.58	1238	1325	-87	777
46.6	1152	1284	-132	778
46.62	1031	1248	-217	778
46.64	990	1217	-227	779
46.66	977	1190	-213	779
46.68	929	1167	-238	779
46.7	979	1146	-167	780
46.72	957	1129	-172	780
46.74	917	1112	-195	781
46.76	925	1097	-172	781
46.78	858	1083	-225	781
46.8	889	1070	-181	782
46.82	890	1059	-169	782
46.84	880	1048	-168	783
46.86	894	1038	-144	783
46.88	879	1029	-150	783
46.9	860	1021	-161	784
46.92	922	1014	-92	784
46.94	888	1008	-120	784
46.96	943	1003	-60	785
46.98	929	998	-69	785
47.0	974	994	-20	786
47.02	983	990	-7	786
47.04	908	987	-79	786
47.06	914	983	-69	787
47.08	996	978	18	787
47.1	894	973	-79	787
47.12	1036	969	67	788
47.14	972	965	7	788
47.16	962	961	1	789
47.18	980	957	23	789
47.2	948	952	-4	789
47.22	975	948	27	790
47.24	1060	944	116	790
47.26	1035	940	95	790
47.28	1030	936	94	791
47.3	1103	932	171	791
47.32	1134	929	205	791
47.34	1237	925	312	792
47.36	1168	922	246	792
47.38	1152	919	233	792
47.4	1126	916	210	793
47.42	1094	914	180	793
47.44	1066	911	155	793
47.46	1062	909	153	794
47.48	1080	907	173	794
47.5	1051	905	146	794
47.52	990	903	87	795
47.54	980	900	80	795
47.56	990	898	92	795
47.58	968	897	71	795
47.6	1010	895	115	796
47.62	966	894	72	796
47.64	1041	893	148	796
47.66	1063	892	171	797
47.68	1032	890	142	797
47.7	1075	889	186	797
47.72	1077	888	189	797
47.74	1161	887	274	798
47.76	1218	886	332	798
47.78	1276	885	391	798
47.8	1373	884	489	798
47.82	1464	884	580	799
47.84	1688	883	805	799
47.86	1819	882	937	799
47.88	1989	881	1108	799
47.9	2104	880	1224	800
47.92	2375	881	1494	800
47.94	2494	881	1613	800
47.96	2557	881	1676	800
47.98	2488	880	1608	801
48.0	2407	880	1527	801
48.02	2403	879	1524	801
48.04	2188	879	1309	801
48.06	2056	878	1178	801
48.08	1906	878	1028	802
48.1	1786	878	908	802
48.12	1647	877	770	802
48.14	1394	877	517	802
48.16	1349	877	472	802
48.18	1240	876	364	802
48.2	1028	876	152	803
48.22	1071	876	195	803
48.24	964	876	88	803
48.26	946	876	70	803
48.28	948	876	72	803
48.3	906	876	30	803
48.32	887	876	11	803
48.34	885	876	9	804
48.36	810	877	-67	804
48.38	856	878	-22	804
48.4	847	878	-31	804
48.42	831	880	-49	804
48.44	825	880	-55	804
48.46	800	881	-81	804
48.48	815	882	-67	804
48.5	768	883	-115	804
48.52	825	883	-58	804
48.54	876	884	-8	805
48.56	828	885	-57	805
48.58	809	887	-78	805
48.6	805	889	-84	805
48.62	848	891	-43	805
48.64	876	894	-18	805
48.66	784	896	-112	805
48.68	799	900	-101	805
48.7	821	903	-82	805
48.72	845	908	-63	805
48.74	838	913	-75	805
48.76	798	920	-122	805
48.78	892	927	-35	805
48.8	908	937	-29	805
48.82	932	948	-16	805
48.84	1012	963	49	805
48.86	1021	982	39	805
48.88	1184	1005	179	805
48.9	1212	1034	178	805
48.92	1298	1068	230	805
48.94	1422	1109	313	805
48.96	1465	1157	308	805
48.98	1398	1211	187	805
49.0	1372	1268	104	804
49.02	1378	1322	56	804
49.04	1228	1367	-139	804
49.06	1246	1399	-153	804
49.08	1203	1421	-218	804
49.1	1148	1433	-285	804
49.12	1079	1435	-356	804
49.14	1146	1428	-282	804
49.16	1061	1414	-353	804
49.18	1023	1390	-367	804
49.2	1057	1360	-303	804
49.22	1044	1326	-282	803
49.24	995	1289	-294	803
49.26	1041	1251	-210	803
49.28	967	1213	-246	803
49.3	963	1178	-215	803
49.32	915	1147	-232	803
49.34	953	1120	-167	803
49.36	937	1097	-160	802
49.38	888	1080	-192	802
49.4	923	1068	-145	802
49.42	904	1061	-157	802
49.44	862	1059	-197	802
49.46	814	1062	-248	802
49.48	823	1068	-245	801
49.5	862	1076	-214	801
49.52	948	1083	-135	801
49.54	870	1087	-217	801
49.56	900	1087	-187	801
49.58	950	1084	-134	800
49.6	1049	1079	-30	800
49.62	971	1073	-102	800
49.64	993	1066	-73	800
49.66	970	1057	-87	800
49.68	993	1045	-52	799
49.7	955	1033	-78	799
49.72	910	1018	-108	799
49.74	906	1004	-98	799
49.76	930	991	-61	798
49.78	880	979	-99	798
49.8	860	967	-107	798
49.82	835	957	-122	798
49.84	847	949	-102	797
49.86	810	942	-132	797
49.88	829	935	-106	797
49.9	834	930	-96	797
49.92	831	926	-95	796
49.94	794	923	-129	796
49.96	782	921	-139	796
49.98	791	919	-128	795
50.0	794	918	-124	795
50.02	831	917	-86	795
50.04	815	917	-102	795
50.06	818	919	-101	794
50.08	830	920	-90	794
50.1	817	921	-104	794
50.12	858	922	-64	793
50.14	777	924	-147	793
50.16	752	926	-174	793
50.18	811	928	-117	792
50.2	773	932	-159	792
50.22	757	934	-177	792
50.24	848	937	-89	791
50.26	842	941	-99	791
50.28	821	945	-124	791
50.3	793	949	-156	790
50.32	858	954	-96	790
50.34	880	959	-79	790
50.36	941	963	-22	789
50.38	944	968	-24	789
50.4	988	974	14	789
50.42	961	980	-19	788
50.44	1149	986	163	788
50.46	1107	994	113	787
50.48	1080	1001	79	787
50.5	1031	1008	23	787
50.52	1054	1014	40	786
50.54	972	1021	-49	786
50.56	1041	1028	13	786
50.58	1006	1034	-28	785
50.6	1023	1041	-18	785
50.62	987	1047	-60	784
50.64	933	1053	-120	784
50.66	942	1059	-117	784
50.68	925	1064	-139	783
50.7	915	1069	-154	783
50.72	881	1074	-193	782
50.74	847	1080	-233	782
50.76	916	1086	-170	781
50.78	887	1093	-206	781
50.8	860	1099	-239	781
50.82	919	1108	-189	780
50.84	895	1119	-224	780
50.86	968	1131	-163	779
50.88	977	1145	-168	779
50.9	1006	1161	-155	778
50.92	1022	1178	-156	778
50.94	1040	1195	-155	778
50.96	1068	1209	-141	777
50.98	1019	1217	-198	777
51.0	999	1219	-220	776
51.02	995	1217	-222	776
51.04	923	1211	-288	775
51.06	979	1203	-224	775
51.08	887	1193	-306	774
51.1	898	1181	-283	774
51.12	857	1166	-309	773
51.14	866	1148	-282	773
51.16	796	1130	-334	773
51.18	778	1112	-334	772
51.2	723	1093	-370	772
51.22	771	1075	-304	771
51.24	754	1058	-304	771
51.26	765	1042	-277	770
51.28	806	1028	-222	770
51.3	794	1014	-220	769
51.32	782	1002	-220	769
51.34	811	991	-180	768
51.36	828	981	-153	768
51.38	807	971	-164	767
51.4	820	962	-142	767
51.42	846	954	-108	766
51.44	822	947	-125	766
51.46	798	939	-141	765
51.48	837	932	-95	765
51.5	834	926	-92	764
51.52	845	921	-76	764
51.54	835	915	-80	763
51.56	855	911	-56	763
51.58	867	906	-39	762
51.6	834	901	-67	762
51.62	831	898	-67	761
51.64	861	893	-32	761
51.66	851	890	-39	760
51.68	934	886	48	760
51.7	914	883	31	759
51.72	985	879	106	759
51.74	971	876	95	758
51.76	965	874	91	758
51.78	986	871	115	757
51.8	939	868	71	756
51.82	934	866	68	756
51.84	901	864	37	755
51.86	946	861	85	755
51.88	907	860	47	754
51.9	917	858	59	754
51.92	878	856	22	753
51.94	886	854	32	753
51.96	824	853	-29	752
51.98	864	852	12	752
52.0	829	850	-21	751
52.02	853	847	6	751
52.04	890	846	44	750
52.06	925	845	80	749
52.08	860	845	15	749
52.1	829	844	-15	748
52.12	921	844	77	748
52.14	906	843	63	747
52.16	965	844	121	747
52.18	1061	844	217	746
52.2	1013	843	170	746
52.22	1024	842	182	745
52.24	988	840	148	745
52.26	958	839	119	744
52.28	959	837	122	743
52.3	980	836	144	743
52.32	921	834	87	742
52.34	885	833	52	742
52.36	932	831	101	741
52.38	871	830	41	741
52.4	882	828	54	740
52.42	884	827	57	740
52.44	867	825	42	739
52.46	783	824	-41	738
52.48	777	826	-49	738
52.5	763	825	-62	737
52.52	735	825	-90	737
52.54	824	828	-4	736
52.56	808	829	-21	736
52.58	814	831	-17	735
52.6	801	834	-33	735
52.62	844	838	6	734
52.64	857	842	15	733
52.66	896	848	48	733
52.68	767	853	-86	732
52.7	847	859	-12	732
52.72	859	863	-4	731
52.74	924	865	59	731
52.76	856	865	-9	730
52.78	966	864	102	730
52.8	852	863	-11	729
52.82	873	861	12	728
52.84	893	858	35	728
52.86	952	856	96	727
52.88	877	852	25	727
52.9	881	848	33	726
52.92	810	845	-35	726
52.94	886	843	43	725
52.96	849	840	9	724
52.98	852	839	13	724
53.0	850	837	13	723
53.02	941	837	104	723
53.04	969	837	132	722
53.06	909	838	71	722
53.08	980	840	140	721
53.1	985	843	142	721
53.12	1085	847	238	720
53.14	1095	854	241	719
53.16	1051	862	189	719
53.18	1062	871	191	718
53.2	1055	884	171	718
53.22	1064	899	165	717
53.24	1037	916	121	717
53.26	1063	936	127	716
53.28	994	956	38	716
53.3	961	975	-14	715
53.32	989	991	-2	715
53.34	902	1005	-103	714
53.36	886	1016	-130	713
53.38	884	1022	-138	713
53.4	805	1023	-218	712
53.42	861	1018	-157	712
53.44	871	1012	-141	711
53.46	876	1003	-127	711
53.48	928	992	-64	710
53.5	931	979	-48	710
53.52	1035	962	73	709
53.54	1021	945	76	709
53.56	958	926	32	708
53.58	966	909	57	707
53.6	971	893	78	707
53.62	862	877	-15	706
53.64	837	863	-26	706
53.66	860	849	11	705
53.68	818	837	-19	705
53.7	878	827	51	704
53.72	850	817	33	704
53.74	756	809	-53	703
53.76	769	801	-32	703
53.78	737	795	-58	702
53.8	763	789	-26	702
53.82	754	784	-30	701
53.84	743	780	-37	701
53.86	753	776	-23	700
53.88	763	772	-9	700
53.9	710	769	-59	699
53.92	753	766	-13	699
53.94	735	763	-28	698
53.96	762	759	3	698
53.98	753	757	-4	697
54.0	706	755	-49	697
54.02	684	753	-69	696
54.04	713	752	-39	696
54.06	696	750	-54	695
54.08	740	749	-9	695
54.1	729	747	-18	694
54.12	709	746	-37	694
54.14	730	745	-15	693
54.16	706	744	-38	693
54.18	718	743	-25	692
54.2	708	742	-34	692
54.22	736	741	-5	691
54.24	754	740	14	691
54.26	742	739	3	690
54.28	784	738	46	690
54.3	708	737	-29	689
54.32	763	737	26	689
54.34	679	734	-55	688
54.36	741	734	7	688
54.38	759	733	26	687
54.4	690	733	-43	687
54.42	735	732	3	686
54.44	706	732	-26	686
54.46	735	731	4	685
54.48	671	730	-59	685
54.5	735	730	5	685
54.52	632	730	-98	684
54.54	686	727	-41	684
54.56	734	727	7	683
54.58	664	727	-63	683
54.6	659	727	-68	682
54.62	719	727	-8	682
54.64	647	727	-80	681
54.66	686	727	-41	681
54.68	692	727	-35	681
54.7	645	727	-82	680
54.72	715	727	-12	680
54.74	654	727	-73	679
54.76	673	726	-53	679
54.78	674	726	-52	678
54.8	671	726	-55	678
54.82	712	729	-17	678
54.84	681	729	-48	677
54.86	731	730	1	677
54.88	680	731	-51	676
54.9	713	732	-19	676
54.92	739	733	6	676
54.94	744	734	10	675
54.96	761	735	26	675
54.98	764	737	27	674
55.0	722	738	-16	674
55.02	732	739	-7	674
55.04	747	739	8	673
55.06	709	741	-32	673
55.08	789	744	45	672
55.1	806	745	61	672
55.12	846	746	100	672
55.14	827	747	80	671
55.16	859	747	112	671
55.18	910	748	162	671
55.2	877	749	128	670
55.22	934	750	184	670
55.24	913	751	162	669
55.26	914	752	162	669
55.28	940	753	187	669
55.3	829	752	77	668
55.32	960	755	205	668
55.34	932	755	177	668
55.36	931	757	174	667
55.38	973	759	214	667
55.4	893	762	131	667
55.42	933	765	168	666
55.44	901	768	133	666
55.46	916	771	145	666
55.48	923	774	149	665
55.5	936	777	159	665
55.52	901	781	120	665
55.54	943	785	158	664
55.56	998	789	209	664
55.58	980	794	186	664
55.6	1037	800	237	663
55.62	1090	805	285	663
55.64	1052	810	242	663
55.66	1061	816	245	662
55.68	1108	822	286	662
55.7	1119	828	291	662
55.72	1098	834	264	661
55.74	1109	841	268	661
55.76	1107	848	259	661
55.78	1125	856	269	660
55.8	1092	864	228	660
55.82	1064	872	192	660
55.84	1035	881	154	659
55.86	1045	890	155	659
55.88	995	899	96	659
55.9	990	908	82	659
55.92	1006	918	88	658
55.94	960	928	32	658
55.96	994	938	56	658
55.98	957	948	9	657
56.0	978	958	20	657
56.02	989	968	21	657
56.04	1013	978	35	657
56.06	1040	988	52	656
56.08	1044	998	46	656
56.1	971	1009	-38	656
56.12	990	1020	-30	655
56.14	1024	1030	-6	655
56.16	1023	1041	-18	655
56.18	942	1052	-110	655
56.2	977	1064	-87	654
56.22	896	1077	-181	654
56.24	941	1093	-152	654
56.26	894	1110	-216	653
56.28	928	1131	-203	653
56.3	905	1155	-250	653
56.32	901	1181	-280	653
56.34	928	1209	-281	652
56.36	905	1234	-329	652
56.38	852	1253	-401	652
56.4	894	1261	-367	652
56.42	971	1261	-290	651
56.44	988	1256	-268	651
56.46	1062	1247	-185	651
56.48	1058	1235	-177	651
56.5	1138	1222	-84	650
56.52	1154	1208	-54	650
56.54	1132	1190	-58	650
56.56	1116	1169	-53	650
56.58	1067	1145	-78	649
56.6	1040	1123	-83	649
56.62	1087	1099	-12	649
56.64	1023	1075	-52	649
56.66	1005	1052	-47	649
56.68	969	1030	-61	648
56.7	988	1011	-23	648
56.72	955	993	-38	648
56.74	957	977	-20	648
56.76	989	963	26	647
56.78	975	950	25	647
56.8	1014	939	75	647
56.82	1039	929	110	647
56.84	1038	920	118	647
56.86	1164	913	251	646
56.88	1171	906	265	646
56.9	1213	899	314	646
56.92	1222	896	326	646
56.94	1227	892	335	645
56.96	1333	888	445	645
56.98	1304	884	420	645
57.0	1272	883	389	645
57.02	1240	881	359	645
57.04	1263	879	384	644
57.06	1203	878	325	644
57.08	1240	878	362	644
57.1	1253	878	375	644
57.12	1154	879	275	644
57.14	1113	880	233	643
57.16	1135	882	253	643
57.18	1124	885	239	643
57.2	1145	888	257	643
57.22	1099	893	206	643
57.24	1120	899	221	642
57.26	1164	906	258	642
57.28	1191	915	276	642
57.3	1395	926	469	642
57.32	1467	940	527	642
57.34	1640	957	683	642
57.36	1740	979	761	641
57.38	1747	1004	743	641
57.4	1742	1035	707	641
57.42	1654	1070	584	641
57.44	1596	1108	488	641
57.46	1512	1147	365	640
57.48	1510	1181	329	640
57.5	1459	1205	254	640
57.52	1427	1217	210	640
57.54	1382	1221	161	640
57.56	1309	1216	93	640
57.58	1234	1209	25	639
57.6	1263	1199	64	639
57.62	1071	1188	-117	639
57.64	985	1175	-190	639
57.66	1012	1157	-145	639
57.68	985	1136	-151	639
57.7	896	1112	-216	638
57.72	853	1087	-234	638
57.74	893	1062	-169	638
57.76	862	1037	-175	638
57.78	854	1015	-161	638
57.8	853	994	-141	638
57.82	857	976	-119	637
57.84	803	958	-155	637
57.86	833	945	-112	637
57.88	783	934	-151	637
57.9	797	925	-128	637
57.92	794	919	-125	637
57.94	806	914	-108	637
57.96	870	910	-40	636
57.98	762	907	-145	636
58.0	797	907	-110	636
58.02	829	908	-79	636
58.04	856	910	-54	636
58.06	866	914	-48	636
58.08	844	919	-75	636
58.1	870	927	-57	635
58.12	869	937	-68	635
58.14	874	949	-75	635
58.16	933	963	-30	635
58.18	923	981	-58	635
58.2	901	999	-98	635
58.22	1003	1023	-20	635
58.24	1069	1049	20	634
58.26	1135	1075	60	634
58.28	1132	1101	31	634
58.3	1251	1125	126	634
58.32	1338	1149	189	634
58.34	1476	1175	301	634
58.36	1533	1204	329	634
58.38	1576	1238	338	634
58.4	1736	1279	457	633
58.42	1906	1326	580	633
58.44	1958	1380	578	633
58.46	2026	1441	585	633
58.48	1909	1506	403	633
58.5	1931	1573	358	633
58.52	1822	1637	185	633
58.54	1763	1693	70	633
58.56	1734	1749	-15	632
58.58	1636	1810	-174	632
58.6	1785	1877	-92	632
58.62	1770	1951	-181	632
58.64	1797	2029	-232	632
58.66	1825	2100	-275	632
58.68	1972	2152	-180	632
58.7	2019	2172	-153	632
58.72	1996	2166	-170	631
58.74	2192	2145	47	631
58.76	2198	2114	84	631
58.78	2282	2079	203	631
58.8	2314	2041	273	631
58.82	2233	2002	231	631
58.84	2135	1958	177	631
58.86	2246	1906	340	631
58.88	2048	1848	200	631
58.9	2024	1788	236	630
58.92	1912	1727	185	630
58.94	1988	1667	321	630
58.96	1961	1608	353	630
58.98	1853	1554	299	630
59.0	1853	1503	350	630
59.02	1790	1457	333	630
59.04	1732	1415	317	630
59.06	1732	1377	355	630
59.08	1772	1343	429	630
59.1	1870	1311	559	629
59.12	1821	1282	539	629
59.14	1802	1254	548	629
59.16	1900	1229	671	629
59.18	1958	1206	752	629
59.2	2074	1184	890	629
59.22	2039	1163	876	629
59.24	2104	1143	961	629
59.26	2112	1125	987	629
59.28	2102	1107	995	629
59.3	2106	1090	1016	628
59.32	2071	1073	998	628
59.34	2050	1058	992	628
59.36	1934	1043	891	628
59.38	1944	1028	916	628
59.4	1801	1014	787	628
59.42	1758	1001	757	628
59.44	1629	988	641	628
59.46	1589	976	613	628
59.48	1505	964	541	628
59.5	1386	953	433	627
59.52	1289	942	347	627
59.54	1242	932	310	627
59.56	1205	922	283	627
59.58	1170	913	257	627
59.6	1115	904	211	627
59.62	1084	895	189	627
59.64	1026	887	139	627
59.66	999	879	120	627
59.68	953	871	82	627
59.7	911	864	47	627
59.72	922	856	66	626
59.74	927	849	78	626
59.76	860	845	15	626
59.78	896	839	57	626
59.8	832	833	-1	626
59.82	845	827	18	626
59.84	834	822	12	626
59.86	791	818	-27	626
59.88	799	813	-14	626
59.9	699	809	-110	626
59.92	799	805	-6	626
59.94	836	801	35	625
59.96	802	797	5	625
59.98	784	794	-10	625
60.0	763	790	-27	625
60.02	737	787	-50	625
60.04	763	784	-21	625
60.06	798	780	18	625
60.08	819	778	41	625
60.1	747	774	-27	625
60.12	796	772	24	625
60.14	794	770	24	625
60.16	809	768	41	624
60.18	780	767	13	624
60.2	822	767	55	624
60.22	825	766	59	624
60.24	848	765	83	624
60.26	889	762	127	624
60.28	893	761	132	624
60.3	892	761	131	624
60.32	948	761	187	624
60.34	919	761	158	624
60.36	965	761	204	624
60.38	952	762	190	624
60.4	931	763	168	623
60.42	914	764	150	623
60.44	994	765	229	623
60.46	926	768	158	623
60.48	975	770	205	623
60.5	903	774	129	623
60.52	886	778	108	623
60.54	870	784	86	623
60.56	874	791	83	623
60.58	892	800	92	623
60.6	862	810	52	623
60.62	814	822	-8	622
60.64	891	835	56	622
60.66	895	850	45	622
60.68	860	866	-6	622
60.7	917	881	36	622
60.72	1013	889	124	622
60.74	956	895	61	622
60.76	986	897	89	622
60.78	1114	898	216	622
60.8	1097	898	199	622
60.82	1197	896	301	622
60.84	1224	895	329	621
60.86	1246	893	353	621
60.88	1209	891	318	621
60.9	1236	885	351	621
60.92	1217	880	337	621
60.94	1220	874	346	621
60.96	1260	868	392	621
60.98	1232	862	370	621
61.0	1183	857	326	621
61.02	1183	851	332	621
61.04	1173	847	326	621
61.06	1122	843	279	620
61.08	1156	841	315	620
61.1	1043	838	205	620
61.12	979	836	143	620
61.14	987	834	153	620
61.16	966	833	133	620
61.18	878	832	46	620
61.2	904	831	73	620
61.22	883	830	53	620
61.24	870	830	40	620
61.26	832	829	3	620
61.28	814	829	-15	619
61.3	823	828	-5	619
61.32	805	828	-23	619
61.34	821	828	-7	619
61.36	732	828	-96	619
61.38	776	828	-52	619
61.4	829	828	1	619
61.42	776	828	-52	619
61.44	784	829	-45	619
61.46	824	830	-6	619
61.48	900	831	69	618
61.5	862	832	30	618
61.52	887	834	53	618
61.54	813	835	-22	618
61.56	890	838	52	618
61.58	839	842	-3	618
61.6	894	846	48	618
61.62	870	851	19	618
61.64	861	856	5	618
61.66	863	863	0	618
61.68	837	870	-33	617
61.7	861	879	-18	617
61.72	859	888	-29	617
61.74	818	897	-79	617
61.76	870	905	-35	617
61.78	785	913	-128	617
61.8	837	920	-83	617
61.82	942	927	15	617
61.84	855	933	-78	617
61.86	936	940	-4	616
61.88	962	949	13	616
61.9	992	958	34	616
61.92	988	968	20	616
61.94	1029	978	51	616
61.96	1032	989	43	616
61.98	1039	1000	39	616
62.0	1038	1011	27	616
62.02	1068	1022	46	616
62.04	1072	1030	42	615
62.06	1121	1035	86	615
62.08	1006	1038	-32	615
62.1	1036	1040	-4	615
62.12	986	1041	-55	615
62.14	922	1040	-118	615
62.16	929	1039	-110	615
62.18	945	1036	-91	615
62.2	901	1033	-132	614
62.22	908	1029	-121	614
62.24	850	1024	-174	614
62.26	860	1017	-157	614
62.28	763	1010	-247	614
62.3	720	1001	-281	614
62.32	724	992	-268	614
62.34	693	983	-290	614
62.36	740	975	-235	613
62.38	705	966	-261	613
62.4	703	956	-253	613
62.42	659	946	-287	613
62.44	680	937	-257	613
62.46	657	928	-271	613
62.48	625	919	-294	613
62.5	645	910	-265	612
62.52	603	901	-298	612
62.54	673	893	-220	612
62.56	691	885	-194	612
62.58	632	876	-244	612
62.6	628	868	-240	612
62.62	601	861	-260	612
62.64	644	853	-209	612
62.66	646	846	-200	611
62.68	616	838	-222	611
62.7	643	831	-188	611
62.72	634	825	-191	611
62.74	676	818	-142	611
62.76	645	812	-167	611
62.78	629	806	-177	610
62.8	641	800	-159	610
62.82	657	795	-138	610
62.84	635	790	-155	610
62.86	637	785	-148	610
62.88	609	780	-171	610
62.9	601	777	-176	610
62.92	633	773	-140	609
62.94	655	769	-114	609
62.96	618	765	-147	609
62.98	622	761	-139	609
63.0	622	758	-136	609
63.02	622	754	-132	609
63.04	621	751	-130	608
63.06	637	749	-112	608
63.08	671	746	-75	608
63.1	634	744	-110	608
63.12	592	742	-150	608
63.14	666	740	-74	608
63.16	580	738	-158	608
63.18	604	737	-133	607
63.2	643	735	-92	607
63.22	663	734	-71	607
63.24	620	734	-114	607
63.26	633	734	-101	607
63.28	649	734	-85	607
63.3	596	735	-139	606
63.32	622	737	-115	606
63.34	653	739	-86	606
63.36	652	743	-91	606
63.38	670	747	-77	606
63.4	648	751	-103	606
63.42	686	758	-72	605
63.44	639	767	-128	605
63.46	665	777	-112	605
63.48	652	790	-138	605
63.5	726	805	-79	605
63.52	733	824	-91	604
63.54	743	844	-101	604
63.56	775	866	-91	604
63.58	841	887	-46	604
63.6	847	905	-58	604
63.62	927	916	11	604
63.64	958	919	39	603
63.66	1010	918	92	603
63.68	1105	914	191	603
63.7	1070	909	161	603
63.72	1013	902	111	603
63.74	1032	896	136	603
63.76	973	889	84	602
63.78	966	881	85	602
63.8	967	870	97	602
63.82	933	857	76	602
63.84	917	844	73	602
63.86	967	831	136	601
63.88	882	817	65	601
63.9	898	802	96	601
63.92	818	789	29	601
63.94	829	776	53	601
63.96	787	764	23	601
63.98	825	754	71	600
64.0	838	744	94	600
64.02	792	736	56	600
64.04	882	728	154	600
64.06	791	722	69	600
64.08	830	716	114	599
64.1	765	711	54	599
64.12	786	706	80	599
64.14	793	702	91	599
64.16	817	698	119	599
64.18	808	695	113	599
64.2	824	692	132	598
64.22	803	690	113	598
64.24	768	687	81	598
64.26	809	685	124	598
64.28	809	683	126	598
64.3	754	682	72	597
64.32	729	680	49	597
64.34	705	679	26	597
64.36	744	678	66	597
64.38	753	677	76	597
64.4	761	676	85	597
64.42	724	676	48	596
64.44	727	675	52	596
64.46	698	675	23	596
64.48	743	675	68	596
64.5	731	675	56	596
64.52	745	677	68	595
64.54	683	677	6	595
64.56	725	678	47	595
64.58	740	679	61	595
64.6	649	680	-31	595
64.62	731	680	51	595
64.64	667	681	-14	594
64.66	719	681	38	594
64.68	692	681	11	594
64.7	734	681	53	594
64.72	712	683	29	594
64.74	687	683	4	593
64.76	714	684	30	593
64.78	693	684	9	593
64.8	657	685	-28	593
64.82	704	685	19	593
64.84	718	686	32	593
64.86	639	687	-48	592
64.88	741	688	53	592
64.9	705	690	15	592
64.92	705	692	13	592
64.94	707	694	13	592
64.96	774	696	78	591
64.98	715	697	18	591
65.0	807	698	109	591
65.02	790	700	90	591
65.04	709	701	8	591
65.06	789	700	89	591
65.08	793	702	91	590
65.1	827	703	124	590
65.12	812	706	106	590
65.14	836	707	129	590
65.16	867	708	159	590
65.18	905	710	195	589
65.2	972	712	260	589
65.22	1011	715	296	589
65.24	1028	718	310	589
65.26	1137	721	416	589
65.28	1119	724	395	589
65.3	1184	728	456	588
65.32	1235	732	503	588
65.34	1312	736	576	588
65.36	1347	739	608	588
65.38	1328	744	584	588
65.4	1403	749	654	588
65.42	1394	755	639	587
65.44	1394	761	633	587
65.46	1387	767	620	587
65.48	1432	774	658	587
65.5	1381	781	600	587
65.52	1313	787	526	587
65.54	1308	795	513	586
65.56	1351	804	547	586
65.58	1298	813	485	586
65.6	1301	822	479	586
65.62	1427	832	595	586
65.64	1366	842	524	586
65.66	1378	852	526	585
65.68	1450	862	588	585
65.7	1487	872	615	585
65.72	1418	883	535	585
65.74	1373	893	480	585
65.76	1451	904	547	585
65.78	1382	914	468	584
65.8	1327	925	402	584
65.82	1215	935	280	584
65.84	1223	946	277	584
65.86	1208	956	252	584
65.88	1210	967	243	584
65.9	1210	979	231	583
65.92	1190	992	198	583
65.94	1177	1005	172	583
65.96	1229	1021	208	583
65.98	1126	1038	88	583
66.0	1157	1058	99	583
66.02	1138	1081	57	582
66.04	1100	1109	-9	582
66.06	1180	1142	38	582
66.08	1195	1180	15	582
66.1	1194	1226	-32	582
66.12	1261	1281	-20	582
66.14	1325	1343	-18	582
66.16	1468	1413	55	581
66.18	1577	1485	92	581
66.2	1685	1552	133	581
66.22	1845	1605	240	581
66.24	1928	1634	294	581
66.26	1983	1641	342	581
66.28	2001	1635	366	581
66.3	2044	1619	425	580
66.32	2025	1599	426	580
66.34	1899	1577	322	580
66.36	1863	1555	308	580
66.38	1879	1534	345	580
66.4	1755	1509	246	580
66.42	1681	1478	203	580
66.44	1654	1439	215	579
66.46	1600	1397	203	579
66.48	1537	1352	185	579
66.5	1364	1307	57	579
66.52	1386	1263	123	579
66.54	1281	1221	60	579
66.56	1182	1181	1	579
66.58	1121	1145	-24	579
66.6	988	1112	-124	578
66.62	978	1083	-105	578
66.64	932	1057	-125	578
66.66	911	1035	-124	578
66.68	802	1017	-215	578
66.7	862	1002	-140	578
66.72	835	990	-155	578
66.74	856	982	-126	578
66.76	797	977	-180	577
66.78	781	975	-194	577
66.8	797	976	-179	577
66.82	822	981	-159	577
66.84	779	991	-212	577
66.86	784	1006	-222	577
66.88	743	1026	-283	577
66.9	784	1053	-269	577
66.92	773	1087	-314	576
66.94	757	1129	-372	576
66.96	800	1179	-379	576
66.98	849	1237	-388	576
67.0	828	1299	-471	576
67.02	801	1359	-558	576
67.04	946	1409	-463	576
67.06	817	1440	-623	576
67.08	960	1449	-489	576
67.1	995	1446	-451	576
67.12	995	1434	-439	575
67.14	1137	1416	-279	575
67.16	1229	1396	-167	575
67.18	1349	1376	-27	575
67.2	1450	1356	94	575
67.22	1594	1335	259	575
67.24	1683	1309	374	575
67.26	1790	1276	514	575
67.28	1780	1238	542	575
67.3	1803	1197	606	575
67.32	1698	1154	544	575
67.34	1609	1112	497	574
67.36	1571	1069	502	574
67.38	1511	1030	481	574
67.4	1519	993	526	574
67.42	1431	960	471	574
67.44	1418	929	489	574
67.46	1405	902	503	574
67.48	1386	877	509	574
67.5	1288	857	431	574
67.52	1175	838	337	574
67.54	1141	821	320	574
67.56	1061	806	255	574
67.58	974	792	182	574
67.6	873	780	93	574
67.62	907	770	137	573
67.64	810	760	50	573
67.66	791	751	40	573
67.68	790	744	46	573
67.7	770	736	34	573
67.72	757	730	27	573
67.74	743	724	19	573
67.76	710	717	-7	573
67.78	733	712	21	573
67.8	731	708	23	573
67.82	762	703	59	573
67.84	789	699	90	573
67.86	876	695	181	573
67.88	776	691	85	573
67.9	835	687	148	573
67.92	841	683	158	573
67.94	804	680	124	573
67.96	841	677	164	573
67.98	838	673	165	573
68.0	828	670	158	573
68.02	785	668	117	573
68.04	738	665	73	573
68.06	792	660	132	572
68.08	765	658	107	572
68.1	730	656	74	572
68.12	749	652	97	572
68.14	780	650	130	572
68.16	692	649	43	572
68.18	707	647	60	572
68.2	709	646	63	572
68.22	729	644	85	572
68.24	644	643	1	572
68.26	642	641	1	572
68.28	666	640	26	572
68.3	626	639	-13	572
68.32	625	638	-13	572
68.34	622	637	-15	572
68.36	635	636	-1	572
68.38	625	635	-10	572
68.4	634	634	0	572
68.42	655	635	20	572
68.44	605	634	-29	572
68.46	589	633	-44	572
68.48	626	633	-7	572
68.5	619	632	-13	572
68.52	600	631	-31	572
68.54	622	631	-9	572
68.56	640	630	10	572
68.58	643	630	13	572
68.6	630	629	1	572
68.62	585	629	-44	573
68.64	615	629	-14	573
68.66	618	628	-10	573
68.68	658	628	30	573
68.7	618	628	-10	573
68.72	627	628	-1	573
68.74	601	628	-27	573
68.76	639	628	11	573
68.78	574	625	-51	573
68.8	591	625	-34	573
68.82	569	625	-56	573
68.84	627	625	2	573
68.86	582	625	-43	573
68.88	611	625	-14	573
68.9	582	625	-43	573
68.92	618	628	-10	573
68.94	646	628	18	573
68.96	615	629	-14	573
68.98	633	631	2	573
69.0	609	632	-23	573
69.02	604	633	-29	573
69.04	607	634	-27	574
69.06	630	634	-4	574
69.08	621	635	-14	574
69.1	629	637	-8	574
69.12	677	638	39	574
69.14	659	639	20	574
69.16	651	641	10	574
69.18	656	642	14	574
69.2	670	644	26	574
69.22	643	647	-4	574
69.24	648	649	-1	574
69.26	710	652	58	574
69.28	661	655	6	575
69.3	674	658	16	575
69.32	680	662	18	575
69.34	707	666	41	575
69.36	705	674	31	575
69.38	709	679	30	575
69.4	700	686	14	575
69.42	719	694	25	575
69.44	758	703	55	575
69.46	782	713	69	575
69.48	722	726	-4	576
69.5	809	738	71	576
69.52	750	755	-5	576
69.54	836	774	62	576
69.56	826	797	29	576
69.58	916	822	94	576
69.6	881	849	32	576
69.62	1003	876	127	576
69.64	1014	901	113	577
69.66	1012	921	91	577
69.68	1071	934	137	577
69.7	1095	941	154	577
69.72	1091	944	147	577
69.74	1081	943	138	577
69.76	1014	940	74	577
69.78	1113	937	176	577
69.8	993	933	60	578
69.82	1035	930	105	578
69.84	1031	925	106	578
69.86	1086	920	166	578
69.88	1136	912	224	578
69.9	1174	903	271	578
69.92	1106	892	214	578
69.94	1127	881	246	579
69.96	1047	869	178	579
69.98	1002	858	144	579
70.0	1001	847	154	579
70.02	1068	837	231	579
70.04	1004	828	176	579
70.06	1000	820	180	579
70.08	1044	813	231	580
70.1	1036	807	229	580
70.12	1007	801	206	580
70.14	1011	796	215	580
70.16	1004	792	212	580
70.18	1003	788	215	580
70.2	995	785	210	580
70.22	897	781	116	581
70.24	927	778	149	581
70.26	886	775	111	581
70.28	813	772	41	581
70.3	846	769	77	581
70.32	829	767	62	581
70.34	832	764	68	582
70.36	844	761	83	582
70.38	837	757	80	582
70.4	785	755	30	582
70.42	754	750	4	582
70.44	834	747	87	582
70.46	768	744	24	583
70.48	739	740	-1	583
70.5	719	737	-18	583
70.52	729	734	-5	583
70.54	754	730	24	583
70.56	772	727	45	583
70.58	774	724	50	584
70.6	781	720	61	584
70.62	880	717	163	584
70.64	794	714	80	584
70.66	804	711	93	584
70.68	775	708	67	585
70.7	776	703	73	585
70.72	783	700	83	585
70.74	806	698	108	585
70.76	803	696	107	585
70.78	778	693	85	585
70.8	789	691	98	586
70.82	829	686	143	586
70.84	815	684	131	586
70.86	807	682	125	586
70.88	814	681	133	586
70.9	786	679	107	587
70.92	785	677	108	587
70.94	779	675	104	587
70.96	776	674	102	587
70.98	828	672	156	587
71.0	817	671	146	587
71.02	819	670	149	588
71.04	820	669	151	588
71.06	803	668	135	588
71.08	849	667	182	588
71.1	822	664	158	588
71.12	863	663	200	589
71.14	871	663	208	589
71.16	866	664	202	589
71.18	927	664	263	589
71.2	915	664	251	589
71.22	943	664	279	590
71.24	944	665	279	590
71.26	950	666	284	590
71.28	912	667	245	590
71.3	975	668	307	590
71.32	925	670	255	590
71.34	974	672	302	591
71.36	907	675	232	591
71.38	936	676	260	591
71.4	981	679	302	591
71.42	936	682	254	591
71.44	891	684	207	592
71.46	940	684	256	592
71.48	928	685	243	592
71.5	890	684	206	592
71.52	935	684	251	592
71.54	912	684	228	593
71.56	915	683	232	593
71.58	850	683	167	593
71.6	872	684	188	593
71.62	845	683	162	593
71.64	838	683	155	594
71.66	818	683	135	594
71.68	832	682	150	594
71.7	855	682	173	594
71.72	821	681	140	594
71.74	789	681	108	595
71.76	797	680	117	595
71.78	755	680	75	595
71.8	757	680	77	595
71.82	787	680	107	595
71.84	761	681	80	595
71.86	731	681	50	596
71.88	739	682	57	596
71.9	740	683	57	596
71.92	840	684	156	596
71.94	782	687	95	596
71.96	798	688	110	597
71.98	751	690	61	597
72.0	832	692	140	597
72.02	801	693	108	597
72.04	844	697	147	597
72.06	866	699	167	598
72.08	904	701	203	598
72.1	850	703	147	598
72.12	842	705	137	598
72.14	856	707	149	598
72.16	892	709	183	599
72.18	828	712	116	599
72.2	876	715	161	599
72.22	797	717	80	599
72.24	837	720	117	599
72.26	747	723	24	599
72.28	801	725	76	600
72.3	806	729	77	600
72.32	785	732	53	600
72.34	796	736	60	600
72.36	768	740	28	600
72.38	748	743	5	601
72.4	742	747	-5	601
72.42	702	752	-50	601
72.44	694	756	-62	601
72.46	692	759	-67	601
72.48	752	765	-13	601
72.5	654	769	-115	602
72.52	666	773	-107	602
72.54	645	775	-130	602
72.56	684	777	-93	602
72.58	617	781	-164	602
72.6	690	784	-94	602
72.62	686	788	-102	603
72.64	647	792	-145	603
72.66	647	796	-149	603
72.68	668	801	-133	603
72.7	661	807	-146	603
72.72	685	814	-129	603
72.74	666	820	-154	604
72.76	723	826	-103	604
72.78	724	832	-108	604
72.8	719	835	-116	604
72.82	742	837	-95	604
72.84	791	836	-45	604
72.86	739	834	-95	605
72.88	731	831	-100	605
72.9	684	827	-143	605
72.92	729	824	-95	605
72.94	668	820	-152	605
72.96	684	817	-133	605
72.98	663	813	-150	606
73.0	679	808	-129	606
73.02	660	803	-143	606
73.04	690	799	-109	606
73.06	683	792	-109	606
73.08	681	786	-105	606
73.1	673	779	-106	606
73.12	663	773	-110	607
73.14	651	766	-115	607
73.16	666	760	-94	607
73.18	642	754	-112	607
73.2	611	749	-138	607
73.22	658	743	-85	607
73.24	641	739	-98	607
73.26	631	734	-103	608
73.28	637	730	-93	608
73.3	625	727	-102	608
73.32	613	722	-109	608
73.34	593	719	-126	608
73.36	618	718	-100	608
73.38	589	714	-125	608
73.4	623	713	-90	608
73.42	613	712	-99	609
73.44	579	711	-132	609
73.46	640	711	-71	609
73.48	626	712	-86	609
73.5	625	712	-87	609
73.52	625	713	-88	609
73.54	595	714	-119	609
73.56	641	714	-73	609
73.58	603	714	-111	609
73.6	631	714	-83	610
73.62	654	713	-59	610
73.64	616	712	-96	610
73.66	658	711	-53	610
73.68	657	710	-53	610
73.7	641	708	-67	610
73.72	634	708	-74	610
73.74	671	707	-36	610
73.76	655	706	-51	610
73.78	684	705	-21	611
73.8	691	702	-11	611
73.82	679	701	-22	611
73.84	740	701	39	611
73.86	759	700	59	611
73.88	692	699	-7	611
73.9	798	696	102	611
73.92	772	696	76	611
73.94	736	695	41	611
73.96	730	695	35	611
73.98	762	695	67	611
74.0	802	695	107	611
74.02	765	695	70	612
74.04	813	695	118	612
74.06	839	696	143	612
74.08	841	699	142	612
74.1	763	700	63	612
74.12	765	701	64	612
74.14	798	702	96	612
74.16	764	704	60	612
74.18	817	705	112	612
74.2	795	707	88	612
74.22	850	709	141	612
74.24	773	711	62	612
74.26	778	713	65	612
74.28	815	715	100	612
74.3	771	718	53	613
74.32	826	721	105	613
74.34	784	723	61	613
74.36	813	726	87	613
74.38	851	730	121	613
74.4	856	732	124	613
74.42	802	735	67	613
74.44	821	739	82	613
74.46	811	743	68	613
74.48	827	747	80	613
74.5	830	752	78	613
74.52	819	757	62	613
74.54	926	762	164	613
74.56	877	767	110	613
74.58	897	773	124	613
74.6	895	779	116	613
74.62	928	785	143	613
74.64	917	791	126	613
74.66	879	798	81	613
74.68	945	805	140	613
74.7	870	812	58	613
74.72	910	819	91	613
74.74	950	827	123	613
74.76	899	834	65	613
74.78	872	842	30	613
74.8	915	849	66	613
74.82	899	856	43	613
74.84	921	866	55	614
74.86	883	872	11	614
74.88	887	879	8	614
74.9	920	885	35	614
74.92	937	890	47	614
74.94	892	895	-3	614
74.96	1038	899	139	614
74.98	961	903	58	614
75.0	980	907	73	614
75.02	971	910	61	614
75.04	971	912	59	614
75.06	977	914	63	614
75.08	946	916	30	614
75.1	989	917	72	614
75.12	963	918	45	614
75.14	968	918	50	614
75.16	895	919	-24	614
75.18	978	919	59	614
75.2	944	917	27	614
75.22	931	917	14	614
75.24	925	915	10	614
75.26	932	913	19	613
75.28	904	911	-7	613
75.3	823	908	-85	613
75.32	881	906	-25	613
75.34	839	903	-64	613
75.36	787	901	-114	613
75.38	831	899	-68	613
75.4	797	896	-99	613
75.42	829	896	-67	613
75.44	744	894	-150	613
75.46	782	893	-111	613
75.48	764	891	-127	613
75.5	751	890	-139	613
75.52	768	889	-121	613
75.54	738	889	-151	613
75.56	801	890	-89	613
75.58	771	891	-120	613
75.6	785	892	-107	613
75.62	847	895	-48	613
75.64	867	898	-31	613
75.66	912	902	10	613
75.68	1013	910	103	613
75.7	1096	918	178	613
75.72	1229	927	302	613
75.74	1328	938	390	613
75.76	1357	951	406	613
75.78	1552	968	584	613
75.8	1502	988	514	612
75.82	1511	1013	498	612
75.84	1549	1041	508	612
75.86	1452	1072	380	612
75.88	1416	1107	309	612
75.9	1397	1143	254	612
75.92	1242	1179	63	612
75.94	1225	1209	16	612
75.96	1282	1230	52	612
75.98	1291	1240	51	612
76.0	1333	1243	90	612
76.02	1329	1243	86	612
76.04	1266	1241	25	612
76.06	1227	1236	-9	612
76.08	1193	1230	-37	611
76.1	1188	1226	-38	611
76.12	1082	1220	-138	611
76.14	1094	1213	-119	611
76.16	1036	1203	-167	611
76.18	988	1191	-203	611
76.2	931	1176	-245	611
76.22	993	1158	-165	611
76.24	948	1138	-190	611
76.26	952	1118	-166	611
76.28	983	1098	-115	611
76.3	978	1079	-101	610
76.32	937	1060	-123	610
76.34	1008	1043	-35	610
76.36	970	1027	-57	610
76.38	940	1014	-74	610
76.4	995	1002	-7	610
76.42	988	992	-4	610
76.44	939	986	-47	610
76.46	976	980	-4	610
76.48	958	976	-18	610
76.5	1016	976	40	609
76.52	978	978	0	609
76.54	1017	982	35	609
76.56	1046	991	55	609
76.58	993	1002	-9	609
76.6	1109	1018	91	609
76.62	1130	1037	93	609
76.64	1175	1060	115	609
76.66	1303	1086	217	608
76.68	1359	1112	247	608
76.7	1456	1140	316	608
76.72	1513	1163	350	608
76.74	1568	1184	384	608
76.76	1504	1195	309	608
76.78	1580	1202	378	608
76.8	1548	1205	343	607
76.82	1601	1207	394	607
76.84	1582	1209	373	607
76.86	1571	1212	359	607
76.88	1669	1218	451	607
76.9	1678	1225	453	607
76.92	1570	1233	337	607
76.94	1677	1245	432	606
76.96	1634	1255	379	606
76.98	1588	1265	323	606
77.0	1652	1274	378	606
77.02	1589	1284	305	606
77.04	1581	1294	287	606
77.06	1499	1304	195	606
77.08	1497	1314	183	605
77.1	1497	1321	176	605
77.12	1466	1328	138	605
77.14	1464	1335	129	605
77.16	1429	1344	85	605
77.18	1318	1357	-39	605
77.2	1315	1373	-58	604
77.22	1342	1394	-52	604
77.24	1325	1421	-96	604
77.26	1325	1452	-127	604
77.28	1297	1488	-191	604
77.3	1358	1525	-167	603
77.32	1421	1561	-140	603
77.34	1307	1589	-282	603
77.36	1321	1603	-282	603
77.38	1247	1607	-360	603
77.4	1365	1601	-236	603
77.42	1353	1589	-236	602
77.44	1385	1571	-186	602
77.46	1428	1550	-122	602
77.48	1494	1528	-34	602
77.5	1491	1506	-15	602
77.52	1562	1486	76	601
77.54	1608	1466	142	601
77.56	1649	1446	203	601
77.58	1732	1425	307	601
77.6	1699	1400	299	601
77.62	1675	1374	301	600
77.64	1596	1346	250	600
77.66	1610	1317	293	600
77.68	1605	1289	316	600
77.7	1517	1260	257	600
77.72	1477	1233	244	599
77.74	1457	1208	249	599
77.76	1420	1186	234	599
77.78	1404	1167	237	599
77.8	1438	1152	286	598
77.82	1444	1141	303	598
77.84	1412	1134	278	598
77.86	1333	1132	201	598
77.88	1387	1135	252	598
77.9	1284	1143	141	597
77.92	1284	1156	128	597
77.94	1263	1174	89	597
77.96	1151	1195	-44	597
77.98	1169	1218	-49	596
78.0	1154	1239	-85	596
78.02	1121	1253	-132	596
78.04	1133	1258	-125	596
78.06	1063	1251	-188	595
78.08	1116	1241	-125	595
78.1	1155	1226	-71	595
78.12	1261	1209	52	595
78.14	1299	1191	108	594
78.16	1328	1174	154	594
78.18	1417	1158	259	594
78.2	1523	1144	379	594
78.22	1623	1130	493	593
78.24	1699	1116	583	593
78.26	1677	1100	577	593
78.28	1600	1080	520	593
78.3	1562	1058	504	592
78.32	1420	1035	385	592
78.34	1311	1011	300	592
78.36	1284	987	297	592
78.38	1235	963	272	591
78.4	1237	939	298	591
78.42	1250	917	333	591
78.44	1189	897	292	591
78.46	1231	877	354	590
78.48	1241	860	381	590
78.5	1191	844	347	590
78.52	1107	829	278	589
78.54	1072	815	257	589
78.56	942	799	143	589
78.58	913	787	126	589
78.6	904	777	127	588
78.62	817	768	49	588
78.64	851	757	94	588
78.66	795	749	46	587
78.68	761	742	19	587
78.7	749	736	13	587
78.72	695	730	-35	586
78.74	753	724	29	586
78.76	754	719	35	586
78.78	715	714	1	586
78.8	666	707	-41	585
78.82	649	703	-54	585
78.84	639	699	-60	585
78.86	626	695	-69	584
78.88	634	691	-57	584
78.9	639	688	-49	584
78.92	650	685	-35	583
78.94	644	682	-38	583
78.96	593	677	-84	583
78.98	667	674	-7	582
79.0	628	672	-44	582
79.02	653	670	-17	582
79.04	609	668	-59	581
79.06	671	666	5	581
79.08	678	664	14	581
79.1	643	662	-19	581
79.12	660	660	0	580
79.14	588	659	-71	580
79.16	640	657	-17	580
79.18	658	657	1	579
79.2	665	656	9	579
79.22	704	654	50	578
79.24	630	652	-22	578
79.26	622	651	-29	578
79.28	641	651	-10	577
79.3	619	650	-31	577
79.32	632	649	-17	577
79.34	577	648	-71	576
79.36	639	647	-8	576
79.38	599	650	-51	576
79.4	601	650	-49	575
79.42	593	650	-57	575
79.44	671	650	21	575
79.46	631	650	-19	574
79.48	643	650	-7	574
79.5	653	651	2	574
79.52	620	651	-31	573
79.54	655	650	5	573
79.56	626	651	-25	572
79.58	669	652	17	572
79.6	616	654	-38	572
79.62	610	656	-46	571
79.64	637	658	-21	571
79.66	605	661	-56	571
79.68	614	664	-50	570
79.7	627	670	-43	570
79.72	643	674	-31	569
79.74	608	679	-71	569
79.76	634	684	-50	569
79.78	618	691	-73	568
79.8	623	698	-75	568
79.82	614	704	-90	567
79.84	660	711	-51	567
79.86	598	717	-119	567
79.88	606	722	-116	566
79.9	537	726	-189	566
79.92	652	728	-76	565
79.94	604	730	-126	565
79.96	620	732	-112	565
79.98	629	734	-105	564
80.0	629	736	-107	564
80.02	667	738	-71	563
80.04	667	739	-72	563
80.06	715	744	-29	563
80.08	682	749	-67	562
80.1	671	753	-82	562
80.12	655	756	-101	561
80.14	690	759	-69	561
80.16	642	763	-121	561
80.18	663	765	-102	560
80.2	681	764	-83	560
80.22	673	764	-91	559
80.24	670	765	-95	559
80.26	678	766	-88	558
80.28	665	767	-102	558
80.3	694	770	-76	558
80.32	714	773	-59	557
80.34	751	777	-26	557
80.36	763	782	-19	556
80.38	708	787	-79	556
80.4	723	791	-68	555
80.42	731	794	-63	555
80.44	761	795	-34	554
80.46	670	798	-128	554
80.48	704	797	-93	554
80.5	678	795	-117	553
80.52	676	793	-117	553
80.54	691	789	-98	552
80.56	685	783	-98	552
80.58	665	776	-111	551
80.6	681	768	-87	551
80.62	656	762	-106	550
80.64	655	756	-101	550
80.66	642	750	-108	549
80.68	659	744	-85	549
80.7	606	737	-131	548
80.72	611	728	-117	548
80.74	632	722	-90	548
80.76	609	715	-106	547
80.78	625	708	-83	547
80.8	607	700	-93	546
80.82	591	693	-102	546
80.84	571	686	-115	545
80.86	578	679	-101	545
80.88	543	672	-129	544
80.9	603	665	-62	544
80.92	617	660	-43	543
80.94	592	653	-61	543
80.96	611	648	-37	542
80.98	608	644	-36	542
81.0	586	640	-54	541
81.02	648	637	11	541
81.04	620	636	-16	540
81.06	603	633	-30	540
81.08	623	630	-7	539
81.1	662	628	34	539
81.12	680	626	54	538
81.14	654	625	29	538
81.16	645	623	22	537
81.18	614	623	-9	537
81.2	578	621	-43	536
81.22	558	621	-63	536
81.24	590	619	-29	535
81.26	583	619	-36	535
81.28	605	617	-12	534
81.3	550	619	-69	534
81.32	637	621	16	533
81.34	595	623	-28	533
81.36	647	626	21	532
81.38	602	628	-26	531
81.4	594	632	-38	531
81.42	553	636	-83	530
81.44	526	639	-113	530
81.46	572	643	-71	529
81.48	510	647	-137	529
81.5	581	649	-68	528
81.52	563	650	-87	528
81.54	531	650	-119	527
81.56	517	650	-133	527
81.58	525	649	-124	526
81.6	524	647	-123	526
81.62	561	645	-84	525
81.64	573	643	-70	524
81.66	581	641	-60	524
81.68	546	639	-93	523
81.7	583	637	-54	523
81.72	555	635	-80	522
81.74	543	632	-89	522
81.76	542	629	-87	521
81.78	545	626	-81	521
81.8	568	623	-55	520
81.82	511	619	-108	519
81.84	569	616	-47	519
81.86	484	612	-128	518
81.88	590	608	-18	518
81.9	530	605	-75	517
81.92	527	601	-74	517
81.94	552	598	-46	516
81.96	545	594	-49	515
81.98	569	592	-23	515
82.0	539	589	-50	514
82.02	558	586	-28	514
82.04	549	584	-35	513
82.06	546	582	-36	513
82.08	578	580	-2	512
82.1	595	579	16	511
82.12	551	578	-27	511
82.14	540	577	-37	510
82.16	624	576	48	510
82.18	651	575	76	509
82.2	673	575	98	508
82.22	753	576	177	508
82.24	738	576	162	507
82.26	828	577	251	507
82.28	845	578	267	506
82.3	872	580	292	505
82.32	813	583	230	505
82.34	819	586	233	504
82.36	790	590	200	504
82.38	791	594	197	503
82.4	768	600	168	502
82.42	727	606	121	502
82.44	710	613	97	501
82.46	683	623	60	501
82.48	691	634	57	500
82.5	682	646	36	500
82.52	727	658	69	499
82.54	659	670	-11	498
82.56	655	681	-26	498
82.58	633	688	-55	497
82.6	616	690	-74	496
82.62	620	690	-70	496
82.64	578	688	-110	495
82.66	593	684	-91	495
82.68	540	680	-140	494
82.7	533	675	-142	493
82.72	503	671	-168	493
82.74	520	667	-147	492
82.76	526	664	-138	492
82.78	502	661	-159	491
82.8	468	658	-190	490
82.82	457	654	-197	490
82.84	515	650	-135	489
82.86	478	643	-165	489
82.88	509	637	-128	488
82.9	498	630	-132	487
82.92	551	624	-73	487
82.94	564	617	-53	486
82.96	503	612	-109	486
82.98	630	607	23	485
83.0	671	601	70	484
83.02	701	595	106	484
83.04	678	590	88	483
83.06	619	584	35	483
83.08	628	579	49	482
83.1	557	577	-20	481
83.12	550	572	-22	481
83.14	542	568	-26	480
83.16	558	565	-7	479
83.18	609	562	47	479
83.2	606	559	47	478
83.22	576	556	20	478
83.24	573	554	19	477
83.26	598	553	45	476
83.28	610	551	59	476
83.3	597	550	47	475
83.32	545	549	-4	475
83.34	556	548	8	474
83.36	556	547	9	473
83.38	549	547	2	473
83.4	589	546	43	472
83.42	528	549	-21	472
83.44	517	549	-32	471
83.46	560	551	9	470
83.48	563	552	11	470
83.5	494	555	-61	469
83.52	494	555	-61	469
83.54	514	558	-44	468
83.56	513	561	-48	467
83.58	521	563	-42	467
83.6	533	565	-32	466
83.62	511	564	-53	466
83.64	507	566	-59	465
83.66	557	566	-9	464
83.68	521	566	-45	464
83.7	528	565	-37	463
83.72	511	564	-53	463
83.74	538	564	-26	462
83.76	561	564	-3	461
83.78	513	565	-52	461
83.8	587	565	22	460
83.82	554	566	-12	460
83.84	578	566	12	459
83.86	578	566	12	458
83.88	578	565	13	458
83.9	573	565	8	457
83.92	544	564	-20	457
83.94	589	563	26	456
83.96	546	562	-16	455
83.98	551	561	-10	455
84.0	586	560	26	454
84.02	550	559	-9	454
84.04	516	558	-42	453
84.06	554	558	-4	452
84.08	536	560	-24	452
84.1	557	560	-3	451
84.12	565	561	4	451
84.14	534	562	-28	450
84.16	566	564	2	450
84.18	520	565	-45	449
84.2	513	567	-54	448
84.22	501	569	-68	448
84.24	547	570	-23	447
84.26	496	571	-75	447
84.28	502	571	-69	446
84.3	535	570	-35	446
84.32	555	568	-13	445
84.34	513	566	-53	444
84.36	526	564	-38	444
84.38	530	564	-34	443
84.4	571	562	9	443
84.42	551	560	-9	442
84.44	540	559	-19	442
84.46	530	558	-28	441
84.48	495	558	-63	440
84.5	481	558	-77	440
84.52	574	554	20	439
84.54	517	554	-37	439
84.56	525	555	-30	438
84.58	540	556	-16	438
84.6	552	557	-5	437
84.62	530	560	-30	437
84.64	511	563	-52	436
84.66	506	566	-60	435
84.68	550	572	-22	435
84.7	548	579	-31	434
84.72	553	587	-34	434
84.74	542	597	-55	433
84.76	595	609	-14	433
84.78	551	622	-71	432
84.8	607	638	-31	432
84.82	583	652	-69	431
84.84	587	664	-77	431
84.86	566	673	-107	430
84.88	580	678	-98	430
84.9	554	678	-124	429
84.92	572	676	-104	429
84.94	632	671	-39	428
84.96	654	665	-11	428
84.98	708	659	49	427
85.0	629	653	-24	427
85.02	710	647	63	426
85.04	703	642	61	426
85.06	675	638	37	425
85.08	687	634	53	424
85.1	613	631	-18	424
85.12	612	626	-14	423
85.14	601	619	-18	423
85.16	642	612	30	423
85.18	531	600	-69	422
85.2	556	591	-35	422
85.22	562	582	-20	421
85.24	561	573	-12	421
85.26	608	564	44	420
85.28	535	556	-21	420
85.3	553	547	6	419
85.32	556	539	17	419
85.34	539	532	7	418
85.36	522	525	-3	418
85.38	527	519	9	417
85.4	507	513	-6	417
85.42	510	507	3	416
85.44	478	503	-25	416
85.46	476	498	-22	415
85.48	474	494	-20	415
85.5	457	490	-33	414
85.52	413	487	-74	414
85.54	449	483	-34	414
85.56	429	478	-49	413
85.58	418	475	-57	413
85.6	431	471	-40	412
85.62	458	468	-10	412
85.64	479	466	13	411
85.66	445	464	-19	411
85.68	453	462	-9	411
85.7	434	460	-26	410
85.72	469	458	11	410
85.74	455	456	-1	409
85.76	407	456	-49	409
85.78	454	455	-1	408
85.8	474	454	20	408
85.82	461	453	8	408
85.84	429	451	-22	407
85.86	439	450	-11	407
85.88	479	449	30	406
85.9	429	448	-19	406
85.92	447	447	0	406
85.94	447	446	1	405
85.96	423	445	-22	405
85.98	450	444	6	404
86.0	438	442	-4	404
86.02	445	441	4	404
86.04	404	441	-37	403
86.06	423	439	-16	403
86.08	395	438	-43	403
86.1	414	436	-22	402
86.12	412	435	-23	402
86.14	367	436	-69	401
86.16	416	435	-19	401
86.18	436	434	2	401
86.2	417	433	-16	400
86.22	400	432	-32	400
86.24	421	431	-10	400
86.26	410	429	-19	399
86.28	396	428	-32	399
86.3	400	427	-27	399
86.32	414	426	-12	398
86.34	413	426	-13	398
86.36	434	423	11	398
86.38	416	422	-6	397
86.4	409	422	-13	397
86.42	401	422	-21	397
86.44	390	421	-31	396
86.46	444	421	23	396
86.48	378	420	-42	396
86.5	410	420	-10	396
86.52	423	420	3	395
86.54	425	419	6	395
86.56	394	419	-25	395
86.58	384	419	-35	394
86.6	395	420	-25	394
86.62	437	420	17	394
86.64	388	420	-32	394
86.66	408	420	-12	393
86.68	379	420	-41	393
86.7	399	421	-22	393
86.72	398	421	-23	393
86.74	429	422	7	392
86.76	427	422	5	392
86.78	436	423	13	392
86.8	449	424	25	391
86.82	406	425	-19	391
86.84	404	427	-23	391
86.86	421	429	-8	391
86.88	399	431	-32	390
86.9	449	433	16	390
86.92	396	436	-40	390
86.94	472	440	32	390
86.96	428	443	-15	390
86.98	420	447	-27	389
87.0	415	451	-36	389
87.02	433	455	-22	389
87.04	392	458	-66	389
87.06	426	459	-33	388
87.08	450	459	-9	388
87.1	468	459	9	388
87.12	428	459	-31	388
87.14	448	458	-10	388
87.16	481	457	24	387
87.18	404	456	-52	387
87.2	428	455	-27	387
87.22	461	454	7	387
87.24	489	454	35	387
87.26	478	454	24	386
87.28	450	454	-4	386
87.3	476	453	23	386
87.32	448	453	-5	386
87.34	412	452	-40	386
87.36	456	451	5	386
87.38	428	450	-22	385
87.4	479	449	30	385
87.42	460	448	12	385
87.44	435	446	-11	385
87.46	453	445	8	385
87.48	473	444	29	385
87.5	459	443	16	385
87.52	466	441	25	384
87.54	429	440	-11	384
87.56	423	439	-16	384
87.58	438	438	0	384
87.6	474	438	36	384
87.62	430	437	-7	384
87.64	391	437	-46	384
87.66	446	436	10	383
87.68	408	436	-28	383
87.7	478	435	43	383
87.72	456	435	21	383
87.74	416	434	-18	383
87.76	430	434	-4	383
87.78	442	434	8	383
87.8	419	433	-14	383
87.82	408	433	-25	382
87.84	420	432	-12	382
87.86	443	432	11	382
87.88	437	431	6	382
87.9	457	431	26	382
87.92	439	430	9	382
87.94	438	430	8	382
87.96	479	429	50	382
87.98	474	428	46	382
88.0	474	427	47	382
88.02	459	427	32	382
88.04	516	429	87	381
88.06	459	428	31	381
88.08	466	427	39	381
88.1	478	427	51	381
88.12	522	426	96	381
88.14	503	426	77	381
88.16	507	425	82	381
88.18	476	425	51	381
88.2	507	425	82	381
88.22	496	424	72	381
88.24	506	424	82	381
88.26	517	424	93	381
88.28	477	424	53	381
88.3	478	424	54	381
88.32	490	424	66	381
88.34	459	424	35	381
88.36	494	424	70	381
88.38	499	424	75	381
88.4	516	425	91	381
88.42	503	426	77	380
88.44	490	427	63	380
88.46	482	430	52	380
88.48	497	434	63	380
88.5	469	434	35	380
88.52	477	436	41	380
88.54	456	437	19	380
88.56	477	437	40	380
88.58	465	437	28	380
88.6	480	437	43	380
88.62	475	436	39	380
88.64	529	436	93	380
88.66	489	435	54	380
88.68	532	435	97	380
88.7	470	436	34	380
88.72	440	436	4	380
88.74	514	436	78	380
88.76	513	436	77	380
88.78	503	437	66	380
88.8	520	437	83	380
88.82	501	437	64	380
88.84	481	438	43	380
88.86	464	438	26	380
88.88	491	439	52	380
88.9	493	440	53	380
88.92	528	443	85	380
88.94	542	445	97	381
88.96	559	447	112	381
88.98	553	449	104	381
89.0	553	452	101	381
89.02	558	455	103	381
89.04	580	457	123	381
89.06	616	460	156	381
89.08	584	462	122	381
89.1	607	463	144	381
89.12	600	464	136	381
89.14	591	465	126	381
89.16	613	467	146	381
89.18	576	467	109	381
89.2	634	467	167	381
89.22	603	466	137	381
89.24	591	465	126	381
89.26	600	463	137	381
89.28	643	460	183	381
89.3	672	458	214	381
89.32	673	457	216	382
89.34	698	453	245	382
89.36	677	452	225	382
89.38	743	450	293	382
89.4	679	448	231	382
89.42	720	447	273	382
89.44	689	445	244	382
89.46	749	443	306	382
89.48	716	441	275	382
89.5	718	439	279	382
89.52	690	436	254	382
89.54	735	434	301	382
89.56	693	432	261	383
89.58	690	430	260	383
89.6	642	427	215	383
89.62	705	427	278	383
89.64	647	426	221	383
89.66	625	424	201	383
89.68	621	423	198	383
89.7	711	422	289	383
89.72	624	421	203	383
89.74	615	420	195	383
89.76	599	420	179	384
89.78	604	419	185	384
89.8	606	419	187	384
89.82	559	418	141	384
89.84	548	418	130	384
89.86	539	418	121	384
89.88	542	419	123	384
89.9	543	418	125	384
89.92	531	419	112	385
89.94	520	416	104	385
89.96	472	415	57	385
89.98	451	413	38	385
90.0	446	408	38	385
90.02	450	410	40	385
90.04	472	410	62	385
90.06	434	410	24	386
90.08	477	409	68	386
90.1	450	409	41	386
90.12	450	409	41	386
90.14	456	409	47	386
90.16	452	409	43	386
90.18	435	409	26	386
90.2	456	409	47	387
90.22	422	409	13	387
90.24	480	409	71	387
90.26	443	409	34	387
90.28	411	409	2	387
90.3	416	408	8	387
90.32	465	408	57	388
90.34	442	408	34	388
90.36	444	409	35	388
90.38	497	407	90	388
90.4	428	407	21	388
90.42	482	407	75	388
90.44	449	407	42	389
90.46	432	407	25	389
90.48	446	405	41	389
90.5	440	406	34	389
90.52	406	406	0	389
90.54	484	406	78	389
90.56	437	409	28	390
90.58	482	410	72	390
90.6	438	410	28	390
90.62	465	411	54	390
90.64	459	412	47	390
90.66	436	413	23	391
90.68	492	413	79	391
90.7	485	414	71	391
90.72	443	415	28	391
90.74	461	417	44	391
90.76	440	418	22	392
90.78	474	419	55	392
90.8	470	421	49	392
90.82	444	423	21	392
90.84	468	425	43	392
90.86	451	428	23	393
90.88	487	430	57	393
90.9	489	433	56	393
90.92	502	436	66	393
90.94	466	440	26	393
90.96	481	443	38	394
90.98	470	447	23	394
91.0	473	451	22	394
91.02	471	457	14	394
91.04	450	460	-10	395
91.06	470	463	7	395
91.08	486	466	20	395
91.1	505	467	38	395
91.12	496	468	28	395
91.14	499	469	30	396
91.16	457	469	-12	396
91.18	481	469	12	396
91.2	490	469	21	396
91.22	495	469	26	397
91.24	515	469	46	397
91.26	500	469	31	397
91.28	484	469	15	397
91.3	522	470	52	398
91.32	538	471	67	398
91.34	519	471	48	398
91.36	489	471	18	398
91.38	522	472	50	398
91.4	564	472	92	399
91.42	504	472	32	399
91.44	479	472	7	399
91.46	551	471	80	399
91.48	504	471	33	400
91.5	469	471	-2	400
91.52	460	471	-11	400
91.54	457	471	-14	400
91.56	440	471	-31	401
91.58	505	472	33	401
91.6	472	472	0	401
91.62	479	473	6	401
91.64	517	474	43	402
91.66	472	475	-3	402
91.68	463	476	-13	402
91.7	490	477	13	403
91.72	472	479	-7	403
91.74	467	480	-13	403
91.76	467	481	-14	403
91.78	450	482	-32	404
91.8	465	483	-18	404
91.82	473	484	-11	404
91.84	471	485	-14	404
91.86	460	486	-26	405
91.88	457	484	-27	405
91.9	430	485	-55	405
91.92	473	485	-12	405
91.94	495	484	11	406
91.96	442	484	-42	406
91.98	449	484	-35	406
92.0	432	484	-52	407
92.02	493	483	10	407
92.04	440	482	-42	407
92.06	439	482	-43	407
92.08	442	482	-40	408
92.1	445	482	-37	408
92.12	448	481	-33	408
92.14	432	481	-49	409
92.16	463	480	-17	409
92.18	428	479	-51	409
92.2	403	480	-77	409
92.22	430	479	-49	410
92.24	416	478	-62	410
92.26	386	477	-91	410
92.28	438	477	-39	411
92.3	419	476	-57	411
92.32	415	475	-60	411
92.34	428	474	-46	411
92.36	434	474	-40	412
92.38	410	473	-63	412
92.4	425	473	-48	412
92.42	400	473	-73	413
92.44	412	473	-61	413
92.46	427	472	-45	413
92.48	448	472	-24	414
92.5	428	472	-44	414
92.52	434	472	-38	414
92.54	386	472	-86	414
92.56	449	473	-24	415
92.58	426	473	-47	415
92.6	459	474	-15	415
92.62	447	474	-27	416
92.64	447	475	-28	416
92.66	441	477	-36	416
92.68	463	477	-14	417
92.7	424	478	-54	417
92.72	450	478	-28	417
92.74	453	478	-25	417
92.76	418	477	-59	418
92.78	418	479	-61	418
92.8	440	479	-39	418
92.82	414	479	-65	419
92.84	429	478	-49	419
92.86	457	478	-21	419
92.88	478	478	0	420
92.9	468	478	-10	420
92.92	454	478	-24	420
92.94	411	478	-67	421
92.96	417	478	-61	421
92.98	428	478	-50	421
93.0	438	478	-40	422
93.02	469	478	-9	422
93.04	486	478	8	422
93.06	488	477	11	422
93.08	466	477	-11	423
93.1	478	479	-1	423
93.12	424	479	-55	423
93.14	468	479	-11	424
93.16	479	479	0	424
93.18	479	480	-1	424
93.2	502	480	22	425
93.22	471	481	-10	425
93.24	464	482	-18	425
93.26	468	483	-15	426
93.28	456	485	-29	426
93.3	467	486	-19	426
93.32	449	490	-41	427
93.34	460	493	-33	427
93.36	490	496	-6	427
93.38	483	499	-16	428
93.4	450	503	-53	428
93.42	470	507	-37	428
93.44	483	512	-29	429
93.46	467	519	-52	429
93.48	471	524	-53	429
93.5	489	530	-41	429
93.52	486	536	-50	430
93.54	531	541	-10	430
93.56	489	546	-57	430
93.58	552	551	1	431
93.6	541	555	-14	431
93.62	533	559	-26	431
93.64	553	565	-12	432
93.66	599	569	30	432
93.68	593	574	19	432
93.7	594	580	14	433
93.72	591	586	5	433
93.74	629	593	36	433
93.76	606	600	6	434
93.78	672	608	64	434
93.8	661	615	46	434
93.82	674	621	53	435
93.84	669	626	43	435
93.86	691	629	62	435
93.88	714	630	84	436
93.9	716	631	85	436
93.92	709	631	78	436
93.94	707	630	77	436
93.96	739	629	110	437
93.98	739	628	111	437
94.0	723	627	96	437
94.02	707	627	80	438
94.04	710	627	83	438
94.06	684	628	56	438
94.08	670	628	42	439
94.1	666	629	37	439
94.12	621	629	-8	439
94.14	676	629	47	440
94.16	660	630	30	440
94.18	630	628	2	440
94.2	621	627	-6	441
94.22	630	625	5	441
94.24	691	623	68	441
94.26	632	623	9	441
94.28	632	622	10	442
94.3	661	622	39	442
94.32	697	621	76	442
94.34	662	620	42	443
94.36	681	619	62	443
94.38	643	619	24	443
94.4	650	620	30	444
94.42	658	620	38	444
94.44	640	621	19	444
94.46	624	623	1	444
94.48	641	625	16	445
94.5	568	629	-61	445
94.52	548	633	-85	445
94.54	601	638	-37	446
94.56	552	644	-92	446
94.58	550	652	-102	446
94.6	577	660	-83	447
94.62	634	669	-35	447
94.64	562	680	-118	447
94.66	565	691	-126	447
94.68	626	700	-74	448
94.7	614	709	-95	448
94.72	598	719	-121	448
94.74	586	729	-143	449
94.76	615	738	-123	449
94.78	610	747	-137	449
94.8	606	755	-149	449
94.82	643	761	-118	450
94.84	593	765	-172	450
94.86	606	765	-159	450
94.88	645	763	-118	451
94.9	616	760	-144	451
94.92	625	758	-133	451
94.94	678	754	-76	451
94.96	647	748	-101	452
94.98	647	743	-96	452
95.0	615	738	-123	452
95.02	630	733	-103	453
95.04	620	729	-109	453
95.06	698	724	-26	453
95.08	668	721	-53	453
95.1	694	717	-23	454
95.12	701	714	-13	454
95.14	760	712	48	454
95.16	720	708	12	454
95.18	738	704	34	455
95.2	672	701	-29	455
95.22	756	697	59	455
95.24	670	694	-24	456
95.26	703	692	11	456
95.28	683	690	-7	456
95.3	739	689	50	456
95.32	684	687	-3	457
95.34	686	686	0	457
95.36	657	683	-26	457
95.38	688	679	9	457
95.4	694	674	20	458
95.42	720	668	52	458
95.44	663	662	1	458
95.46	774	656	118	458
95.48	723	649	74	459
95.5	682	643	39	459
95.52	688	638	50	459
95.54	651	633	18	459
95.56	670	628	42	460
95.58	654	624	30	460
95.6	648	621	27	460
95.62	600	617	-17	460
95.64	637	615	22	460
95.66	564	612	-48	461
95.68	545	610	-65	461
95.7	567	607	-40	461
95.72	584	603	-19	461
95.74	602	600	2	462
95.76	591	596	-5	462
95.78	530	593	-63	462
95.8	553	589	-36	462
95.82	496	586	-90	463
95.84	512	582	-70	463
95.86	530	579	-49	463
95.88	491	575	-84	463
95.9	585	573	12	463
95.92	505	571	-66	464
95.94	557	569	-12	464
95.96	461	567	-106	464
95.98	477	565	-88	464
96.0	440	564	-124	464
96.02	442	563	-121	465
96.04	484	562	-78	465
96.06	427	561	-134	465
96.08	436	560	-124	465
96.1	452	560	-108	465
96.12	428	557	-129	466
96.14	441	557	-116	466
96.16	451	556	-105	466
96.18	449	556	-107	466
96.2	430	556	-126	466
96.22	449	554	-105	467
96.24	450	553	-103	467
96.26	465	553	-88	467
96.28	465	553	-88	467
96.3	470	553	-83	467
96.32	511	553	-42	467
96.34	484	552	-68	468
96.36	466	552	-86	468
96.38	475	551	-76	468
96.4	485	551	-66	468
96.42	500	551	-51	468
96.44	497	550	-53	468
96.46	440	550	-110	469
96.48	517	549	-32	469
96.5	505	549	-44	469
96.52	504	548	-44	469
96.54	475	548	-73	469
96.56	508	548	-40	469
96.58	512	548	-36	469
96.6	546	547	-1	470
96.62	524	547	-23	470
96.64	517	547	-30	470
96.66	533	547	-14	470
96.68	518	547	-29	470
96.7	536	549	-13	470
96.72	528	550	-22	470
96.74	528	551	-23	471
96.76	525	551	-26	471
96.78	558	550	8	471
96.8	518	551	-33	471
96.82	510	551	-41	471
96.84	508	552	-44	471
96.86	551	554	-3	471
96.88	510	556	-46	471
96.9	534	556	-22	471
96.92	511	559	-48	472
96.94	540	562	-22	472
96.96	509	565	-56	472
96.98	450	569	-119	472
97.0	457	572	-115	472
97.02	506	576	-70	472
97.04	520	579	-59	472
97.06	485	583	-98	472
97.08	453	586	-133	472
97.1	497	589	-92	472
97.12	480	593	-113	473
97.14	485	598	-113	473
97.16	521	605	-84	473
97.18	489	609	-120	473
97.2	475	612	-137	473
97.22	474	615	-141	473
97.24	502	618	-116	473
97.26	478	620	-142	473
97.28	493	621	-128	473
97.3	461	621	-160	473
97.32	498	621	-123	473
97.34	488	621	-133	473
97.36	493	620	-127	473
97.38	456	619	-163	474
97.4	467	617	-150	474
97.42	462	615	-153	474
97.44	478	613	-135	474
97.46	511	611	-100	474
97.48	474	610	-136	474
97.5	523	607	-84	474
97.52	492	606	-114	474
97.54	496	604	-108	474
97.56	536	603	-67	474
97.58	490	602	-112	474
97.6	569	598	-29	474
97.62	521	596	-75	474
97.64	511	594	-83	474
97.66	527	592	-65	474
97.68	561	591	-30	474
97.7	504	591	-87	474
97.72	500	588	-88	474
97.74	515	587	-72	474
97.76	529	587	-58	475
97.78	501	587	-86	475
97.8	521	587	-66	475
97.82	579	588	-9	475
97.84	592	588	4	475
97.86	572	587	-15	475
97.88	562	586	-24	475
97.9	605	585	20	475
97.92	609	583	26	475
97.94	626	580	46	475
97.96	542	578	-36	475
97.98	569	575	-6	475
98.0	583	573	10	475
98.02	550	570	-20	475
98.04	549	568	-19	475
98.06	566	567	-1	475
98.08	549	565	-16	475
98.1	598	564	34	475
98.12	567	562	5	475
98.14	549	561	-12	475
98.16	523	561	-38	475
98.18	610	560	50	475
98.2	608	559	49	475
98.22	567	558	9	475
98.24	566	557	9	475
98.26	560	554	6	475
98.28	553	553	0	475
98.3	588	552	36	475
98.32	565	552	13	475
98.34	576	552	24	475
98.36	632	552	80	475
98.38	545	552	-7	475
98.4	536	554	-18	475
98.42	581	556	25	475
98.44	512	557	-45	475
98.46	531	558	-27	475
98.48	495	558	-63	475
98.5	562	559	3	475
98.52	549	560	-11	475
98.54	500	561	-61	475
98.56	523	563	-40	475
98.58	547	564	-17	475
98.6	565	566	-1	475
98.62	541	567	-26	475
98.64	556	569	-13	475
98.66	542	570	-28	475
98.68	509	571	-62	475
98.7	513	571	-58	475
98.72	568	572	-4	475
98.74	510	573	-63	475
98.76	575	573	2	475
98.78	534	574	-40	475
98.8	550	575	-25	475
98.82	515	576	-61	475
98.84	522	577	-55	475
98.86	539	578	-39	475
98.88	530	582	-52	475
98.9	559	584	-25	475
98.92	546	588	-42	475
98.94	568	589	-21	474
98.96	568	592	-24	474
98.98	551	594	-43	474
99.0	609	597	12	474
99.02	602	599	3	474
99.04	674	602	72	474
99.06	624	604	20	474
99.08	655	607	48	474
99.1	638	610	28	474
99.12	648	613	35	474
99.14	617	616	1	474
99.16	640	619	21	474
99.18	691	621	70	474
99.2	623	623	0	474
99.22	640	623	17	474
99.24	690	623	67	474
99.26	658	622	36	474
99.28	681	621	60	474
99.3	658	620	38	474
99.32	666	619	47	474
99.34	715	618	97	474
99.36	660	617	43	474
99.38	681	616	65	474
99.4	710	614	96	474
99.42	646	615	31	474
99.44	714	615	99	473
99.46	673	615	58	473
99.48	716	617	99	473
99.5	760	618	142	473
99.52	820	620	200	473
99.54	717	621	96	473
99.56	782	623	159	473
99.58	779	625	154	473
99.6	783	627	156	473
99.62	718	630	88	473
99.64	810	633	177	473
99.66	874	638	236	473
99.68	918	642	276	473
99.7	899	648	251	473
99.72	896	655	241	473
99.74	964	663	301	473
99.76	1001	673	328	473
99.78	997	684	313	473
99.8	1000	694	306	473
99.82	1037	709	328	472
99.84	992	725	267	472
99.86	1069	742	327	472
99.88	1079	756	323	472
99.9	1117	775	342	472
99.92	1046	793	253	472
99.94	1063	809	254	472
99.96	1135	823	312	472
99.98	1086	832	254	472
100.0	1208	840	368	472
100.02	1165	847	318	472
100.04	1220	852	368	472
100.06	1278	857	421	472
100.08	1301	862	439	472
100.1	1267	867	400	472
100.12	1242	874	368	472
100.14	1213	882	331	472
100.16	1237	892	345	471
100.18	1156	903	253	471
100.2	1133	916	217	471
100.22	1055	930	125	471
100.24	1095	944	151	471
100.26	1019	956	63	471
100.28	993	965	28	471
100.3	1005	970	35	471
100.32	989	969	20	471
100.34	969	965	4	471
100.36	993	959	34	471
100.38	1010	951	59	471
100.4	937	942	-5	471
100.42	948	931	17	471
100.44	985	923	62	471
100.46	998	910	88	471
100.48	907	901	6	470
100.5	933	890	43	470
100.52	891	883	8	470
100.54	880	877	3	470
100.56	842	872	-30	470
100.58	801	867	-66	470
100.6	734	863	-129	470
100.62	766	859	-93	470
100.64	736	854	-118	470
100.66	694	848	-154	470
100.68	740	842	-102	470
100.7	666	835	-169	470
100.72	694	828	-134	470
100.74	722	822	-100	470
100.76	673	815	-142	470
100.78	645	809	-164	470
100.8	698	803	-105	469
100.82	667	798	-131	469
100.84	657	793	-136	469
100.86	687	787	-100	469
100.88	655	783	-128	469
100.9	634	778	-144	469
100.92	617	773	-156	469
100.94	669	769	-100	469
100.96	653	764	-111	469
100.98	685	760	-75	469
101.0	614	756	-142	469
101.02	660	751	-91	469
101.04	638	746	-108	469
101.06	662	742	-80	469
101.08	657	737	-80	469
101.1	585	732	-147	469
101.12	611	728	-117	469
101.14	614	723	-109	469
101.16	584	719	-135	468
101.18	611	714	-103	468
101.2	596	710	-114	468
101.22	579	705	-126	468
101.24	555	701	-146	468
101.26	573	696	-123	468
101.28	565	691	-126	468
101.3	553	689	-136	468
101.32	563	684	-121	468
101.34	522	680	-158	468
101.36	547	676	-129	468
101.38	555	671	-116	468
101.4	576	667	-91	468
101.42	550	662	-112	468
101.44	547	659	-112	468
101.46	602	654	-52	468
101.48	545	650	-105	468
101.5	531	647	-116	468
101.52	511	644	-133	468
101.54	536	640	-104	468
101.56	515	638	-123	467
101.58	501	635	-134	467
101.6	523	633	-110	467
101.62	518	631	-113	467
101.64	484	630	-146	467
101.66	501	629	-128	467
101.68	526	628	-102	467
101.7	477	628	-151	467
101.72	495	628	-133	467
101.74	498	630	-132	467
101.76	508	631	-123	467
101.78	530	634	-104	467
101.8	482	638	-156	467
101.82	516	642	-126	467
101.84	494	647	-153	467
101.86	487	653	-166	467
101.88	536	661	-125	467
101.9	490	669	-179	467
101.92	529	678	-149	467
101.94	482	689	-207	467
101.96	504	700	-196	467
101.98	537	711	-174	467
102.0	479	722	-243	467
102.02	529	732	-203	467
102.04	475	741	-266	467
102.06	508	750	-242	467
102.08	537	758	-221	467
102.1	500	767	-267	467
102.12	538	776	-238	467
102.14	535	785	-250	467
102.16	563	796	-233	467
102.18	584	808	-224	466
102.2	553	820	-267	466
102.22	536	832	-296	466
102.24	545	842	-297	466
102.26	604	850	-246	466
102.28	634	855	-221	466
102.3	634	856	-222	466
102.32	657	855	-198	466
102.34	627	851	-224	466
102.36	654	845	-191	466
102.38	691	838	-147	466
102.4	733	829	-96	466
102.42	763	820	-57	466
102.44	774	810	-36	466
102.46	771	800	-29	466
102.48	842	791	51	466
102.5	848	783	65	466
102.52	883	775	108	466
102.54	881	768	113	466
102.56	790	762	28	466
102.58	892	756	136	466
102.6	832	750	82	466
102.62	790	744	46	466
102.64	744	736	8	466
102.66	753	726	27	466
102.68	760	717	43	466
102.7	724	708	16	466
102.72	742	698	44	466
102.74	696	689	7	466
102.76	651	678	-27	466
102.78	718	667	51	466
102.8	712	658	54	466
102.82	698	649	49	466
102.84	682	641	41	466
102.86	664	633	31	466
102.88	663	626	37	467
102.9	684	620	64	467
102.92	658	614	44	467
102.94	630	608	22	467
102.96	611	603	8	467
102.98	620	599	21	467
103.0	645	595	50	467
103.02	546	592	-46	467
103.04	547	590	-43	467
103.06	527	588	-61	467
103.08	585	586	-1	467
103.1	527	584	-57	467
103.12	518	584	-66	467
103.14	539	584	-45	467
103.16	510	585	-75	467
103.18	519	587	-68	467
103.2	506	589	-83	467
103.22	508	592	-84	467
103.24	523	596	-73	467
103.26	523	601	-78	467
103.28	497	605	-108	467
103.3	504	611	-107	467
103.32	514	617	-103	467
103.34	519	622	-103	467
103.36	496	626	-130	467
103.38	488	630	-142	468
103.4	481	632	-151	468
103.42	510	632	-122	468
103.44	491	631	-140	468
103.46	417	629	-212	468
103.48	512	626	-114	468
103.5	460	623	-163	468
103.52	486	619	-133	468
103.54	492	616	-124	468
103.56	471	612	-141	468
103.58	515	609	-94	468
103.6	501	606	-105	468
103.62	537	604	-67	468
103.64	526	602	-76	468
103.66	518	600	-82	469
103.68	543	598	-55	469
103.7	574	597	-23	469
103.72	574	596	-22	469
103.74	553	594	-41	469
103.76	530	592	-62	469
103.78	564	589	-25	469
103.8	532	586	-54	469
103.82	525	583	-58	469
103.84	529	580	-51	469
103.86	528	579	-51	469
103.88	634	576	58	470
103.9	550	572	-22	470
103.92	568	569	-1	470
103.94	532	565	-33	470
103.96	555	563	-8	470
103.98	540	560	-20	470
104.0	516	558	-42	470
104.02	525	555	-30	470
104.04	503	553	-50	470
104.06	555	551	4	470
104.08	506	550	-44	471
104.1	494	548	-54	471
104.12	551	547	4	471
104.14	543	546	-3	471
104.16	529	545	-16	471
104.18	526	544	-18	471
104.2	509	544	-35	471
104.22	568	544	24	471
104.24	511	544	-33	472
104.26	510	544	-34	472
104.28	524	544	-20	472
104.3	488	545	-57	472
104.32	570	546	24	472
104.34	522	547	-25	472
104.36	513	548	-35	472
104.38	466	550	-84	472
104.4	533	552	-19	473
104.42	498	554	-56	473
104.44	504	556	-52	473
104.46	475	559	-84	473
104.48	480	562	-82	473
104.5	549	565	-16	473
104.52	478	571	-93	473
104.54	471	572	-101	473
104.56	538	575	-37	474
104.58	509	578	-69	474
104.6	548	582	-34	474
104.62	492	585	-93	474
104.64	490	588	-98	474
104.66	521	592	-71	474
104.68	501	595	-94	474
104.7	522	600	-78	475
104.72	498	603	-105	475
104.74	524	608	-84	475
104.76	501	612	-111	475
104.78	510	616	-106	475
104.8	532	620	-88	475
104.82	569	624	-55	475
104.84	519	627	-108	476
104.86	558	629	-71	476
104.88	528	630	-102	476
104.9	570	628	-58	476
104.92	561	627	-66	476
104.94	541	626	-85	476
104.96	577	624	-47	477
104.98	582	622	-40	477
105.0	620	620	0	477
105.02	566	618	-52	477
105.04	581	616	-35	477
105.06	583	614	-31	477
105.08	577	612	-35	477
105.1	596	610	-14	478
105.12	607	609	-2	478
105.14	602	609	-7	478
105.16	633	608	25	478
105.18	577	607	-30	478
105.2	611	606	5	478
105.22	650	604	46	479
105.24	594	603	-9	479
105.26	604	601	3	479
105.28	643	598	45	479
105.3	561	595	-34	479
105.32	613	592	21	479
105.34	620	590	30	480
105.36	600	587	13	480
105.38	577	584	-7	480
105.4	620	581	39	480
105.42	605	578	27	480
105.44	610	575	35	480
105.46	548	572	-24	481
105.48	608	569	39	481
105.5	603	567	36	481
105.52	596	565	31	481
105.54	572	564	8	481
105.56	593	561	32	481
105.58	589	559	30	482
105.6	576	558	18	482
105.62	593	556	37	482
105.64	604	555	49	482
105.66	611	553	58	482
105.68	604	552	52	482
105.7	579	550	29	483
105.72	565	550	15	483
105.74	555	549	6	483
105.76	596	548	48	483
105.78	568	547	21	483
105.8	583	546	37	483
105.82	590	546	44	484
105.84	571	546	25	484
105.86	539	546	-7	484
105.88	560	546	14	484
105.9	593	547	46	484
105.92	564	547	17	484
105.94	603	547	56	485
105.96	534	545	-11	485
105.98	567	545	22	485
106.0	564	545	19	485
106.02	542	544	-2	485
106.04	583	544	39	485
106.06	623	543	80	486
106.08	555	543	12	486
106.1	581	542	39	486
106.12	561	541	20	486
106.14	577	541	36	486
106.16	615	541	74	486
106.18	635	541	94	487
106.2	594	542	52	487
106.22	603	542	61	487
106.24	619	542	77	487
106.26	617	542	75	487
106.28	626	541	85	488
106.3	567	541	26	488
106.32	538	540	-2	488
106.34	557	541	16	488
106.36	586	542	44	488
106.38	545	543	2	488
106.4	550	544	6	489
106.42	569	545	24	489
106.44	558	547	11	489
106.46	561	548	13	489
106.48	499	550	-51	489
106.5	553	552	1	489
106.52	575	554	21	490
106.54	554	557	-3	490
106.56	583	559	24	490
106.58	567	562	5	490
106.6	593	565	28	490
106.62	572	568	4	490
106.64	561	573	-12	490
106.66	579	576	3	491
106.68	572	580	-8	491
106.7	564	583	-19	491
106.72	552	587	-35	491
106.74	508	590	-82	491
106.76	529	593	-64	491
106.78	512	596	-84	492
106.8	539	599	-60	492
106.82	484	601	-117	492
106.84	530	603	-73	492
106.86	498	605	-107	492
106.88	471	608	-137	492
106.9	473	610	-137	493
106.92	556	613	-57	493
106.94	498	615	-117	493
106.96	531	616	-85	493
106.98	510	618	-108	493
107.0	478	619	-141	493
107.02	498	620	-122	493
107.04	486	620	-134	494
107.06	478	620	-142	494
107.08	487	621	-134	494
107.1	493	621	-128	494
107.12	494	621	-127	494
107.14	468	621	-153	494
107.16	498	620	-122	494
107.18	505	619	-114	495
107.2	477	619	-142	495
107.22	526	618	-92	495
107.24	508	619	-111	495
107.26	531	617	-86	495
107.28	488	617	-129	495
107.3	563	615	-52	495
107.32	505	614	-109	496
107.34	571	613	-42	496
107.36	546	611	-65	496
107.38	508	609	-101	496
107.4	514	607	-93	496
107.42	518	604	-86	496
107.44	541	602	-61	496
107.46	550	600	-50	497
107.48	522	599	-77	497
107.5	539	597	-58	497
107.52	511	595	-84	497
107.54	495	593	-98	497
107.56	538	591	-53	497
107.58	523	588	-65	497
107.6	511	586	-75	497
107.62	481	584	-103	498
107.64	519	582	-63	498
107.66	531	581	-50	498
107.68	498	579	-81	498
107.7	531	577	-46	498
107.72	469	575	-106	498
107.74	529	574	-45	498
107.76	531	572	-41	498
107.78	552	571	-19	498
107.8	498	570	-72	499
107.82	444	569	-125	499
107.84	521	568	-47	499
107.86	516	568	-52	499
107.88	572	567	5	499
107.9	515	567	-52	499
107.92	531	566	-35	499
107.94	509	568	-59	499
107.96	557	571	-14	499
107.98	534	571	-37	500
108.0	519	571	-52	500
108.02	534	571	-37	500
108.04	517	573	-56	500
108.06	542	572	-30	500
108.08	521	572	-51	500
108.1	512	571	-59	500
108.12	493	571	-78	500
108.14	524	570	-46	500
108.16	518	569	-51	500
108.18	556	568	-12	500
108.2	577	568	9	501
108.22	563	567	-4	501
108.24	557	569	-12	501
108.26	513	569	-56	501
108.28	527	569	-42	501
108.3	539	568	-29	501
108.32	565	568	-3	501
108.34	576	569	7	501
108.36	605	570	35	501
108.38	589	572	17	501
108.4	543	572	-29	501
108.42	541	574	-33	501
108.44	572	575	-3	501
108.46	591	576	15	502
108.48	586	578	8	502
108.5	530	580	-50	502
108.52	595	583	12	502
108.54	563	585	-22	502
108.56	563	589	-26	502
108.58	588	592	-4	502
108.6	572	594	-22	502
108.62	652	597	55	502
108.64	646	599	47	502
108.66	656	601	55	502
108.68	600	603	-3	502
108.7	649	604	45	502
108.72	654	605	49	502
108.74	622	607	15	502
108.76	681	608	73	502
108.78	658	609	49	502
108.8	687	612	75	503
108.82	624	614	10	503
108.84	689	615	74	503
108.86	675	619	56	503
108.88	624	622	2	503
108.9	677	622	55	503
108.92	718	625	93	503
108.94	663	627	36	503
108.96	709	630	79	503
108.98	690	634	56	503
109.0	699	635	64	503
109.02	706	637	69	503
109.04	700	640	60	503
109.06	704	644	60	503
109.08	707	647	60	503
109.1	768	650	118	503
109.12	753	653	100	503
109.14	785	655	130	503
109.16	779	657	122	503
109.18	721	658	63	503
109.2	736	658	78	503
109.22	820	659	161	503
109.24	770	660	110	503
109.26	841	661	180	503
109.28	831	662	169	503
109.3	918	664	254	503
109.32	872	665	207	504
109.34	1018	667	351	504
109.36	967	668	299	504
109.38	917	673	244	504
109.4	937	676	261	504
109.42	927	679	248	504
109.44	869	682	187	504
109.46	859	686	173	504
109.48	868	690	178	504
109.5	766	695	71	504
109.52	860	700	160	504
109.54	746	706	40	504
109.56	729	713	16	504
109.58	710	720	-10	504
109.6	770	728	42	504
109.62	742	737	5	504
109.64	686	746	-60	504
109.66	703	755	-52	504
109.68	765	763	2	504
109.7	779	771	8	504
109.72	741	777	-36	504
109.74	708	778	-70	504
109.76	665	779	-114	504
109.78	790	778	12	504
109.8	729	775	-46	504
109.82	735	771	-36	504
109.84	668	766	-98	504
109.86	703	760	-57	504
109.88	644	754	-110	504
109.9	627	748	-121	504
109.92	609	744	-135	504
109.94	685	739	-54	504
109.96	614	734	-120	504
109.98	582	729	-147	504
110.0	647	725	-78	504
110.02	628	722	-94	504
110.04	589	719	-130	504
110.06	580	717	-137	504
110.08	549	718	-169	504
110.1	591	716	-125	504
110.12	564	714	-150	504
110.14	534	712	-178	504
110.16	534	709	-175	504
110.18	554	705	-151	504
110.2	608	701	-93	504
110.22	547	697	-150	504
110.24	555	693	-138	504
110.26	596	689	-93	504
110.28	603	685	-82	504
110.3	546	683	-137	504
110.32	530	679	-149	504
110.34	571	676	-105	504
110.36	528	673	-145	504
110.38	562	670	-108	504
110.4	561	667	-106	504
110.42	580	665	-85	504
110.44	530	665	-135	504
110.46	526	664	-138	504
110.48	498	664	-166	504
110.5	517	663	-146	504
110.52	554	664	-110	504
110.54	525	664	-139	503
110.56	578	664	-86	503
110.58	533	664	-131	503
110.6	474	664	-190	503
110.62	542	664	-122	503
110.64	536	664	-128	503
110.66	579	664	-85	503
110.68	555	664	-109	503
110.7	521	663	-142	503
110.72	536	663	-127	503
110.74	572	663	-91	503
110.76	528	663	-135	503
110.78	579	663	-84	503
110.8	507	663	-156	503
110.82	523	664	-141	503
110.84	530	666	-136	503
110.86	585	668	-83	503
110.88	573	670	-97	503
110.9	541	673	-132	503
110.92	572	677	-105	503
110.94	599	682	-83	503
110.96	614	687	-73	503
110.98	603	693	-90	503
111.0	626	703	-77	503
111.02	560	711	-151	503
111.04	579	720	-141	503
111.06	634	730	-96	503
111.08	682	740	-58	503
111.1	691	750	-59	503
111.12	703	760	-57	503
111.14	702	770	-68	503
111.16	756	778	-22	503
111.18	721	784	-63	502
111.2	783	789	-6	502
111.22	693	790	-97	502
111.24	709	788	-79	502
111.26	806	787	19	502
111.28	783	786	-3	502
111.3	754	785	-31	502
111.32	785	783	2	502
111.34	756	781	-25	502
111.36	732	779	-47	502
111.38	718	778	-60	502
111.4	739	775	-36	502
111.42	751	777	-26	502
111.44	750	779	-29	502
111.46	732	781	-49	502
111.48	770	785	-15	502
111.5	742	790	-48	502
111.52	745	796	-51	502
111.54	787	803	-16	502
111.56	800	811	-11	502
111.58	767	819	-52	502
111.6	733	828	-95	502
111.62	790	836	-46	502
111.64	839	845	-6	501
111.66	860	854	6	501
111.68	804	864	-60	501
111.7	850	876	-26	501
111.72	944	887	57	501
111.74	921	899	22	501
111.76	887	912	-25	501
111.78	885	926	-41	501
111.8	922	941	-19	501
111.82	869	956	-87	501
111.84	878	971	-93	501
111.86	910	983	-73	501
111.88	941	996	-55	501
111.9	932	1007	-75	501
111.92	913	1013	-100	501
111.94	961	1018	-57	501
111.96	926	1021	-95	501
111.98	893	1022	-129	501
112.0	933	1017	-84	501
112.02	968	1013	-45	500
112.04	909	1006	-97	500
112.06	925	998	-73	500
112.08	904	989	-85	500
112.1	922	980	-58	500
112.12	909	970	-61	500
112.14	846	960	-114	500
112.16	913	951	-38	500
112.18	855	943	-88	500
112.2	842	936	-94	500
112.22	933	929	4	500
112.24	868	923	-55	500
112.26	922	919	3	500
112.28	900	916	-16	500
112.3	855	912	-57	500
112.32	872	907	-35	500
112.34	908	901	7	500
112.36	919	894	25	500
112.38	892	888	4	499
112.4	881	880	1	499
112.42	878	870	8	499
112.44	852	860	-8	499
112.46	881	849	32	499
112.48	836	837	-1	499
112.5	826	825	1	499
112.52	860	813	47	499
112.54	842	802	40	499
112.56	868	788	80	499
112.58	808	777	31	499
112.6	836	766	70	499
112.62	841	755	86	499
112.64	878	745	133	499
112.66	817	736	81	499
112.68	802	728	74	499
112.7	770	720	50	499
112.72	784	712	72	498
112.74	730	705	25	498
112.76	749	701	48	498
112.78	729	693	36	498
112.8	713	688	25	498
112.82	728	683	45	498
112.84	738	679	59	498
112.86	706	675	31	498
112.88	711	671	40	498
112.9	705	669	36	498
112.92	673	666	7	498
112.94	696	665	31	498
112.96	668	663	5	498
112.98	652	662	-10	498
113.0	635	662	-27	498
113.02	658	663	-5	498
113.04	629	664	-35	497
113.06	659	666	-7	497
113.08	614	669	-55	497
113.1	648	672	-24	497
113.12	626	676	-50	497
113.14	628	684	-56	497
113.16	594	691	-97	497
113.18	607	698	-91	497
113.2	636	707	-71	497
113.22	603	716	-113	497
113.24	616	727	-111	497
113.26	601	739	-138	497
113.28	600	751	-151	497
113.3	592	763	-171	497
113.32	564	774	-210	497
113.34	563	784	-221	497
113.36	558	793	-235	497
113.38	565	799	-234	496
113.4	625	801	-176	496
113.42	579	803	-224	496
113.44	567	803	-236	496
113.46	566	802	-236	496
113.48	612	800	-188	496
113.5	616	797	-181	496
113.52	602	795	-193	496
113.54	566	793	-227	496
113.56	615	792	-177	496
113.58	612	792	-180	496
113.6	638	793	-155	496
113.62	602	794	-192	496
113.64	640	798	-158	496
113.66	584	802	-218	496
113.68	645	808	-163	496
113.7	642	815	-173	496
113.72	697	822	-125	495
113.74	683	829	-146	495
113.76	679	836	-157	495
113.78	656	840	-184	495
113.8	724	843	-119	495
113.82	719	844	-125	495
113.84	721	842	-121	495
113.86	711	837	-126	495
113.88	728	830	-102	495
113.9	775	826	-51	495
113.92	699	818	-119	495
113.94	733	809	-76	495
113.96	722	800	-78	495
113.98	728	791	-63	495
114.0	747	782	-35	495
114.02	701	773	-72	495
114.04	730	765	-35	495
114.06	765	757	8	495
114.08	751	748	3	494
114.1	768	742	26	494
114.12	781	737	44	494
114.14	755	733	22	494
114.16	779	729	50	494
114.18	727	726	1	494
114.2	801	723	78	494
114.22	813	721	92	494
114.24	753	717	36	494
114.26	766	712	54	494
114.28	791	710	81	494
114.3	785	707	78	494
114.32	776	705	71	494
114.34	788	703	85	494
114.36	741	701	40	494
114.38	715	700	15	494
114.4	663	700	-37	494
114.42	719	699	20	494
114.44	681	699	-18	494
114.46	680	700	-20	493
114.48	702	700	2	493
114.5	666	699	-33	493
114.52	642	699	-57	493
114.54	664	699	-35	493
114.56	639	698	-59	493
114.58	632	699	-67	493
114.6	664	698	-34	493
114.62	627	696	-69	493
114.64	648	693	-45	493
114.66	645	690	-45	493
114.68	613	686	-73	493
114.7	609	681	-72	493
114.72	620	677	-57	493
114.74	601	672	-71	493
114.76	612	667	-55	493
114.78	582	662	-80	493
114.8	584	658	-74	493
114.82	586	653	-67	493
114.84	584	649	-65	493
114.86	550	645	-95	493
114.88	600	642	-42	493
114.9	564	639	-75	493
114.92	521	636	-115	492
114.94	543	634	-91	492
114.96	566	631	-65	492
114.98	545	629	-84	492
115.0	566	626	-60	492
115.02	578	623	-45	492
115.04	539	620	-81	492
115.06	563	618	-55	492
115.08	564	615	-51	492
115.1	556	611	-55	492
115.12	568	608	-40	492
115.14	564	604	-40	492
115.16	527	601	-74	492
115.18	544	597	-53	492
115.2	592	593	-1	492
115.22	577	590	-13	492
115.24	548	586	-38	492
115.26	483	583	-100	492
115.28	559	579	-20	492
115.3	519	576	-57	492
115.32	539	571	-32	492
115.34	503	567	-64	492
115.36	480	564	-84	492
115.38	512	562	-50	492
115.4	527	559	-32	492
115.42	558	556	2	492
115.44	492	554	-62	492
115.46	566	551	15	492
115.48	561	549	12	492
115.5	553	547	6	492
115.52	521	548	-27	492
115.54	553	546	7	492
115.56	536	544	-8	492
115.58	541	543	-2	492
115.6	561	541	20	491
115.62	556	540	16	491
115.64	535	539	-4	491
115.66	525	538	-13	491
115.68	542	537	5	491
115.7	510	537	-27	491
115.72	507	536	-29	491
115.74	533	535	-2	491
115.76	492	535	-43	491
115.78	503	532	-29	491
115.8	503	532	-29	491
115.82	519	532	-13	491
115.84	481	532	-51	491
115.86	541	530	11	491
115.88	526	528	-2	491
115.9	497	526	-29	491
115.92	488	526	-38	491
115.94	503	529	-26	491
115.96	486	530	-44	491
115.98	504	533	-29	491
116.0	495	534	-39	491
116.02	486	535	-49	491
116.04	509	534	-25	491
116.06	509	535	-26	491
116.08	485	536	-51	491
116.1	515	536	-21	491
116.12	500	537	-37	491
116.14	522	537	-15	491
116.16	529	538	-9	491
116.18	543	538	5	491
116.2	568	538	30	491
116.22	536	538	-2	491
116.24	598	539	59	491
116.26	590	539	51	491
116.28	562	539	23	491
116.3	566	539	27	491
116.32	580	541	39	491
116.34	574	541	33	491
116.36	607	542	65	491
116.38	562	542	20	491
116.4	566	542	24	491
116.42	564	543	21	491
116.44	626	543	83	491
116.46	591	544	47	491
116.48	601	545	56	491
116.5	639	546	93	491
116.52	592	547	45	491
116.54	591	548	43	491
116.56	626	550	76	491
116.58	603	551	52	491
116.6	582	552	30	491
116.62	632	553	79	491
116.64	646	555	91	491
116.66	643	558	85	491
116.68	608	559	49	491
116.7	624	559	65	491
116.72	664	559	105	491
116.74	670	559	111	491
116.76	679	559	120	491
116.78	705	558	147	491
116.8	718	558	160	491
116.82	707	557	150	491
116.84	693	557	136	491
116.86	688	556	132	491
116.88	722	556	166	491
116.9	705	556	149	491
116.92	714	556	158	491
116.94	718	554	164	491
116.96	700	554	146	491
116.98	689	555	134	491
117.0	716	556	160	491
117.02	719	557	162	491
117.04	683	558	125	491
117.06	674	560	114	491
117.08	699	564	135	491
117.1	713	566	147	491
117.12	679	568	111	491
117.14	718	569	149	491
117.16	663	571	92	491
117.18	675	576	99	491
117.2	696	578	118	491
117.22	704	581	123	491
117.24	676	583	93	492
117.26	658	585	73	492
117.28	657	586	71	492
117.3	679	588	91	492
117.32	706	588	118	492
117.34	700	589	111	492
117.36	677	589	88	492
117.38	706	589	117	492
117.4	717	589	128	492
117.42	660	589	71	492
117.44	686	589	97	492
117.46	654	589	65	492
117.48	651	590	61	492
117.5	718	591	127	492
117.52	648	591	57	492
117.54	632	593	39	492
117.56	614	595	19	492
117.58	625	599	26	492
117.6	645	602	43	492
117.62	673	605	68	492
117.64	607	608	-1	492
117.66	626	612	14	492
117.68	612	617	-5	492
117.7	635	622	13	492
117.72	598	627	-29	492
117.74	602	633	-31	492
117.76	664	637	27	492
117.78	662	643	19	492
117.8	658	649	9	492
117.82	656	654	2	492
117.84	662	659	3	492
117.86	660	662	-2	492
117.88	685	664	21	492
117.9	665	663	2	492
117.92	636	664	-28	492
117.94	591	665	-74	492
117.96	682	666	16	492
117.98	608	667	-59	492
118.0	643	668	-25	492
118.02	666	674	-8	492
118.04	650	676	-26	492
118.06	661	680	-19	492
118.08	661	685	-24	492
118.1	672	692	-20	493
118.12	667	700	-33	493
118.14	668	709	-41	493
118.16	732	719	13	493
118.18	701	730	-29	493
118.2	761	742	19	493
118.22	722	753	-31	493
118.24	826	763	63	493
118.26	836	771	65	493
118.28	861	776	85	493
118.3	896	781	115	493
118.32	951	784	167	493
118.34	944	787	157	493
118.36	969	791	178	493
118.38	959	794	165	493
118.4	964	798	166	493
118.42	1000	803	197	493
118.44	993	809	184	493
118.46	1010	817	193	493
118.48	1074	826	248	493
118.5	1111	837	274	493
118.52	1172	851	321	493
118.54	1261	867	394	493
118.56	1269	884	385	493
118.58	1300	903	397	493
118.6	1323	924	399	493
118.62	1396	945	451	493
118.64	1362	967	395	493
118.66	1430	988	442	493
118.68	1386	1008	378	493
118.7	1462	1025	437	494
118.72	1449	1037	412	494
118.74	1453	1046	407	494
118.76	1446	1052	394	494
118.78	1354	1051	303	494
118.8	1288	1050	238	494
118.82	1266	1048	218	494
118.84	1230	1045	185	494
118.86	1207	1043	164	494
118.88	1084	1041	43	494
118.9	1150	1040	110	494
118.92	1092	1042	50	494
118.94	1115	1047	68	494
118.96	1092	1054	38	494
118.98	1145	1063	82	494
119.0	1102	1071	31	494
119.02	1134	1079	55	494
119.04	1084	1083	1	494
119.06	1113	1081	32	494
119.08	1135	1074	61	494
119.1	1144	1065	79	494
119.12	1104	1054	50	494
119.14	1062	1041	21	494
119.16	1115	1026	89	494
119.18	1064	1009	55	494
119.2	1075	994	81	494
119.22	1029	977	52	494
119.24	1007	961	46	495
119.26	1052	945	107	495
119.28	933	930	3	495
119.3	938	915	23	495
119.32	894	903	-9	495
119.34	826	892	-66	495
119.36	798	881	-83	495
119.38	848	872	-24	495
119.4	834	864	-30	495
119.42	774	858	-84	495
119.44	792	854	-62	495
119.46	771	850	-79	495
119.48	776	847	-71	495
119.5	711	844	-133	495
119.52	715	839	-124	495
119.54	668	833	-165	495
119.56	701	826	-125	495
119.58	653	818	-165	495
119.6	679	809	-130	495
119.62	604	800	-196	495
119.64	623	791	-168	495
119.66	640	782	-142	495
119.68	638	773	-135	495
119.7	696	766	-70	495
119.72	629	760	-131	496
119.74	623	755	-132	496
119.76	613	752	-139	496
119.78	599	749	-150	496
119.8	600	748	-148	496
119.82	648	748	-100	496
119.84	629	749	-120	496
119.86	647	752	-105	496
119.88	657	755	-98	496
119.9	642	760	-118	496
119.92	636	767	-131	496
119.94	599	774	-175	496
119.96	604	784	-180	496
119.98	612	795	-183	496
120.0	570	813	-243	496
