;RAW4.00
[RawHeader]
Date=06/12/2026
EstimatedTotalTime=0
FurtherDQLReading=0
HardwareIndicator=65519
MeasuredTotalTime=0
MeasurementFlag=1
NumberOfMeasuredRanges=1
NumberOfRanges=1
Time=13:53:57

[HardwareConfiguration]
AbsorptionFactor=0
ActivateAbsorber=0
Alpha1=0
Alpha2=0
AlphaAverage=0
AlphaRatio=0
Analyzer=1
Anode=Cu
AntiScatteringSlit=2
BeamOpticsFlags=59
Beta=0
BetaRelativeIntensity=0
DeactivateAbsorber=0
DetectorSlit=0.05
DivergenceSlit=2
GoniometerControl=9999
GoniometerDiameter=435
GoniometerModel=264
GoniometerStage=0
Monochromator=0
NearSampleSlit=1
PrimarySollerSlit=1
SampleChanger=0
SecondSollerSlit=2
SynchronousAxis=0
ThinFilmAttachment=0.46
WaveUnit=A

[VarInfo]
Type=OSUSER
Flags=0
Value=D500

[VarInfo]
Type=USER
Flags=0
Value=James Hamlin

[VarInfo]
Type=SITE
Flags=0
Value=Gainseville, FL

[VarInfo]
Type=CREATOR
Flags=0
Value=XRD Commander

[VarInfo]
Type=SAMPLEID
Flags=0
Value=HM_0539_annealed_2

[RangeHeader]
ActuallyUsedLambda=0
AdditionalDetectorMask=0
DataRecordLength=4
DelayTime=0
DisplayPlaneNumber=0
EstimatedScanTime=0
ExtraParametersMask=0
GeneratorCurrent=9999
GeneratorVoltage=9999
Increment=0.02
Increment3=0
NumberOfCompletedData=5751
NumberOfCounts=1
NumberOfDetectors=1
NumberOfDrives=2
NumberOfEncoderDrives=0
NumberOfMeasuredData=5751
NumberOfVaryingParameters=0
RangeStartTime=1322539151
RotationSpeed=0
ScanMode=1
ScanType=Locked Coupled
SimulatedMeasConditions=0
SlitChangerIn=9999
SmootingWidth=0
Start=5
Steps=5751
SynchronousRotation=0
Time=10

[Drive]
DriveFlags=1
DriveName=Theta
DriveNumber=1
DriveOffset=0
OffsetIndex=0
OscillationAmplitude=0
OscillationSpeed=0
StartPosition=2.5

[Drive]
DriveFlags=1
DriveName=2Theta
DriveNumber=2
DriveOffset=0
OffsetIndex=0
OscillationAmplitude=0
OscillationSpeed=0
StartPosition=5

[Detector]
AmplifierGain=0
ConstantDeadTime=0
DetectorFlags=256
DetectorName=Detector 1
DetectorNumber=1
DetectorType=1
Discriminator1LowerLevel=0
Discriminator1WindowWidth=0
Discriminator2LowerLevel=0
Discriminator2WindowWidth=0
HighVoltage=0
PileUpTime=0
PulseShaping=9999
TTLDetectorName=

[Data]
     Angle, Det1Disc1,
         5,      3990,
      5.02,      3965,
      5.04,      3975,
      5.06,      4157,
      5.08,      4103,
       5.1,      3968,
      5.12,      4036,
      5.14,      4027,
      5.16,      4065,
      5.18,      3925,
       5.2,      4027,
      5.22,      3986,
      5.24,      4114,
      5.26,      4133,
      5.28,      3997,
       5.3,      4168,
      5.32,      4142,
      5.34,      4215,
      5.36,      4025,
      5.38,      4239,
       5.4,      4187,
      5.42,      4280,
      5.44,      4164,
      5.46,      4264,
      5.48,      4287,
       5.5,      4222,
      5.52,      4275,
      5.54,      4289,
      5.56,      4252,
      5.58,      4294,
       5.6,      4329,
      5.62,      4326,
      5.64,      4285,
      5.66,      4353,
      5.68,      4366,
       5.7,      4359,
      5.72,      4353,
      5.74,      4322,
      5.76,      4371,
      5.78,      4427,
       5.8,      4471,
      5.82,      4352,
      5.84,      4418,
      5.86,      4495,
      5.88,      4386,
       5.9,      4458,
      5.92,      4623,
      5.94,      4637,
      5.96,      4462,
      5.98,      4511,
         6,      4383,
      6.02,      4650,
      6.04,      4656,
      6.06,      4606,
      6.08,      4575,
       6.1,      4448,
      6.12,      4556,
      6.14,      4695,
      6.16,      4633,
      6.18,      4595,
       6.2,      4603,
      6.22,      4691,
      6.24,      4688,
      6.26,      4640,
      6.28,      4636,
       6.3,      4637,
      6.32,      4745,
      6.34,      4785,
      6.36,      4811,
      6.38,      4836,
       6.4,      4668,
      6.42,      4834,
      6.44,      4721,
      6.46,      4804,
      6.48,      4822,
       6.5,      4747,
      6.52,      4807,
      6.54,      4883,
      6.56,      4816,
      6.58,      4783,
       6.6,      4806,
      6.62,      4827,
      6.64,      5005,
      6.66,      4958,
      6.68,      4865,
       6.7,      4775,
      6.72,      4981,
      6.74,      4900,
      6.76,      4890,
      6.78,      5009,
       6.8,      5026,
      6.82,      5032,
      6.84,      4983,
      6.86,      5063,
      6.88,      5079,
       6.9,      5043,
      6.92,      4975,
      6.94,      4844,
      6.96,      4918,
      6.98,      4995,
         7,      4885,
      7.02,      4993,
      7.04,      5012,
      7.06,      4890,
      7.08,      4881,
       7.1,      4964,
      7.12,      5031,
      7.14,      4977,
      7.16,      4898,
      7.18,      4985,
       7.2,      5059,
      7.22,      5080,
      7.24,      4999,
      7.26,      4902,
      7.28,      5015,
       7.3,      4992,
      7.32,      5144,
      7.34,      4985,
      7.36,      4962,
      7.38,      4936,
       7.4,      4935,
      7.42,      5012,
      7.44,      4956,
      7.46,      4957,
      7.48,      4987,
       7.5,      5048,
      7.52,      4950,
      7.54,      4956,
      7.56,      5022,
      7.58,      4954,
       7.6,      4896,
      7.62,      4956,
      7.64,      5130,
      7.66,      4946,
      7.68,      5076,
       7.7,      4867,
      7.72,      5029,
      7.74,      4957,
      7.76,      4895,
      7.78,      5008,
       7.8,      4912,
      7.82,      4783,
      7.84,      4873,
      7.86,      4920,
      7.88,      4973,
       7.9,      5012,
      7.92,      4885,
      7.94,      4939,
      7.96,      4939,
      7.98,      4876,
         8,      4909,
      8.02,      4906,
      8.04,      5027,
      8.06,      4999,
      8.08,      4982,
       8.1,      5050,
      8.12,      4927,
      8.14,      4946,
      8.16,      4889,
      8.18,      4910,
       8.2,      4946,
      8.22,      4962,
      8.24,      5008,
      8.26,      4979,
      8.28,      5022,
       8.3,      5097,
      8.32,      5088,
      8.34,      5118,
      8.36,      5110,
      8.38,      5058,
       8.4,      5116,
      8.42,      5135,
      8.44,      5020,
      8.46,      5030,
      8.48,      5123,
       8.5,      5090,
      8.52,      5043,
      8.54,      4779,
      8.56,      4893,
      8.58,      5000,
       8.6,      4920,
      8.62,      4911,
      8.64,      4862,
      8.66,      4840,
      8.68,      4857,
       8.7,      4894,
      8.72,      4827,
      8.74,      4829,
      8.76,      4881,
      8.78,      4910,
       8.8,      4775,
      8.82,      4875,
      8.84,      4801,
      8.86,      4906,
      8.88,      4752,
       8.9,      4914,
      8.92,      4848,
      8.94,      4808,
      8.96,      4813,
      8.98,      4965,
         9,      4786,
      9.02,      4947,
      9.04,      4913,
      9.06,      4786,
      9.08,      4862,
       9.1,      4781,
      9.12,      4941,
      9.14,      4820,
      9.16,      4878,
      9.18,      4800,
       9.2,      4861,
      9.22,      4898,
      9.24,      4825,
      9.26,      4962,
      9.28,      4945,
       9.3,      4942,
      9.32,      4937,
      9.34,      4913,
      9.36,      4971,
      9.38,      4886,
       9.4,      4904,
      9.42,      5112,
      9.44,      4869,
      9.46,      4986,
      9.48,      4955,
       9.5,      4979,
      9.52,      4975,
      9.54,      4893,
      9.56,      5032,
      9.58,      5014,
       9.6,      5062,
      9.62,      5053,
      9.64,      4983,
      9.66,      5059,
      9.68,      5062,
       9.7,      5083,
      9.72,      5047,
      9.74,      5236,
      9.76,      5113,
      9.78,      5263,
       9.8,      5327,
      9.82,      5157,
      9.84,      5272,
      9.86,      5115,
      9.88,      5415,
       9.9,      5305,
      9.92,      5241,
      9.94,      5376,
      9.96,      5453,
      9.98,      5430,
        10,      5455,
     10.02,      5552,
     10.04,      5411,
     10.06,      5550,
     10.08,      5512,
      10.1,      5610,
     10.12,      5518,
     10.14,      5602,
     10.16,      5639,
     10.18,      5674,
      10.2,      5692,
     10.22,      5709,
     10.24,      5757,
     10.26,      5799,
     10.28,      5875,
      10.3,      5961,
     10.32,      5983,
     10.34,      5969,
     10.36,      6095,
     10.38,      6140,
      10.4,      6050,
     10.42,      6157,
     10.44,      6240,
     10.46,      6159,
     10.48,      6411,
      10.5,      6230,
     10.52,      6359,
     10.54,      6558,
     10.56,      6382,
     10.58,      6334,
      10.6,      6306,
     10.62,      6633,
     10.64,      6429,
     10.66,      6617,
     10.68,      6703,
      10.7,      6771,
     10.72,      6630,
     10.74,      6804,
     10.76,      6785,
     10.78,      6729,
      10.8,      6961,
     10.82,      7112,
     10.84,      7035,
     10.86,      7202,
     10.88,      7251,
      10.9,      7242,
     10.92,      7217,
     10.94,      7323,
     10.96,      7381,
     10.98,      7481,
        11,      7436,
     11.02,      7504,
     11.04,      7617,
     11.06,      7607,
     11.08,      7475,
      11.1,      7654,
     11.12,      7716,
     11.14,      7646,
     11.16,      7882,
     11.18,      7825,
      11.2,      7830,
     11.22,      8070,
     11.24,      8030,
     11.26,      7954,
     11.28,      7881,
      11.3,      8033,
     11.32,      8054,
     11.34,      8156,
     11.36,      8223,
     11.38,      8057,
      11.4,      8319,
     11.42,      8428,
     11.44,      8292,
     11.46,      8411,
     11.48,      8326,
      11.5,      8306,
     11.52,      8565,
     11.54,      8603,
     11.56,      8706,
     11.58,      8651,
      11.6,      8578,
     11.62,      8748,
     11.64,      8719,
     11.66,      8588,
     11.68,      8620,
      11.7,      8723,
     11.72,      8716,
     11.74,      8642,
     11.76,      8611,
     11.78,      8813,
      11.8,      8771,
     11.82,      8725,
     11.84,      8672,
     11.86,      8745,
     11.88,      8760,
      11.9,      8843,
     11.92,      8707,
     11.94,      8659,
     11.96,      8703,
     11.98,      8704,
        12,      8710,
     12.02,      8863,
     12.04,      8772,
     12.06,      8887,
     12.08,      8761,
      12.1,      8629,
     12.12,      8708,
     12.14,      8563,
     12.16,      8496,
     12.18,      8610,
      12.2,      8565,
     12.22,      8608,
     12.24,      8509,
     12.26,      8576,
     12.28,      8650,
      12.3,      8480,
     12.32,      8386,
     12.34,      8588,
     12.36,      8496,
     12.38,      8235,
      12.4,      8318,
     12.42,      8356,
     12.44,      8376,
     12.46,      8457,
     12.48,      8258,
      12.5,      8168,
     12.52,      8254,
     12.54,      8102,
     12.56,      8178,
     12.58,      8051,
      12.6,      7953,
     12.62,      8121,
     12.64,      8090,
     12.66,      7944,
     12.68,      7807,
      12.7,      7783,
     12.72,      7807,
     12.74,      7727,
     12.76,      7642,
     12.78,      7401,
      12.8,      7544,
     12.82,      7492,
     12.84,      7607,
     12.86,      7483,
     12.88,      7602,
      12.9,      7442,
     12.92,      7460,
     12.94,      7399,
     12.96,      7272,
     12.98,      7326,
        13,      7288,
     13.02,      7264,
     13.04,      7179,
     13.06,      7177,
     13.08,      7064,
      13.1,      7191,
     13.12,      6833,
     13.14,      6852,
     13.16,      7075,
     13.18,      6994,
      13.2,      6997,
     13.22,      6919,
     13.24,      6794,
     13.26,      6862,
     13.28,      6715,
      13.3,      6663,
     13.32,      6575,
     13.34,      6636,
     13.36,      6504,
     13.38,      6495,
      13.4,      6364,
     13.42,      6614,
     13.44,      6470,
     13.46,      6486,
     13.48,      6337,
      13.5,      6298,
     13.52,      6153,
     13.54,      6235,
     13.56,      6256,
     13.58,      6053,
      13.6,      6173,
     13.62,      6125,
     13.64,      5970,
     13.66,      6006,
     13.68,      6009,
      13.7,      5990,
     13.72,      5994,
     13.74,      5846,
     13.76,      5893,
     13.78,      5854,
      13.8,      5855,
     13.82,      5686,
     13.84,      5823,
     13.86,      5614,
     13.88,      5749,
      13.9,      5659,
     13.92,      5660,
     13.94,      5650,
     13.96,      5754,
     13.98,      5561,
        14,      5633,
     14.02,      5532,
     14.04,      5585,
     14.06,      5615,
     14.08,      5658,
      14.1,      5454,
     14.12,      5287,
     14.14,      5265,
     14.16,      5329,
     14.18,      5352,
      14.2,      5426,
     14.22,      5374,
     14.24,      5136,
     14.26,      5337,
     14.28,      5295,
      14.3,      5089,
     14.32,      5275,
     14.34,      5127,
     14.36,      5154,
     14.38,      4991,
      14.4,      5014,
     14.42,      4917,
     14.44,      5037,
     14.46,      5062,
     14.48,      5063,
      14.5,      5118,
     14.52,      4944,
     14.54,      4964,
     14.56,      5016,
     14.58,      4986,
      14.6,      4888,
     14.62,      4957,
     14.64,      4929,
     14.66,      4834,
     14.68,      4769,
      14.7,      4766,
     14.72,      4812,
     14.74,      4785,
     14.76,      4764,
     14.78,      4760,
      14.8,      4832,
     14.82,      4720,
     14.84,      4656,
     14.86,      4709,
     14.88,      4679,
      14.9,      4727,
     14.92,      4641,
     14.94,      4627,
     14.96,      4474,
     14.98,      4477,
        15,      4621,
     15.02,      4497,
     15.04,      4522,
     15.06,      4588,
     15.08,      4477,
      15.1,      4565,
     15.12,      4522,
     15.14,      4493,
     15.16,      4487,
     15.18,      4483,
      15.2,      4398,
     15.22,      4379,
     15.24,      4244,
     15.26,      4394,
     15.28,      4373,
      15.3,      4228,
     15.32,      4450,
     15.34,      4361,
     15.36,      4311,
     15.38,      4305,
      15.4,      4385,
     15.42,      4247,
     15.44,      4382,
     15.46,      4216,
     15.48,      4224,
      15.5,      4124,
     15.52,      4167,
     15.54,      4092,
     15.56,      4200,
     15.58,      4122,
      15.6,      4161,
     15.62,      4179,
     15.64,      4074,
     15.66,      4146,
     15.68,      4123,
      15.7,      4042,
     15.72,      4137,
     15.74,      4107,
     15.76,      4200,
     15.78,      4050,
      15.8,      4023,
     15.82,      4084,
     15.84,      4057,
     15.86,      4000,
     15.88,      4013,
      15.9,      3945,
     15.92,      3908,
     15.94,      3989,
     15.96,      3959,
     15.98,      3985,
        16,      3914,
     16.02,      3973,
     16.04,      4003,
     16.06,      3930,
     16.08,      3934,
      16.1,      3921,
     16.12,      3962,
     16.14,      3867,
     16.16,      3956,
     16.18,      3834,
      16.2,      3863,
     16.22,      3881,
     16.24,      3762,
     16.26,      3834,
     16.28,      3847,
      16.3,      3829,
     16.32,      3971,
     16.34,      3902,
     16.36,      3744,
     16.38,      3810,
      16.4,      3928,
     16.42,      4027,
     16.44,      3880,
     16.46,      3923,
     16.48,      3850,
      16.5,      3959,
     16.52,      3912,
     16.54,      4005,
     16.56,      4063,
     16.58,      4130,
      16.6,      4177,
     16.62,      4205,
     16.64,      4359,
     16.66,      4360,
     16.68,      4532,
      16.7,      4717,
     16.72,      5146,
     16.74,      5238,
     16.76,      5410,
     16.78,      5528,
      16.8,      5906,
     16.82,      5999,
     16.84,      6188,
     16.86,      6370,
     16.88,      6055,
      16.9,      5772,
     16.92,      5347,
     16.94,      5033,
     16.96,      4736,
     16.98,      4594,
        17,      4348,
     17.02,      4284,
     17.04,      4286,
     17.06,      3938,
     17.08,      3965,
      17.1,      3836,
     17.12,      3712,
     17.14,      3702,
     17.16,      3653,
     17.18,      3661,
      17.2,      3716,
     17.22,      3715,
     17.24,      3591,
     17.26,      3513,
     17.28,      3642,
      17.3,      3575,
     17.32,      3602,
     17.34,      3580,
     17.36,      3621,
     17.38,      3525,
      17.4,      3558,
     17.42,      3536,
     17.44,      3551,
     17.46,      3648,
     17.48,      3607,
      17.5,      3467,
     17.52,      3482,
     17.54,      3544,
     17.56,      3562,
     17.58,      3518,
      17.6,      3608,
     17.62,      3542,
     17.64,      3472,
     17.66,      3587,
     17.68,      3553,
      17.7,      3540,
     17.72,      3538,
     17.74,      3516,
     17.76,      3695,
     17.78,      3502,
      17.8,      3496,
     17.82,      3521,
     17.84,      3468,
     17.86,      3512,
     17.88,      3559,
      17.9,      3524,
     17.92,      3496,
     17.94,      3486,
     17.96,      3533,
     17.98,      3540,
        18,      3549,
     18.02,      3465,
     18.04,      3490,
     18.06,      3557,
     18.08,      3527,
      18.1,      3463,
     18.12,      3400,
     18.14,      3609,
     18.16,      3560,
     18.18,      3457,
      18.2,      3431,
     18.22,      3616,
     18.24,      3540,
     18.26,      3494,
     18.28,      3415,
      18.3,      3506,
     18.32,      3653,
     18.34,      3435,
     18.36,      3596,
     18.38,      3394,
      18.4,      3438,
     18.42,      3393,
     18.44,      3478,
     18.46,      3505,
     18.48,      3424,
      18.5,      3430,
     18.52,      3561,
     18.54,      3510,
     18.56,      3546,
     18.58,      3391,
      18.6,      3543,
     18.62,      3589,
     18.64,      3620,
     18.66,      3595,
     18.68,      3457,
      18.7,      3553,
     18.72,      3514,
     18.74,      3566,
     18.76,      3490,
     18.78,      3447,
      18.8,      3534,
     18.82,      3538,
     18.84,      3531,
     18.86,      3525,
     18.88,      3644,
      18.9,      3532,
     18.92,      3494,
     18.94,      3605,
     18.96,      3537,
     18.98,      3606,
        19,      3571,
     19.02,      3708,
     19.04,      3606,
     19.06,      3682,
     19.08,      3537,
      19.1,      3566,
     19.12,      3621,
     19.14,      3500,
     19.16,      3661,
     19.18,      3566,
      19.2,      3552,
     19.22,      3581,
     19.24,      3664,
     19.26,      3593,
     19.28,      3501,
      19.3,      3547,
     19.32,      3532,
     19.34,      3495,
     19.36,      3575,
     19.38,      3592,
      19.4,      3679,
     19.42,      3661,
     19.44,      3609,
     19.46,      3486,
     19.48,      3611,
      19.5,      3534,
     19.52,      3708,
     19.54,      3699,
     19.56,      3677,
     19.58,      3641,
      19.6,      3680,
     19.62,      3540,
     19.64,      3709,
     19.66,      3674,
     19.68,      3562,
      19.7,      3622,
     19.72,      3624,
     19.74,      3643,
     19.76,      3693,
     19.78,      3591,
      19.8,      3701,
     19.82,      3676,
     19.84,      3649,
     19.86,      3570,
     19.88,      3645,
      19.9,      3617,
     19.92,      3668,
     19.94,      3626,
     19.96,      3691,
     19.98,      3721,
        20,      3639,
     20.02,      3596,
     20.04,      3555,
     20.06,      3632,
     20.08,      3536,
      20.1,      3689,
     20.12,      3697,
     20.14,      3706,
     20.16,      3658,
     20.18,      3655,
      20.2,      3683,
     20.22,      3721,
     20.24,      3688,
     20.26,      3705,
     20.28,      3692,
      20.3,      3656,
     20.32,      3560,
     20.34,      3783,
     20.36,      3560,
     20.38,      3734,
      20.4,      3777,
     20.42,      3736,
     20.44,      3798,
     20.46,      3749,
     20.48,      3770,
      20.5,      3846,
     20.52,      3738,
     20.54,      3744,
     20.56,      3808,
     20.58,      3726,
      20.6,      3731,
     20.62,      3770,
     20.64,      3682,
     20.66,      3684,
     20.68,      3699,
      20.7,      3758,
     20.72,      3665,
     20.74,      3633,
     20.76,      3732,
     20.78,      3709,
      20.8,      3683,
     20.82,      3687,
     20.84,      3767,
     20.86,      3707,
     20.88,      3719,
      20.9,      3719,
     20.92,      3766,
     20.94,      3707,
     20.96,      3780,
     20.98,      3683,
        21,      3669,
     21.02,      3747,
     21.04,      3762,
     21.06,      3830,
     21.08,      3768,
      21.1,      3739,
     21.12,      3735,
     21.14,      3842,
     21.16,      3807,
     21.18,      3714,
      21.2,      3718,
     21.22,      3695,
     21.24,      3779,
     21.26,      3738,
     21.28,      3826,
      21.3,      3738,
     21.32,      3695,
     21.34,      3674,
     21.36,      3829,
     21.38,      3743,
      21.4,      3668,
     21.42,      3785,
     21.44,      3870,
     21.46,      3773,
     21.48,      3677,
      21.5,      3849,
     21.52,      3732,
     21.54,      3692,
     21.56,      3822,
     21.58,      3796,
      21.6,      3758,
     21.62,      3787,
     21.64,      3672,
     21.66,      3833,
     21.68,      3695,
      21.7,      3804,
     21.72,      3787,
     21.74,      3821,
     21.76,      3685,
     21.78,      3756,
      21.8,      3614,
     21.82,      3668,
     21.84,      3666,
     21.86,      3643,
     21.88,      3730,
      21.9,      3719,
     21.92,      3741,
     21.94,      3648,
     21.96,      3701,
     21.98,      3667,
        22,      3817,
     22.02,      3633,
     22.04,      3740,
     22.06,      3625,
     22.08,      3602,
      22.1,      3673,
     22.12,      3721,
     22.14,      3764,
     22.16,      3698,
     22.18,      3729,
      22.2,      3643,
     22.22,      3747,
     22.24,      3710,
     22.26,      3824,
     22.28,      3657,
      22.3,      3786,
     22.32,      3575,
     22.34,      3746,
     22.36,      3695,
     22.38,      3680,
      22.4,      3650,
     22.42,      3824,
     22.44,      3632,
     22.46,      3641,
     22.48,      3636,
      22.5,      3648,
     22.52,      3636,
     22.54,      3680,
     22.56,      3574,
     22.58,      3518,
      22.6,      3563,
     22.62,      3628,
     22.64,      3727,
     22.66,      3605,
     22.68,      3522,
      22.7,      3554,
     22.72,      3517,
     22.74,      3637,
     22.76,      3592,
     22.78,      3526,
      22.8,      3612,
     22.82,      3643,
     22.84,      3655,
     22.86,      3570,
     22.88,      3620,
      22.9,      3502,
     22.92,      3525,
     22.94,      3752,
     22.96,      3664,
     22.98,      3506,
        23,      3576,
     23.02,      3642,
     23.04,      3612,
     23.06,      3686,
     23.08,      3629,
      23.1,      3612,
     23.12,      3570,
     23.14,      3529,
     23.16,      3437,
     23.18,      3568,
      23.2,      3527,
     23.22,      3589,
     23.24,      3559,
     23.26,      3482,
     23.28,      3533,
      23.3,      3648,
     23.32,      3489,
     23.34,      3457,
     23.36,      3586,
     23.38,      3447,
      23.4,      3415,
     23.42,      3493,
     23.44,      3532,
     23.46,      3493,
     23.48,      3462,
      23.5,      3510,
     23.52,      3446,
     23.54,      3483,
     23.56,      3488,
     23.58,      3538,
      23.6,      3522,
     23.62,      3413,
     23.64,      3397,
     23.66,      3465,
     23.68,      3466,
      23.7,      3389,
     23.72,      3505,
     23.74,      3491,
     23.76,      3355,
     23.78,      3551,
      23.8,      3496,
     23.82,      3485,
     23.84,      3348,
     23.86,      3485,
     23.88,      3441,
      23.9,      3358,
     23.92,      3428,
     23.94,      3517,
     23.96,      3495,
     23.98,      3526,
        24,      3584,
     24.02,      3551,
     24.04,      3576,
     24.06,      3553,
     24.08,      3540,
      24.1,      3504,
     24.12,      3481,
     24.14,      3558,
     24.16,      3412,
     24.18,      3390,
      24.2,      3515,
     24.22,      3334,
     24.24,      3494,
     24.26,      3420,
     24.28,      3357,
      24.3,      3274,
     24.32,      3334,
     24.34,      3357,
     24.36,      3265,
     24.38,      3307,
      24.4,      3287,
     24.42,      3396,
     24.44,      3323,
     24.46,      3287,
     24.48,      3202,
      24.5,      3239,
     24.52,      3193,
     24.54,      3207,
     24.56,      3338,
     24.58,      3252,
      24.6,      3214,
     24.62,      3212,
     24.64,      3279,
     24.66,      3291,
     24.68,      3242,
      24.7,      3270,
     24.72,      3200,
     24.74,      3188,
     24.76,      3105,
     24.78,      3205,
      24.8,      3332,
     24.82,      3192,
     24.84,      3161,
     24.86,      3246,
     24.88,      3190,
      24.9,      3249,
     24.92,      3105,
     24.94,      3101,
     24.96,      3138,
     24.98,      3239,
        25,      3092,
     25.02,      3229,
     25.04,      3113,
     25.06,      3216,
     25.08,      3141,
      25.1,      3111,
     25.12,      3075,
     25.14,      3075,
     25.16,      3216,
     25.18,      3191,
      25.2,      3188,
     25.22,      3219,
     25.24,      3139,
     25.26,      3079,
     25.28,      3220,
      25.3,      3121,
     25.32,      3144,
     25.34,      3218,
     25.36,      3225,
     25.38,      3277,
      25.4,      3249,
     25.42,      3264,
     25.44,      3297,
     25.46,      3294,
     25.48,      3303,
      25.5,      3169,
     25.52,      3132,
     25.54,      3169,
     25.56,      3159,
     25.58,      3050,
      25.6,      3023,
     25.62,      3076,
     25.64,      3067,
     25.66,      3095,
     25.68,      3075,
      25.7,      3067,
     25.72,      3024,
     25.74,      3124,
     25.76,      3145,
     25.78,      3058,
      25.8,      3153,
     25.82,      3032,
     25.84,      3119,
     25.86,      3172,
     25.88,      3073,
      25.9,      3228,
     25.92,      3189,
     25.94,      3281,
     25.96,      3137,
     25.98,      3164,
        26,      3294,
     26.02,      3607,
     26.04,      3560,
     26.06,      3549,
     26.08,      3456,
      26.1,      3330,
     26.12,      3272,
     26.14,      3189,
     26.16,      3194,
     26.18,      3029,
      26.2,      3018,
     26.22,      2982,
     26.24,      2968,
     26.26,      2993,
     26.28,      2792,
      26.3,      2993,
     26.32,      2793,
     26.34,      2792,
     26.36,      2947,
     26.38,      2740,
      26.4,      2750,
     26.42,      2845,
     26.44,      2857,
     26.46,      2804,
     26.48,      2810,
      26.5,      2708,
     26.52,      2719,
     26.54,      2741,
     26.56,      2834,
     26.58,      2808,
      26.6,      2836,
     26.62,      2759,
     26.64,      2735,
     26.66,      2801,
     26.68,      2701,
      26.7,      2723,
     26.72,      2686,
     26.74,      2773,
     26.76,      2689,
     26.78,      2722,
      26.8,      2638,
     26.82,      2694,
     26.84,      2629,
     26.86,      2649,
     26.88,      2701,
      26.9,      2723,
     26.92,      2645,
     26.94,      2676,
     26.96,      2725,
     26.98,      2659,
        27,      2692,
     27.02,      2655,
     27.04,      2778,
     27.06,      2647,
     27.08,      2640,
      27.1,      2677,
     27.12,      2587,
     27.14,      2632,
     27.16,      2611,
     27.18,      2531,
      27.2,      2506,
     27.22,      2623,
     27.24,      2654,
     27.26,      2580,
     27.28,      2537,
      27.3,      2600,
     27.32,      2493,
     27.34,      2510,
     27.36,      2579,
     27.38,      2611,
      27.4,      2566,
     27.42,      2519,
     27.44,      2526,
     27.46,      2622,
     27.48,      2612,
      27.5,      2539,
     27.52,      2562,
     27.54,      2541,
     27.56,      2531,
     27.58,      2480,
      27.6,      2526,
     27.62,      2519,
     27.64,      2511,
     27.66,      2473,
     27.68,      2532,
      27.7,      2492,
     27.72,      2599,
     27.74,      2464,
     27.76,      2621,
     27.78,      2608,
      27.8,      2509,
     27.82,      2588,
     27.84,      2540,
     27.86,      2658,
     27.88,      2703,
      27.9,      2838,
     27.92,      2923,
     27.94,      3044,
     27.96,      3286,
     27.98,      3410,
        28,      3618,
     28.02,      3876,
     28.04,      3762,
     28.06,      3951,
     28.08,      3874,
      28.1,      3679,
     28.12,      3295,
     28.14,      3064,
     28.16,      2824,
     28.18,      2837,
      28.2,      2660,
     28.22,      2513,
     28.24,      2428,
     28.26,      2307,
     28.28,      2464,
      28.3,      2407,
     28.32,      2439,
     28.34,      2386,
     28.36,      2419,
     28.38,      2487,
      28.4,      2416,
     28.42,      2348,
     28.44,      2369,
     28.46,      2302,
     28.48,      2414,
      28.5,      2397,
     28.52,      2297,
     28.54,      2310,
     28.56,      2308,
     28.58,      2332,
      28.6,      2333,
     28.62,      2350,
     28.64,      2420,
     28.66,      2349,
     28.68,      2322,
      28.7,      2433,
     28.72,      2414,
     28.74,      2438,
     28.76,      2372,
     28.78,      2510,
      28.8,      2396,
     28.82,      2470,
     28.84,      2424,
     28.86,      2511,
     28.88,      2483,
      28.9,      2516,
     28.92,      2470,
     28.94,      2402,
     28.96,      2389,
     28.98,      2426,
        29,      2419,
     29.02,      2356,
     29.04,      2417,
     29.06,      2421,
     29.08,      2388,
      29.1,      2386,
     29.12,      2298,
     29.14,      2351,
     29.16,      2292,
     29.18,      2243,
      29.2,      2356,
     29.22,      2392,
     29.24,      2368,
     29.26,      2177,
     29.28,      2223,
      29.3,      2351,
     29.32,      2256,
     29.34,      2211,
     29.36,      2169,
     29.38,      2164,
      29.4,      2216,
     29.42,      2245,
     29.44,      2224,
     29.46,      2159,
     29.48,      2148,
      29.5,      2263,
     29.52,      2146,
     29.54,      2239,
     29.56,      2174,
     29.58,      2186,
      29.6,      2161,
     29.62,      2170,
     29.64,      2160,
     29.66,      2180,
     29.68,      2224,
      29.7,      2180,
     29.72,      2182,
     29.74,      2284,
     29.76,      2194,
     29.78,      2227,
      29.8,      2089,
     29.82,      2086,
     29.84,      2174,
     29.86,      2232,
     29.88,      2132,
      29.9,      2145,
     29.92,      2134,
     29.94,      2145,
     29.96,      2169,
     29.98,      2093,
        30,      2073,
     30.02,      2132,
     30.04,      2239,
     30.06,      2144,
     30.08,      2112,
      30.1,      2115,
     30.12,      2104,
     30.14,      2121,
     30.16,      2124,
     30.18,      2131,
      30.2,      2175,
     30.22,      2160,
     30.24,      2188,
     30.26,      2060,
     30.28,      2141,
      30.3,      2175,
     30.32,      2074,
     30.34,      2083,
     30.36,      2132,
     30.38,      2117,
      30.4,      2144,
     30.42,      2049,
     30.44,      2062,
     30.46,      2184,
     30.48,      2141,
      30.5,      2009,
     30.52,      2226,
     30.54,      2194,
     30.56,      2142,
     30.58,      2135,
      30.6,      2212,
     30.62,      2072,
     30.64,      2123,
     30.66,      2173,
     30.68,      2089,
      30.7,      2102,
     30.72,      2075,
     30.74,      2204,
     30.76,      2192,
     30.78,      2079,
      30.8,      2130,
     30.82,      2111,
     30.84,      2189,
     30.86,      2123,
     30.88,      2150,
      30.9,      2110,
     30.92,      2137,
     30.94,      2242,
     30.96,      2257,
     30.98,      2289,
        31,      2277,
     31.02,      2375,
     31.04,      2348,
     31.06,      2430,
     31.08,      2549,
      31.1,      2619,
     31.12,      2782,
     31.14,      2777,
     31.16,      2933,
     31.18,      2794,
      31.2,      2883,
     31.22,      2890,
     31.24,      2852,
     31.26,      2726,
     31.28,      2539,
      31.3,      2523,
     31.32,      2342,
     31.34,      2423,
     31.36,      2273,
     31.38,      2295,
      31.4,      2189,
     31.42,      2153,
     31.44,      2271,
     31.46,      2166,
     31.48,      2244,
      31.5,      2197,
     31.52,      2211,
     31.54,      2190,
     31.56,      2113,
     31.58,      2198,
      31.6,      2268,
     31.62,      2116,
     31.64,      2151,
     31.66,      2235,
     31.68,      2147,
      31.7,      2056,
     31.72,      2146,
     31.74,      2146,
     31.76,      2127,
     31.78,      2114,
      31.8,      2164,
     31.82,      2125,
     31.84,      2174,
     31.86,      2206,
     31.88,      2179,
      31.9,      2191,
     31.92,      2102,
     31.94,      2166,
     31.96,      2153,
     31.98,      2108,
        32,      2118,
     32.02,      2104,
     32.04,      2151,
     32.06,      2175,
     32.08,      2194,
      32.1,      2179,
     32.12,      2246,
     32.14,      2137,
     32.16,      2247,
     32.18,      2224,
      32.2,      2175,
     32.22,      2323,
     32.24,      2235,
     32.26,      2159,
     32.28,      2356,
      32.3,      2336,
     32.32,      2350,
     32.34,      2379,
     32.36,      2445,
     32.38,      2475,
      32.4,      2615,
     32.42,      2506,
     32.44,      2657,
     32.46,      2704,
     32.48,      2675,
      32.5,      2590,
     32.52,      2678,
     32.54,      2509,
     32.56,      2444,
     32.58,      2336,
      32.6,      2361,
     32.62,      2247,
     32.64,      2209,
     32.66,      2268,
     32.68,      2175,
      32.7,      2080,
     32.72,      2194,
     32.74,      2052,
     32.76,      2106,
     32.78,      2157,
      32.8,      2097,
     32.82,      2142,
     32.84,      2039,
     32.86,      2065,
     32.88,      2036,
      32.9,      1980,
     32.92,      1953,
     32.94,      2077,
     32.96,      1988,
     32.98,      2048,
        33,      2081,
     33.02,      2055,
     33.04,      2110,
     33.06,      1996,
     33.08,      2042,
      33.1,      1998,
     33.12,      2117,
     33.14,      2067,
     33.16,      2097,
     33.18,      2052,
      33.2,      2036,
     33.22,      2022,
     33.24,      2056,
     33.26,      2074,
     33.28,      2140,
      33.3,      2140,
     33.32,      2054,
     33.34,      2097,
     33.36,      2123,
     33.38,      2117,
      33.4,      2100,
     33.42,      2074,
     33.44,      2114,
     33.46,      2112,
     33.48,      2038,
      33.5,      2126,
     33.52,      2052,
     33.54,      2079,
     33.56,      2130,
     33.58,      2106,
      33.6,      2129,
     33.62,      2131,
     33.64,      2258,
     33.66,      2182,
     33.68,      2223,
      33.7,      2218,
     33.72,      2253,
     33.74,      2244,
     33.76,      2246,
     33.78,      2256,
      33.8,      2348,
     33.82,      2336,
     33.84,      2411,
     33.86,      2452,
     33.88,      2454,
      33.9,      2611,
     33.92,      2697,
     33.94,      2801,
     33.96,      2929,
     33.98,      3175,
        34,      3160,
     34.02,      3424,
     34.04,      3643,
     34.06,      3728,
     34.08,      3989,
      34.1,      4256,
     34.12,      4269,
     34.14,      4265,
     34.16,      4371,
     34.18,      4320,
      34.2,      4275,
     34.22,      4145,
     34.24,      3878,
     34.26,      3774,
     34.28,      3647,
      34.3,      3638,
     34.32,      3394,
     34.34,      3584,
     34.36,      3509,
     34.38,      3604,
      34.4,      3896,
     34.42,      3943,
     34.44,      4077,
     34.46,      4344,
     34.48,      4612,
      34.5,      5065,
     34.52,      5543,
     34.54,      6369,
     34.56,      6982,
     34.58,      7912,
      34.6,      8442,
     34.62,      9520,
     34.64,     10479,
     34.66,     11061,
     34.68,     11538,
      34.7,     11364,
     34.72,     11030,
     34.74,     10462,
     34.76,      9440,
     34.78,      8491,
      34.8,      7416,
     34.82,      6508,
     34.84,      5745,
     34.86,      4933,
     34.88,      4529,
      34.9,      4036,
     34.92,      3796,
     34.94,      3517,
     34.96,      3297,
     34.98,      3046,
        35,      3008,
     35.02,      2943,
     35.04,      2756,
     35.06,      2594,
     35.08,      2507,
      35.1,      2513,
     35.12,      2424,
     35.14,      2341,
     35.16,      2303,
     35.18,      2232,
      35.2,      2187,
     35.22,      2184,
     35.24,      2197,
     35.26,      2062,
     35.28,      2166,
      35.3,      2079,
     35.32,      2060,
     35.34,      2001,
     35.36,      2051,
     35.38,      2017,
      35.4,      1995,
     35.42,      2077,
     35.44,      1941,
     35.46,      1994,
     35.48,      1866,
      35.5,      1872,
     35.52,      1849,
     35.54,      1887,
     35.56,      1886,
     35.58,      1866,
      35.6,      1853,
     35.62,      1877,
     35.64,      1851,
     35.66,      1806,
     35.68,      1864,
      35.7,      1799,
     35.72,      1887,
     35.74,      1876,
     35.76,      1941,
     35.78,      1802,
      35.8,      1807,
     35.82,      1825,
     35.84,      1723,
     35.86,      1847,
     35.88,      1810,
      35.9,      1834,
     35.92,      1806,
     35.94,      1741,
     35.96,      1792,
     35.98,      1819,
        36,      1741,
     36.02,      1845,
     36.04,      1845,
     36.06,      1801,
     36.08,      1868,
      36.1,      1820,
     36.12,      1820,
     36.14,      1848,
     36.16,      1804,
     36.18,      1784,
      36.2,      1846,
     36.22,      1926,
     36.24,      1849,
     36.26,      1886,
     36.28,      1737,
      36.3,      1868,
     36.32,      1845,
     36.34,      1826,
     36.36,      1704,
     36.38,      1831,
      36.4,      1791,
     36.42,      1780,
     36.44,      1733,
     36.46,      1852,
     36.48,      1721,
      36.5,      1810,
     36.52,      1747,
     36.54,      1799,
     36.56,      1693,
     36.58,      1772,
      36.6,      1771,
     36.62,      1801,
     36.64,      1734,
     36.66,      1719,
     36.68,      1698,
      36.7,      1754,
     36.72,      1701,
     36.74,      1682,
     36.76,      1714,
     36.78,      1693,
      36.8,      1774,
     36.82,      1743,
     36.84,      1671,
     36.86,      1644,
     36.88,      1677,
      36.9,      1730,
     36.92,      1753,
     36.94,      1705,
     36.96,      1730,
     36.98,      1675,
        37,      1799,
     37.02,      1596,
     37.04,      1725,
     37.06,      1645,
     37.08,      1630,
      37.1,      1694,
     37.12,      1723,
     37.14,      1705,
     37.16,      1638,
     37.18,      1687,
      37.2,      1697,
     37.22,      1709,
     37.24,      1686,
     37.26,      1624,
     37.28,      1633,
      37.3,      1623,
     37.32,      1743,
     37.34,      1666,
     37.36,      1668,
     37.38,      1654,
      37.4,      1622,
     37.42,      1676,
     37.44,      1628,
     37.46,      1678,
     37.48,      1672,
      37.5,      1738,
     37.52,      1712,
     37.54,      1681,
     37.56,      1772,
     37.58,      1788,
      37.6,      1890,
     37.62,      1866,
     37.64,      1880,
     37.66,      1910,
     37.68,      1931,
      37.7,      1932,
     37.72,      1939,
     37.74,      1864,
     37.76,      1844,
     37.78,      1802,
      37.8,      1788,
     37.82,      1688,
     37.84,      1724,
     37.86,      1695,
     37.88,      1696,
      37.9,      1579,
     37.92,      1609,
     37.94,      1644,
     37.96,      1605,
     37.98,      1621,
        38,      1614,
     38.02,      1577,
     38.04,      1563,
     38.06,      1575,
     38.08,      1538,
      38.1,      1539,
     38.12,      1535,
     38.14,      1638,
     38.16,      1522,
     38.18,      1478,
      38.2,      1646,
     38.22,      1533,
     38.24,      1575,
     38.26,      1494,
     38.28,      1582,
      38.3,      1615,
     38.32,      1657,
     38.34,      1600,
     38.36,      1575,
     38.38,      1520,
      38.4,      1616,
     38.42,      1566,
     38.44,      1571,
     38.46,      1620,
     38.48,      1617,
      38.5,      1583,
     38.52,      1633,
     38.54,      1599,
     38.56,      1692,
     38.58,      1576,
      38.6,      1621,
     38.62,      1570,
     38.64,      1531,
     38.66,      1661,
     38.68,      1752,
      38.7,      1736,
     38.72,      1850,
     38.74,      1855,
     38.76,      1779,
     38.78,      1841,
      38.8,      1847,
     38.82,      1741,
     38.84,      1772,
     38.86,      1656,
     38.88,      1781,
      38.9,      1673,
     38.92,      1584,
     38.94,      1659,
     38.96,      1579,
     38.98,      1556,
        39,      1568,
     39.02,      1602,
     39.04,      1543,
     39.06,      1573,
     39.08,      1534,
      39.1,      1513,
     39.12,      1499,
     39.14,      1511,
     39.16,      1557,
     39.18,      1541,
      39.2,      1416,
     39.22,      1512,
     39.24,      1478,
     39.26,      1521,
     39.28,      1511,
      39.3,      1510,
     39.32,      1481,
     39.34,      1499,
     39.36,      1513,
     39.38,      1511,
      39.4,      1515,
     39.42,      1491,
     39.44,      1426,
     39.46,      1610,
     39.48,      1507,
      39.5,      1476,
     39.52,      1485,
     39.54,      1440,
     39.56,      1482,
     39.58,      1473,
      39.6,      1498,
     39.62,      1555,
     39.64,      1414,
     39.66,      1426,
     39.68,      1362,
      39.7,      1502,
     39.72,      1539,
     39.74,      1445,
     39.76,      1486,
     39.78,      1463,
      39.8,      1525,
     39.82,      1480,
     39.84,      1476,
     39.86,      1524,
     39.88,      1472,
      39.9,      1530,
     39.92,      1485,
     39.94,      1522,
     39.96,      1440,
     39.98,      1471,
        40,      1448,
     40.02,      1524,
     40.04,      1465,
     40.06,      1535,
     40.08,      1556,
      40.1,      1499,
     40.12,      1572,
     40.14,      1566,
     40.16,      1522,
     40.18,      1568,
      40.2,      1513,
     40.22,      1504,
     40.24,      1528,
     40.26,      1493,
     40.28,      1600,
      40.3,      1502,
     40.32,      1515,
     40.34,      1517,
     40.36,      1548,
     40.38,      1453,
      40.4,      1551,
     40.42,      1452,
     40.44,      1457,
     40.46,      1417,
     40.48,      1406,
      40.5,      1447,
     40.52,      1438,
     40.54,      1443,
     40.56,      1429,
     40.58,      1450,
      40.6,      1425,
     40.62,      1426,
     40.64,      1480,
     40.66,      1441,
     40.68,      1467,
      40.7,      1441,
     40.72,      1490,
     40.74,      1485,
     40.76,      1508,
     40.78,      1436,
      40.8,      1493,
     40.82,      1455,
     40.84,      1437,
     40.86,      1431,
     40.88,      1524,
      40.9,      1476,
     40.92,      1455,
     40.94,      1530,
     40.96,      1501,
     40.98,      1600,
        41,      1499,
     41.02,      1563,
     41.04,      1662,
     41.06,      1642,
     41.08,      1639,
      41.1,      1677,
     41.12,      1779,
     41.14,      1852,
     41.16,      1929,
     41.18,      1942,
      41.2,      1996,
     41.22,      1879,
     41.24,      1955,
     41.26,      1984,
     41.28,      1962,
      41.3,      1849,
     41.32,      1790,
     41.34,      1692,
     41.36,      1636,
     41.38,      1592,
      41.4,      1563,
     41.42,      1640,
     41.44,      1570,
     41.46,      1514,
     41.48,      1488,
      41.5,      1485,
     41.52,      1476,
     41.54,      1481,
     41.56,      1529,
     41.58,      1527,
      41.6,      1478,
     41.62,      1481,
     41.64,      1494,
     41.66,      1440,
     41.68,      1498,
      41.7,      1598,
     41.72,      1543,
     41.74,      1439,
     41.76,      1390,
     41.78,      1421,
      41.8,      1476,
     41.82,      1440,
     41.84,      1472,
     41.86,      1523,
     41.88,      1442,
      41.9,      1433,
     41.92,      1477,
     41.94,      1417,
     41.96,      1431,
     41.98,      1383,
        42,      1522,
     42.02,      1476,
     42.04,      1467,
     42.06,      1461,
     42.08,      1512,
      42.1,      1419,
     42.12,      1500,
     42.14,      1486,
     42.16,      1484,
     42.18,      1440,
      42.2,      1460,
     42.22,      1444,
     42.24,      1431,
     42.26,      1484,
     42.28,      1436,
      42.3,      1485,
     42.32,      1419,
     42.34,      1384,
     42.36,      1402,
     42.38,      1455,
      42.4,      1458,
     42.42,      1438,
     42.44,      1432,
     42.46,      1491,
     42.48,      1435,
      42.5,      1440,
     42.52,      1451,
     42.54,      1426,
     42.56,      1468,
     42.58,      1467,
      42.6,      1413,
     42.62,      1464,
     42.64,      1475,
     42.66,      1450,
     42.68,      1479,
      42.7,      1448,
     42.72,      1434,
     42.74,      1421,
     42.76,      1527,
     42.78,      1522,
      42.8,      1529,
     42.82,      1474,
     42.84,      1499,
     42.86,      1568,
     42.88,      1569,
      42.9,      1503,
     42.92,      1500,
     42.94,      1617,
     42.96,      1551,
     42.98,      1545,
        43,      1523,
     43.02,      1507,
     43.04,      1509,
     43.06,      1538,
     43.08,      1505,
      43.1,      1425,
     43.12,      1480,
     43.14,      1476,
     43.16,      1523,
     43.18,      1507,
      43.2,      1526,
     43.22,      1497,
     43.24,      1479,
     43.26,      1435,
     43.28,      1530,
      43.3,      1516,
     43.32,      1580,
     43.34,      1513,
     43.36,      1509,
     43.38,      1488,
      43.4,      1515,
     43.42,      1550,
     43.44,      1536,
     43.46,      1509,
     43.48,      1589,
      43.5,      1461,
     43.52,      1562,
     43.54,      1500,
     43.56,      1546,
     43.58,      1576,
      43.6,      1540,
     43.62,      1563,
     43.64,      1500,
     43.66,      1526,
     43.68,      1621,
      43.7,      1619,
     43.72,      1581,
     43.74,      1563,
     43.76,      1504,
     43.78,      1600,
      43.8,      1562,
     43.82,      1571,
     43.84,      1626,
     43.86,      1603,
     43.88,      1577,
      43.9,      1633,
     43.92,      1555,
     43.94,      1626,
     43.96,      1574,
     43.98,      1665,
        44,      1495,
     44.02,      1584,
     44.04,      1612,
     44.06,      1607,
     44.08,      1671,
      44.1,      1625,
     44.12,      1668,
     44.14,      1769,
     44.16,      1738,
     44.18,      1735,
      44.2,      1821,
     44.22,      1868,
     44.24,      1967,
     44.26,      1901,
     44.28,      2037,
      44.3,      2094,
     44.32,      2178,
     44.34,      2162,
     44.36,      2215,
     44.38,      2064,
      44.4,      2064,
     44.42,      2108,
     44.44,      2064,
     44.46,      1996,
     44.48,      1961,
      44.5,      1893,
     44.52,      1799,
     44.54,      1843,
     44.56,      1810,
     44.58,      1691,
      44.6,      1768,
     44.62,      1760,
     44.64,      1753,
     44.66,      1717,
     44.68,      1756,
      44.7,      1722,
     44.72,      1812,
     44.74,      1872,
     44.76,      1832,
     44.78,      1865,
      44.8,      1802,
     44.82,      1770,
     44.84,      1830,
     44.86,      1838,
     44.88,      1897,
      44.9,      1967,
     44.92,      1845,
     44.94,      1869,
     44.96,      2009,
     44.98,      2084,
        45,      2255,
     45.02,      2342,
     45.04,      2465,
     45.06,      2668,
     45.08,      2704,
      45.1,      2838,
     45.12,      2860,
     45.14,      2726,
     45.16,      2663,
     45.18,      2503,
      45.2,      2514,
     45.22,      2526,
     45.24,      2275,
     45.26,      2218,
     45.28,      2118,
      45.3,      1946,
     45.32,      1882,
     45.34,      1881,
     45.36,      1842,
     45.38,      1831,
      45.4,      1839,
     45.42,      1876,
     45.44,      1791,
     45.46,      1887,
     45.48,      1849,
      45.5,      1828,
     45.52,      1886,
     45.54,      1815,
     45.56,      1869,
     45.58,      1790,
      45.6,      1804,
     45.62,      1907,
     45.64,      1863,
     45.66,      1941,
     45.68,      1909,
      45.7,      1990,
     45.72,      1975,
     45.74,      2095,
     45.76,      2220,
     45.78,      2185,
      45.8,      2259,
     45.82,      2487,
     45.84,      2580,
     45.86,      2706,
     45.88,      2719,
      45.9,      2871,
     45.92,      2886,
     45.94,      3012,
     45.96,      3011,
     45.98,      3086,
        46,      2975,
     46.02,      3014,
     46.04,      3078,
     46.06,      3054,
     46.08,      2866,
      46.1,      2975,
     46.12,      2924,
     46.14,      3079,
     46.16,      3013,
     46.18,      3055,
      46.2,      3122,
     46.22,      3186,
     46.24,      3273,
     46.26,      3364,
     46.28,      3360,
      46.3,      3331,
     46.32,      3273,
     46.34,      3215,
     46.36,      3207,
     46.38,      3049,
      46.4,      2834,
     46.42,      2734,
     46.44,      2525,
     46.46,      2456,
     46.48,      2283,
      46.5,      2279,
     46.52,      2053,
     46.54,      2021,
     46.56,      1855,
     46.58,      1776,
      46.6,      1744,
     46.62,      1746,
     46.64,      1712,
     46.66,      1683,
     46.68,      1584,
      46.7,      1618,
     46.72,      1589,
     46.74,      1669,
     46.76,      1621,
     46.78,      1607,
      46.8,      1526,
     46.82,      1459,
     46.84,      1484,
     46.86,      1481,
     46.88,      1562,
      46.9,      1491,
     46.92,      1502,
     46.94,      1471,
     46.96,      1460,
     46.98,      1479,
        47,      1484,
     47.02,      1501,
     47.04,      1543,
     47.06,      1534,
     47.08,      1540,
      47.1,      1509,
     47.12,      1485,
     47.14,      1480,
     47.16,      1517,
     47.18,      1441,
      47.2,      1421,
     47.22,      1433,
     47.24,      1367,
     47.26,      1440,
     47.28,      1428,
      47.3,      1451,
     47.32,      1444,
     47.34,      1413,
     47.36,      1404,
     47.38,      1421,
      47.4,      1364,
     47.42,      1423,
     47.44,      1419,
     47.46,      1439,
     47.48,      1332,
      47.5,      1450,
     47.52,      1351,
     47.54,      1394,
     47.56,      1381,
     47.58,      1362,
      47.6,      1409,
     47.62,      1407,
     47.64,      1388,
     47.66,      1432,
     47.68,      1417,
      47.7,      1395,
     47.72,      1412,
     47.74,      1423,
     47.76,      1435,
     47.78,      1451,
      47.8,      1476,
     47.82,      1381,
     47.84,      1464,
     47.86,      1426,
     47.88,      1477,
      47.9,      1454,
     47.92,      1557,
     47.94,      1499,
     47.96,      1496,
     47.98,      1536,
        48,      1523,
     48.02,      1548,
     48.04,      1594,
     48.06,      1593,
     48.08,      1571,
      48.1,      1531,
     48.12,      1462,
     48.14,      1502,
     48.16,      1433,
     48.18,      1478,
      48.2,      1430,
     48.22,      1387,
     48.24,      1362,
     48.26,      1309,
     48.28,      1470,
      48.3,      1387,
     48.32,      1333,
     48.34,      1391,
     48.36,      1387,
     48.38,      1373,
      48.4,      1411,
     48.42,      1369,
     48.44,      1386,
     48.46,      1343,
     48.48,      1397,
      48.5,      1367,
     48.52,      1338,
     48.54,      1335,
     48.56,      1385,
     48.58,      1379,
      48.6,      1321,
     48.62,      1352,
     48.64,      1371,
     48.66,      1357,
     48.68,      1401,
      48.7,      1422,
     48.72,      1384,
     48.74,      1424,
     48.76,      1388,
     48.78,      1349,
      48.8,      1405,
     48.82,      1413,
     48.84,      1465,
     48.86,      1473,
     48.88,      1476,
      48.9,      1505,
     48.92,      1540,
     48.94,      1569,
     48.96,      1549,
     48.98,      1677,
        49,      1660,
     49.02,      1568,
     49.04,      1544,
     49.06,      1467,
     49.08,      1583,
      49.1,      1513,
     49.12,      1517,
     49.14,      1531,
     49.16,      1480,
     49.18,      1467,
      49.2,      1495,
     49.22,      1512,
     49.24,      1521,
     49.26,      1556,
     49.28,      1459,
      49.3,      1478,
     49.32,      1438,
     49.34,      1449,
     49.36,      1451,
     49.38,      1428,
      49.4,      1481,
     49.42,      1419,
     49.44,      1472,
     49.46,      1456,
     49.48,      1486,
      49.5,      1421,
     49.52,      1473,
     49.54,      1444,
     49.56,      1508,
     49.58,      1538,
      49.6,      1520,
     49.62,      1477,
     49.64,      1531,
     49.66,      1441,
     49.68,      1527,
      49.7,      1435,
     49.72,      1422,
     49.74,      1331,
     49.76,      1362,
     49.78,      1386,
      49.8,      1377,
     49.82,      1300,
     49.84,      1302,
     49.86,      1232,
     49.88,      1287,
      49.9,      1303,
     49.92,      1328,
     49.94,      1278,
     49.96,      1289,
     49.98,      1267,
        50,      1191,
     50.02,      1345,
     50.04,      1281,
     50.06,      1257,
     50.08,      1241,
      50.1,      1249,
     50.12,      1265,
     50.14,      1302,
     50.16,      1173,
     50.18,      1211,
      50.2,      1282,
     50.22,      1234,
     50.24,      1267,
     50.26,      1220,
     50.28,      1242,
      50.3,      1171,
     50.32,      1261,
     50.34,      1239,
     50.36,      1227,
     50.38,      1266,
      50.4,      1198,
     50.42,      1289,
     50.44,      1259,
     50.46,      1202,
     50.48,      1256,
      50.5,      1194,
     50.52,      1310,
     50.54,      1200,
     50.56,      1211,
     50.58,      1213,
      50.6,      1242,
     50.62,      1258,
     50.64,      1229,
     50.66,      1206,
     50.68,      1329,
      50.7,      1273,
     50.72,      1237,
     50.74,      1253,
     50.76,      1304,
     50.78,      1309,
      50.8,      1327,
     50.82,      1324,
     50.84,      1325,
     50.86,      1341,
     50.88,      1414,
      50.9,      1372,
     50.92,      1441,
     50.94,      1427,
     50.96,      1441,
     50.98,      1523,
        51,      1421,
     51.02,      1435,
     51.04,      1400,
     51.06,      1361,
     51.08,      1404,
      51.1,      1379,
     51.12,      1368,
     51.14,      1325,
     51.16,      1315,
     51.18,      1282,
      51.2,      1309,
     51.22,      1238,
     51.24,      1234,
     51.26,      1196,
     51.28,      1199,
      51.3,      1215,
     51.32,      1252,
     51.34,      1173,
     51.36,      1252,
     51.38,      1241,
      51.4,      1239,
     51.42,      1145,
     51.44,      1196,
     51.46,      1181,
     51.48,      1214,
      51.5,      1212,
     51.52,      1186,
     51.54,      1210,
     51.56,      1252,
     51.58,      1265,
      51.6,      1263,
     51.62,      1223,
     51.64,      1258,
     51.66,      1236,
     51.68,      1189,
      51.7,      1153,
     51.72,      1271,
     51.74,      1189,
     51.76,      1283,
     51.78,      1215,
      51.8,      1177,
     51.82,      1235,
     51.84,      1179,
     51.86,      1143,
     51.88,      1249,
      51.9,      1257,
     51.92,      1186,
     51.94,      1193,
     51.96,      1253,
     51.98,      1164,
        52,      1247,
     52.02,      1227,
     52.04,      1214,
     52.06,      1188,
     52.08,      1177,
      52.1,      1190,
     52.12,      1260,
     52.14,      1241,
     52.16,      1233,
     52.18,      1268,
      52.2,      1198,
     52.22,      1240,
     52.24,      1169,
     52.26,      1190,
     52.28,      1200,
      52.3,      1223,
     52.32,      1149,
     52.34,      1185,
     52.36,      1208,
     52.38,      1218,
      52.4,      1197,
     52.42,      1207,
     52.44,      1258,
     52.46,      1164,
     52.48,      1193,
      52.5,      1213,
     52.52,      1210,
     52.54,      1146,
     52.56,      1248,
     52.58,      1225,
      52.6,      1184,
     52.62,      1216,
     52.64,      1187,
     52.66,      1165,
     52.68,      1172,
      52.7,      1246,
     52.72,      1200,
     52.74,      1250,
     52.76,      1246,
     52.78,      1195,
      52.8,      1235,
     52.82,      1336,
     52.84,      1300,
     52.86,      1291,
     52.88,      1314,
      52.9,      1274,
     52.92,      1220,
     52.94,      1270,
     52.96,      1268,
     52.98,      1277,
        53,      1250,
     53.02,      1281,
     53.04,      1278,
     53.06,      1326,
     53.08,      1340,
      53.1,      1305,
     53.12,      1353,
     53.14,      1309,
     53.16,      1316,
     53.18,      1367,
      53.2,      1306,
     53.22,      1375,
     53.24,      1341,
     53.26,      1361,
     53.28,      1411,
      53.3,      1325,
     53.32,      1341,
     53.34,      1387,
     53.36,      1290,
     53.38,      1411,
      53.4,      1394,
     53.42,      1360,
     53.44,      1332,
     53.46,      1345,
     53.48,      1348,
      53.5,      1369,
     53.52,      1429,
     53.54,      1320,
     53.56,      1328,
     53.58,      1342,
      53.6,      1329,
     53.62,      1318,
     53.64,      1304,
     53.66,      1339,
     53.68,      1340,
      53.7,      1374,
     53.72,      1299,
     53.74,      1361,
     53.76,      1262,
     53.78,      1288,
      53.8,      1217,
     53.82,      1257,
     53.84,      1277,
     53.86,      1170,
     53.88,      1222,
      53.9,      1213,
     53.92,      1203,
     53.94,      1224,
     53.96,      1243,
     53.98,      1197,
        54,      1195,
     54.02,      1161,
     54.04,      1191,
     54.06,      1227,
     54.08,      1173,
      54.1,      1203,
     54.12,      1231,
     54.14,      1197,
     54.16,      1176,
     54.18,      1179,
      54.2,      1158,
     54.22,      1189,
     54.24,      1192,
     54.26,      1155,
     54.28,      1278,
      54.3,      1217,
     54.32,      1293,
     54.34,      1162,
     54.36,      1208,
     54.38,      1211,
      54.4,      1178,
     54.42,      1154,
     54.44,      1211,
     54.46,      1194,
     54.48,      1225,
      54.5,      1148,
     54.52,      1219,
     54.54,      1202,
     54.56,      1227,
     54.58,      1186,
      54.6,      1193,
     54.62,      1184,
     54.64,      1228,
     54.66,      1210,
     54.68,      1164,
      54.7,      1222,
     54.72,      1167,
     54.74,      1226,
     54.76,      1207,
     54.78,      1209,
      54.8,      1174,
     54.82,      1115,
     54.84,      1163,
     54.86,      1233,
     54.88,      1164,
      54.9,      1181,
     54.92,      1220,
     54.94,      1202,
     54.96,      1184,
     54.98,      1185,
        55,      1151,
     55.02,      1190,
     55.04,      1129,
     55.06,      1211,
     55.08,      1175,
      55.1,      1171,
     55.12,      1220,
     55.14,      1209,
     55.16,      1159,
     55.18,      1232,
      55.2,      1163,
     55.22,      1194,
     55.24,      1186,
     55.26,      1177,
     55.28,      1182,
      55.3,      1252,
     55.32,      1225,
     55.34,      1191,
     55.36,      1146,
     55.38,      1189,
      55.4,      1178,
     55.42,      1128,
     55.44,      1177,
     55.46,      1198,
     55.48,      1202,
      55.5,      1204,
     55.52,      1161,
     55.54,      1200,
     55.56,      1235,
     55.58,      1146,
      55.6,      1160,
     55.62,      1234,
     55.64,      1211,
     55.66,      1161,
     55.68,      1196,
      55.7,      1215,
     55.72,      1130,
     55.74,      1154,
     55.76,      1238,
     55.78,      1191,
      55.8,      1178,
     55.82,      1206,
     55.84,      1182,
     55.86,      1133,
     55.88,      1184,
      55.9,      1170,
     55.92,      1290,
     55.94,      1260,
     55.96,      1214,
     55.98,      1224,
        56,      1184,
     56.02,      1269,
     56.04,      1241,
     56.06,      1254,
     56.08,      1252,
      56.1,      1254,
     56.12,      1191,
     56.14,      1250,
     56.16,      1225,
     56.18,      1245,
      56.2,      1234,
     56.22,      1199,
     56.24,      1227,
     56.26,      1179,
     56.28,      1341,
      56.3,      1275,
     56.32,      1276,
     56.34,      1265,
     56.36,      1272,
     56.38,      1304,
      56.4,      1306,
     56.42,      1357,
     56.44,      1393,
     56.46,      1431,
     56.48,      1387,
      56.5,      1471,
     56.52,      1451,
     56.54,      1502,
     56.56,      1410,
     56.58,      1398,
      56.6,      1431,
     56.62,      1350,
     56.64,      1445,
     56.66,      1499,
     56.68,      1402,
      56.7,      1338,
     56.72,      1403,
     56.74,      1339,
     56.76,      1420,
     56.78,      1298,
      56.8,      1300,
     56.82,      1402,
     56.84,      1309,
     56.86,      1316,
     56.88,      1363,
      56.9,      1315,
     56.92,      1336,
     56.94,      1429,
     56.96,      1292,
     56.98,      1420,
        57,      1373,
     57.02,      1349,
     57.04,      1402,
     57.06,      1383,
     57.08,      1348,
      57.1,      1369,
     57.12,      1386,
     57.14,      1365,
     57.16,      1371,
     57.18,      1381,
      57.2,      1407,
     57.22,      1393,
     57.24,      1397,
     57.26,      1368,
     57.28,      1513,
      57.3,      1513,
     57.32,      1493,
     57.34,      1568,
     57.36,      1615,
     57.38,      1609,
      57.4,      1686,
     57.42,      1627,
     57.44,      1621,
     57.46,      1628,
     57.48,      1595,
      57.5,      1506,
     57.52,      1577,
     57.54,      1518,
     57.56,      1484,
     57.58,      1564,
      57.6,      1425,
     57.62,      1457,
     57.64,      1450,
     57.66,      1362,
     57.68,      1350,
      57.7,      1387,
     57.72,      1354,
     57.74,      1340,
     57.76,      1364,
     57.78,      1376,
      57.8,      1355,
     57.82,      1347,
     57.84,      1341,
     57.86,      1367,
     57.88,      1362,
      57.9,      1409,
     57.92,      1362,
     57.94,      1354,
     57.96,      1364,
     57.98,      1415,
        58,      1375,
     58.02,      1437,
     58.04,      1315,
     58.06,      1450,
     58.08,      1433,
      58.1,      1444,
     58.12,      1377,
     58.14,      1441,
     58.16,      1502,
     58.18,      1411,
      58.2,      1498,
     58.22,      1537,
     58.24,      1523,
     58.26,      1557,
     58.28,      1554,
      58.3,      1683,
     58.32,      1704,
     58.34,      1738,
     58.36,      1803,
     58.38,      1895,
      58.4,      1894,
     58.42,      2006,
     58.44,      2044,
     58.46,      2136,
     58.48,      2044,
      58.5,      2117,
     58.52,      2099,
     58.54,      2125,
     58.56,      2007,
     58.58,      2065,
      58.6,      2026,
     58.62,      2057,
     58.64,      2102,
     58.66,      2157,
     58.68,      2060,
      58.7,      2121,
     58.72,      2082,
     58.74,      2116,
     58.76,      2032,
     58.78,      2028,
      58.8,      2032,
     58.82,      1966,
     58.84,      1917,
     58.86,      1945,
     58.88,      1900,
      58.9,      1791,
     58.92,      1779,
     58.94,      1666,
     58.96,      1728,
     58.98,      1681,
        59,      1613,
     59.02,      1602,
     59.04,      1465,
     59.06,      1487,
     59.08,      1506,
      59.1,      1473,
     59.12,      1499,
     59.14,      1372,
     59.16,      1444,
     59.18,      1372,
      59.2,      1356,
     59.22,      1360,
     59.24,      1378,
     59.26,      1323,
     59.28,      1393,
      59.3,      1386,
     59.32,      1349,
     59.34,      1376,
     59.36,      1318,
     59.38,      1324,
      59.4,      1341,
     59.42,      1274,
     59.44,      1373,
     59.46,      1297,
     59.48,      1338,
      59.5,      1278,
     59.52,      1363,
     59.54,      1279,
     59.56,      1257,
     59.58,      1292,
      59.6,      1293,
     59.62,      1300,
     59.64,      1270,
     59.66,      1264,
     59.68,      1322,
      59.7,      1254,
     59.72,      1217,
     59.74,      1230,
     59.76,      1245,
     59.78,      1273,
      59.8,      1238,
     59.82,      1234,
     59.84,      1291,
     59.86,      1254,
     59.88,      1237,
      59.9,      1257,
     59.92,      1245,
     59.94,      1209,
     59.96,      1209,
     59.98,      1228,
        60,      1258,
     60.02,      1227,
     60.04,      1236,
     60.06,      1224,
     60.08,      1213,
      60.1,      1200,
     60.12,      1263,
     60.14,      1209,
     60.16,      1209,
     60.18,      1215,
      60.2,      1259,
     60.22,      1244,
     60.24,      1274,
     60.26,      1246,
     60.28,      1264,
      60.3,      1220,
     60.32,      1260,
     60.34,      1182,
     60.36,      1279,
     60.38,      1165,
      60.4,      1235,
     60.42,      1239,
     60.44,      1201,
     60.46,      1264,
     60.48,      1242,
      60.5,      1283,
     60.52,      1227,
     60.54,      1176,
     60.56,      1229,
     60.58,      1180,
      60.6,      1191,
     60.62,      1270,
     60.64,      1241,
     60.66,      1248,
     60.68,      1265,
      60.7,      1256,
     60.72,      1243,
     60.74,      1250,
     60.76,      1308,
     60.78,      1241,
      60.8,      1351,
     60.82,      1352,
     60.84,      1333,
     60.86,      1355,
     60.88,      1325,
      60.9,      1261,
     60.92,      1229,
     60.94,      1312,
     60.96,      1248,
     60.98,      1289,
        61,      1317,
     61.02,      1262,
     61.04,      1296,
     61.06,      1234,
     61.08,      1167,
      61.1,      1210,
     61.12,      1253,
     61.14,      1224,
     61.16,      1186,
     61.18,      1230,
      61.2,      1136,
     61.22,      1199,
     61.24,      1159,
     61.26,      1188,
     61.28,      1179,
      61.3,      1219,
     61.32,      1192,
     61.34,      1235,
     61.36,      1153,
     61.38,      1165,
      61.4,      1256,
     61.42,      1208,
     61.44,      1175,
     61.46,      1199,
     61.48,      1191,
      61.5,      1203,
     61.52,      1283,
     61.54,      1282,
     61.56,      1257,
     61.58,      1236,
      61.6,      1316,
     61.62,      1276,
     61.64,      1240,
     61.66,      1314,
     61.68,      1222,
      61.7,      1271,
     61.72,      1280,
     61.74,      1312,
     61.76,      1269,
     61.78,      1212,
      61.8,      1196,
     61.82,      1294,
     61.84,      1251,
     61.86,      1269,
     61.88,      1270,
      61.9,      1220,
     61.92,      1257,
     61.94,      1242,
     61.96,      1188,
     61.98,      1222,
        62,      1175,
     62.02,      1231,
     62.04,      1201,
     62.06,      1271,
     62.08,      1168,
      62.1,      1183,
     62.12,      1244,
     62.14,      1246,
     62.16,      1247,
     62.18,      1197,
      62.2,      1201,
     62.22,      1120,
     62.24,      1117,
     62.26,      1205,
     62.28,      1179,
      62.3,      1114,
     62.32,      1202,
     62.34,      1142,
     62.36,      1149,
     62.38,      1174,
      62.4,      1088,
     62.42,      1155,
     62.44,      1143,
     62.46,      1193,
     62.48,      1196,
      62.5,      1129,
     62.52,      1111,
     62.54,      1145,
     62.56,      1179,
     62.58,      1081,
      62.6,      1188,
     62.62,      1223,
     62.64,      1239,
     62.66,      1122,
     62.68,      1202,
      62.7,      1094,
     62.72,      1128,
     62.74,      1158,
     62.76,      1157,
     62.78,      1142,
      62.8,      1135,
     62.82,      1094,
     62.84,      1154,
     62.86,      1146,
     62.88,      1168,
      62.9,      1190,
     62.92,      1213,
     62.94,      1108,
     62.96,      1183,
     62.98,      1148,
        63,      1146,
     63.02,      1150,
     63.04,      1182,
     63.06,      1183,
     63.08,      1179,
      63.1,      1137,
     63.12,      1176,
     63.14,      1138,
     63.16,      1094,
     63.18,      1200,
      63.2,      1221,
     63.22,      1189,
     63.24,      1239,
     63.26,      1172,
     63.28,      1171,
      63.3,      1158,
     63.32,      1185,
     63.34,      1184,
     63.36,      1166,
     63.38,      1147,
      63.4,      1185,
     63.42,      1204,
     63.44,      1162,
     63.46,      1211,
     63.48,      1276,
      63.5,      1136,
     63.52,      1284,
     63.54,      1215,
     63.56,      1221,
     63.58,      1215,
      63.6,      1336,
     63.62,      1306,
     63.64,      1324,
     63.66,      1269,
     63.68,      1328,
      63.7,      1366,
     63.72,      1301,
     63.74,      1278,
     63.76,      1290,
     63.78,      1311,
      63.8,      1273,
     63.82,      1272,
     63.84,      1311,
     63.86,      1297,
     63.88,      1208,
      63.9,      1266,
     63.92,      1162,
     63.94,      1227,
     63.96,      1268,
     63.98,      1180,
        64,      1240,
     64.02,      1237,
     64.04,      1205,
     64.06,      1210,
     64.08,      1228,
      64.1,      1255,
     64.12,      1215,
     64.14,      1205,
     64.16,      1232,
     64.18,      1133,
      64.2,      1176,
     64.22,      1175,
     64.24,      1223,
     64.26,      1155,
     64.28,      1164,
      64.3,      1189,
     64.32,      1158,
     64.34,      1234,
     64.36,      1157,
     64.38,      1187,
      64.4,      1170,
     64.42,      1225,
     64.44,      1253,
     64.46,      1174,
     64.48,      1255,
      64.5,      1164,
     64.52,      1195,
     64.54,      1222,
     64.56,      1221,
     64.58,      1191,
      64.6,      1215,
     64.62,      1167,
     64.64,      1139,
     64.66,      1245,
     64.68,      1176,
      64.7,      1165,
     64.72,      1243,
     64.74,      1243,
     64.76,      1251,
     64.78,      1146,
      64.8,      1225,
     64.82,      1230,
     64.84,      1199,
     64.86,      1258,
     64.88,      1233,
      64.9,      1203,
     64.92,      1241,
     64.94,      1238,
     64.96,      1236,
     64.98,      1193,
        65,      1271,
     65.02,      1215,
     65.04,      1181,
     65.06,      1163,
     65.08,      1221,
      65.1,      1266,
     65.12,      1201,
     65.14,      1292,
     65.16,      1206,
     65.18,      1210,
      65.2,      1250,
     65.22,      1206,
     65.24,      1230,
     65.26,      1219,
     65.28,      1203,
      65.3,      1216,
     65.32,      1229,
     65.34,      1221,
     65.36,      1225,
     65.38,      1249,
      65.4,      1207,
     65.42,      1199,
     65.44,      1218,
     65.46,      1206,
     65.48,      1264,
      65.5,      1112,
     65.52,      1188,
     65.54,      1205,
     65.56,      1166,
     65.58,      1235,
      65.6,      1228,
     65.62,      1261,
     65.64,      1204,
     65.66,      1225,
     65.68,      1257,
      65.7,      1225,
     65.72,      1204,
     65.74,      1234,
     65.76,      1260,
     65.78,      1248,
      65.8,      1123,
     65.82,      1210,
     65.84,      1176,
     65.86,      1215,
     65.88,      1266,
      65.9,      1331,
     65.92,      1281,
     65.94,      1250,
     65.96,      1321,
     65.98,      1360,
        66,      1324,
     66.02,      1335,
     66.04,      1314,
     66.06,      1371,
     66.08,      1325,
      66.1,      1323,
     66.12,      1423,
     66.14,      1423,
     66.16,      1560,
     66.18,      1583,
      66.2,      1666,
     66.22,      1744,
     66.24,      1803,
     66.26,      1890,
     66.28,      1821,
      66.3,      1954,
     66.32,      1897,
     66.34,      1823,
     66.36,      1732,
     66.38,      1675,
      66.4,      1719,
     66.42,      1673,
     66.44,      1619,
     66.46,      1690,
     66.48,      1755,
      66.5,      1627,
     66.52,      1606,
     66.54,      1532,
     66.56,      1498,
     66.58,      1511,
      66.6,      1455,
     66.62,      1400,
     66.64,      1352,
     66.66,      1368,
     66.68,      1362,
      66.7,      1345,
     66.72,      1417,
     66.74,      1382,
     66.76,      1344,
     66.78,      1391,
      66.8,      1388,
     66.82,      1356,
     66.84,      1419,
     66.86,      1416,
     66.88,      1389,
      66.9,      1376,
     66.92,      1330,
     66.94,      1409,
     66.96,      1379,
     66.98,      1321,
        67,      1413,
     67.02,      1505,
     67.04,      1462,
     67.06,      1501,
     67.08,      1585,
      67.1,      1520,
     67.12,      1680,
     67.14,      1639,
     67.16,      1748,
     67.18,      1832,
      67.2,      1926,
     67.22,      1957,
     67.24,      1920,
     67.26,      1885,
     67.28,      1909,
      67.3,      1858,
     67.32,      1792,
     67.34,      1865,
     67.36,      1723,
     67.38,      1761,
      67.4,      1719,
     67.42,      1752,
     67.44,      1651,
     67.46,      1593,
     67.48,      1599,
      67.5,      1618,
     67.52,      1503,
     67.54,      1443,
     67.56,      1416,
     67.58,      1414,
      67.6,      1366,
     67.62,      1300,
     67.64,      1417,
     67.66,      1312,
     67.68,      1343,
      67.7,      1275,
     67.72,      1222,
     67.74,      1215,
     67.76,      1382,
     67.78,      1214,
      67.8,      1287,
     67.82,      1215,
     67.84,      1233,
     67.86,      1225,
     67.88,      1240,
      67.9,      1218,
     67.92,      1195,
     67.94,      1225,
     67.96,      1284,
     67.98,      1213,
        68,      1153,
     68.02,      1199,
     68.04,      1229,
     68.06,      1192,
     68.08,      1217,
      68.1,      1132,
     68.12,      1162,
     68.14,      1155,
     68.16,      1142,
     68.18,      1232,
      68.2,      1113,
     68.22,      1140,
     68.24,      1202,
     68.26,      1159,
     68.28,      1208,
      68.3,      1158,
     68.32,      1149,
     68.34,      1181,
     68.36,      1095,
     68.38,      1177,
      68.4,      1160,
     68.42,      1079,
     68.44,      1100,
     68.46,      1112,
     68.48,      1139,
      68.5,      1138,
     68.52,      1103,
     68.54,      1135,
     68.56,      1172,
     68.58,      1157,
      68.6,      1109,
     68.62,      1178,
     68.64,      1133,
     68.66,      1159,
     68.68,      1158,
      68.7,      1153,
     68.72,      1091,
     68.74,      1054,
     68.76,      1117,
     68.78,      1142,
      68.8,      1061,
     68.82,      1034,
     68.84,      1117,
     68.86,      1141,
     68.88,      1161,
      68.9,      1145,
     68.92,      1128,
     68.94,      1136,
     68.96,      1180,
     68.98,      1135,
        69,      1113,
     69.02,      1164,
     69.04,      1157,
     69.06,      1157,
     69.08,      1093,
      69.1,      1151,
     69.12,      1104,
     69.14,      1063,
     69.16,      1121,
     69.18,      1099,
      69.2,      1137,
     69.22,      1101,
     69.24,      1172,
     69.26,      1168,
     69.28,      1131,
      69.3,      1123,
     69.32,      1147,
     69.34,      1128,
     69.36,      1130,
     69.38,      1151,
      69.4,      1172,
     69.42,      1146,
     69.44,      1161,
     69.46,      1223,
     69.48,      1137,
      69.5,      1146,
     69.52,      1146,
     69.54,      1206,
     69.56,      1168,
     69.58,      1232,
      69.6,      1273,
     69.62,      1270,
     69.64,      1295,
     69.66,      1291,
     69.68,      1277,
      69.7,      1207,
     69.72,      1293,
     69.74,      1274,
     69.76,      1255,
     69.78,      1210,
      69.8,      1237,
     69.82,      1258,
     69.84,      1270,
     69.86,      1247,
     69.88,      1323,
      69.9,      1210,
     69.92,      1252,
     69.94,      1276,
     69.96,      1215,
     69.98,      1217,
        70,      1222,
     70.02,      1195,
     70.04,      1132,
     70.06,      1202,
     70.08,      1182,
      70.1,      1139,
     70.12,      1151,
     70.14,      1100,
     70.16,      1113,
     70.18,      1194,
      70.2,      1086,
     70.22,      1106,
     70.24,      1074,
     70.26,      1119,
     70.28,      1107,
      70.3,      1128,
     70.32,      1145,
     70.34,      1106,
     70.36,      1028,
     70.38,      1059,
      70.4,      1092,
     70.42,      1080,
     70.44,      1091,
     70.46,      1068,
     70.48,      1130,
      70.5,      1035,
     70.52,      1092,
     70.54,      1041,
     70.56,      1084,
     70.58,      1133,
      70.6,      1077,
     70.62,      1066,
     70.64,      1119,
     70.66,      1066,
     70.68,      1070,
      70.7,      1039,
     70.72,      1081,
     70.74,      1093,
     70.76,      1008,
     70.78,      1101,
      70.8,      1030,
     70.82,      1079,
     70.84,      1064,
     70.86,      1040,
     70.88,       990,
      70.9,      1119,
     70.92,      1125,
     70.94,      1097,
     70.96,      1054,
     70.98,      1039,
        71,      1107,
     71.02,      1165,
     71.04,      1079,
     71.06,      1057,
     71.08,      1055,
      71.1,      1093,
     71.12,      1039,
     71.14,      1055,
     71.16,      1027,
     71.18,      1037,
      71.2,      1086,
     71.22,      1093,
     71.24,      1097,
     71.26,      1025,
     71.28,      1041,
      71.3,      1114,
     71.32,      1044,
     71.34,      1050,
     71.36,      1035,
     71.38,      1005,
      71.4,      1087,
     71.42,      1103,
     71.44,      1061,
     71.46,      1080,
     71.48,      1054,
      71.5,      1101,
     71.52,      1046,
     71.54,      1052,
     71.56,      1118,
     71.58,      1050,
      71.6,       967,
     71.62,      1034,
     71.64,      1050,
     71.66,      1073,
     71.68,      1023,
      71.7,      1022,
     71.72,      1016,
     71.74,      1070,
     71.76,      1073,
     71.78,      1046,
      71.8,      1070,
     71.82,      1048,
     71.84,      1000,
     71.86,      1021,
     71.88,      1107,
      71.9,      1018,
     71.92,      1056,
     71.94,      1061,
     71.96,      1064,
     71.98,      1007,
        72,      1041,
     72.02,      1012,
     72.04,      1041,
     72.06,      1051,
     72.08,      1114,
      72.1,      1061,
     72.12,      1019,
     72.14,      1052,
     72.16,      1073,
     72.18,      1086,
      72.2,      1042,
     72.22,      1045,
     72.24,      1048,
     72.26,      1073,
     72.28,      1101,
      72.3,      1067,
     72.32,      1080,
     72.34,      1057,
     72.36,      1057,
     72.38,      1004,
      72.4,      1070,
     72.42,      1080,
     72.44,      1009,
     72.46,      1038,
     72.48,       964,
      72.5,      1055,
     72.52,      1039,
     72.54,      1123,
     72.56,      1082,
     72.58,      1069,
      72.6,      1036,
     72.62,      1024,
     72.64,      1096,
     72.66,      1097,
     72.68,      1072,
      72.7,      1052,
     72.72,      1085,
     72.74,      1088,
     72.76,      1029,
     72.78,      1023,
      72.8,      1075,
     72.82,      1141,
     72.84,      1086,
     72.86,      1070,
     72.88,      1061,
      72.9,      1052,
     72.92,      1072,
     72.94,      1077,
     72.96,      1068,
     72.98,      1078,
        73,      1048,
     73.02,      1122,
     73.04,      1082,
     73.06,      1084,
     73.08,      1061,
      73.1,      1022,
     73.12,      1119,
     73.14,      1054,
     73.16,      1034,
     73.18,      1014,
      73.2,      1055,
     73.22,      1067,
     73.24,      1054,
     73.26,      1078,
     73.28,      1102,
      73.3,      1035,
     73.32,      1126,
     73.34,      1038,
     73.36,      1043,
     73.38,      1061,
      73.4,      1030,
     73.42,       997,
     73.44,      1042,
     73.46,      1035,
     73.48,       995,
      73.5,      1035,
     73.52,      1040,
     73.54,      1010,
     73.56,      1104,
     73.58,       977,
      73.6,      1032,
     73.62,      1033,
     73.64,      1053,
     73.66,      1031,
     73.68,      1014,
      73.7,      1036,
     73.72,      1076,
     73.74,      1020,
     73.76,      1012,
     73.78,       962,
      73.8,       984,
     73.82,      1064,
     73.84,      1015,
     73.86,      1006,
     73.88,      1023,
      73.9,       957,
     73.92,      1045,
     73.94,      1003,
     73.96,      1023,
     73.98,      1010,
        74,      1015,
     74.02,      1044,
     74.04,      1007,
     74.06,      1041,
     74.08,      1045,
      74.1,      1007,
     74.12,       997,
     74.14,       979,
     74.16,      1028,
     74.18,      1066,
      74.2,       963,
     74.22,      1014,
     74.24,      1048,
     74.26,      1083,
     74.28,      1042,
      74.3,       966,
     74.32,      1036,
     74.34,      1039,
     74.36,      1036,
     74.38,      1011,
      74.4,       989,
     74.42,       990,
     74.44,      1100,
     74.46,      1061,
     74.48,      1036,
      74.5,      1026,
     74.52,      1057,
     74.54,      1024,
     74.56,      1065,
     74.58,       991,
      74.6,      1005,
     74.62,       988,
     74.64,      1009,
     74.66,       996,
     74.68,      1058,
      74.7,      1035,
     74.72,       983,
     74.74,       943,
     74.76,      1011,
     74.78,      1039,
      74.8,      1032,
     74.82,       998,
     74.84,       961,
     74.86,      1003,
     74.88,      1023,
      74.9,      1055,
     74.92,      1029,
     74.94,      1043,
     74.96,      1000,
     74.98,       999,
        75,       982,
     75.02,       987,
     75.04,      1017,
     75.06,       994,
     75.08,      1052,
      75.1,       988,
     75.12,      1013,
     75.14,      1002,
     75.16,      1059,
     75.18,      1033,
      75.2,      1030,
     75.22,      1015,
     75.24,      1070,
     75.26,      1102,
     75.28,      1035,
      75.3,       991,
     75.32,      1021,
     75.34,      1109,
     75.36,      1119,
     75.38,      1137,
      75.4,      1013,
     75.42,      1042,
     75.44,      1097,
     75.46,      1036,
     75.48,      1103,
      75.5,      1072,
     75.52,      1147,
     75.54,      1133,
     75.56,      1117,
     75.58,      1182,
      75.6,      1169,
     75.62,      1163,
     75.64,      1287,
     75.66,      1248,
     75.68,      1303,
      75.7,      1431,
     75.72,      1405,
     75.74,      1454,
     75.76,      1491,
     75.78,      1594,
      75.8,      1566,
     75.82,      1547,
     75.84,      1563,
     75.86,      1549,
     75.88,      1513,
      75.9,      1397,
     75.92,      1413,
     75.94,      1492,
     75.96,      1473,
     75.98,      1406,
        76,      1441,
     76.02,      1450,
     76.04,      1465,
     76.06,      1395,
     76.08,      1303,
      76.1,      1351,
     76.12,      1274,
     76.14,      1217,
     76.16,      1295,
     76.18,      1219,
      76.2,      1223,
     76.22,      1226,
     76.24,      1203,
     76.26,      1192,
     76.28,      1202,
      76.3,      1138,
     76.32,      1202,
     76.34,      1176,
     76.36,      1174,
     76.38,      1151,
      76.4,      1157,
     76.42,      1197,
     76.44,      1145,
     76.46,      1228,
     76.48,      1148,
      76.5,      1192,
     76.52,      1179,
     76.54,      1204,
     76.56,      1177,
     76.58,      1228,
      76.6,      1222,
     76.62,      1271,
     76.64,      1258,
     76.66,      1290,
     76.68,      1344,
      76.7,      1271,
     76.72,      1307,
     76.74,      1327,
     76.76,      1323,
     76.78,      1314,
      76.8,      1285,
     76.82,      1266,
     76.84,      1240,
     76.86,      1333,
     76.88,      1364,
      76.9,      1344,
     76.92,      1233,
     76.94,      1317,
     76.96,      1259,
     76.98,      1255,
        77,      1222,
     77.02,      1184,
     77.04,      1197,
     77.06,      1170,
     77.08,      1171,
      77.1,      1158,
     77.12,      1213,
     77.14,      1232,
     77.16,      1278,
     77.18,      1186,
      77.2,      1271,
     77.22,      1270,
     77.24,      1263,
     77.26,      1299,
     77.28,      1292,
      77.3,      1320,
     77.32,      1333,
     77.34,      1345,
     77.36,      1288,
     77.38,      1311,
      77.4,      1313,
     77.42,      1337,
     77.44,      1356,
     77.46,      1365,
     77.48,      1485,
      77.5,      1448,
     77.52,      1545,
     77.54,      1525,
     77.56,      1564,
     77.58,      1671,
      77.6,      1525,
     77.62,      1557,
     77.64,      1573,
     77.66,      1510,
     77.68,      1520,
      77.7,      1532,
     77.72,      1457,
     77.74,      1474,
     77.76,      1512,
     77.78,      1455,
      77.8,      1533,
     77.82,      1445,
     77.84,      1388,
     77.86,      1491,
     77.88,      1453,
      77.9,      1420,
     77.92,      1359,
     77.94,      1369,
     77.96,      1422,
     77.98,      1375,
        78,      1360,
     78.02,      1308,
     78.04,      1373,
     78.06,      1454,
     78.08,      1485,
      78.1,      1494,
     78.12,      1541,
     78.14,      1459,
     78.16,      1559,
     78.18,      1585,
      78.2,      1642,
     78.22,      1562,
     78.24,      1471,
     78.26,      1516,
     78.28,      1360,
      78.3,      1317,
     78.32,      1408,
     78.34,      1392,
     78.36,      1374,
     78.38,      1303,
      78.4,      1380,
     78.42,      1245,
     78.44,      1279,
     78.46,      1247,
     78.48,      1189,
      78.5,      1194,
     78.52,      1128,
     78.54,      1123,
     78.56,      1121,
     78.58,      1155,
      78.6,      1115,
     78.62,      1068,
     78.64,      1070,
     78.66,      1055,
     78.68,      1032,
      78.7,       986,
     78.72,      1019,
     78.74,      1000,
     78.76,       989,
     78.78,       997,
      78.8,      1035,
     78.82,      1029,
     78.84,       988,
     78.86,       974,
     78.88,       971,
      78.9,       993,
     78.92,       942,
     78.94,       940,
     78.96,       912,
     78.98,       978,
        79,       970,
     79.02,      1006,
     79.04,       962,
     79.06,       933,
     79.08,       901,
      79.1,       975,
     79.12,       967,
     79.14,       901,
     79.16,       943,
     79.18,       925,
      79.2,       952,
     79.22,      1002,
     79.24,       944,
     79.26,       938,
     79.28,       943,
      79.3,       991,
     79.32,       913,
     79.34,       931,
     79.36,       906,
     79.38,       924,
      79.4,       923,
     79.42,       920,
     79.44,       837,
     79.46,       890,
     79.48,       896,
      79.5,       884,
     79.52,       860,
     79.54,       910,
     79.56,       911,
     79.58,       876,
      79.6,       916,
     79.62,       931,
     79.64,       883,
     79.66,       967,
     79.68,       866,
      79.7,       919,
     79.72,       897,
     79.74,       935,
     79.76,       938,
     79.78,       894,
      79.8,       935,
     79.82,       885,
     79.84,       923,
     79.86,       922,
     79.88,       870,
      79.9,       902,
     79.92,       940,
     79.94,       971,
     79.96,       993,
     79.98,       941,
        80,       924,
     80.02,       976,
     80.04,      1023,
     80.06,       918,
     80.08,       941,
      80.1,       916,
     80.12,      1013,
     80.14,       936,
     80.16,      1020,
     80.18,       954,
      80.2,       961,
     80.22,       972,
     80.24,       996,
     80.26,       975,
     80.28,       976,
      80.3,       998,
     80.32,       990,
     80.34,      1018,
     80.36,      1042,
     80.38,      1019,
      80.4,      1061,
     80.42,       957,
     80.44,       993,
     80.46,      1011,
     80.48,       898,
      80.5,       978,
     80.52,       929,
     80.54,       986,
     80.56,      1001,
     80.58,       948,
      80.6,       923,
     80.62,       934,
     80.64,       973,
     80.66,       984,
     80.68,       930,
      80.7,       960,
     80.72,       909,
     80.74,       886,
     80.76,       902,
     80.78,       937,
      80.8,       926,
     80.82,       841,
     80.84,       860,
     80.86,       897,
     80.88,       924,
      80.9,       833,
     80.92,       844,
     80.94,       878,
     80.96,       847,
     80.98,       905,
        81,       891,
     81.02,       829,
     81.04,       848,
     81.06,       855,
     81.08,       838,
      81.1,       866,
     81.12,       809,
     81.14,       889,
     81.16,       841,
     81.18,       880,
      81.2,       883,
     81.22,       815,
     81.24,       833,
     81.26,       835,
     81.28,       844,
      81.3,       767,
     81.32,       866,
     81.34,       807,
     81.36,       834,
     81.38,       862,
      81.4,       834,
     81.42,       784,
     81.44,       842,
     81.46,       889,
     81.48,       880,
      81.5,       819,
     81.52,       823,
     81.54,       840,
     81.56,       833,
     81.58,       808,
      81.6,       899,
     81.62,       853,
     81.64,       869,
     81.66,       821,
     81.68,       846,
      81.7,       866,
     81.72,       827,
     81.74,       870,
     81.76,       848,
     81.78,       842,
      81.8,       831,
     81.82,       878,
     81.84,       870,
     81.86,       860,
     81.88,       833,
      81.9,       894,
     81.92,       839,
     81.94,       879,
     81.96,       912,
     81.98,       869,
        82,       863,
     82.02,       887,
     82.04,       857,
     82.06,       879,
     82.08,       963,
      82.1,       866,
     82.12,       915,
     82.14,       904,
     82.16,       919,
     82.18,       948,
      82.2,       977,
     82.22,      1045,
     82.24,       984,
     82.26,      1049,
     82.28,      1091,
      82.3,      1077,
     82.32,      1117,
     82.34,      1021,
     82.36,      1061,
     82.38,      1054,
      82.4,      1011,
     82.42,      1053,
     82.44,      1000,
     82.46,       986,
     82.48,       954,
      82.5,      1034,
     82.52,       985,
     82.54,      1003,
     82.56,      1009,
     82.58,       953,
      82.6,       928,
     82.62,       901,
     82.64,       932,
     82.66,       868,
     82.68,       843,
      82.7,       878,
     82.72,       819,
     82.74,       873,
     82.76,       890,
     82.78,       873,
      82.8,       808,
     82.82,       825,
     82.84,       806,
     82.86,       812,
     82.88,       770,
      82.9,       788,
     82.92,       817,
     82.94,       801,
     82.96,       810,
     82.98,       768,
        83,       774,
     83.02,       849,
     83.04,       826,
     83.06,       779,
     83.08,       850,
      83.1,       751,
     83.12,       789,
     83.14,       825,
     83.16,       827,
     83.18,       792,
      83.2,       783,
     83.22,       837,
     83.24,       775,
     83.26,       783,
     83.28,       750,
      83.3,       796,
     83.32,       833,
     83.34,       765,
     83.36,       837,
     83.38,       841,
      83.4,       806,
     83.42,       759,
     83.44,       835,
     83.46,       756,
     83.48,       756,
      83.5,       793,
     83.52,       731,
     83.54,       793,
     83.56,       807,
     83.58,       762,
      83.6,       809,
     83.62,       733,
     83.64,       805,
     83.66,       787,
     83.68,       802,
      83.7,       840,
     83.72,       793,
     83.74,       808,
     83.76,       806,
     83.78,       814,
      83.8,       812,
     83.82,       831,
     83.84,       823,
     83.86,       819,
     83.88,       737,
      83.9,       819,
     83.92,       793,
     83.94,       840,
     83.96,       834,
     83.98,       825,
        84,       836,
     84.02,       875,
     84.04,       842,
     84.06,       832,
     84.08,       795,
      84.1,       806,
     84.12,       815,
     84.14,       793,
     84.16,       830,
     84.18,       792,
      84.2,       778,
     84.22,       806,
     84.24,       844,
     84.26,       812,
     84.28,       858,
      84.3,       833,
     84.32,       844,
     84.34,       870,
     84.36,       860,
     84.38,       854,
      84.4,       859,
     84.42,       876,
     84.44,       805,
     84.46,       892,
     84.48,       831,
      84.5,       803,
     84.52,       829,
     84.54,       769,
     84.56,       826,
     84.58,       835,
      84.6,       784,
     84.62,       782,
     84.64,       867,
     84.66,       806,
     84.68,       800,
      84.7,       788,
     84.72,       807,
     84.74,       847,
     84.76,       848,
     84.78,       848,
      84.8,       857,
     84.82,       841,
     84.84,       846,
     84.86,       858,
     84.88,       836,
      84.9,       897,
     84.92,       901,
     84.94,       955,
     84.96,       864,
     84.98,       929,
        85,       903,
     85.02,       850,
     85.04,       870,
     85.06,       886,
     85.08,       832,
      85.1,       888,
     85.12,       772,
     85.14,       810,
     85.16,       824,
     85.18,       818,
      85.2,       760,
     85.22,       839,
     85.24,       798,
     85.26,       808,
     85.28,       800,
      85.3,       783,
     85.32,       775,
     85.34,       778,
     85.36,       718,
     85.38,       748,
      85.4,       746,
     85.42,       768,
     85.44,       761,
     85.46,       733,
     85.48,       738,
      85.5,       740,
     85.52,       712,
     85.54,       747,
     85.56,       706,
     85.58,       768,
      85.6,       799,
     85.62,       734,
     85.64,       776,
     85.66,       729,
     85.68,       738,
      85.7,       714,
     85.72,       700,
     85.74,       708,
     85.76,       718,
     85.78,       743,
      85.8,       717,
     85.82,       695,
     85.84,       730,
     85.86,       722,
     85.88,       734,
      85.9,       659,
     85.92,       775,
     85.94,       746,
     85.96,       655,
     85.98,       676,
        86,       689,
     86.02,       737,
     86.04,       729,
     86.06,       751,
     86.08,       702,
      86.1,       670,
     86.12,       707,
     86.14,       722,
     86.16,       691,
     86.18,       678,
      86.2,       743,
     86.22,       726,
     86.24,       757,
     86.26,       705,
     86.28,       734,
      86.3,       707,
     86.32,       721,
     86.34,       693,
     86.36,       697,
     86.38,       676,
      86.4,       739,
     86.42,       708,
     86.44,       682,
     86.46,       711,
     86.48,       707,
      86.5,       728,
     86.52,       698,
     86.54,       749,
     86.56,       697,
     86.58,       714,
      86.6,       670,
     86.62,       720,
     86.64,       690,
     86.66,       693,
     86.68,       675,
      86.7,       659,
     86.72,       697,
     86.74,       713,
     86.76,       706,
     86.78,       729,
      86.8,       653,
     86.82,       683,
     86.84,       687,
     86.86,       663,
     86.88,       703,
      86.9,       697,
     86.92,       663,
     86.94,       638,
     86.96,       718,
     86.98,       695,
        87,       691,
     87.02,       719,
     87.04,       703,
     87.06,       664,
     87.08,       654,
      87.1,       721,
     87.12,       665,
     87.14,       712,
     87.16,       719,
     87.18,       752,
      87.2,       727,
     87.22,       710,
     87.24,       698,
     87.26,       692,
     87.28,       674,
      87.3,       670,
     87.32,       700,
     87.34,       717,
     87.36,       675,
     87.38,       709,
      87.4,       708,
     87.42,       673,
     87.44,       670,
     87.46,       708,
     87.48,       715,
      87.5,       690,
     87.52,       671,
     87.54,       665,
     87.56,       645,
     87.58,       615,
      87.6,       636,
     87.62,       665,
     87.64,       651,
     87.66,       666,
     87.68,       664,
      87.7,       674,
     87.72,       652,
     87.74,       660,
     87.76,       672,
     87.78,       672,
      87.8,       618,
     87.82,       660,
     87.84,       658,
     87.86,       673,
     87.88,       687,
      87.9,       679,
     87.92,       679,
     87.94,       651,
     87.96,       679,
     87.98,       695,
        88,       677,
     88.02,       639,
     88.04,       631,
     88.06,       680,
     88.08,       636,
      88.1,       659,
     88.12,       643,
     88.14,       662,
     88.16,       697,
     88.18,       681,
      88.2,       615,
     88.22,       621,
     88.24,       681,
     88.26,       682,
     88.28,       646,
      88.3,       641,
     88.32,       675,
     88.34,       616,
     88.36,       647,
     88.38,       666,
      88.4,       660,
     88.42,       643,
     88.44,       667,
     88.46,       699,
     88.48,       631,
      88.5,       630,
     88.52,       669,
     88.54,       680,
     88.56,       661,
     88.58,       678,
      88.6,       669,
     88.62,       673,
     88.64,       622,
     88.66,       660,
     88.68,       680,
      88.7,       621,
     88.72,       671,
     88.74,       691,
     88.76,       652,
     88.78,       678,
      88.8,       703,
     88.82,       671,
     88.84,       632,
     88.86,       679,
     88.88,       655,
      88.9,       660,
     88.92,       723,
     88.94,       680,
     88.96,       748,
     88.98,       758,
        89,       745,
     89.02,       664,
     89.04,       656,
     89.06,       685,
     89.08,       664,
      89.1,       640,
     89.12,       738,
     89.14,       682,
     89.16,       656,
     89.18,       679,
      89.2,       755,
     89.22,       701,
     89.24,       739,
     89.26,       737,
     89.28,       697,
      89.3,       756,
     89.32,       707,
     89.34,       734,
     89.36,       733,
     89.38,       725,
      89.4,       723,
     89.42,       684,
     89.44,       685,
     89.46,       745,
     89.48,       749,
      89.5,       749,
     89.52,       692,
     89.54,       701,
     89.56,       685,
     89.58,       711,
      89.6,       627,
     89.62,       690,
     89.64,       693,
     89.66,       682,
     89.68,       698,
      89.7,       660,
     89.72,       680,
     89.74,       715,
     89.76,       666,
     89.78,       669,
      89.8,       661,
     89.82,       663,
     89.84,       666,
     89.86,       643,
     89.88,       700,
      89.9,       652,
     89.92,       683,
     89.94,       722,
     89.96,       673,
     89.98,       749,
        90,       663,
     90.02,       673,
     90.04,       663,
     90.06,       664,
     90.08,       662,
      90.1,       662,
     90.12,       654,
     90.14,       682,
     90.16,       673,
     90.18,       669,
      90.2,       653,
     90.22,       639,
     90.24,       682,
     90.26,       678,
     90.28,       687,
      90.3,       652,
     90.32,       700,
     90.34,       678,
     90.36,       641,
     90.38,       652,
      90.4,       656,
     90.42,       698,
     90.44,       650,
     90.46,       663,
     90.48,       658,
      90.5,       641,
     90.52,       654,
     90.54,       654,
     90.56,       622,
     90.58,       645,
      90.6,       650,
     90.62,       679,
     90.64,       622,
     90.66,       655,
     90.68,       644,
      90.7,       620,
     90.72,       655,
     90.74,       620,
     90.76,       663,
     90.78,       667,
      90.8,       696,
     90.82,       634,
     90.84,       682,
     90.86,       678,
     90.88,       618,
      90.9,       653,
     90.92,       650,
     90.94,       654,
     90.96,       654,
     90.98,       613,
        91,       672,
     91.02,       660,
     91.04,       687,
     91.06,       694,
     91.08,       661,
      91.1,       636,
     91.12,       661,
     91.14,       678,
     91.16,       633,
     91.18,       681,
      91.2,       666,
     91.22,       719,
     91.24,       650,
     91.26,       679,
     91.28,       694,
      91.3,       714,
     91.32,       695,
     91.34,       633,
     91.36,       690,
     91.38,       670,
      91.4,       652,
     91.42,       652,
     91.44,       664,
     91.46,       660,
     91.48,       673,
      91.5,       642,
     91.52,       689,
     91.54,       660,
     91.56,       676,
     91.58,       639,
      91.6,       602,
     91.62,       664,
     91.64,       663,
     91.66,       621,
     91.68,       660,
      91.7,       633,
     91.72,       673,
     91.74,       629,
     91.76,       665,
     91.78,       623,
      91.8,       641,
     91.82,       623,
     91.84,       621,
     91.86,       635,
     91.88,       607,
      91.9,       614,
     91.92,       636,
     91.94,       628,
     91.96,       628,
     91.98,       669,
        92,       644,
     92.02,       649,
     92.04,       664,
     92.06,       632,
     92.08,       630,
      92.1,       617,
     92.12,       597,
     92.14,       608,
     92.16,       626,
     92.18,       640,
      92.2,       663,
     92.22,       661,
     92.24,       660,
     92.26,       651,
     92.28,       618,
      92.3,       625,
     92.32,       622,
     92.34,       635,
     92.36,       667,
     92.38,       650,
      92.4,       656,
     92.42,       624,
     92.44,       652,
     92.46,       640,
     92.48,       618,
      92.5,       632,
     92.52,       624,
     92.54,       665,
     92.56,       647,
     92.58,       625,
      92.6,       632,
     92.62,       647,
     92.64,       627,
     92.66,       621,
     92.68,       671,
      92.7,       637,
     92.72,       617,
     92.74,       613,
     92.76,       653,
     92.78,       690,
      92.8,       698,
     92.82,       638,
     92.84,       652,
     92.86,       631,
     92.88,       605,
      92.9,       661,
     92.92,       627,
     92.94,       649,
     92.96,       717,
     92.98,       595,
        93,       636,
     93.02,       649,
     93.04,       634,
     93.06,       636,
     93.08,       646,
      93.1,       637,
     93.12,       654,
     93.14,       654,
     93.16,       643,
     93.18,       636,
      93.2,       648,
     93.22,       665,
     93.24,       670,
     93.26,       650,
     93.28,       639,
      93.3,       639,
     93.32,       689,
     93.34,       653,
     93.36,       647,
     93.38,       665,
      93.4,       666,
     93.42,       665,
     93.44,       684,
     93.46,       670,
     93.48,       675,
      93.5,       602,
     93.52,       733,
     93.54,       629,
     93.56,       688,
     93.58,       702,
      93.6,       671,
     93.62,       685,
     93.64,       645,
     93.66,       687,
     93.68,       687,
      93.7,       712,
     93.72,       727,
     93.74,       681,
     93.76,       664,
     93.78,       714,
      93.8,       680,
     93.82,       706,
     93.84,       703,
     93.86,       736,
     93.88,       713,
      93.9,       718,
     93.92,       733,
     93.94,       746,
     93.96,       739,
     93.98,       744,
        94,       704,
     94.02,       675,
     94.04,       726,
     94.06,       703,
     94.08,       741,
      94.1,       739,
     94.12,       740,
     94.14,       729,
     94.16,       681,
     94.18,       715,
      94.2,       717,
     94.22,       744,
     94.24,       788,
     94.26,       728,
     94.28,       735,
      94.3,       719,
     94.32,       721,
     94.34,       784,
     94.36,       716,
     94.38,       658,
      94.4,       688,
     94.42,       694,
     94.44,       724,
     94.46,       729,
     94.48,       701,
      94.5,       723,
     94.52,       691,
     94.54,       701,
     94.56,       762,
     94.58,       692,
      94.6,       737,
     94.62,       763,
     94.64,       768,
     94.66,       687,
     94.68,       726,
      94.7,       729,
     94.72,       705,
     94.74,       750,
     94.76,       683,
     94.78,       722,
      94.8,       756,
     94.82,       776,
     94.84,       772,
     94.86,       736,
     94.88,       825,
      94.9,       775,
     94.92,       781,
     94.94,       750,
     94.96,       762,
     94.98,       796,
        95,       772,
     95.02,       777,
     95.04,       805,
     95.06,       826,
     95.08,       846,
      95.1,       852,
     95.12,       827,
     95.14,       865,
     95.16,       891,
     95.18,       848,
      95.2,       829,
     95.22,       802,
     95.24,       828,
     95.26,       772,
     95.28,       817,
      95.3,       790,
     95.32,       767,
     95.34,       776,
     95.36,       838,
     95.38,       829,
      95.4,       869,
     95.42,       821,
     95.44,       845,
     95.46,       837,
     95.48,       759,
      95.5,       754,
     95.52,       800,
     95.54,       768,
     95.56,       748,
     95.58,       748,
      95.6,       766,
     95.62,       723,
     95.64,       719,
     95.66,       756,
     95.68,       699,
      95.7,       718,
     95.72,       734,
     95.74,       739,
     95.76,       736,
     95.78,       722,
      95.8,       709,
     95.82,       670,
     95.84,       713,
     95.86,       693,
     95.88,       706,
      95.9,       718,
     95.92,       692,
     95.94,       671,
     95.96,       675,
     95.98,       710,
        96,       707,
     96.02,       667,
     96.04,       687,
     96.06,       670,
     96.08,       642,
      96.1,       666,
     96.12,       679,
     96.14,       719,
     96.16,       679,
     96.18,       665,
      96.2,       672,
     96.22,       640,
     96.24,       665,
     96.26,       691,
     96.28,       629,
      96.3,       689,
     96.32,       641,
     96.34,       651,
     96.36,       663,
     96.38,       639,
      96.4,       677,
     96.42,       671,
     96.44,       679,
     96.46,       646,
     96.48,       688,
      96.5,       607,
     96.52,       653,
     96.54,       708,
     96.56,       678,
     96.58,       691,
      96.6,       656,
     96.62,       671,
     96.64,       620,
     96.66,       685,
     96.68,       677,
      96.7,       716,
     96.72,       678,
     96.74,       615,
     96.76,       702,
     96.78,       690,
      96.8,       664,
     96.82,       711,
     96.84,       652,
     96.86,       670,
     96.88,       599,
      96.9,       652,
     96.92,       667,
     96.94,       729,
     96.96,       687,
     96.98,       684,
        97,       694,
     97.02,       639,
     97.04,       677,
     97.06,       672,
     97.08,       649,
      97.1,       677,
     97.12,       644,
     97.14,       700,
     97.16,       693,
     97.18,       659,
      97.2,       675,
     97.22,       690,
     97.24,       653,
     97.26,       653,
     97.28,       676,
      97.3,       687,
     97.32,       619,
     97.34,       652,
     97.36,       701,
     97.38,       690,
      97.4,       678,
     97.42,       643,
     97.44,       677,
     97.46,       741,
     97.48,       723,
      97.5,       780,
     97.52,       704,
     97.54,       724,
     97.56,       710,
     97.58,       699,
      97.6,       720,
     97.62,       697,
     97.64,       708,
     97.66,       740,
     97.68,       687,
      97.7,       688,
     97.72,       724,
     97.74,       693,
     97.76,       691,
     97.78,       677,
      97.8,       709,
     97.82,       725,
     97.84,       704,
     97.86,       714,
     97.88,       688,
      97.9,       725,
     97.92,       718,
     97.94,       689,
     97.96,       624,
     97.98,       677,
        98,       726,
     98.02,       686,
     98.04,       689,
     98.06,       629,
     98.08,       681,
      98.1,       666,
     98.12,       728,
     98.14,       694,
     98.16,       662,
     98.18,       677,
      98.2,       688,
     98.22,       722,
     98.24,       644,
     98.26,       689,
     98.28,       728,
      98.3,       704,
     98.32,       678,
     98.34,       668,
     98.36,       689,
     98.38,       657,
      98.4,       674,
     98.42,       668,
     98.44,       703,
     98.46,       670,
     98.48,       704,
      98.5,       722,
     98.52,       696,
     98.54,       683,
     98.56,       739,
     98.58,       676,
      98.6,       709,
     98.62,       689,
     98.64,       700,
     98.66,       717,
     98.68,       685,
      98.7,       692,
     98.72,       700,
     98.74,       665,
     98.76,       678,
     98.78,       685,
      98.8,       668,
     98.82,       643,
     98.84,       704,
     98.86,       682,
     98.88,       669,
      98.9,       678,
     98.92,       711,
     98.94,       713,
     98.96,       698,
     98.98,       691,
        99,       658,
     99.02,       693,
     99.04,       698,
     99.06,       652,
     99.08,       751,
      99.1,       687,
     99.12,       687,
     99.14,       689,
     99.16,       654,
     99.18,       719,
      99.2,       669,
     99.22,       730,
     99.24,       716,
     99.26,       662,
     99.28,       747,
      99.3,       683,
     99.32,       736,
     99.34,       745,
     99.36,       787,
     99.38,       762,
      99.4,       721,
     99.42,       796,
     99.44,       691,
     99.46,       788,
     99.48,       767,
      99.5,       757,
     99.52,       769,
     99.54,       787,
     99.56,       769,
     99.58,       767,
      99.6,       811,
     99.62,       810,
     99.64,       839,
     99.66,       870,
     99.68,       889,
      99.7,       958,
     99.72,      1003,
     99.74,       942,
     99.76,       917,
     99.78,       991,
      99.8,       969,
     99.82,       929,
     99.84,       996,
     99.86,       960,
     99.88,       980,
      99.9,       991,
     99.92,       978,
     99.94,       954,
     99.96,       996,
     99.98,      1009,
       100,      1012,
    100.02,      1093,
    100.04,       985,
    100.06,      1065,
    100.08,      1110,
     100.1,      1071,
    100.12,      1047,
    100.14,      1046,
    100.16,      1046,
    100.18,       999,
     100.2,       972,
    100.22,       941,
    100.24,       924,
    100.26,       875,
    100.28,       877,
     100.3,       878,
    100.32,       846,
    100.34,       859,
    100.36,       858,
    100.38,       855,
     100.4,       853,
    100.42,       858,
    100.44,       865,
    100.46,       841,
    100.48,       847,
     100.5,       836,
    100.52,       836,
    100.54,       756,
    100.56,       732,
    100.58,       763,
     100.6,       726,
    100.62,       775,
    100.64,       812,
    100.66,       806,
    100.68,       734,
     100.7,       733,
    100.72,       752,
    100.74,       728,
    100.76,       690,
    100.78,       699,
     100.8,       735,
    100.82,       721,
    100.84,       700,
    100.86,       710,
    100.88,       718,
     100.9,       650,
    100.92,       710,
    100.94,       717,
    100.96,       722,
    100.98,       688,
       101,       653,
    101.02,       695,
    101.04,       711,
    101.06,       702,
    101.08,       736,
     101.1,       691,
    101.12,       639,
    101.14,       713,
    101.16,       645,
    101.18,       713,
     101.2,       701,
    101.22,       708,
    101.24,       676,
    101.26,       719,
    101.28,       719,
     101.3,       713,
    101.32,       705,
    101.34,       679,
    101.36,       654,
    101.38,       692,
     101.4,       675,
    101.42,       704,
    101.44,       673,
    101.46,       699,
    101.48,       726,
     101.5,       676,
    101.52,       672,
    101.54,       716,
    101.56,       684,
    101.58,       732,
     101.6,       723,
    101.62,       673,
    101.64,       723,
    101.66,       749,
    101.68,       715,
     101.7,       738,
    101.72,       709,
    101.74,       720,
    101.76,       665,
    101.78,       696,
     101.8,       669,
    101.82,       696,
    101.84,       756,
    101.86,       742,
    101.88,       705,
     101.9,       681,
    101.92,       689,
    101.94,       702,
    101.96,       691,
    101.98,       685,
       102,       726,
    102.02,       736,
    102.04,       679,
    102.06,       657,
    102.08,       772,
     102.1,       696,
    102.12,       677,
    102.14,       741,
    102.16,       748,
    102.18,       775,
     102.2,       714,
    102.22,       730,
    102.24,       753,
    102.26,       705,
    102.28,       819,
     102.3,       808,
    102.32,       797,
    102.34,       831,
    102.36,       918,
    102.38,       820,
     102.4,       879,
    102.42,       852,
    102.44,       841,
    102.46,       839,
    102.48,       865,
     102.5,       816,
    102.52,       888,
    102.54,       800,
    102.56,       816,
    102.58,       810,
     102.6,       801,
    102.62,       816,
    102.64,       784,
    102.66,       855,
    102.68,       839,
     102.7,       791,
    102.72,       835,
    102.74,       823,
    102.76,       832,
    102.78,       821,
     102.8,       802,
    102.82,       863,
    102.84,       822,
    102.86,       800,
    102.88,       759,
     102.9,       807,
    102.92,       749,
    102.94,       758,
    102.96,       750,
    102.98,       726,
       103,       758,
    103.02,       744,
    103.04,       719,
    103.06,       735,
    103.08,       773,
     103.1,       745,
    103.12,       746,
    103.14,       717,
    103.16,       760,
    103.18,       735,
     103.2,       737,
    103.22,       737,
    103.24,       670,
    103.26,       692,
    103.28,       760,
     103.3,       684,
    103.32,       709,
    103.34,       739,
    103.36,       721,
    103.38,       769,
     103.4,       765,
    103.42,       729,
    103.44,       727,
    103.46,       702,
    103.48,       701,
     103.5,       748,
    103.52,       761,
    103.54,       696,
    103.56,       712,
    103.58,       763,
     103.6,       725,
    103.62,       729,
    103.64,       772,
    103.66,       738,
    103.68,       778,
     103.7,       780,
    103.72,       759,
    103.74,       724,
    103.76,       724,
    103.78,       758,
     103.8,       697,
    103.82,       751,
    103.84,       738,
    103.86,       722,
    103.88,       750,
     103.9,       720,
    103.92,       701,
    103.94,       700,
    103.96,       716,
    103.98,       720,
       104,       766,
    104.02,       743,
    104.04,       704,
    104.06,       714,
    104.08,       732,
     104.1,       700,
    104.12,       702,
    104.14,       700,
    104.16,       670,
    104.18,       697,
     104.2,       724,
    104.22,       692,
    104.24,       684,
    104.26,       685,
    104.28,       678,
     104.3,       719,
    104.32,       741,
    104.34,       691,
    104.36,       698,
    104.38,       674,
     104.4,       703,
    104.42,       704,
    104.44,       619,
    104.46,       638,
    104.48,       629,
     104.5,       643,
    104.52,       697,
    104.54,       650,
    104.56,       636,
    104.58,       658,
     104.6,       698,
    104.62,       697,
    104.64,       680,
    104.66,       675,
    104.68,       685,
     104.7,       646,
    104.72,       702,
    104.74,       629,
    104.76,       717,
    104.78,       683,
     104.8,       688,
    104.82,       687,
    104.84,       736,
    104.86,       684,
    104.88,       694,
     104.9,       708,
    104.92,       653,
    104.94,       713,
    104.96,       715,
    104.98,       692,
       105,       687,
    105.02,       748,
    105.04,       714,
    105.06,       755,
    105.08,       740,
     105.1,       672,
    105.12,       757,
    105.14,       710,
    105.16,       690,
    105.18,       670,
     105.2,       723,
    105.22,       693,
    105.24,       698,
    105.26,       704,
    105.28,       679,
     105.3,       742,
    105.32,       665,
    105.34,       715,
    105.36,       705,
    105.38,       681,
     105.4,       667,
    105.42,       694,
    105.44,       680,
    105.46,       697,
    105.48,       639,
     105.5,       700,
    105.52,       699,
    105.54,       676,
    105.56,       684,
    105.58,       656,
     105.6,       679,
    105.62,       650,
    105.64,       678,
    105.66,       688,
    105.68,       676,
     105.7,       635,
    105.72,       642,
    105.74,       669,
    105.76,       690,
    105.78,       687,
     105.8,       630,
    105.82,       658,
    105.84,       688,
    105.86,       633,
    105.88,       666,
     105.9,       644,
    105.92,       642,
    105.94,       720,
    105.96,       662,
    105.98,       659,
       106,       662,
    106.02,       640,
    106.04,       675,
    106.06,       663,
    106.08,       636,
     106.1,       662,
    106.12,       630,
    106.14,       635,
    106.16,       658,
    106.18,       667,
     106.2,       677,
    106.22,       705,
    106.24,       677,
    106.26,       598,
    106.28,       658,
     106.3,       666,
    106.32,       613,
    106.34,       690,
    106.36,       617,
    106.38,       638,
     106.4,       700,
    106.42,       655,
    106.44,       635,
    106.46,       650,
    106.48,       676,
     106.5,       675,
    106.52,       670,
    106.54,       665,
    106.56,       636,
    106.58,       649,
     106.6,       614,
    106.62,       628,
    106.64,       642,
    106.66,       663,
    106.68,       683,
     106.7,       659,
    106.72,       608,
    106.74,       651,
    106.76,       636,
    106.78,       633,
     106.8,       668,
    106.82,       640,
    106.84,       665,
    106.86,       630,
    106.88,       690,
     106.9,       640,
    106.92,       678,
    106.94,       649,
    106.96,       699,
    106.98,       596,
       107,       642,
    107.02,       727,
    107.04,       678,
    107.06,       675,
    107.08,       632,
     107.1,       695,
    107.12,       651,
    107.14,       678,
    107.16,       675,
    107.18,       712,
     107.2,       660,
    107.22,       683,
    107.24,       640,
    107.26,       708,
    107.28,       696,
     107.3,       661,
    107.32,       671,
    107.34,       648,
    107.36,       656,
    107.38,       701,
     107.4,       628,
    107.42,       663,
    107.44,       673,
    107.46,       670,
    107.48,       664,
     107.5,       636,
    107.52,       649,
    107.54,       651,
    107.56,       697,
    107.58,       659,
     107.6,       633,
    107.62,       681,
    107.64,       606,
    107.66,       613,
    107.68,       643,
     107.7,       651,
    107.72,       662,
    107.74,       676,
    107.76,       677,
    107.78,       584,
     107.8,       668,
    107.82,       678,
    107.84,       667,
    107.86,       672,
    107.88,       640,
     107.9,       712,
    107.92,       649,
    107.94,       661,
    107.96,       697,
    107.98,       698,
       108,       607,
    108.02,       645,
    108.04,       638,
    108.06,       686,
    108.08,       692,
     108.1,       680,
    108.12,       679,
    108.14,       625,
    108.16,       679,
    108.18,       675,
     108.2,       682,
    108.22,       693,
    108.24,       661,
    108.26,       708,
    108.28,       646,
     108.3,       647,
    108.32,       695,
    108.34,       695,
    108.36,       716,
    108.38,       715,
     108.4,       749,
    108.42,       716,
    108.44,       683,
    108.46,       719,
    108.48,       729,
     108.5,       678,
    108.52,       672,
    108.54,       744,
    108.56,       709,
    108.58,       690,
     108.6,       704,
    108.62,       738,
    108.64,       728,
    108.66,       703,
    108.68,       728,
     108.7,       739,
    108.72,       755,
    108.74,       711,
    108.76,       697,
    108.78,       680,
     108.8,       759,
    108.82,       737,
    108.84,       757,
    108.86,       721,
    108.88,       770,
     108.9,       711,
    108.92,       782,
    108.94,       733,
    108.96,       763,
    108.98,       725,
       109,       734,
    109.02,       805,
    109.04,       693,
    109.06,       699,
    109.08,       730,
     109.1,       798,
    109.12,       785,
    109.14,       790,
    109.16,       767,
    109.18,       801,
     109.2,       785,
    109.22,       825,
    109.24,       836,
    109.26,       858,
    109.28,       854,
     109.3,       945,
    109.32,       901,
    109.34,       911,
    109.36,       940,
    109.38,       908,
     109.4,       909,
    109.42,       963,
    109.44,       841,
    109.46,       840,
    109.48,       862,
     109.5,       819,
    109.52,       783,
    109.54,       845,
    109.56,       863,
    109.58,       820,
     109.6,       835,
    109.62,       806,
    109.64,       814,
    109.66,       788,
    109.68,       835,
     109.7,       814,
    109.72,       864,
    109.74,       793,
    109.76,       857,
    109.78,       830,
     109.8,       825,
    109.82,       829,
    109.84,       769,
    109.86,       771,
    109.88,       771,
     109.9,       809,
    109.92,       775,
    109.94,       731,
    109.96,       745,
    109.98,       772,
       110,       747,
    110.02,       746,
    110.04,       765,
    110.06,       722,
    110.08,       748,
     110.1,       713,
    110.12,       710,
    110.14,       727,
    110.16,       720,
    110.18,       719,
     110.2,       719,
    110.22,       702,
    110.24,       696,
    110.26,       711,
    110.28,       700,
     110.3,       760,
    110.32,       781,
    110.34,       767,
    110.36,       688,
    110.38,       712,
     110.4,       711,
    110.42,       700,
    110.44,       700,
    110.46,       711,
    110.48,       741,
     110.5,       689,
    110.52,       687,
    110.54,       713,
    110.56,       725,
    110.58,       700,
     110.6,       730,
    110.62,       713,
    110.64,       631,
    110.66,       739,
    110.68,       680,
     110.7,       763,
    110.72,       734,
    110.74,       705,
    110.76,       738,
    110.78,       720,
     110.8,       769,
    110.82,       719,
    110.84,       763,
    110.86,       740,
    110.88,       702,
     110.9,       755,
    110.92,       760,
    110.94,       761,
    110.96,       739,
    110.98,       747,
       111,       736,
    111.02,       756,
    111.04,       767,
    111.06,       840,
    111.08,       793,
     111.1,       792,
    111.12,       839,
    111.14,       820,
    111.16,       794,
    111.18,       803,
     111.2,       808,
    111.22,       871,
    111.24,       831,
    111.26,       845,
    111.28,       854,
     111.3,       899,
    111.32,       845,
    111.34,       821,
    111.36,       879,
    111.38,       869,
     111.4,       875,
    111.42,       833,
    111.44,       871,
    111.46,       888,
    111.48,       841,
     111.5,       853,
    111.52,       849,
    111.54,       873,
    111.56,       828,
    111.58,       866,
     111.6,       900,
    111.62,       867,
    111.64,       905,
    111.66,       921,
    111.68,       958,
     111.7,       919,
    111.72,       886,
    111.74,       913,
    111.76,       889,
    111.78,       898,
     111.8,       968,
    111.82,       911,
    111.84,       937,
    111.86,       906,
    111.88,       922,
     111.9,       884,
    111.92,       904,
    111.94,       905,
    111.96,       872,
    111.98,       891,
       112,       893,
    112.02,       886,
    112.04,       858,
    112.06,       873,
    112.08,       891,
     112.1,       904,
    112.12,       925,
    112.14,       912,
    112.16,       898,
    112.18,       962,
     112.2,       867,
    112.22,       925,
    112.24,       903,
    112.26,       897,
    112.28,       878,
     112.3,       870,
    112.32,       848,
    112.34,       874,
    112.36,       863,
    112.38,       887,
     112.4,       845,
    112.42,       825,
    112.44,       866,
    112.46,       767,
    112.48,       834,
     112.5,       826,
    112.52,       801,
    112.54,       767,
    112.56,       847,
    112.58,       819,
     112.6,       827,
    112.62,       833,
    112.64,       781,
    112.66,       762,
    112.68,       777,
     112.7,       811,
    112.72,       802,
    112.74,       749,
    112.76,       844,
    112.78,       801,
     112.8,       761,
    112.82,       756,
    112.84,       804,
    112.86,       695,
    112.88,       813,
     112.9,       756,
    112.92,       777,
    112.94,       710,
    112.96,       778,
    112.98,       747,
       113,       738,
    113.02,       782,
    113.04,       805,
    113.06,       769,
    113.08,       726,
     113.1,       763,
    113.12,       811,
    113.14,       746,
    113.16,       767,
    113.18,       733,
     113.2,       734,
    113.22,       750,
    113.24,       787,
    113.26,       751,
    113.28,       763,
     113.3,       774,
    113.32,       772,
    113.34,       761,
    113.36,       744,
    113.38,       755,
     113.4,       803,
    113.42,       793,
    113.44,       783,
    113.46,       721,
    113.48,       772,
     113.5,       751,
    113.52,       768,
    113.54,       802,
    113.56,       793,
    113.58,       837,
     113.6,       765,
    113.62,       802,
    113.64,       848,
    113.66,       842,
    113.68,       820,
     113.7,       825,
    113.72,       829,
    113.74,       856,
    113.76,       887,
    113.78,       842,
     113.8,       851,
    113.82,       881,
    113.84,       895,
    113.86,       879,
    113.88,       879,
     113.9,       863,
    113.92,       821,
    113.94,       881,
    113.96,       889,
    113.98,       848,
       114,       916,
    114.02,       923,
    114.04,       917,
    114.06,       849,
    114.08,       834,
     114.1,       837,
    114.12,       902,
    114.14,       887,
    114.16,       842,
    114.18,       875,
     114.2,       877,
    114.22,       897,
    114.24,       874,
    114.26,       852,
    114.28,       801,
     114.3,       829,
    114.32,       808,
    114.34,       821,
    114.36,       762,
    114.38,       808,
     114.4,       793,
    114.42,       802,
    114.44,       819,
    114.46,       780,
    114.48,       805,
     114.5,       745,
    114.52,       796,
    114.54,       794,
    114.56,       784,
    114.58,       771,
     114.6,       765,
    114.62,       737,
    114.64,       725,
    114.66,       750,
    114.68,       742,
     114.7,       730,
    114.72,       716,
    114.74,       775,
    114.76,       752,
    114.78,       717,
     114.8,       730,
    114.82,       724,
    114.84,       706,
    114.86,       714,
    114.88,       742,
     114.9,       722,
    114.92,       753,
    114.94,       698,
    114.96,       751,
    114.98,       723,
       115,       781,
    115.02,       690,
    115.04,       714,
    115.06,       700,
    115.08,       706,
     115.1,       718,
    115.12,       757,
    115.14,       769,
    115.16,       750,
    115.18,       738,
     115.2,       686,
    115.22,       681,
    115.24,       732,
    115.26,       712,
    115.28,       673,
     115.3,       693,
    115.32,       725,
    115.34,       673,
    115.36,       718,
    115.38,       721,
     115.4,       766,
    115.42,       685,
    115.44,       745,
    115.46,       656,
    115.48,       674,
     115.5,       730,
    115.52,       683,
    115.54,       707,
    115.56,       719,
    115.58,       698,
     115.6,       728,
    115.62,       739,
    115.64,       687,
    115.66,       736,
    115.68,       628,
     115.7,       689,
    115.72,       711,
    115.74,       697,
    115.76,       712,
    115.78,       709,
     115.8,       693,
    115.82,       715,
    115.84,       692,
    115.86,       653,
    115.88,       698,
     115.9,       703,
    115.92,       709,
    115.94,       728,
    115.96,       663,
    115.98,       733,
       116,       695,
    116.02,       656,
    116.04,       720,
    116.06,       693,
    116.08,       693,
     116.1,       687,
    116.12,       659,
    116.14,       700,
    116.16,       720,
    116.18,       681,
     116.2,       689,
    116.22,       667,
    116.24,       707,
    116.26,       730,
    116.28,       709,
     116.3,       730,
    116.32,       667,
    116.34,       689,
    116.36,       730,
    116.38,       716,
     116.4,       772,
    116.42,       704,
    116.44,       662,
    116.46,       698,
    116.48,       699,
     116.5,       705,
    116.52,       682,
    116.54,       701,
    116.56,       688,
    116.58,       734,
     116.6,       700,
    116.62,       709,
    116.64,       697,
    116.66,       705,
    116.68,       682,
     116.7,       740,
    116.72,       723,
    116.74,       701,
    116.76,       738,
    116.78,       760,
     116.8,       720,
    116.82,       736,
    116.84,       712,
    116.86,       705,
    116.88,       762,
     116.9,       706,
    116.92,       738,
    116.94,       758,
    116.96,       719,
    116.98,       733,
       117,       724,
    117.02,       722,
    117.04,       737,
    117.06,       717,
    117.08,       729,
     117.1,       664,
    117.12,       693,
    117.14,       759,
    117.16,       723,
    117.18,       644,
     117.2,       735,
    117.22,       778,
    117.24,       737,
    117.26,       709,
    117.28,       652,
     117.3,       714,
    117.32,       715,
    117.34,       765,
    117.36,       643,
    117.38,       692,
     117.4,       698,
    117.42,       737,
    117.44,       707,
    117.46,       731,
    117.48,       723,
     117.5,       746,
    117.52,       679,
    117.54,       695,
    117.56,       731,
    117.58,       701,
     117.6,       714,
    117.62,       762,
    117.64,       694,
    117.66,       688,
    117.68,       727,
     117.7,       737,
    117.72,       751,
    117.74,       736,
    117.76,       701,
    117.78,       786,
     117.8,       711,
    117.82,       692,
    117.84,       717,
    117.86,       693,
    117.88,       738,
     117.9,       765,
    117.92,       709,
    117.94,       695,
    117.96,       734,
    117.98,       734,
       118,       738,
    118.02,       793,
    118.04,       762,
    118.06,       709,
    118.08,       720,
     118.1,       743,
    118.12,       764,
    118.14,       737,
    118.16,       735,
    118.18,       783,
     118.2,       752,
    118.22,       729,
    118.24,       751,
    118.26,       770,
    118.28,       816,
     118.3,       806,
    118.32,       772,
    118.34,       831,
    118.36,       792,
    118.38,       854,
     118.4,       780,
    118.42,       920,
    118.44,       870,
    118.46,       885,
    118.48,       939,
     118.5,       937,
    118.52,      1023,
    118.54,      1026,
    118.56,      1033,
    118.58,      1005,
     118.6,      1120,
    118.62,      1092,
    118.64,      1069,
    118.66,      1047,
    118.68,       987,
     118.7,       946,
    118.72,      1034,
    118.74,       941,
    118.76,       966,
    118.78,       912,
     118.8,       950,
    118.82,       936,
    118.84,       937,
    118.86,       880,
    118.88,       901,
     118.9,       910,
    118.92,       941,
    118.94,       858,
    118.96,       866,
    118.98,       905,
       119,       907,
    119.02,       896,
    119.04,       932,
    119.06,       953,
    119.08,       928,
     119.1,       920,
    119.12,       892,
    119.14,       906,
    119.16,       863,
    119.18,       901,
     119.2,       898,
    119.22,       850,
    119.24,       840,
    119.26,       840,
    119.28,       819,
     119.3,       827,
    119.32,       866,
    119.34,       841,
    119.36,       825,
    119.38,       895,
     119.4,       837,
    119.42,       779,
    119.44,       860,
    119.46,       838,
    119.48,       774,
     119.5,       735,
    119.52,       769,
    119.54,       746,
    119.56,       794,
    119.58,       815,
     119.6,       756,
    119.62,       800,
    119.64,       845,
    119.66,       777,
    119.68,       797,
     119.7,       829,
    119.72,       756,
    119.74,       738,
    119.76,       767,
    119.78,       790,
     119.8,       792,
    119.82,       723,
    119.84,       744,
    119.86,       803,
    119.88,       722,
     119.9,       748,
    119.92,       758,
    119.94,       726,
    119.96,       781,
    119.98,       729,
       120,       714,
