HardwareIndicator=65519
Wavelength = 1.54059Å, !5.0°/120.0°/0.02°/1(s), I(p)=11538/584, Cu, Wednesday, June 17, 2026, 12:19 PM
Angle	I(o)	I(c)	I(d)	I(b)
5.0	3990	4087	-97	4087
5.02	3965	4098	-133	4098
5.04	3975	4109	-134	4109
5.06	4157	4120	37	4120
5.08	4103	4131	-28	4131
5.1	3968	4142	-174	4142
5.12	4036	4153	-117	4153
5.14	4027	4164	-137	4164
5.16	4065	4175	-110	4175
5.18	3925	4186	-261	4186
5.2	4027	4197	-170	4197
5.22	3986	4208	-222	4208
5.24	4114	4219	-105	4219
5.26	4133	4230	-97	4230
5.28	3997	4241	-244	4241
5.3	4168	4252	-84	4252
5.32	4142	4263	-121	4263
5.34	4215	4274	-59	4274
5.36	4025	4284	-259	4284
5.38	4239	4295	-56	4295
5.4	4187	4306	-119	4306
5.42	4280	4317	-37	4317
5.44	4164	4327	-163	4327
5.46	4264	4338	-74	4338
5.48	4287	4349	-62	4349
5.5	4222	4359	-137	4359
5.52	4275	4370	-95	4370
5.54	4289	4380	-91	4380
5.56	4252	4391	-139	4391
5.58	4294	4401	-107	4401
5.6	4329	4411	-82	4411
5.62	4326	4422	-96	4422
5.64	4285	4432	-147	4432
5.66	4353	4442	-89	4442
5.68	4366	4452	-86	4452
5.7	4359	4462	-103	4462
5.72	4353	4472	-119	4472
5.74	4322	4482	-160	4482
5.76	4371	4492	-121	4492
5.78	4427	4502	-75	4502
5.8	4471	4512	-41	4512
5.82	4352	4522	-170	4522
5.84	4418	4531	-113	4531
5.86	4495	4541	-46	4541
5.88	4386	4550	-164	4550
5.9	4458	4560	-102	4560
5.92	4623	4569	54	4569
5.94	4637	4579	58	4579
5.96	4462	4588	-126	4588
5.98	4511	4597	-86	4597
6.0	4383	4606	-223	4606
6.02	4650	4615	35	4615
6.04	4656	4624	32	4624
6.06	4606	4633	-27	4633
6.08	4575	4641	-66	4641
6.1	4448	4650	-202	4650
6.12	4556	4659	-103	4659
6.14	4695	4667	28	4667
6.16	4633	4675	-42	4675
6.18	4595	4684	-89	4684
6.2	4603	4692	-89	4692
6.22	4691	4700	-9	4700
6.24	4688	4708	-20	4708
6.26	4640	4716	-76	4716
6.28	4636	4723	-87	4723
6.3	4637	4731	-94	4731
6.32	4745	4739	6	4739
6.34	4785	4746	39	4746
6.36	4811	4753	58	4753
6.38	4836	4761	75	4761
6.4	4668	4768	-100	4768
6.42	4834	4775	59	4775
6.44	4721	4782	-61	4782
6.46	4804	4788	16	4788
6.48	4822	4795	27	4795
6.5	4747	4802	-55	4802
6.52	4807	4808	-1	4808
6.54	4883	4814	69	4814
6.56	4816	4820	-4	4820
6.58	4783	4826	-43	4826
6.6	4806	4832	-26	4832
6.62	4827	4838	-11	4838
6.64	5005	4844	161	4844
6.66	4958	4849	109	4849
6.68	4865	4854	11	4854
6.7	4775	4860	-85	4860
6.72	4981	4865	116	4865
6.74	4900	4870	30	4870
6.76	4890	4874	16	4874
6.78	5009	4879	130	4879
6.8	5026	4884	142	4884
6.82	5032	4888	144	4888
6.84	4983	4892	91	4892
6.86	5063	4896	167	4896
6.88	5079	4900	179	4900
6.9	5043	4904	139	4904
6.92	4975	4907	68	4907
6.94	4844	4911	-67	4911
6.96	4918	4914	4	4914
6.98	4995	4917	78	4917
7.0	4885	4920	-35	4920
7.02	4993	4923	70	4923
7.04	5012	4926	86	4926
7.06	4890	4928	-38	4928
7.08	4881	4930	-49	4930
7.1	4964	4932	32	4932
7.12	5031	4934	97	4934
7.14	4977	4936	41	4936
7.16	4898	4938	-40	4938
7.18	4985	4939	46	4939
7.2	5059	4940	119	4940
7.22	5080	4941	139	4941
7.24	4999	4942	57	4942
7.26	4902	4943	-41	4943
7.28	5015	4943	72	4943
7.3	4992	4944	48	4944
7.32	5144	4944	200	4944
7.34	4985	4944	41	4944
7.36	4962	4944	18	4944
7.38	4936	4944	-8	4944
7.4	4935	4943	-8	4943
7.42	5012	4942	70	4942
7.44	4956	4942	14	4942
7.46	4957	4941	16	4941
7.48	4987	4940	47	4940
7.5	5048	4939	109	4939
7.52	4950	4938	12	4938
7.54	4956	4936	20	4936
7.56	5022	4935	87	4935
7.58	4954	4933	21	4933
7.6	4896	4931	-35	4931
7.62	4956	4930	26	4930
7.64	5130	4928	202	4928
7.66	4946	4926	20	4926
7.68	5076	4924	152	4924
7.7	4867	4921	-54	4921
7.72	5029	4919	110	4919
7.74	4957	4917	40	4917
7.76	4895	4915	-20	4915
7.78	5008	4912	96	4912
7.8	4912	4910	2	4910
7.82	4783	4907	-124	4907
7.84	4873	4904	-31	4904
7.86	4920	4902	18	4902
7.88	4973	4899	74	4899
7.9	5012	4896	116	4896
7.92	4885	4894	-9	4893
7.94	4939	4891	48	4891
7.96	4939	4889	50	4888
7.98	4876	4887	-11	4885
8.0	4909	4885	24	4882
8.02	4906	4884	22	4879
8.04	5027	4885	142	4876
8.06	4999	4886	113	4873
8.08	4982	4890	92	4870
8.1	5050	4896	154	4867
8.12	4927	4906	21	4864
8.14	4946	4919	27	4861
8.16	4889	4938	-49	4858
8.18	4910	4962	-52	4855
8.2	4946	4992	-46	4853
8.22	4962	5029	-67	4850
8.24	5008	5071	-63	4847
8.26	4979	5119	-140	4844
8.28	5022	5170	-148	4841
8.3	5097	5224	-127	4839
8.32	5088	5277	-189	4836
8.34	5118	5327	-209	4833
8.36	5110	5371	-261	4831
8.38	5058	5406	-348	4828
8.4	5116	5431	-315	4826
8.42	5135	5442	-307	4824
8.44	5020	5439	-419	4821
8.46	5030	5421	-391	4819
8.48	5123	5387	-264	4817
8.5	5090	5340	-250	4815
8.52	5043	5283	-240	4813
8.54	4779	5221	-442	4811
8.56	4893	5157	-264	4810
8.58	5000	5095	-95	4808
8.6	4920	5037	-117	4806
8.62	4911	4985	-74	4805
8.64	4862	4941	-79	4804
8.66	4840	4904	-64	4803
8.68	4857	4874	-17	4802
8.7	4894	4852	42	4801
8.72	4827	4835	-8	4800
8.74	4829	4822	7	4799
8.76	4881	4814	67	4799
8.78	4910	4808	102	4798
8.8	4775	4804	-29	4798
8.82	4875	4801	74	4798
8.84	4801	4800	1	4798
8.86	4906	4800	106	4799
8.88	4752	4800	-48	4799
8.9	4914	4800	114	4800
8.92	4848	4800	48	4800
8.94	4808	4801	7	4801
8.96	4813	4803	10	4803
8.98	4965	4804	161	4804
9.0	4786	4806	-20	4806
9.02	4947	4807	140	4807
9.04	4913	4809	104	4809
9.06	4786	4812	-26	4812
9.08	4862	4814	48	4814
9.1	4781	4817	-36	4817
9.12	4941	4820	121	4820
9.14	4820	4823	-3	4823
9.16	4878	4827	51	4827
9.18	4800	4831	-31	4831
9.2	4861	4835	26	4835
9.22	4898	4839	59	4839
9.24	4825	4844	-19	4844
9.26	4962	4849	113	4849
9.28	4945	4854	91	4854
9.3	4942	4860	82	4860
9.32	4937	4866	71	4866
9.34	4913	4872	41	4872
9.36	4971	4879	92	4879
9.38	4886	4886	0	4886
9.4	4904	4894	10	4894
9.42	5112	4901	211	4901
9.44	4869	4910	-41	4910
9.46	4986	4918	68	4918
9.48	4955	4927	28	4927
9.5	4979	4937	42	4937
9.52	4975	4946	29	4946
9.54	4893	4957	-64	4957
9.56	5032	4967	65	4967
9.58	5014	4978	36	4978
9.6	5062	4990	72	4990
9.62	5053	5002	51	5002
9.64	4983	5014	-31	5014
9.66	5059	5027	32	5027
9.68	5062	5041	21	5041
9.7	5083	5054	29	5054
9.72	5047	5069	-22	5069
9.74	5236	5084	152	5084
9.76	5113	5099	14	5099
9.78	5263	5115	148	5115
9.8	5327	5131	196	5131
9.82	5157	5148	9	5148
9.84	5272	5166	106	5166
9.86	5115	5184	-69	5184
9.88	5415	5202	213	5202
9.9	5305	5221	84	5221
9.92	5241	5241	0	5241
9.94	5376	5261	115	5261
9.96	5453	5282	171	5282
9.98	5430	5304	126	5304
10.0	5455	5326	129	5326
10.02	5552	5348	204	5348
10.04	5411	5371	40	5371
10.06	5550	5395	155	5395
10.08	5512	5420	92	5420
10.1	5610	5445	165	5445
10.12	5518	5471	47	5471
10.14	5602	5497	105	5497
10.16	5639	5524	115	5524
10.18	5674	5552	122	5552
10.2	5692	5581	111	5581
10.22	5709	5610	99	5610
10.24	5757	5640	117	5640
10.26	5799	5670	129	5670
10.28	5875	5701	174	5701
10.3	5961	5733	228	5733
10.32	5983	5766	217	5766
10.34	5969	5799	170	5799
10.36	6095	5834	261	5834
10.38	6140	5868	272	5868
10.4	6050	5904	146	5904
10.42	6157	5941	216	5941
10.44	6240	5978	262	5978
10.46	6159	6016	143	6016
10.48	6411	6055	356	6055
10.5	6230	6094	136	6094
10.52	6359	6134	225	6134
10.54	6558	6175	383	6175
10.56	6382	6217	165	6217
10.58	6334	6259	75	6259
10.6	6306	6302	4	6302
10.62	6633	6346	287	6346
10.64	6429	6390	39	6390
10.66	6617	6435	182	6435
10.68	6703	6480	223	6480
10.7	6771	6525	246	6525
10.72	6630	6571	59	6571
10.74	6804	6618	186	6618
10.76	6785	6664	121	6664
10.78	6729	6711	18	6711
10.8	6961	6758	203	6758
10.82	7112	6806	306	6806
10.84	7035	6853	182	6853
10.86	7202	6901	301	6901
10.88	7251	6949	302	6949
10.9	7242	6997	245	6997
10.92	7217	7044	173	7044
10.94	7323	7092	231	7092
10.96	7381	7140	241	7140
10.98	7481	7188	293	7188
11.0	7436	7236	200	7236
11.02	7504	7284	220	7284
11.04	7617	7331	286	7331
11.06	7607	7379	228	7378
11.08	7475	7426	49	7425
11.1	7654	7472	182	7472
11.12	7716	7519	197	7518
11.14	7646	7565	81	7564
11.16	7882	7610	272	7610
11.18	7825	7655	170	7655
11.2	7830	7700	130	7700
11.22	8070	7744	326	7744
11.24	8030	7788	242	7788
11.26	7954	7831	123	7831
11.28	7881	7874	7	7873
11.3	8033	7916	117	7915
11.32	8054	7957	97	7956
11.34	8156	7997	159	7997
11.36	8223	8037	186	8037
11.38	8057	8076	-19	8075
11.4	8319	8114	205	8114
11.42	8428	8151	277	8151
11.44	8292	8188	104	8187
11.46	8411	8223	188	8223
11.48	8326	8258	68	8257
11.5	8306	8291	15	8291
11.52	8565	8324	241	8323
11.54	8603	8355	248	8354
11.56	8706	8385	321	8385
11.58	8651	8414	237	8414
11.6	8578	8442	136	8442
11.62	8748	8469	279	8468
11.64	8719	8495	224	8494
11.66	8588	8519	69	8518
11.68	8620	8542	78	8541
11.7	8723	8563	160	8562
11.72	8716	8583	133	8582
11.74	8642	8602	40	8601
11.76	8611	8619	-8	8618
11.78	8813	8635	178	8634
11.8	8771	8649	122	8648
11.82	8725	8662	63	8661
11.84	8672	8673	-1	8672
11.86	8745	8682	63	8681
11.88	8760	8690	70	8689
11.9	8843	8696	147	8695
11.92	8707	8701	6	8700
11.94	8659	8704	-45	8703
11.96	8703	8706	-3	8704
11.98	8704	8706	-2	8705
12.0	8710	8705	5	8703
12.02	8863	8702	161	8701
12.04	8772	8698	74	8696
12.06	8887	8693	194	8691
12.08	8761	8686	75	8684
12.1	8629	8678	-49	8676
12.12	8708	8668	40	8667
12.14	8563	8658	-95	8656
12.16	8496	8646	-150	8644
12.18	8610	8633	-23	8631
12.2	8565	8619	-54	8616
12.22	8608	8603	5	8601
12.24	8509	8586	-77	8584
12.26	8576	8569	7	8566
12.28	8650	8550	100	8547
12.3	8480	8530	-50	8527
12.32	8386	8509	-123	8506
12.34	8588	8487	101	8484
12.36	8496	8464	32	8461
12.38	8235	8440	-205	8437
12.4	8318	8416	-98	8412
12.42	8356	8390	-34	8386
12.44	8376	8363	13	8359
12.46	8457	8336	121	8331
12.48	8258	8307	-49	8303
12.5	8168	8278	-110	8273
12.52	8254	8248	6	8243
12.54	8102	8218	-116	8212
12.56	8178	8186	-8	8180
12.58	8051	8154	-103	8148
12.6	7953	8121	-168	8115
12.62	8121	8088	33	8081
12.64	8090	8054	36	8046
12.66	7944	8019	-75	8011
12.68	7807	7984	-177	7975
12.7	7783	7948	-165	7939
12.72	7807	7912	-105	7902
12.74	7727	7875	-148	7865
12.76	7642	7838	-196	7827
12.78	7401	7800	-399	7788
12.8	7544	7762	-218	7750
12.82	7492	7723	-231	7710
12.84	7607	7684	-77	7670
12.86	7483	7645	-162	7630
12.88	7602	7605	-3	7590
12.9	7442	7566	-124	7549
12.92	7460	7526	-66	7508
12.94	7399	7485	-86	7467
12.96	7272	7445	-173	7425
12.98	7326	7404	-78	7383
13.0	7288	7363	-75	7341
13.02	7264	7322	-58	7298
13.04	7179	7281	-102	7256
13.06	7177	7240	-63	7213
13.08	7064	7199	-135	7171
13.1	7191	7157	34	7128
13.12	6833	7116	-283	7085
13.14	6852	7075	-223	7042
13.16	7075	7033	42	6999
13.18	6994	6992	2	6956
13.2	6997	6951	46	6913
13.22	6919	6910	9	6870
13.24	6794	6869	-75	6828
13.26	6862	6828	34	6785
13.28	6715	6787	-72	6742
13.3	6663	6747	-84	6700
13.32	6575	6707	-132	6658
13.34	6636	6667	-31	6616
13.36	6504	6627	-123	6574
13.38	6495	6588	-93	6533
13.4	6364	6548	-184	6492
13.42	6614	6510	104	6451
13.44	6470	6471	-1	6410
13.46	6486	6433	53	6370
13.48	6337	6395	-58	6330
13.5	6298	6358	-60	6291
13.52	6153	6321	-168	6252
13.54	6235	6284	-49	6213
13.56	6256	6248	8	6175
13.58	6053	6212	-159	6137
13.6	6173	6177	-4	6100
13.62	6125	6142	-17	6063
13.64	5970	6107	-137	6026
13.66	6006	6073	-67	5990
13.68	6009	6039	-30	5954
13.7	5990	6005	-15	5919
13.72	5994	5972	22	5884
13.74	5846	5938	-92	5850
13.76	5893	5906	-13	5816
13.78	5854	5873	-19	5782
13.8	5855	5841	14	5749
13.82	5686	5809	-123	5716
13.84	5823	5777	46	5683
13.86	5614	5746	-132	5651
13.88	5749	5715	34	5619
13.9	5659	5684	-25	5588
13.92	5660	5653	7	5557
13.94	5650	5623	27	5526
13.96	5754	5593	161	5496
13.98	5561	5563	-2	5466
14.0	5633	5533	100	5436
14.02	5532	5504	28	5407
14.04	5585	5474	111	5378
14.06	5615	5445	170	5349
14.08	5658	5416	242	5321
14.1	5454	5388	66	5294
14.12	5287	5359	-72	5266
14.14	5265	5331	-66	5239
14.16	5329	5303	26	5212
14.18	5352	5275	77	5186
14.2	5426	5248	178	5160
14.22	5374	5220	154	5134
14.24	5136	5193	-57	5108
14.26	5337	5166	171	5083
14.28	5295	5139	156	5059
14.3	5089	5113	-24	5034
14.32	5275	5087	188	5010
14.34	5127	5061	66	4986
14.36	5154	5036	118	4963
14.38	4991	5010	-19	4940
14.4	5014	4985	29	4917
14.42	4917	4961	-44	4894
14.44	5037	4936	101	4872
14.46	5062	4912	150	4850
14.48	5063	4888	175	4828
14.5	5118	4865	253	4807
14.52	4944	4841	103	4786
14.54	4964	4818	146	4765
14.56	5016	4796	220	4745
14.58	4986	4774	212	4725
14.6	4888	4752	136	4705
14.62	4957	4730	227	4685
14.64	4929	4709	220	4666
14.66	4834	4688	146	4647
14.68	4769	4667	102	4628
14.7	4766	4647	119	4610
14.72	4812	4627	185	4591
14.74	4785	4607	178	4573
14.76	4764	4588	176	4556
14.78	4760	4569	191	4538
14.8	4832	4550	282	4521
14.82	4720	4532	188	4504
14.84	4656	4514	142	4488
14.86	4709	4496	213	4471
14.88	4679	4479	200	4455
14.9	4727	4462	265	4439
14.92	4641	4445	196	4423
14.94	4627	4429	198	4408
14.96	4474	4413	61	4393
14.98	4477	4397	80	4378
15.0	4621	4381	240	4363
15.02	4497	4366	131	4349
15.04	4522	4351	171	4334
15.06	4588	4337	251	4320
15.08	4477	4322	155	4307
15.1	4565	4308	257	4293
15.12	4522	4294	228	4280
15.14	4493	4281	212	4267
15.16	4487	4267	220	4254
15.18	4483	4254	229	4241
15.2	4398	4242	156	4228
15.22	4379	4229	150	4216
15.24	4244	4217	27	4204
15.26	4394	4205	189	4192
15.28	4373	4193	180	4181
15.3	4228	4182	46	4169
15.32	4450	4170	280	4158
15.34	4361	4159	202	4147
15.36	4311	4148	163	4136
15.38	4305	4138	167	4125
15.4	4385	4127	258	4114
15.42	4247	4117	130	4104
15.44	4382	4107	275	4094
15.46	4216	4097	119	4084
15.48	4224	4088	136	4074
15.5	4124	4078	46	4064
15.52	4167	4069	98	4055
15.54	4092	4060	32	4045
15.56	4200	4051	149	4036
15.58	4122	4043	79	4027
15.6	4161	4034	127	4018
15.62	4179	4026	153	4010
15.64	4074	4018	56	4001
15.66	4146	4010	136	3993
15.68	4123	4003	120	3984
15.7	4042	3995	47	3976
15.72	4137	3988	149	3968
15.74	4107	3981	126	3960
15.76	4200	3974	226	3953
15.78	4050	3967	83	3945
15.8	4023	3960	63	3938
15.82	4084	3954	130	3930
15.84	4057	3948	109	3923
15.86	4000	3942	58	3916
15.88	4013	3936	77	3909
15.9	3945	3930	15	3902
15.92	3908	3924	-16	3896
15.94	3989	3918	71	3889
15.96	3959	3913	46	3883
15.98	3985	3908	77	3876
16.0	3914	3903	11	3870
16.02	3973	3898	75	3864
16.04	4003	3893	110	3858
16.06	3930	3888	42	3852
16.08	3934	3884	50	3846
16.1	3921	3880	41	3840
16.12	3962	3875	87	3834
16.14	3867	3871	-4	3829
16.16	3956	3868	88	3823
16.18	3834	3864	-30	3818
16.2	3863	3861	2	3812
16.22	3881	3857	24	3807
16.24	3762	3855	-93	3802
16.26	3834	3852	-18	3797
16.28	3847	3850	-3	3792
16.3	3829	3847	-18	3787
16.32	3971	3845	126	3782
16.34	3902	3843	59	3777
16.36	3744	3842	-98	3772
16.38	3810	3841	-31	3767
16.4	3928	3840	88	3763
16.42	4027	3840	187	3758
16.44	3880	3841	39	3753
16.46	3923	3843	80	3749
16.48	3850	3846	4	3744
16.5	3959	3852	107	3740
16.52	3912	3861	51	3735
16.54	4005	3875	130	3731
16.56	4063	3897	166	3727
16.58	4130	3930	200	3722
16.6	4177	3978	199	3718
16.62	4205	4047	158	3714
16.64	4359	4142	217	3710
16.66	4360	4268	92	3705
16.68	4532	4428	104	3701
16.7	4717	4625	92	3697
16.72	5146	4854	292	3693
16.74	5238	5108	130	3689
16.76	5410	5374	36	3685
16.78	5528	5632	-104	3681
16.8	5906	5856	50	3677
16.82	5999	6020	-21	3673
16.84	6188	6099	89	3670
16.86	6370	6069	301	3666
16.88	6055	5934	121	3662
16.9	5772	5714	58	3658
16.92	5347	5438	-91	3655
16.94	5033	5140	-107	3651
16.96	4736	4849	-113	3647
16.98	4594	4586	8	3644
17.0	4348	4361	-13	3640
17.02	4284	4179	105	3637
17.04	4286	4038	248	3634
17.06	3938	3933	5	3630
17.08	3965	3858	107	3627
17.1	3836	3804	32	3623
17.12	3712	3767	-55	3620
17.14	3702	3740	-38	3617
17.16	3653	3721	-68	3614
17.18	3661	3706	-45	3611
17.2	3716	3694	22	3608
17.22	3715	3684	31	3605
17.24	3591	3676	-85	3602
17.26	3513	3668	-155	3599
17.28	3642	3661	-19	3596
17.3	3575	3655	-80	3593
17.32	3602	3649	-47	3590
17.34	3580	3643	-63	3587
17.36	3621	3638	-17	3584
17.38	3525	3634	-109	3582
17.4	3558	3629	-71	3579
17.42	3536	3625	-89	3576
17.44	3551	3621	-70	3574
17.46	3648	3617	31	3571
17.48	3607	3614	-7	3569
17.5	3467	3610	-143	3566
17.52	3482	3607	-125	3564
17.54	3544	3604	-60	3562
17.56	3562	3601	-39	3559
17.58	3518	3598	-80	3557
17.6	3608	3596	12	3555
17.62	3542	3593	-51	3553
17.64	3472	3590	-118	3551
17.66	3587	3588	-1	3549
17.68	3553	3586	-33	3547
17.7	3540	3584	-44	3545
17.72	3538	3581	-43	3543
17.74	3516	3579	-63	3541
17.76	3695	3577	118	3539
17.78	3502	3575	-73	3537
17.8	3496	3573	-77	3535
17.82	3521	3572	-51	3534
17.84	3468	3570	-102	3532
17.86	3512	3568	-56	3530
17.88	3559	3566	-7	3529
17.9	3524	3564	-40	3527
17.92	3496	3563	-67	3526
17.94	3486	3561	-75	3524
17.96	3533	3560	-27	3523
17.98	3540	3558	-18	3522
18.0	3549	3556	-7	3521
18.02	3465	3555	-90	3519
18.04	3490	3553	-63	3518
18.06	3557	3552	5	3517
18.08	3527	3550	-23	3516
18.1	3463	3548	-85	3515
18.12	3400	3547	-147	3514
18.14	3609	3545	64	3513
18.16	3560	3544	16	3512
18.18	3457	3542	-85	3512
18.2	3431	3541	-110	3511
18.22	3616	3540	76	3510
18.24	3540	3538	2	3509
18.26	3494	3537	-43	3509
18.28	3415	3536	-121	3508
18.3	3506	3535	-29	3508
18.32	3653	3533	120	3507
18.34	3435	3532	-97	3507
18.36	3596	3531	65	3507
18.38	3394	3530	-136	3506
18.4	3438	3529	-91	3506
18.42	3393	3528	-135	3506
18.44	3478	3528	-50	3506
18.46	3505	3527	-22	3506
18.48	3424	3526	-102	3506
18.5	3430	3525	-95	3506
18.52	3561	3525	36	3506
18.54	3510	3524	-14	3506
18.56	3546	3523	23	3506
18.58	3391	3523	-132	3506
18.6	3543	3522	21	3507
18.62	3589	3522	67	3507
18.64	3620	3522	98	3508
18.66	3595	3522	73	3508
18.68	3457	3522	-65	3509
18.7	3553	3522	31	3509
18.72	3514	3522	-8	3510
18.74	3566	3522	44	3510
18.76	3490	3522	-32	3511
18.78	3447	3523	-76	3512
18.8	3534	3523	11	3513
18.82	3538	3523	15	3514
18.84	3531	3524	7	3514
18.86	3525	3524	1	3515
18.88	3644	3525	119	3516
18.9	3532	3526	6	3517
18.92	3494	3526	-32	3519
18.94	3605	3527	78	3520
18.96	3537	3528	9	3521
18.98	3606	3529	77	3522
19.0	3571	3530	41	3523
19.02	3708	3531	177	3525
19.04	3606	3532	74	3526
19.06	3682	3533	149	3527
19.08	3537	3534	3	3529
19.1	3566	3535	31	3530
19.12	3621	3536	85	3532
19.14	3500	3538	-38	3533
19.16	3661	3539	122	3535
19.18	3566	3541	25	3536
19.2	3552	3542	10	3538
19.22	3581	3543	38	3539
19.24	3664	3545	119	3541
19.26	3593	3546	47	3543
19.28	3501	3547	-46	3544
19.3	3547	3549	-2	3546
19.32	3532	3551	-19	3548
19.34	3495	3552	-57	3550
19.36	3575	3555	20	3552
19.38	3592	3556	36	3553
19.4	3679	3558	121	3555
19.42	3661	3560	101	3557
19.44	3609	3562	47	3559
19.46	3486	3564	-78	3561
19.48	3611	3566	45	3563
19.5	3534	3568	-34	3565
19.52	3708	3570	138	3567
19.54	3699	3571	128	3569
19.56	3677	3573	104	3571
19.58	3641	3575	66	3573
19.6	3680	3577	103	3575
19.62	3540	3579	-39	3577
19.64	3709	3581	128	3579
19.66	3674	3583	91	3581
19.68	3562	3586	-24	3584
19.7	3622	3588	34	3586
19.72	3624	3590	34	3588
19.74	3643	3592	51	3590
19.76	3693	3594	99	3592
19.78	3591	3596	-5	3594
19.8	3701	3599	102	3597
19.82	3676	3601	75	3599
19.84	3649	3603	46	3601
19.86	3570	3605	-35	3603
19.88	3645	3608	37	3606
19.9	3617	3610	7	3608
19.92	3668	3612	56	3610
19.94	3626	3614	12	3612
19.96	3691	3617	74	3615
19.98	3721	3619	102	3617
20.0	3639	3621	18	3619
20.02	3596	3624	-28	3621
20.04	3555	3626	-71	3624
20.06	3632	3628	4	3626
20.08	3536	3630	-94	3628
20.1	3689	3634	55	3630
20.12	3697	3636	61	3633
20.14	3706	3638	68	3635
20.16	3658	3641	17	3637
20.18	3655	3643	12	3639
20.2	3683	3645	38	3641
20.22	3721	3648	73	3644
20.24	3688	3650	38	3646
20.26	3705	3652	53	3648
20.28	3692	3654	38	3650
20.3	3656	3656	0	3652
20.32	3560	3659	-99	3655
20.34	3783	3661	122	3657
20.36	3560	3663	-103	3659
20.38	3734	3666	68	3661
20.4	3777	3668	109	3663
20.42	3736	3670	66	3665
20.44	3798	3672	126	3667
20.46	3749	3675	74	3669
20.48	3770	3677	93	3671
20.5	3846	3679	167	3674
20.52	3738	3681	57	3676
20.54	3744	3684	60	3678
20.56	3808	3686	122	3680
20.58	3726	3688	38	3681
20.6	3731	3690	41	3683
20.62	3770	3692	78	3685
20.64	3682	3695	-13	3687
20.66	3684	3697	-13	3689
20.68	3699	3699	0	3691
20.7	3758	3701	57	3693
20.72	3665	3703	-38	3695
20.74	3633	3705	-72	3696
20.76	3732	3707	25	3698
20.78	3709	3709	0	3700
20.8	3683	3712	-29	3701
20.82	3687	3714	-27	3703
20.84	3767	3716	51	3705
20.86	3707	3718	-11	3706
20.88	3719	3720	-1	3708
20.9	3719	3722	-3	3709
20.92	3766	3724	42	3711
20.94	3707	3726	-19	3712
20.96	3780	3728	52	3714
20.98	3683	3730	-47	3715
21.0	3669	3731	-62	3717
21.02	3747	3733	14	3718
21.04	3762	3735	27	3719
21.06	3830	3737	93	3720
21.08	3768	3739	29	3722
21.1	3739	3740	-1	3723
21.12	3735	3742	-7	3724
21.14	3842	3744	98	3725
21.16	3807	3746	61	3726
21.18	3714	3747	-33	3727
21.2	3718	3749	-31	3728
21.22	3695	3750	-55	3729
21.24	3779	3752	27	3730
21.26	3738	3753	-15	3730
21.28	3826	3755	71	3731
21.3	3738	3756	-18	3732
21.32	3695	3757	-62	3733
21.34	3674	3759	-85	3733
21.36	3829	3760	69	3734
21.38	3743	3761	-18	3734
21.4	3668	3762	-94	3735
21.42	3785	3763	22	3735
21.44	3870	3764	106	3736
21.46	3773	3765	8	3736
21.48	3677	3765	-88	3736
21.5	3849	3766	83	3736
21.52	3732	3767	-35	3736
21.54	3692	3767	-75	3736
21.56	3822	3768	54	3736
21.58	3796	3768	28	3736
21.6	3758	3768	-10	3736
21.62	3787	3768	19	3736
21.64	3672	3768	-96	3736
21.66	3833	3768	65	3736
21.68	3695	3768	-73	3735
21.7	3804	3767	37	3735
21.72	3787	3767	20	3735
21.74	3821	3766	55	3734
21.76	3685	3766	-81	3734
21.78	3756	3765	-9	3733
21.8	3614	3764	-150	3732
21.82	3668	3763	-95	3732
21.84	3666	3762	-96	3731
21.86	3643	3761	-118	3730
21.88	3730	3759	-29	3729
21.9	3719	3758	-39	3728
21.92	3741	3756	-15	3727
21.94	3648	3755	-107	3726
21.96	3701	3753	-52	3725
21.98	3667	3751	-84	3724
22.0	3817	3749	68	3723
22.02	3633	3748	-115	3722
22.04	3740	3746	-6	3721
22.06	3625	3744	-119	3719
22.08	3602	3742	-140	3718
22.1	3673	3739	-66	3717
22.12	3721	3737	-16	3715
22.14	3764	3735	29	3714
22.16	3698	3733	-35	3712
22.18	3729	3730	-1	3710
22.2	3643	3728	-85	3709
22.22	3747	3726	21	3707
22.24	3710	3723	-13	3705
22.26	3824	3721	103	3704
22.28	3657	3718	-61	3702
22.3	3786	3716	70	3700
22.32	3575	3713	-138	3698
22.34	3746	3711	35	3696
22.36	3695	3709	-14	3694
22.38	3680	3706	-26	3692
22.4	3650	3703	-53	3690
22.42	3824	3701	123	3688
22.44	3632	3698	-66	3686
22.46	3641	3696	-55	3683
22.48	3636	3693	-57	3681
22.5	3648	3692	-44	3679
22.52	3636	3690	-54	3676
22.54	3680	3689	-9	3674
22.56	3574	3687	-113	3671
22.58	3518	3685	-167	3669
22.6	3563	3683	-120	3666
22.62	3628	3682	-54	3664
22.64	3727	3680	47	3661
22.66	3605	3678	-73	3659
22.68	3522	3676	-154	3656
22.7	3554	3673	-119	3653
22.72	3517	3670	-153	3650
22.74	3637	3667	-30	3648
22.76	3592	3664	-72	3645
22.78	3526	3661	-135	3642
22.8	3612	3659	-47	3639
22.82	3643	3659	-16	3636
22.84	3655	3658	-3	3633
22.86	3570	3657	-87	3630
22.88	3620	3658	-38	3627
22.9	3502	3658	-156	3624
22.92	3525	3658	-133	3621
22.94	3752	3658	94	3617
22.96	3664	3655	9	3614
22.98	3506	3652	-146	3611
23.0	3576	3648	-72	3608
23.02	3642	3641	1	3604
23.04	3612	3634	-22	3601
23.06	3686	3628	58	3597
23.08	3629	3620	9	3594
23.1	3612	3613	-1	3591
23.12	3570	3607	-37	3587
23.14	3529	3601	-72	3583
23.16	3437	3595	-158	3580
23.18	3568	3591	-23	3576
23.2	3527	3586	-59	3573
23.22	3589	3582	7	3569
23.24	3559	3577	-18	3565
23.26	3482	3573	-91	3562
23.28	3533	3568	-35	3558
23.3	3648	3564	84	3554
23.32	3489	3561	-72	3550
23.34	3457	3556	-99	3546
23.36	3586	3552	34	3542
23.38	3447	3549	-102	3538
23.4	3415	3545	-130	3535
23.42	3493	3541	-48	3531
23.44	3532	3538	-6	3527
23.46	3493	3534	-41	3522
23.48	3462	3530	-68	3518
23.5	3510	3527	-17	3514
23.52	3446	3523	-77	3510
23.54	3483	3519	-36	3506
23.56	3488	3516	-28	3502
23.58	3538	3513	25	3498
23.6	3522	3509	13	3493
23.62	3413	3505	-92	3489
23.64	3397	3502	-105	3485
23.66	3465	3499	-34	3481
23.68	3466	3495	-29	3476
23.7	3389	3492	-103	3472
23.72	3505	3489	16	3467
23.74	3491	3487	4	3463
23.76	3355	3484	-129	3459
23.78	3551	3482	69	3454
23.8	3496	3478	18	3450
23.82	3485	3476	9	3445
23.84	3348	3474	-126	3441
23.86	3485	3472	13	3436
23.88	3441	3471	-30	3432
23.9	3358	3470	-112	3427
23.92	3428	3471	-43	3422
23.94	3517	3472	45	3418
23.96	3495	3474	21	3413
23.98	3526	3479	47	3408
24.0	3584	3486	98	3404
24.02	3551	3496	55	3399
24.04	3576	3511	65	3394
24.06	3553	3533	20	3389
24.08	3540	3561	-21	3385
24.1	3504	3598	-94	3380
24.12	3481	3643	-162	3375
24.14	3558	3696	-138	3370
24.16	3412	3753	-341	3365
24.18	3390	3804	-414	3360
24.2	3515	3839	-324	3355
24.22	3334	3848	-514	3351
24.24	3494	3826	-332	3346
24.26	3420	3783	-363	3341
24.28	3357	3725	-368	3336
24.3	3274	3660	-386	3331
24.32	3334	3595	-261	3326
24.34	3357	3538	-181	3321
24.36	3265	3490	-225	3316
24.38	3307	3452	-145	3311
24.4	3287	3422	-135	3305
24.42	3396	3398	-2	3300
24.44	3323	3379	-56	3295
24.46	3287	3363	-76	3290
24.48	3202	3351	-149	3285
24.5	3239	3340	-101	3280
24.52	3193	3330	-137	3275
24.54	3207	3321	-114	3270
24.56	3338	3313	25	3264
24.58	3252	3306	-54	3259
24.6	3214	3299	-85	3254
24.62	3212	3292	-80	3249
24.64	3279	3286	-7	3244
24.66	3291	3280	11	3238
24.68	3242	3274	-32	3233
24.7	3270	3268	2	3228
24.72	3200	3262	-62	3223
24.74	3188	3258	-70	3217
24.76	3105	3252	-147	3212
24.78	3205	3247	-42	3207
24.8	3332	3242	90	3201
24.82	3192	3237	-45	3196
24.84	3161	3233	-72	3191
24.86	3246	3228	18	3186
24.88	3190	3224	-34	3180
24.9	3249	3219	30	3175
24.92	3105	3215	-110	3169
24.94	3101	3210	-109	3164
24.96	3138	3206	-68	3159
24.98	3239	3202	37	3153
25.0	3092	3198	-106	3148
25.02	3229	3195	34	3143
25.04	3113	3191	-78	3137
25.06	3216	3188	28	3132
25.08	3141	3185	-44	3126
25.1	3111	3182	-71	3121
25.12	3075	3179	-104	3116
25.14	3075	3177	-102	3110
25.16	3216	3175	41	3105
25.18	3191	3174	17	3099
25.2	3188	3174	14	3094
25.22	3219	3175	44	3088
25.24	3139	3178	-39	3083
25.26	3079	3181	-102	3078
25.28	3220	3186	34	3072
25.3	3121	3191	-70	3067
25.32	3144	3195	-51	3061
25.34	3218	3196	22	3056
25.36	3225	3193	32	3050
25.38	3277	3186	91	3045
25.4	3249	3178	71	3040
25.42	3264	3169	95	3034
25.44	3297	3159	138	3029
25.46	3294	3150	144	3023
25.48	3303	3142	161	3018
25.5	3169	3136	33	3012
25.52	3132	3131	1	3007
25.54	3169	3129	40	3001
25.56	3159	3128	31	2996
25.58	3050	3128	-78	2991
25.6	3023	3131	-108	2985
25.62	3076	3135	-59	2980
25.64	3067	3142	-75	2974
25.66	3095	3152	-57	2969
25.68	3075	3166	-91	2963
25.7	3067	3186	-119	2958
25.72	3024	3213	-189	2953
25.74	3124	3248	-124	2947
25.76	3145	3293	-148	2942
25.78	3058	3346	-288	2936
25.8	3153	3405	-252	2931
25.82	3032	3463	-431	2926
25.84	3119	3509	-390	2920
25.86	3172	3535	-363	2915
25.88	3073	3545	-472	2910
25.9	3228	3544	-316	2904
25.92	3189	3541	-352	2899
25.94	3281	3536	-255	2893
25.96	3137	3528	-391	2888
25.98	3164	3511	-347	2883
26.0	3294	3478	-184	2877
26.02	3607	3427	180	2872
26.04	3560	3367	193	2867
26.06	3549	3300	249	2862
26.08	3456	3232	224	2856
26.1	3330	3166	164	2851
26.12	3272	3109	163	2846
26.14	3189	3061	128	2841
26.16	3194	3023	171	2835
26.18	3029	2991	38	2830
26.2	3018	2965	53	2825
26.22	2982	2944	38	2820
26.24	2968	2925	43	2814
26.26	2993	2910	83	2809
26.28	2792	2896	-104	2804
26.3	2993	2883	110	2799
26.32	2793	2872	-79	2794
26.34	2792	2861	-69	2789
26.36	2947	2851	96	2784
26.38	2740	2842	-102	2778
26.4	2750	2833	-83	2773
26.42	2845	2825	20	2768
26.44	2857	2817	40	2763
26.46	2804	2810	-6	2758
26.48	2810	2802	8	2753
26.5	2708	2795	-87	2748
26.52	2719	2788	-69	2743
26.54	2741	2782	-41	2738
26.56	2834	2775	59	2733
26.58	2808	2770	38	2728
26.6	2836	2764	72	2723
26.62	2759	2757	2	2718
26.64	2735	2751	-16	2714
26.66	2801	2746	55	2709
26.68	2701	2740	-39	2704
26.7	2723	2734	-11	2699
26.72	2686	2729	-43	2694
26.74	2773	2725	48	2689
26.76	2689	2720	-31	2685
26.78	2722	2714	8	2680
26.8	2638	2709	-71	2675
26.82	2694	2704	-10	2670
26.84	2629	2699	-70	2666
26.86	2649	2694	-45	2661
26.88	2701	2689	12	2656
26.9	2723	2684	39	2652
26.92	2645	2679	-34	2647
26.94	2676	2674	2	2642
26.96	2725	2669	56	2638
26.98	2659	2664	-5	2633
27.0	2692	2660	32	2629
27.02	2655	2655	0	2624
27.04	2778	2650	128	2620
27.06	2647	2646	1	2615
27.08	2640	2641	-1	2611
27.1	2677	2637	40	2607
27.12	2587	2633	-46	2602
27.14	2632	2628	4	2598
27.16	2611	2623	-12	2594
27.18	2531	2619	-88	2589
27.2	2506	2615	-109	2585
27.22	2623	2611	12	2581
27.24	2654	2607	47	2577
27.26	2580	2603	-23	2572
27.28	2537	2599	-62	2568
27.3	2600	2595	5	2564
27.32	2493	2591	-98	2560
27.34	2510	2587	-77	2556
27.36	2579	2584	-5	2552
27.38	2611	2580	31	2548
27.4	2566	2577	-11	2544
27.42	2519	2573	-54	2540
27.44	2526	2568	-42	2536
27.46	2622	2564	58	2532
27.48	2612	2561	51	2528
27.5	2539	2557	-18	2524
27.52	2562	2553	9	2520
27.54	2541	2550	-9	2516
27.56	2531	2547	-16	2512
27.58	2480	2544	-64	2509
27.6	2526	2542	-16	2505
27.62	2519	2538	-19	2501
27.64	2511	2535	-24	2497
27.66	2473	2533	-60	2494
27.68	2532	2530	2	2490
27.7	2492	2527	-35	2486
27.72	2599	2525	74	2483
27.74	2464	2522	-58	2479
27.76	2621	2519	102	2476
27.78	2608	2517	91	2472
27.8	2509	2514	-5	2468
27.82	2588	2512	76	2465
27.84	2540	2510	30	2461
27.86	2658	2509	149	2458
27.88	2703	2506	197	2454
27.9	2838	2504	334	2451
27.92	2923	2502	421	2448
27.94	3044	2500	544	2444
27.96	3286	2497	789	2441
27.98	3410	2495	915	2437
28.0	3618	2493	1125	2434
28.02	3876	2491	1385	2431
28.04	3762	2488	1274	2428
28.06	3951	2486	1465	2424
28.08	3874	2485	1389	2421
28.1	3679	2483	1196	2418
28.12	3295	2481	814	2415
28.14	3064	2478	586	2411
28.16	2824	2476	348	2408
28.18	2837	2474	363	2405
28.2	2660	2473	187	2402
28.22	2513	2472	41	2399
28.24	2428	2472	-44	2396
28.26	2307	2472	-165	2393
28.28	2464	2473	-9	2389
28.3	2407	2474	-67	2386
28.32	2439	2475	-36	2383
28.34	2386	2474	-88	2380
28.36	2419	2472	-53	2377
28.38	2487	2468	19	2374
28.4	2416	2462	-46	2371
28.42	2348	2455	-107	2369
28.44	2369	2448	-79	2366
28.46	2302	2441	-139	2363
28.48	2414	2434	-20	2360
28.5	2397	2428	-31	2357
28.52	2297	2422	-125	2354
28.54	2310	2416	-106	2351
28.56	2308	2411	-103	2348
28.58	2332	2406	-74	2346
28.6	2333	2401	-68	2343
28.62	2350	2397	-47	2340
28.64	2420	2392	28	2337
28.66	2349	2388	-39	2335
28.68	2322	2385	-63	2332
28.7	2433	2380	53	2329
28.72	2414	2376	38	2326
28.74	2438	2371	67	2324
28.76	2372	2367	5	2321
28.78	2510	2363	147	2318
28.8	2396	2359	37	2316
28.82	2470	2356	114	2313
28.84	2424	2352	72	2310
28.86	2511	2348	163	2308
28.88	2483	2345	138	2305
28.9	2516	2341	175	2303
28.92	2470	2338	132	2300
28.94	2402	2334	68	2298
28.96	2389	2331	58	2295
28.98	2426	2327	99	2293
29.0	2419	2324	95	2290
29.02	2356	2321	35	2288
29.04	2417	2317	100	2285
29.06	2421	2314	107	2283
29.08	2388	2311	77	2280
29.1	2386	2308	78	2278
29.12	2298	2305	-7	2275
29.14	2351	2302	49	2273
29.16	2292	2299	-7	2270
29.18	2243	2296	-53	2268
29.2	2356	2293	63	2266
29.22	2392	2290	102	2263
29.24	2368	2287	81	2261
29.26	2177	2284	-107	2258
29.28	2223	2281	-58	2256
29.3	2351	2279	72	2254
29.32	2256	2276	-20	2251
29.34	2211	2273	-62	2249
29.36	2169	2271	-102	2247
29.38	2164	2268	-104	2245
29.4	2216	2266	-50	2242
29.42	2245	2264	-19	2240
29.44	2224	2261	-37	2238
29.46	2159	2259	-100	2235
29.48	2148	2256	-108	2233
29.5	2263	2254	9	2231
29.52	2146	2251	-105	2229
29.54	2239	2249	-10	2227
29.56	2174	2247	-73	2224
29.58	2186	2244	-58	2222
29.6	2161	2243	-82	2220
29.62	2170	2241	-71	2218
29.64	2160	2239	-79	2216
29.66	2180	2237	-57	2213
29.68	2224	2235	-11	2211
29.7	2180	2234	-54	2209
29.72	2182	2232	-50	2207
29.74	2284	2230	54	2205
29.76	2194	2228	-34	2203
29.78	2227	2226	1	2200
29.8	2089	2224	-135	2198
29.82	2086	2222	-136	2196
29.84	2174	2221	-47	2194
29.86	2232	2219	13	2192
29.88	2132	2217	-85	2190
29.9	2145	2215	-70	2188
29.92	2134	2213	-79	2186
29.94	2145	2212	-67	2184
29.96	2169	2210	-41	2182
29.98	2093	2208	-115	2180
30.0	2073	2207	-134	2177
30.02	2132	2203	-71	2175
30.04	2239	2202	37	2173
30.06	2144	2200	-56	2171
30.08	2112	2199	-87	2169
30.1	2115	2198	-83	2167
30.12	2104	2196	-92	2165
30.14	2121	2195	-74	2163
30.16	2124	2194	-70	2161
30.18	2131	2193	-62	2159
30.2	2175	2192	-17	2157
30.22	2160	2191	-31	2155
30.24	2188	2190	-2	2153
30.26	2060	2189	-129	2151
30.28	2141	2189	-48	2149
30.3	2175	2188	-13	2147
30.32	2074	2188	-114	2145
30.34	2083	2187	-104	2143
30.36	2132	2187	-55	2141
30.38	2117	2187	-70	2139
30.4	2144	2188	-44	2137
30.42	2049	2188	-139	2135
30.44	2062	2189	-127	2133
30.46	2184	2190	-6	2131
30.48	2141	2192	-51	2129
30.5	2009	2193	-184	2127
30.52	2226	2196	30	2125
30.54	2194	2199	-5	2123
30.56	2142	2202	-60	2121
30.58	2135	2207	-72	2119
30.6	2212	2212	0	2117
30.62	2072	2218	-146	2115
30.64	2123	2227	-104	2113
30.66	2173	2237	-64	2111
30.68	2089	2248	-159	2109
30.7	2102	2262	-160	2107
30.72	2075	2279	-204	2105
30.74	2204	2300	-96	2103
30.76	2192	2327	-135	2101
30.78	2079	2360	-281	2099
30.8	2130	2403	-273	2097
30.82	2111	2457	-346	2095
30.84	2189	2527	-338	2093
30.86	2123	2613	-490	2092
30.88	2150	2715	-565	2090
30.9	2110	2827	-717	2088
30.92	2137	2928	-791	2086
30.94	2242	2998	-756	2084
30.96	2257	3020	-763	2082
30.98	2289	3009	-720	2080
31.0	2277	2987	-710	2078
31.02	2375	2964	-589	2076
31.04	2348	2942	-594	2074
31.06	2430	2931	-501	2072
31.08	2549	2942	-393	2070
31.1	2619	2973	-354	2068
31.12	2782	3006	-224	2066
31.14	2777	3016	-239	2064
31.16	2933	2984	-51	2062
31.18	2794	2920	-126	2060
31.2	2883	2843	40	2058
31.22	2890	2758	132	2056
31.24	2852	2664	188	2054
31.26	2726	2567	159	2053
31.28	2539	2479	60	2051
31.3	2523	2406	117	2049
31.32	2342	2347	-5	2047
31.34	2423	2302	121	2045
31.36	2273	2266	7	2043
31.38	2295	2238	57	2041
31.4	2189	2215	-26	2039
31.42	2153	2197	-44	2037
31.44	2271	2182	89	2035
31.46	2166	2169	-3	2033
31.48	2244	2159	85	2031
31.5	2197	2150	47	2029
31.52	2211	2142	69	2028
31.54	2190	2135	55	2026
31.56	2113	2129	-16	2024
31.58	2198	2123	75	2022
31.6	2268	2119	149	2020
31.62	2116	2115	1	2018
31.64	2151	2111	40	2016
31.66	2235	2108	127	2014
31.68	2147	2105	42	2012
31.7	2056	2102	-46	2010
31.72	2146	2100	46	2008
31.74	2146	2098	48	2007
31.76	2127	2096	31	2005
31.78	2114	2095	19	2003
31.8	2164	2093	71	2001
31.82	2125	2092	33	1999
31.84	2174	2092	82	1997
31.86	2206	2091	115	1995
31.88	2179	2091	88	1993
31.9	2191	2091	100	1991
31.92	2102	2091	11	1990
31.94	2166	2091	75	1988
31.96	2153	2092	61	1986
31.98	2108	2093	15	1984
32.0	2118	2094	24	1982
32.02	2104	2096	8	1980
32.04	2151	2098	53	1978
32.06	2175	2101	74	1976
32.08	2194	2104	90	1975
32.1	2179	2108	71	1973
32.12	2246	2112	134	1971
32.14	2137	2117	20	1969
32.16	2247	2124	123	1967
32.18	2224	2131	93	1965
32.2	2175	2140	35	1963
32.22	2323	2152	171	1962
32.24	2235	2165	70	1960
32.26	2159	2182	-23	1958
32.28	2356	2203	153	1956
32.3	2336	2230	106	1954
32.32	2350	2264	86	1952
32.34	2379	2307	72	1951
32.36	2445	2361	84	1949
32.38	2475	2426	49	1947
32.4	2615	2501	114	1945
32.42	2506	2577	-71	1943
32.44	2657	2640	17	1941
32.46	2704	2677	27	1940
32.48	2675	2681	-6	1938
32.5	2590	2657	-67	1936
32.52	2678	2612	66	1934
32.54	2509	2556	-47	1932
32.56	2444	2492	-48	1930
32.58	2336	2425	-89	1929
32.6	2361	2360	1	1927
32.62	2247	2303	-56	1925
32.64	2209	2256	-47	1923
32.66	2268	2219	49	1921
32.68	2175	2191	-16	1920
32.7	2080	2168	-88	1918
32.72	2194	2150	44	1916
32.74	2052	2135	-83	1914
32.76	2106	2123	-17	1912
32.78	2157	2112	45	1911
32.8	2097	2104	-7	1909
32.82	2142	2096	46	1907
32.84	2039	2089	-50	1905
32.86	2065	2083	-18	1903
32.88	2036	2078	-42	1902
32.9	1980	2073	-93	1900
32.92	1953	2069	-116	1898
32.94	2077	2065	12	1896
32.96	1988	2061	-73	1895
32.98	2048	2057	-9	1893
33.0	2081	2054	27	1891
33.02	2055	2051	4	1889
33.04	2110	2050	60	1887
33.06	1996	2047	-51	1886
33.08	2042	2045	-3	1884
33.1	1998	2043	-45	1882
33.12	2117	2041	76	1880
33.14	2067	2040	27	1879
33.16	2097	2038	59	1877
33.18	2052	2037	15	1875
33.2	2036	2037	-1	1873
33.22	2022	2036	-14	1872
33.24	2056	2035	21	1870
33.26	2074	2035	39	1868
33.28	2140	2035	105	1867
33.3	2140	2035	105	1865
33.32	2054	2037	17	1863
33.34	2097	2038	59	1861
33.36	2123	2039	84	1860
33.38	2117	2040	77	1858
33.4	2100	2042	58	1856
33.42	2074	2044	30	1854
33.44	2114	2046	68	1853
33.46	2112	2049	63	1851
33.48	2038	2052	-14	1849
33.5	2126	2056	70	1848
33.52	2052	2059	-7	1846
33.54	2079	2064	15	1844
33.56	2130	2068	62	1843
33.58	2106	2075	31	1841
33.6	2129	2083	46	1839
33.62	2131	2091	40	1837
33.64	2258	2100	158	1836
33.66	2182	2111	71	1834
33.68	2223	2123	100	1832
33.7	2218	2138	80	1831
33.72	2253	2154	99	1829
33.74	2244	2173	71	1827
33.76	2246	2196	50	1826
33.78	2256	2223	33	1824
33.8	2348	2254	94	1822
33.82	2336	2292	44	1821
33.84	2411	2338	73	1819
33.86	2452	2393	59	1817
33.88	2454	2460	-6	1816
33.9	2611	2543	68	1814
33.92	2697	2641	56	1812
33.94	2801	2751	50	1811
33.96	2929	2864	65	1809
33.98	3175	2966	209	1808
34.0	3160	3045	115	1806
34.02	3424	3106	318	1804
34.04	3643	3170	473	1803
34.06	3728	3252	476	1801
34.08	3989	3359	630	1799
34.1	4256	3497	759	1798
34.12	4269	3684	585	1796
34.14	4265	3939	326	1794
34.16	4371	4267	104	1793
34.18	4320	4649	-329	1791
34.2	4275	5029	-754	1790
34.22	4145	5316	-1171	1788
34.24	3878	5433	-1555	1786
34.26	3774	5368	-1594	1785
34.28	3647	5214	-1567	1783
34.3	3638	5035	-1397	1782
34.32	3394	4834	-1440	1780
34.34	3584	4594	-1010	1778
34.36	3509	4352	-843	1777
34.38	3604	4158	-554	1775
34.4	3896	4039	-143	1774
34.42	3943	4008	-65	1772
34.44	4077	4061	16	1771
34.46	4344	4202	142	1769
34.48	4612	4436	176	1767
34.5	5065	4777	288	1766
34.52	5543	5238	305	1764
34.54	6369	5831	538	1763
34.56	6982	6543	439	1761
34.58	7912	7314	598	1760
34.6	8442	8033	409	1758
34.62	9520	8590	930	1757
34.64	10479	8941	1538	1755
34.66	11061	9198	1863	1753
34.68	11538	9436	2102	1752
34.7	11364	9574	1790	1750
34.72	11030	9450	1580	1749
34.74	10462	8986	1476	1747
34.76	9440	8299	1141	1746
34.78	8491	7582	909	1744
34.8	7416	6904	512	1743
34.82	6508	6243	265	1741
34.84	5745	5566	179	1740
34.86	4933	4922	11	1738
34.88	4529	4363	166	1737
34.9	4036	3909	127	1735
34.92	3796	3550	246	1734
34.94	3517	3267	250	1732
34.96	3297	3044	253	1731
34.98	3046	2866	180	1729
35.0	3008	2722	286	1728
35.02	2943	2604	339	1726
35.04	2756	2506	250	1725
35.06	2594	2424	170	1723
35.08	2507	2355	152	1722
35.1	2513	2295	218	1720
35.12	2424	2242	182	1719
35.14	2341	2197	144	1717
35.16	2303	2157	146	1716
35.18	2232	2122	110	1715
35.2	2187	2091	96	1713
35.22	2184	2064	120	1712
35.24	2197	2039	158	1710
35.26	2062	2017	45	1709
35.28	2166	1997	169	1707
35.3	2079	1978	101	1706
35.32	2060	1961	99	1705
35.34	2001	1946	55	1703
35.36	2051	1932	119	1702
35.38	2017	1919	98	1700
35.4	1995	1907	88	1699
35.42	2077	1895	182	1697
35.44	1941	1885	56	1696
35.46	1994	1875	119	1695
35.48	1866	1866	0	1693
35.5	1872	1857	15	1692
35.52	1849	1849	0	1690
35.54	1887	1841	46	1689
35.56	1886	1834	52	1688
35.58	1866	1826	40	1686
35.6	1853	1820	33	1685
35.62	1877	1814	63	1683
35.64	1851	1808	43	1682
35.66	1806	1803	3	1681
35.68	1864	1798	66	1679
35.7	1799	1793	6	1678
35.72	1887	1788	99	1677
35.74	1876	1783	93	1675
35.76	1941	1779	162	1674
35.78	1802	1775	27	1673
35.8	1807	1771	36	1671
35.82	1825	1767	58	1670
35.84	1723	1763	-40	1669
35.86	1847	1760	87	1667
35.88	1810	1756	54	1666
35.9	1834	1753	81	1665
35.92	1806	1750	56	1663
35.94	1741	1746	-5	1662
35.96	1792	1744	48	1661
35.98	1819	1741	78	1659
36.0	1741	1738	3	1658
36.02	1845	1735	110	1657
36.04	1845	1731	114	1655
36.06	1801	1729	72	1654
36.08	1868	1727	141	1653
36.1	1820	1724	96	1652
36.12	1820	1722	98	1650
36.14	1848	1720	128	1649
36.16	1804	1718	86	1648
36.18	1784	1716	68	1646
36.2	1846	1714	132	1645
36.22	1926	1712	214	1644
36.24	1849	1710	140	1643
36.26	1886	1707	179	1641
36.28	1737	1705	32	1640
36.3	1868	1704	164	1639
36.32	1845	1702	143	1638
36.34	1826	1700	126	1636
36.36	1704	1698	6	1635
36.38	1831	1696	135	1634
36.4	1791	1694	97	1633
36.42	1780	1692	88	1631
36.44	1733	1690	43	1630
36.46	1852	1688	164	1629
36.48	1721	1684	37	1628
36.5	1810	1682	128	1627
36.52	1747	1680	67	1625
36.54	1799	1678	121	1624
36.56	1693	1676	17	1623
36.58	1772	1674	98	1622
36.6	1771	1672	99	1621
36.62	1801	1670	131	1619
36.64	1734	1668	66	1618
36.66	1719	1666	53	1617
36.68	1698	1665	33	1616
36.7	1754	1663	91	1615
36.72	1701	1661	40	1614
36.74	1682	1660	22	1612
36.76	1714	1658	56	1611
36.78	1693	1658	35	1610
36.8	1774	1656	118	1609
36.82	1743	1655	88	1608
36.84	1671	1654	17	1607
36.86	1644	1653	-9	1606
36.88	1677	1651	26	1604
36.9	1730	1651	79	1603
36.92	1753	1650	103	1602
36.94	1705	1649	56	1601
36.96	1730	1648	82	1600
36.98	1675	1648	27	1599
37.0	1799	1647	152	1598
37.02	1596	1647	-51	1597
37.04	1725	1648	77	1596
37.06	1645	1648	-3	1594
37.08	1630	1649	-19	1593
37.1	1694	1650	44	1592
37.12	1723	1651	72	1591
37.14	1705	1653	52	1590
37.16	1638	1656	-18	1589
37.18	1687	1660	27	1588
37.2	1697	1665	32	1587
37.22	1709	1671	38	1586
37.24	1686	1678	8	1585
37.26	1624	1687	-63	1584
37.28	1633	1700	-67	1583
37.3	1623	1716	-93	1582
37.32	1743	1736	7	1581
37.34	1666	1761	-95	1580
37.36	1668	1792	-124	1579
37.38	1654	1825	-171	1578
37.4	1622	1856	-234	1577
37.42	1676	1876	-200	1576
37.44	1628	1886	-258	1574
37.46	1678	1882	-204	1573
37.48	1672	1873	-201	1572
37.5	1738	1864	-126	1571
37.52	1712	1857	-145	1571
37.54	1681	1849	-168	1570
37.56	1772	1843	-71	1569
37.58	1788	1842	-54	1568
37.6	1890	1848	42	1567
37.62	1866	1861	5	1566
37.64	1880	1873	7	1565
37.66	1910	1879	31	1564
37.68	1931	1872	59	1563
37.7	1932	1854	78	1562
37.72	1939	1832	107	1561
37.74	1864	1809	55	1560
37.76	1844	1785	59	1559
37.78	1802	1759	43	1558
37.8	1788	1730	58	1557
37.82	1688	1703	-15	1556
37.84	1724	1680	44	1555
37.86	1695	1661	34	1554
37.88	1696	1646	50	1553
37.9	1579	1633	-54	1553
37.92	1609	1623	-14	1552
37.94	1644	1615	29	1551
37.96	1605	1608	-3	1550
37.98	1621	1603	18	1549
38.0	1614	1598	16	1548
38.02	1577	1594	-17	1547
38.04	1563	1590	-27	1546
38.06	1575	1587	-12	1545
38.08	1538	1584	-46	1545
38.1	1539	1582	-43	1544
38.12	1535	1581	-46	1543
38.14	1638	1580	58	1542
38.16	1522	1579	-57	1541
38.18	1478	1577	-99	1540
38.2	1646	1576	70	1540
38.22	1533	1575	-42	1539
38.24	1575	1574	1	1538
38.26	1494	1574	-80	1537
38.28	1582	1574	8	1536
38.3	1615	1574	41	1535
38.32	1657	1574	83	1535
38.34	1600	1574	26	1534
38.36	1575	1575	0	1533
38.38	1520	1576	-56	1532
38.4	1616	1578	38	1532
38.42	1566	1580	-14	1531
38.44	1571	1583	-12	1530
38.46	1620	1586	34	1529
38.48	1617	1591	26	1528
38.5	1583	1597	-14	1528
38.52	1633	1604	29	1527
38.54	1599	1614	-15	1526
38.56	1692	1627	65	1525
38.58	1576	1641	-65	1525
38.6	1621	1659	-38	1524
38.62	1570	1679	-109	1523
38.64	1531	1700	-169	1522
38.66	1661	1717	-56	1522
38.68	1752	1729	23	1521
38.7	1736	1733	3	1520
38.72	1850	1734	116	1520
38.74	1855	1736	119	1519
38.76	1779	1741	38	1518
38.78	1841	1746	95	1517
38.8	1847	1749	98	1517
38.82	1741	1748	-7	1516
38.84	1772	1741	31	1515
38.86	1656	1727	-71	1515
38.88	1781	1710	71	1514
38.9	1673	1693	-20	1513
38.92	1584	1676	-92	1513
38.94	1659	1660	-1	1512
38.96	1579	1643	-64	1511
38.98	1556	1625	-69	1511
39.0	1568	1608	-40	1510
39.02	1602	1594	8	1509
39.04	1543	1582	-39	1509
39.06	1573	1573	0	1508
39.08	1534	1565	-31	1507
39.1	1513	1558	-45	1507
39.12	1499	1553	-54	1506
39.14	1511	1549	-38	1505
39.16	1557	1545	12	1505
39.18	1541	1542	-1	1504
39.2	1416	1539	-123	1504
39.22	1512	1537	-25	1503
39.24	1478	1534	-56	1502
39.26	1521	1532	-11	1502
39.28	1511	1530	-19	1501
39.3	1510	1528	-18	1500
39.32	1481	1526	-45	1500
39.34	1499	1525	-26	1499
39.36	1513	1523	-10	1499
39.38	1511	1522	-11	1498
39.4	1515	1521	-6	1497
39.42	1491	1520	-29	1497
39.44	1426	1519	-93	1496
39.46	1610	1518	92	1496
39.48	1507	1517	-10	1495
39.5	1476	1515	-39	1495
39.52	1485	1513	-28	1494
39.54	1440	1512	-72	1493
39.56	1482	1511	-29	1493
39.58	1473	1510	-37	1492
39.6	1498	1509	-11	1492
39.62	1555	1509	46	1491
39.64	1414	1508	-94	1491
39.66	1426	1507	-81	1490
39.68	1362	1506	-144	1489
39.7	1502	1504	-2	1489
39.72	1539	1504	35	1488
39.74	1445	1503	-58	1488
39.76	1486	1501	-15	1487
39.78	1463	1500	-37	1487
39.8	1525	1499	26	1486
39.82	1480	1499	-19	1486
39.84	1476	1499	-23	1485
39.86	1524	1498	26	1485
39.88	1472	1496	-24	1484
39.9	1530	1495	35	1484
39.92	1485	1494	-9	1483
39.94	1522	1494	28	1483
39.96	1440	1493	-53	1482
39.98	1471	1493	-22	1481
40.0	1448	1492	-44	1481
40.02	1524	1492	32	1480
40.04	1465	1492	-27	1480
40.06	1535	1492	43	1479
40.08	1556	1491	65	1479
40.1	1499	1491	8	1478
40.12	1572	1490	82	1478
40.14	1566	1490	76	1477
40.16	1522	1490	32	1477
40.18	1568	1490	78	1476
40.2	1513	1489	24	1476
40.22	1504	1489	15	1475
40.24	1528	1489	39	1475
40.26	1493	1489	4	1474
40.28	1600	1489	111	1474
40.3	1502	1489	13	1474
40.32	1515	1489	26	1473
40.34	1517	1488	29	1473
40.36	1548	1488	60	1472
40.38	1453	1488	-35	1472
40.4	1551	1488	63	1471
40.42	1452	1488	-36	1471
40.44	1457	1489	-32	1470
40.46	1417	1489	-72	1470
40.48	1406	1490	-84	1469
40.5	1447	1490	-43	1469
40.52	1438	1490	-52	1468
40.54	1443	1491	-48	1468
40.56	1429	1492	-63	1467
40.58	1450	1492	-42	1467
40.6	1425	1493	-68	1467
40.62	1426	1494	-68	1466
40.64	1480	1495	-15	1466
40.66	1441	1496	-55	1465
40.68	1467	1498	-31	1465
40.7	1441	1500	-59	1464
40.72	1490	1502	-12	1464
40.74	1485	1504	-19	1463
40.76	1508	1506	2	1463
40.78	1436	1508	-72	1462
40.8	1493	1512	-19	1462
40.82	1455	1516	-61	1462
40.84	1437	1520	-83	1461
40.86	1431	1526	-95	1461
40.88	1524	1532	-8	1460
40.9	1476	1539	-63	1460
40.92	1455	1548	-93	1459
40.94	1530	1558	-28	1459
40.96	1501	1570	-69	1458
40.98	1600	1585	15	1458
41.0	1499	1603	-104	1458
41.02	1563	1625	-62	1457
41.04	1662	1652	10	1457
41.06	1642	1685	-43	1456
41.08	1639	1727	-88	1456
41.1	1677	1779	-102	1455
41.12	1779	1843	-64	1455
41.14	1852	1918	-66	1455
41.16	1929	2002	-73	1454
41.18	1942	2084	-142	1454
41.2	1996	2150	-154	1453
41.22	1879	2185	-306	1453
41.24	1955	2179	-224	1452
41.26	1984	2145	-161	1452
41.28	1962	2100	-138	1452
41.3	1849	2053	-204	1451
41.32	1790	2002	-212	1451
41.34	1692	1944	-252	1450
41.36	1636	1877	-241	1450
41.38	1592	1810	-218	1449
41.4	1563	1749	-186	1449
41.42	1640	1698	-58	1449
41.44	1570	1657	-87	1448
41.46	1514	1623	-109	1448
41.48	1488	1597	-109	1447
41.5	1485	1575	-90	1447
41.52	1476	1558	-82	1447
41.54	1481	1544	-63	1446
41.56	1529	1533	-4	1446
41.58	1527	1523	4	1445
41.6	1478	1515	-37	1445
41.62	1481	1508	-27	1444
41.64	1494	1501	-7	1444
41.66	1440	1496	-56	1444
41.68	1498	1491	7	1443
41.7	1598	1487	111	1443
41.72	1543	1484	59	1442
41.74	1439	1480	-41	1442
41.76	1390	1478	-88	1441
41.78	1421	1476	-55	1441
41.8	1476	1473	3	1441
41.82	1440	1471	-31	1440
41.84	1472	1469	3	1440
41.86	1523	1467	56	1439
41.88	1442	1466	-24	1439
41.9	1433	1464	-31	1439
41.92	1477	1463	14	1438
41.94	1417	1461	-44	1438
41.96	1431	1460	-29	1437
41.98	1383	1459	-76	1437
42.0	1522	1458	64	1436
42.02	1476	1456	20	1436
42.04	1467	1455	12	1436
42.06	1461	1454	7	1435
42.08	1512	1454	58	1435
42.1	1419	1453	-34	1434
42.12	1500	1452	48	1434
42.14	1486	1452	34	1433
42.16	1484	1451	33	1433
42.18	1440	1451	-11	1433
42.2	1460	1450	10	1432
42.22	1444	1449	-5	1432
42.24	1431	1449	-18	1431
42.26	1484	1448	36	1431
42.28	1436	1447	-11	1430
42.3	1485	1447	38	1430
42.32	1419	1446	-27	1429
42.34	1384	1446	-62	1429
42.36	1402	1445	-43	1429
42.38	1455	1445	10	1428
42.4	1458	1444	14	1428
42.42	1438	1444	-6	1427
42.44	1432	1444	-12	1427
42.46	1491	1444	47	1426
42.48	1435	1443	-8	1426
42.5	1440	1443	-3	1425
42.52	1451	1443	8	1425
42.54	1426	1443	-17	1425
42.56	1468	1444	24	1424
42.58	1467	1444	23	1424
42.6	1413	1444	-31	1423
42.62	1464	1444	20	1423
42.64	1475	1444	31	1422
42.66	1450	1445	5	1422
42.68	1479	1447	32	1421
42.7	1448	1448	0	1421
42.72	1434	1450	-16	1420
42.74	1421	1452	-31	1420
42.76	1527	1454	73	1419
42.78	1522	1457	65	1419
42.8	1529	1459	70	1419
42.82	1474	1461	13	1418
42.84	1499	1462	37	1418
42.86	1568	1461	107	1417
42.88	1569	1460	109	1417
42.9	1503	1458	45	1416
42.92	1500	1457	43	1416
42.94	1617	1455	162	1415
42.96	1551	1453	98	1415
42.98	1545	1451	94	1414
43.0	1523	1449	74	1414
43.02	1507	1447	60	1413
43.04	1509	1445	64	1413
43.06	1538	1443	95	1412
43.08	1505	1442	63	1412
43.1	1425	1441	-16	1411
43.12	1480	1440	40	1411
43.14	1476	1441	35	1411
43.16	1523	1440	83	1410
43.18	1507	1439	68	1410
43.2	1526	1439	87	1409
43.22	1497	1439	58	1409
43.24	1479	1439	40	1408
43.26	1435	1439	-4	1408
43.28	1530	1440	90	1407
43.3	1516	1441	75	1407
43.32	1580	1441	139	1406
43.34	1513	1442	71	1406
43.36	1509	1442	67	1405
43.38	1488	1442	46	1405
43.4	1515	1442	73	1404
43.42	1550	1442	108	1404
43.44	1536	1443	93	1403
43.46	1509	1443	66	1403
43.48	1589	1443	146	1402
43.5	1461	1444	17	1402
43.52	1562	1444	118	1401
43.54	1500	1445	55	1401
43.56	1546	1446	100	1400
43.58	1576	1447	129	1400
43.6	1540	1448	92	1399
43.62	1563	1449	114	1399
43.64	1500	1449	51	1398
43.66	1526	1450	76	1398
43.68	1621	1451	170	1397
43.7	1619	1453	166	1397
43.72	1581	1454	127	1396
43.74	1563	1456	107	1396
43.76	1504	1458	46	1395
43.78	1600	1461	139	1395
43.8	1562	1463	99	1394
43.82	1571	1466	105	1394
43.84	1626	1470	156	1393
43.86	1603	1473	130	1393
43.88	1577	1476	101	1392
43.9	1633	1481	152	1392
43.92	1555	1488	67	1391
43.94	1626	1495	131	1391
43.96	1574	1503	71	1390
43.98	1665	1513	152	1390
44.0	1495	1525	-30	1389
44.02	1584	1539	45	1389
44.04	1612	1557	55	1388
44.06	1607	1577	30	1388
44.08	1671	1602	69	1387
44.1	1625	1630	-5	1387
44.12	1668	1661	7	1386
44.14	1769	1691	78	1386
44.16	1738	1718	20	1385
44.18	1735	1738	-3	1385
44.2	1821	1746	75	1384
44.22	1868	1750	118	1384
44.24	1967	1753	214	1383
44.26	1901	1759	142	1382
44.28	2037	1767	270	1382
44.3	2094	1777	317	1381
44.32	2178	1787	391	1381
44.34	2162	1797	365	1380
44.36	2215	1804	411	1380
44.38	2064	1807	257	1379
44.4	2064	1803	261	1379
44.42	2108	1793	315	1378
44.44	2064	1781	283	1378
44.46	1996	1771	225	1377
44.48	1961	1763	198	1377
44.5	1893	1757	136	1376
44.52	1799	1751	48	1376
44.54	1843	1747	96	1375
44.56	1810	1746	64	1375
44.58	1691	1752	-61	1374
44.6	1768	1764	4	1374
44.62	1760	1786	-26	1373
44.64	1753	1818	-65	1373
44.66	1717	1860	-143	1372
44.68	1756	1915	-159	1371
44.7	1722	1983	-261	1371
44.72	1812	2067	-255	1370
44.74	1872	2166	-294	1370
44.76	1832	2276	-444	1369
44.78	1865	2389	-524	1369
44.8	1802	2488	-686	1368
44.82	1770	2560	-790	1368
44.84	1830	2591	-761	1367
44.86	1838	2586	-748	1367
44.88	1897	2565	-668	1366
44.9	1967	2544	-577	1366
44.92	1845	2530	-685	1365
44.94	1869	2520	-651	1365
44.96	2009	2511	-502	1364
44.98	2084	2506	-422	1364
45.0	2255	2514	-259	1363
45.02	2342	2538	-196	1362
45.04	2465	2574	-109	1362
45.06	2668	2608	60	1361
45.08	2704	2623	81	1361
45.1	2838	2607	231	1360
45.12	2860	2555	305	1360
45.14	2726	2485	241	1359
45.16	2663	2412	251	1359
45.18	2503	2341	162	1358
45.2	2514	2270	244	1358
45.22	2526	2191	335	1357
45.24	2275	2105	170	1357
45.26	2218	2019	199	1356
45.28	2118	1939	179	1355
45.3	1946	1870	76	1355
45.32	1882	1812	70	1354
45.34	1881	1766	115	1354
45.36	1842	1728	114	1353
45.38	1831	1698	133	1353
45.4	1839	1675	164	1352
45.42	1876	1657	219	1352
45.44	1791	1643	148	1351
45.46	1887	1633	254	1351
45.48	1849	1627	222	1350
45.5	1828	1623	205	1350
45.52	1886	1621	265	1349
45.54	1815	1622	193	1348
45.56	1869	1625	244	1348
45.58	1790	1631	159	1347
45.6	1804	1639	165	1347
45.62	1907	1650	257	1346
45.64	1863	1664	199	1346
45.66	1941	1680	261	1345
45.68	1909	1701	208	1345
45.7	1990	1726	264	1344
45.72	1975	1756	219	1344
45.74	2095	1791	304	1343
45.76	2220	1834	386	1342
45.78	2185	1886	299	1342
45.8	2259	1948	311	1341
45.82	2487	2023	464	1341
45.84	2580	2113	467	1340
45.86	2706	2222	484	1340
45.88	2719	2353	366	1339
45.9	2871	2507	364	1339
45.92	2886	2684	202	1338
45.94	3012	2875	137	1338
45.96	3011	3066	-55	1337
45.98	3086	3233	-147	1336
46.0	2975	3355	-380	1336
46.02	3014	3416	-402	1335
46.04	3078	3426	-348	1335
46.06	3054	3419	-365	1334
46.08	2866	3419	-553	1334
46.1	2975	3435	-460	1333
46.12	2924	3464	-540	1333
46.14	3079	3496	-417	1332
46.16	3013	3528	-515	1332
46.18	3055	3557	-502	1331
46.2	3122	3571	-449	1330
46.22	3186	3554	-368	1330
46.24	3273	3490	-217	1329
46.26	3364	3376	-12	1329
46.28	3360	3238	122	1328
46.3	3331	3098	233	1328
46.32	3273	2964	309	1327
46.34	3215	2832	383	1327
46.36	3207	2693	514	1326
46.38	3049	2542	507	1326
46.4	2834	2390	444	1325
46.42	2734	2246	488	1325
46.44	2525	2120	405	1324
46.46	2456	2012	444	1323
46.48	2283	1922	361	1323
46.5	2279	1847	432	1322
46.52	2053	1785	268	1322
46.54	2021	1734	287	1321
46.56	1855	1692	163	1321
46.58	1776	1656	120	1320
46.6	1744	1625	119	1320
46.62	1746	1600	146	1319
46.64	1712	1578	134	1319
46.66	1683	1559	124	1318
46.68	1584	1543	41	1317
46.7	1618	1529	89	1317
46.72	1589	1517	72	1316
46.74	1669	1506	163	1316
46.76	1621	1497	124	1315
46.78	1607	1489	118	1315
46.8	1526	1482	44	1314
46.82	1459	1475	-16	1314
46.84	1484	1470	14	1313
46.86	1481	1464	17	1313
46.88	1562	1459	103	1312
46.9	1491	1455	36	1311
46.92	1502	1450	52	1311
46.94	1471	1446	25	1310
46.96	1460	1442	18	1310
46.98	1479	1439	40	1309
47.0	1484	1436	48	1309
47.02	1501	1433	68	1308
47.04	1543	1431	112	1308
47.06	1534	1428	106	1307
47.08	1540	1424	116	1307
47.1	1509	1420	89	1306
47.12	1485	1416	69	1306
47.14	1480	1412	68	1305
47.16	1517	1408	109	1304
47.18	1441	1405	36	1304
47.2	1421	1401	20	1303
47.22	1433	1397	36	1303
47.24	1367	1393	-26	1302
47.26	1440	1389	51	1302
47.28	1428	1386	42	1301
47.3	1451	1384	67	1301
47.32	1444	1383	61	1300
47.34	1413	1380	33	1300
47.36	1404	1377	27	1299
47.38	1421	1376	45	1299
47.4	1364	1373	-9	1298
47.42	1423	1371	52	1297
47.44	1419	1369	50	1297
47.46	1439	1367	72	1296
47.48	1332	1366	-34	1296
47.5	1450	1364	86	1295
47.52	1351	1361	-10	1295
47.54	1394	1360	34	1294
47.56	1381	1359	22	1294
47.58	1362	1358	4	1293
47.6	1409	1356	53	1293
47.62	1407	1355	52	1292
47.64	1388	1353	35	1292
47.66	1432	1352	80	1291
47.68	1417	1351	66	1291
47.7	1395	1349	46	1290
47.72	1412	1350	62	1289
47.74	1423	1348	75	1289
47.76	1435	1347	88	1288
47.78	1451	1347	104	1288
47.8	1476	1346	130	1287
47.82	1381	1345	36	1287
47.84	1464	1344	120	1286
47.86	1426	1344	82	1286
47.88	1477	1343	134	1285
47.9	1454	1342	112	1285
47.92	1557	1341	216	1284
47.94	1499	1341	158	1284
47.96	1496	1340	156	1283
47.98	1536	1339	197	1283
48.0	1523	1339	184	1282
48.02	1548	1338	210	1282
48.04	1594	1338	256	1281
48.06	1593	1339	254	1281
48.08	1571	1339	232	1280
48.1	1531	1339	192	1279
48.12	1462	1339	123	1279
48.14	1502	1339	163	1278
48.16	1433	1339	94	1278
48.18	1478	1340	138	1277
48.2	1430	1340	90	1277
48.22	1387	1341	46	1276
48.24	1362	1342	20	1276
48.26	1309	1342	-33	1275
48.28	1470	1343	127	1275
48.3	1387	1344	43	1274
48.32	1333	1344	-11	1274
48.34	1391	1345	46	1273
48.36	1387	1346	41	1273
48.38	1373	1348	25	1272
48.4	1411	1349	62	1272
48.42	1369	1353	16	1271
48.44	1386	1354	32	1271
48.46	1343	1357	-14	1270
48.48	1397	1360	37	1270
48.5	1367	1362	5	1269
48.52	1338	1365	-27	1269
48.54	1335	1368	-33	1268
48.56	1385	1371	14	1268
48.58	1379	1377	2	1267
48.6	1321	1382	-61	1267
48.62	1352	1387	-35	1266
48.64	1371	1393	-22	1266
48.66	1357	1400	-43	1265
48.68	1401	1408	-7	1265
48.7	1422	1417	5	1264
48.72	1384	1428	-44	1264
48.74	1424	1440	-16	1263
48.76	1388	1454	-66	1263
48.78	1349	1471	-122	1262
48.8	1405	1492	-87	1262
48.82	1413	1516	-103	1261
48.84	1465	1545	-80	1261
48.86	1473	1577	-104	1260
48.88	1476	1615	-139	1260
48.9	1505	1656	-151	1259
48.92	1540	1698	-158	1259
48.94	1569	1737	-168	1258
48.96	1549	1769	-220	1258
48.98	1677	1789	-112	1257
49.0	1660	1794	-134	1257
49.02	1568	1788	-220	1256
49.04	1544	1776	-232	1256
49.06	1467	1762	-295	1255
49.08	1583	1749	-166	1255
49.1	1513	1735	-222	1254
49.12	1517	1720	-203	1254
49.14	1531	1701	-170	1253
49.16	1480	1681	-201	1253
49.18	1467	1661	-194	1252
49.2	1495	1641	-146	1252
49.22	1512	1623	-111	1251
49.24	1521	1607	-86	1251
49.26	1556	1595	-39	1250
49.28	1459	1587	-128	1250
49.3	1478	1583	-105	1249
49.32	1438	1582	-144	1249
49.34	1449	1584	-135	1248
49.36	1451	1588	-137	1248
49.38	1428	1593	-165	1247
49.4	1481	1600	-119	1247
49.42	1419	1606	-187	1247
49.44	1472	1613	-141	1246
49.46	1456	1618	-162	1246
49.48	1486	1623	-137	1245
49.5	1421	1625	-204	1245
49.52	1473	1622	-149	1244
49.54	1444	1613	-169	1244
49.56	1508	1599	-91	1243
49.58	1538	1582	-44	1243
49.6	1520	1564	-44	1242
49.62	1477	1547	-70	1242
49.64	1531	1529	2	1241
49.66	1441	1512	-71	1241
49.68	1527	1494	33	1240
49.7	1435	1476	-41	1240
49.72	1422	1460	-38	1240
49.74	1331	1444	-113	1239
49.76	1362	1431	-69	1239
49.78	1386	1419	-33	1238
49.8	1377	1409	-32	1238
49.82	1300	1400	-100	1237
49.84	1302	1392	-90	1237
49.86	1232	1386	-154	1236
49.88	1287	1380	-93	1236
49.9	1303	1375	-72	1235
49.92	1328	1370	-42	1235
49.94	1278	1366	-88	1235
49.96	1289	1362	-73	1234
49.98	1267	1360	-93	1234
50.0	1191	1355	-164	1233
50.02	1345	1352	-7	1233
50.04	1281	1348	-67	1232
50.06	1257	1345	-88	1232
50.08	1241	1343	-102	1231
50.1	1249	1340	-91	1231
50.12	1265	1337	-72	1231
50.14	1302	1335	-33	1230
50.16	1173	1332	-159	1230
50.18	1211	1330	-119	1229
50.2	1282	1327	-45	1229
50.22	1234	1326	-92	1228
50.24	1267	1323	-56	1228
50.26	1220	1321	-101	1227
50.28	1242	1318	-76	1227
50.3	1171	1313	-142	1227
50.32	1261	1312	-51	1226
50.34	1239	1309	-70	1226
50.36	1227	1308	-81	1225
50.38	1266	1307	-41	1225
50.4	1198	1305	-107	1224
50.42	1289	1305	-16	1224
50.44	1259	1304	-45	1224
50.46	1202	1304	-102	1223
50.48	1256	1304	-48	1223
50.5	1194	1304	-110	1222
50.52	1310	1306	4	1222
50.54	1200	1307	-107	1222
50.56	1211	1309	-98	1221
50.58	1213	1312	-99	1221
50.6	1242	1316	-74	1220
50.62	1258	1320	-62	1220
50.64	1229	1326	-97	1219
50.66	1206	1333	-127	1219
50.68	1329	1341	-12	1219
50.7	1273	1347	-74	1218
50.72	1237	1356	-119	1218
50.74	1253	1364	-111	1217
50.76	1304	1370	-66	1217
50.78	1309	1375	-66	1217
50.8	1327	1377	-50	1216
50.82	1324	1378	-54	1216
50.84	1325	1377	-52	1215
50.86	1341	1377	-36	1215
50.88	1414	1377	37	1215
50.9	1372	1378	-6	1214
50.92	1441	1378	63	1214
50.94	1427	1381	46	1213
50.96	1441	1381	60	1213
50.98	1523	1379	144	1213
51.0	1421	1378	43	1212
51.02	1435	1373	62	1212
51.04	1400	1367	33	1211
51.06	1361	1359	2	1211
51.08	1404	1351	53	1211
51.1	1379	1343	36	1210
51.12	1368	1333	35	1210
51.14	1325	1325	0	1210
51.16	1315	1316	-1	1209
51.18	1282	1307	-25	1209
51.2	1309	1298	11	1208
51.22	1238	1289	-51	1208
51.24	1234	1281	-47	1208
51.26	1196	1273	-77	1207
51.28	1199	1266	-67	1207
51.3	1215	1260	-45	1207
51.32	1252	1255	-3	1206
51.34	1173	1251	-78	1206
51.36	1252	1247	5	1205
51.38	1241	1242	-1	1205
51.4	1239	1239	0	1205
51.42	1145	1237	-92	1204
51.44	1196	1234	-38	1204
51.46	1181	1231	-50	1204
51.48	1214	1230	-16	1203
51.5	1212	1229	-17	1203
51.52	1186	1228	-42	1203
51.54	1210	1226	-16	1202
51.56	1252	1225	27	1202
51.58	1265	1224	41	1201
51.6	1263	1223	40	1201
51.62	1223	1222	1	1201
51.64	1258	1221	37	1200
51.66	1236	1220	16	1200
51.68	1189	1220	-31	1200
51.7	1153	1219	-66	1199
51.72	1271	1218	53	1199
51.74	1189	1218	-29	1199
51.76	1283	1217	66	1198
51.78	1215	1217	-2	1198
51.8	1177	1216	-39	1198
51.82	1235	1216	19	1197
51.84	1179	1216	-37	1197
51.86	1143	1216	-73	1197
51.88	1249	1217	32	1196
51.9	1257	1215	42	1196
51.92	1186	1216	-30	1196
51.94	1193	1216	-23	1195
51.96	1253	1215	38	1195
51.98	1164	1213	-49	1195
52.0	1247	1212	35	1194
52.02	1227	1212	15	1194
52.04	1214	1211	3	1194
52.06	1188	1211	-23	1193
52.08	1177	1211	-34	1193
52.1	1190	1210	-20	1193
52.12	1260	1210	50	1192
52.14	1241	1211	30	1192
52.16	1233	1210	23	1192
52.18	1268	1210	58	1191
52.2	1198	1212	-14	1191
52.22	1240	1212	28	1191
52.24	1169	1212	-43	1190
52.26	1190	1216	-26	1190
52.28	1200	1217	-17	1190
52.3	1223	1218	5	1190
52.32	1149	1220	-71	1189
52.34	1185	1221	-36	1189
52.36	1208	1223	-15	1189
52.38	1218	1226	-8	1188
52.4	1197	1228	-31	1188
52.42	1207	1231	-24	1188
52.44	1258	1235	23	1187
52.46	1164	1239	-75	1187
52.48	1193	1243	-50	1187
52.5	1213	1250	-37	1187
52.52	1210	1255	-45	1186
52.54	1146	1260	-114	1186
52.56	1248	1266	-18	1186
52.58	1225	1272	-47	1185
52.6	1184	1276	-92	1185
52.62	1216	1279	-63	1185
52.64	1187	1282	-95	1185
52.66	1165	1285	-120	1184
52.68	1172	1288	-116	1184
52.7	1246	1289	-43	1184
52.72	1200	1288	-88	1183
52.74	1250	1288	-38	1183
52.76	1246	1290	-44	1183
52.78	1195	1291	-96	1183
52.8	1235	1292	-57	1182
52.82	1336	1294	42	1182
52.84	1300	1296	4	1182
52.86	1291	1299	-8	1182
52.88	1314	1301	13	1181
52.9	1274	1300	-26	1181
52.92	1220	1301	-81	1181
52.94	1270	1300	-30	1180
52.96	1268	1299	-31	1180
52.98	1277	1299	-22	1180
53.0	1250	1299	-49	1180
53.02	1281	1299	-18	1179
53.04	1278	1299	-21	1179
53.06	1326	1300	26	1179
53.08	1340	1301	39	1179
53.1	1305	1302	3	1178
53.12	1353	1303	50	1178
53.14	1309	1304	5	1178
53.16	1316	1305	11	1178
53.18	1367	1306	61	1177
53.2	1306	1305	1	1177
53.22	1375	1305	70	1177
53.24	1341	1302	39	1177
53.26	1361	1300	61	1176
53.28	1411	1298	113	1176
53.3	1325	1296	29	1176
53.32	1341	1295	46	1176
53.34	1387	1292	95	1175
53.36	1290	1290	0	1175
53.38	1411	1288	123	1175
53.4	1394	1286	108	1175
53.42	1360	1284	76	1175
53.44	1332	1283	49	1174
53.46	1345	1282	63	1174
53.48	1348	1282	66	1174
53.5	1369	1283	86	1174
53.52	1429	1284	145	1173
53.54	1320	1287	33	1173
53.56	1328	1291	37	1173
53.58	1342	1296	46	1173
53.6	1329	1302	27	1173
53.62	1318	1309	9	1172
53.64	1304	1316	-12	1172
53.66	1339	1323	16	1172
53.68	1340	1329	11	1172
53.7	1374	1333	41	1172
53.72	1299	1336	-37	1171
53.74	1361	1337	24	1171
53.76	1262	1335	-73	1171
53.78	1288	1333	-45	1171
53.8	1217	1327	-110	1170
53.82	1257	1321	-64	1170
53.84	1277	1312	-35	1170
53.86	1170	1304	-134	1170
53.88	1222	1293	-71	1170
53.9	1213	1284	-71	1170
53.92	1203	1275	-72	1169
53.94	1224	1266	-42	1169
53.96	1243	1256	-13	1169
53.98	1197	1248	-51	1169
54.0	1195	1240	-45	1169
54.02	1161	1232	-71	1168
54.04	1191	1226	-35	1168
54.06	1227	1221	6	1168
54.08	1173	1216	-43	1168
54.1	1203	1212	-9	1168
54.12	1231	1208	23	1167
54.14	1197	1205	-8	1167
54.16	1176	1202	-26	1167
54.18	1179	1200	-21	1167
54.2	1158	1199	-41	1167
54.22	1189	1197	-8	1167
54.24	1192	1195	-3	1166
54.26	1155	1193	-38	1166
54.28	1278	1191	87	1166
54.3	1217	1190	27	1166
54.32	1293	1188	105	1166
54.34	1162	1187	-25	1166
54.36	1208	1186	22	1166
54.38	1211	1185	26	1165
54.4	1178	1184	-6	1165
54.42	1154	1184	-30	1165
54.44	1211	1184	27	1165
54.46	1194	1183	11	1165
54.48	1225	1182	43	1165
54.5	1148	1182	-34	1164
54.52	1219	1182	37	1164
54.54	1202	1182	20	1164
54.56	1227	1182	45	1164
54.58	1186	1181	5	1164
54.6	1193	1180	13	1164
54.62	1184	1180	4	1164
54.64	1228	1179	49	1163
54.66	1210	1179	31	1163
54.68	1164	1179	-15	1163
54.7	1222	1179	43	1163
54.72	1167	1178	-11	1163
54.74	1226	1178	48	1163
54.76	1207	1179	28	1163
54.78	1209	1179	30	1163
54.8	1174	1180	-6	1162
54.82	1115	1182	-67	1162
54.84	1163	1182	-19	1162
54.86	1233	1181	52	1162
54.88	1164	1182	-18	1162
54.9	1181	1182	-1	1162
54.92	1220	1184	36	1162
54.94	1202	1184	18	1162
54.96	1184	1184	0	1162
54.98	1185	1185	0	1161
55.0	1151	1185	-34	1161
55.02	1190	1185	5	1161
55.04	1129	1185	-56	1161
55.06	1211	1184	27	1161
55.08	1175	1184	-9	1161
55.1	1171	1183	-12	1161
55.12	1220	1183	37	1161
55.14	1209	1184	25	1161
55.16	1159	1182	-23	1161
55.18	1232	1181	51	1160
55.2	1163	1181	-18	1160
55.22	1194	1181	13	1160
55.24	1186	1181	5	1160
55.26	1177	1180	-3	1160
55.28	1182	1181	1	1160
55.3	1252	1181	71	1160
55.32	1225	1182	43	1160
55.34	1191	1182	9	1160
55.36	1146	1182	-36	1160
55.38	1189	1182	7	1160
55.4	1178	1183	-5	1159
55.42	1128	1184	-56	1159
55.44	1177	1185	-8	1159
55.46	1198	1186	12	1159
55.48	1202	1186	16	1159
55.5	1204	1187	17	1159
55.52	1161	1187	-26	1159
55.54	1200	1189	11	1159
55.56	1235	1189	46	1159
55.58	1146	1191	-45	1159
55.6	1160	1192	-32	1159
55.62	1234	1192	42	1159
55.64	1211	1193	18	1159
55.66	1161	1193	-32	1159
55.68	1196	1193	3	1159
55.7	1215	1194	21	1159
55.72	1130	1194	-64	1158
55.74	1154	1195	-41	1158
55.76	1238	1195	43	1158
55.78	1191	1196	-5	1158
55.8	1178	1196	-18	1158
55.82	1206	1196	10	1158
55.84	1182	1197	-15	1158
55.86	1133	1197	-64	1158
55.88	1184	1198	-14	1158
55.9	1170	1199	-29	1158
55.92	1290	1200	90	1158
55.94	1260	1201	59	1158
55.96	1214	1201	13	1158
55.98	1224	1202	22	1158
56.0	1184	1203	-19	1158
56.02	1269	1204	65	1158
56.04	1241	1204	37	1158
56.06	1254	1205	49	1158
56.08	1252	1207	45	1158
56.1	1254	1208	46	1158
56.12	1191	1208	-17	1158
56.14	1250	1212	38	1158
56.16	1225	1214	11	1158
56.18	1245	1216	29	1158
56.2	1234	1218	16	1157
56.22	1199	1219	-20	1157
56.24	1227	1222	5	1157
56.26	1179	1225	-46	1157
56.28	1341	1228	113	1157
56.3	1275	1232	43	1157
56.32	1276	1236	40	1157
56.34	1265	1241	24	1157
56.36	1272	1247	25	1157
56.38	1304	1255	49	1157
56.4	1306	1262	44	1157
56.42	1357	1270	87	1157
56.44	1393	1279	114	1157
56.46	1431	1289	142	1157
56.48	1387	1303	84	1157
56.5	1471	1315	156	1157
56.52	1451	1330	121	1157
56.54	1502	1345	157	1157
56.56	1410	1362	48	1157
56.58	1398	1380	18	1157
56.6	1431	1397	34	1157
56.62	1350	1413	-63	1157
56.64	1445	1428	17	1157
56.66	1499	1441	58	1157
56.68	1402	1452	-50	1157
56.7	1338	1460	-122	1157
56.72	1403	1465	-62	1157
56.74	1339	1469	-130	1157
56.76	1420	1469	-49	1157
56.78	1298	1468	-170	1157
56.8	1300	1462	-162	1157
56.82	1402	1450	-48	1157
56.84	1309	1440	-131	1157
56.86	1316	1429	-113	1157
56.88	1363	1417	-54	1157
56.9	1315	1407	-92	1157
56.92	1336	1396	-60	1157
56.94	1429	1387	42	1157
56.96	1292	1378	-86	1157
56.98	1420	1369	51	1157
57.0	1373	1363	10	1157
57.02	1349	1359	-10	1157
57.04	1402	1357	45	1157
57.06	1383	1357	26	1157
57.08	1348	1358	-10	1157
57.1	1369	1363	6	1157
57.12	1386	1369	17	1157
57.14	1365	1378	-13	1157
57.16	1371	1388	-17	1157
57.18	1381	1402	-21	1157
57.2	1407	1419	-12	1157
57.22	1393	1439	-46	1157
57.24	1397	1461	-64	1157
57.26	1368	1486	-118	1157
57.28	1513	1511	2	1157
57.3	1513	1537	-24	1157
57.32	1493	1560	-67	1158
57.34	1568	1580	-12	1158
57.36	1615	1595	20	1158
57.38	1609	1603	6	1158
57.4	1686	1604	82	1158
57.42	1627	1598	29	1158
57.44	1621	1586	35	1158
57.46	1628	1573	55	1158
57.48	1595	1559	36	1158
57.5	1506	1544	-38	1158
57.52	1577	1527	50	1158
57.54	1518	1509	9	1158
57.56	1484	1489	-5	1158
57.58	1564	1468	96	1158
57.6	1425	1447	-22	1158
57.62	1457	1428	29	1158
57.64	1450	1412	38	1158
57.66	1362	1397	-35	1158
57.68	1350	1384	-34	1158
57.7	1387	1373	14	1158
57.72	1354	1364	-10	1158
57.74	1340	1359	-19	1158
57.76	1364	1354	10	1158
57.78	1376	1351	25	1158
57.8	1355	1350	5	1158
57.82	1347	1350	-3	1158
57.84	1341	1352	-11	1158
57.86	1367	1355	12	1158
57.88	1362	1360	2	1158
57.9	1409	1366	43	1158
57.92	1362	1374	-12	1158
57.94	1354	1383	-29	1159
57.96	1364	1394	-30	1159
57.98	1415	1407	8	1159
58.0	1375	1421	-46	1159
58.02	1437	1439	-2	1159
58.04	1315	1458	-143	1159
58.06	1450	1481	-31	1159
58.08	1433	1506	-73	1159
58.1	1444	1534	-90	1159
58.12	1377	1565	-188	1159
58.14	1441	1598	-157	1159
58.16	1502	1633	-131	1159
58.18	1411	1669	-258	1159
58.2	1498	1706	-208	1159
58.22	1537	1743	-206	1159
58.24	1523	1780	-257	1159
58.26	1557	1817	-260	1159
58.28	1554	1852	-298	1159
58.3	1683	1886	-203	1159
58.32	1704	1920	-216	1159
58.34	1738	1953	-215	1159
58.36	1803	1985	-182	1159
58.38	1895	2014	-119	1159
58.4	1894	2040	-146	1160
58.42	2006	2063	-57	1160
58.44	2044	2080	-36	1160
58.46	2136	2094	42	1160
58.48	2044	2104	-60	1160
58.5	2117	2113	4	1160
58.52	2099	2120	-21	1160
58.54	2125	2124	1	1160
58.56	2007	2122	-115	1160
58.58	2065	2116	-51	1160
58.6	2026	2106	-80	1160
58.62	2057	2090	-33	1160
58.64	2102	2071	31	1160
58.66	2157	2048	109	1160
58.68	2060	2021	39	1160
58.7	2121	1989	132	1160
58.72	2082	1951	131	1160
58.74	2116	1909	207	1160
58.76	2032	1865	167	1160
58.78	2028	1821	207	1160
58.8	2032	1776	256	1161
58.82	1966	1733	233	1161
58.84	1917	1692	225	1161
58.86	1945	1651	294	1161
58.88	1900	1612	288	1161
58.9	1791	1574	217	1161
58.92	1779	1539	240	1161
58.94	1666	1505	161	1161
58.96	1728	1475	253	1161
58.98	1681	1447	234	1161
59.0	1613	1423	190	1161
59.02	1602	1401	201	1161
59.04	1465	1381	84	1161
59.06	1487	1364	123	1161
59.08	1506	1349	157	1161
59.1	1473	1335	138	1161
59.12	1499	1323	176	1161
59.14	1372	1312	60	1161
59.16	1444	1302	142	1161
59.18	1372	1293	79	1161
59.2	1356	1286	71	1162
59.22	1360	1278	82	1162
59.24	1378	1272	106	1162
59.26	1323	1266	57	1162
59.28	1393	1260	133	1162
59.3	1386	1255	131	1162
59.32	1349	1251	98	1162
59.34	1376	1245	131	1162
59.36	1318	1241	77	1162
59.38	1324	1237	87	1162
59.4	1341	1234	107	1162
59.42	1274	1230	44	1162
59.44	1373	1228	145	1162
59.46	1297	1226	71	1162
59.48	1338	1223	115	1162
59.5	1278	1221	57	1162
59.52	1363	1219	144	1162
59.54	1279	1218	61	1162
59.56	1257	1214	43	1162
59.58	1292	1211	81	1162
59.6	1293	1209	84	1163
59.62	1300	1207	93	1163
59.64	1270	1206	64	1163
59.66	1264	1204	60	1163
59.68	1322	1203	119	1163
59.7	1254	1203	51	1163
59.72	1217	1201	16	1163
59.74	1230	1200	30	1163
59.76	1245	1199	46	1163
59.78	1273	1198	75	1163
59.8	1238	1197	41	1163
59.82	1234	1197	37	1163
59.84	1291	1196	95	1163
59.86	1254	1195	59	1163
59.88	1237	1194	43	1163
59.9	1257	1193	64	1163
59.92	1245	1192	53	1163
59.94	1209	1191	18	1163
59.96	1209	1190	19	1163
59.98	1228	1188	40	1163
60.0	1258	1188	70	1163
60.02	1227	1188	39	1164
60.04	1236	1188	48	1164
60.06	1224	1188	36	1164
60.08	1213	1188	25	1164
60.1	1200	1188	12	1164
60.12	1263	1188	75	1164
60.14	1209	1188	21	1164
60.16	1209	1190	19	1164
60.18	1215	1190	25	1164
60.2	1259	1190	69	1164
60.22	1244	1190	54	1164
60.24	1274	1190	84	1164
60.26	1246	1190	56	1164
60.28	1264	1189	75	1164
60.3	1220	1189	31	1164
60.32	1260	1189	71	1164
60.34	1182	1190	-8	1164
60.36	1279	1190	89	1164
60.38	1165	1191	-26	1164
60.4	1235	1192	43	1164
60.42	1239	1192	47	1164
60.44	1201	1194	7	1164
60.46	1264	1195	69	1164
60.48	1242	1197	45	1164
60.5	1283	1199	84	1164
60.52	1227	1201	26	1164
60.54	1176	1201	-25	1164
60.56	1229	1203	26	1164
60.58	1180	1206	-26	1165
60.6	1191	1208	-17	1165
60.62	1270	1211	59	1165
60.64	1241	1214	27	1165
60.66	1248	1217	31	1165
60.68	1265	1221	44	1165
60.7	1256	1225	31	1165
60.72	1243	1230	13	1165
60.74	1250	1236	14	1165
60.76	1308	1242	66	1165
60.78	1241	1248	-7	1165
60.8	1351	1256	95	1165
60.82	1352	1262	90	1165
60.84	1333	1268	65	1165
60.86	1355	1275	80	1165
60.88	1325	1281	44	1165
60.9	1261	1286	-25	1165
60.92	1229	1289	-60	1165
60.94	1312	1293	19	1165
60.96	1248	1297	-49	1165
60.98	1289	1299	-10	1165
61.0	1317	1301	16	1165
61.02	1262	1303	-41	1165
61.04	1296	1304	-8	1165
61.06	1234	1304	-70	1165
61.08	1167	1303	-136	1165
61.1	1210	1300	-90	1165
61.12	1253	1297	-44	1165
61.14	1224	1293	-69	1165
61.16	1186	1289	-103	1165
61.18	1230	1285	-55	1165
61.2	1136	1280	-144	1165
61.22	1199	1277	-78	1165
61.24	1159	1275	-116	1165
61.26	1188	1272	-84	1165
61.28	1179	1269	-90	1165
61.3	1219	1267	-48	1165
61.32	1192	1266	-74	1165
61.34	1235	1265	-30	1165
61.36	1153	1265	-112	1165
61.38	1165	1266	-101	1165
61.4	1256	1266	-10	1165
61.42	1208	1267	-59	1165
61.44	1175	1267	-92	1165
61.46	1199	1268	-69	1165
61.48	1191	1268	-77	1165
61.5	1203	1269	-66	1165
61.52	1283	1269	14	1165
61.54	1282	1267	15	1165
61.56	1257	1266	-9	1165
61.58	1236	1265	-29	1165
61.6	1316	1264	52	1165
61.62	1276	1263	13	1165
61.64	1240	1261	-21	1165
61.66	1314	1259	55	1165
61.68	1222	1257	-35	1165
61.7	1271	1254	17	1165
61.72	1280	1252	28	1165
61.74	1312	1249	63	1165
61.76	1269	1247	22	1165
61.78	1212	1245	-33	1165
61.8	1196	1242	-46	1165
61.82	1294	1240	54	1165
61.84	1251	1238	13	1165
61.86	1269	1237	32	1165
61.88	1270	1235	35	1165
61.9	1220	1233	-13	1165
61.92	1257	1231	26	1165
61.94	1242	1229	13	1165
61.96	1188	1227	-39	1165
61.98	1222	1224	-2	1165
62.0	1175	1221	-46	1165
62.02	1231	1219	12	1165
62.04	1201	1217	-16	1165
62.06	1271	1214	57	1165
62.08	1168	1212	-44	1165
62.1	1183	1209	-26	1164
62.12	1244	1207	37	1164
62.14	1246	1205	41	1164
62.16	1247	1202	45	1164
62.18	1197	1199	-2	1164
62.2	1201	1197	4	1164
62.22	1120	1194	-74	1164
62.24	1117	1193	-76	1164
62.26	1205	1191	14	1164
62.28	1179	1190	-11	1164
62.3	1114	1189	-75	1164
62.32	1202	1188	14	1164
62.34	1142	1187	-45	1164
62.36	1149	1187	-38	1164
62.38	1174	1186	-12	1164
62.4	1088	1185	-97	1164
62.42	1155	1185	-30	1164
62.44	1143	1185	-42	1164
62.46	1193	1185	8	1164
62.48	1196	1187	9	1164
62.5	1129	1187	-58	1163
62.52	1111	1187	-76	1163
62.54	1145	1187	-42	1163
62.56	1179	1188	-9	1163
62.58	1081	1188	-107	1163
62.6	1188	1188	0	1163
62.62	1223	1189	34	1163
62.64	1239	1191	48	1163
62.66	1122	1191	-69	1163
62.68	1202	1192	10	1163
62.7	1094	1192	-98	1163
62.72	1128	1193	-65	1163
62.74	1158	1194	-36	1163
62.76	1157	1195	-38	1163
62.78	1142	1197	-55	1162
62.8	1135	1198	-63	1162
62.82	1094	1200	-106	1162
62.84	1154	1202	-48	1162
62.86	1146	1204	-58	1162
62.88	1168	1206	-38	1162
62.9	1190	1208	-18	1162
62.92	1213	1211	2	1162
62.94	1108	1214	-106	1162
62.96	1183	1217	-34	1162
62.98	1148	1220	-72	1162
63.0	1146	1224	-78	1161
63.02	1150	1230	-80	1161
63.04	1182	1235	-53	1161
63.06	1183	1240	-57	1161
63.08	1179	1246	-67	1161
63.1	1137	1253	-116	1161
63.12	1176	1259	-83	1161
63.14	1138	1266	-128	1161
63.16	1094	1274	-180	1161
63.18	1200	1281	-81	1161
63.2	1221	1285	-64	1160
63.22	1189	1290	-101	1160
63.24	1239	1295	-56	1160
63.26	1172	1298	-126	1160
63.28	1171	1299	-128	1160
63.3	1158	1301	-143	1160
63.32	1185	1301	-116	1160
63.34	1184	1301	-117	1160
63.36	1166	1301	-135	1160
63.38	1147	1302	-155	1159
63.4	1185	1302	-117	1159
63.42	1204	1301	-97	1159
63.44	1162	1302	-140	1159
63.46	1211	1300	-89	1159
63.48	1276	1300	-24	1159
63.5	1136	1300	-164	1159
63.52	1284	1301	-17	1159
63.54	1215	1301	-86	1158
63.56	1221	1302	-81	1158
63.58	1215	1301	-86	1158
63.6	1336	1300	36	1158
63.62	1306	1299	7	1158
63.64	1324	1296	28	1158
63.66	1269	1293	-24	1158
63.68	1328	1290	38	1157
63.7	1366	1284	82	1157
63.72	1301	1279	22	1157
63.74	1278	1274	4	1157
63.76	1290	1269	21	1157
63.78	1311	1264	47	1157
63.8	1273	1259	14	1157
63.82	1272	1253	19	1156
63.84	1311	1247	64	1156
63.86	1297	1241	56	1156
63.88	1208	1235	-27	1156
63.9	1266	1230	36	1156
63.92	1162	1225	-63	1156
63.94	1227	1220	7	1156
63.96	1268	1214	54	1155
63.98	1180	1211	-31	1155
64.0	1240	1208	32	1155
64.02	1237	1205	32	1155
64.04	1205	1202	3	1155
64.06	1210	1199	11	1155
64.08	1228	1197	31	1154
64.1	1255	1195	60	1154
64.12	1215	1193	22	1154
64.14	1205	1191	14	1154
64.16	1232	1190	42	1154
64.18	1133	1189	-56	1154
64.2	1176	1189	-13	1153
64.22	1175	1188	-13	1153
64.24	1223	1187	36	1153
64.26	1155	1187	-32	1153
64.28	1164	1186	-22	1153
64.3	1189	1186	3	1153
64.32	1158	1186	-28	1152
64.34	1234	1185	49	1152
64.36	1157	1185	-28	1152
64.38	1187	1185	2	1152
64.4	1170	1185	-15	1152
64.42	1225	1184	41	1151
64.44	1253	1184	69	1151
64.46	1174	1184	-10	1151
64.48	1255	1184	71	1151
64.5	1164	1183	-19	1151
64.52	1195	1183	12	1151
64.54	1222	1183	39	1150
64.56	1221	1183	38	1150
64.58	1191	1183	8	1150
64.6	1215	1184	31	1150
64.62	1167	1184	-17	1150
64.64	1139	1185	-46	1149
64.66	1245	1185	60	1149
64.68	1176	1186	-10	1149
64.7	1165	1185	-20	1149
64.72	1243	1186	57	1149
64.74	1243	1186	57	1148
64.76	1251	1187	64	1148
64.78	1146	1187	-41	1148
64.8	1225	1188	37	1148
64.82	1230	1188	42	1148
64.84	1199	1188	11	1147
64.86	1258	1188	70	1147
64.88	1233	1188	45	1147
64.9	1203	1188	15	1147
64.92	1241	1188	53	1146
64.94	1238	1188	50	1146
64.96	1236	1187	49	1146
64.98	1193	1188	5	1146
65.0	1271	1187	84	1146
65.02	1215	1187	28	1145
65.04	1181	1187	-6	1145
65.06	1163	1186	-23	1145
65.08	1221	1185	36	1145
65.1	1266	1185	81	1145
65.12	1201	1184	17	1144
65.14	1292	1184	108	1144
65.16	1206	1184	22	1144
65.18	1210	1185	25	1144
65.2	1250	1185	65	1143
65.22	1206	1185	21	1143
65.24	1230	1185	45	1143
65.26	1219	1186	33	1143
65.28	1203	1186	17	1142
65.3	1216	1187	29	1142
65.32	1229	1188	41	1142
65.34	1221	1189	32	1142
65.36	1225	1188	37	1142
65.38	1249	1189	60	1141
65.4	1207	1190	17	1141
65.42	1199	1190	9	1141
65.44	1218	1191	27	1141
65.46	1206	1192	14	1140
65.48	1264	1195	69	1140
65.5	1112	1197	-85	1140
65.52	1188	1199	-11	1140
65.54	1205	1200	5	1139
65.56	1166	1202	-36	1139
65.58	1235	1205	30	1139
65.6	1228	1207	21	1139
65.62	1261	1210	51	1138
65.64	1204	1213	-9	1138
65.66	1225	1215	10	1138
65.68	1257	1218	39	1138
65.7	1225	1222	3	1137
65.72	1204	1225	-21	1137
65.74	1234	1229	5	1137
65.76	1260	1233	27	1137
65.78	1248	1238	10	1136
65.8	1123	1242	-119	1136
65.82	1210	1248	-38	1136
65.84	1176	1254	-78	1136
65.86	1215	1260	-45	1135
65.88	1266	1267	-1	1135
65.9	1331	1273	58	1135
65.92	1281	1281	0	1134
65.94	1250	1291	-41	1134
65.96	1321	1301	20	1134
65.98	1360	1312	48	1134
66.0	1324	1323	1	1133
66.02	1335	1336	-1	1133
66.04	1314	1350	-36	1133
66.06	1371	1366	5	1133
66.08	1325	1383	-58	1132
66.1	1323	1401	-78	1132
66.12	1423	1421	2	1132
66.14	1423	1442	-19	1131
66.16	1560	1465	95	1131
66.18	1583	1489	94	1131
66.2	1666	1514	152	1131
66.22	1744	1540	204	1130
66.24	1803	1567	236	1130
66.26	1890	1592	298	1130
66.28	1821	1617	204	1130
66.3	1954	1641	313	1129
66.32	1897	1663	234	1129
66.34	1823	1683	140	1129
66.36	1732	1699	33	1128
66.38	1675	1714	-39	1128
66.4	1719	1726	-7	1128
66.42	1673	1736	-63	1127
66.44	1619	1743	-124	1127
66.46	1690	1749	-59	1127
66.48	1755	1751	4	1127
66.5	1627	1751	-124	1126
66.52	1606	1748	-142	1126
66.54	1532	1741	-209	1126
66.56	1498	1729	-231	1125
66.58	1511	1715	-204	1125
66.6	1455	1698	-243	1125
66.62	1400	1680	-280	1125
66.64	1352	1662	-310	1124
66.66	1368	1643	-275	1124
66.68	1362	1624	-262	1124
66.7	1345	1607	-262	1123
66.72	1417	1589	-172	1123
66.74	1382	1573	-191	1123
66.76	1344	1557	-213	1122
66.78	1391	1542	-151	1122
66.8	1388	1529	-141	1122
66.82	1356	1518	-162	1121
66.84	1419	1508	-89	1121
66.86	1416	1501	-85	1121
66.88	1389	1496	-107	1121
66.9	1376	1494	-118	1120
66.92	1330	1494	-164	1120
66.94	1409	1497	-88	1120
66.96	1379	1503	-124	1119
66.98	1321	1511	-190	1119
67.0	1413	1522	-109	1119
67.02	1505	1535	-30	1118
67.04	1462	1551	-89	1118
67.06	1501	1569	-68	1118
67.08	1585	1588	-3	1117
67.1	1520	1610	-90	1117
67.12	1680	1630	50	1117
67.14	1639	1651	-12	1116
67.16	1748	1671	77	1116
67.18	1832	1689	143	1116
67.2	1926	1702	224	1115
67.22	1957	1713	244	1115
67.24	1920	1719	201	1115
67.26	1885	1720	165	1114
67.28	1909	1716	193	1114
67.3	1858	1707	151	1114
67.32	1792	1693	99	1113
67.34	1865	1678	187	1113
67.36	1723	1660	63	1113
67.38	1761	1640	121	1112
67.4	1719	1619	100	1112
67.42	1752	1596	156	1112
67.44	1651	1572	79	1111
67.46	1593	1548	45	1111
67.48	1599	1522	77	1111
67.5	1618	1496	122	1110
67.52	1503	1470	33	1110
67.54	1443	1445	-2	1110
67.56	1416	1421	-5	1109
67.58	1414	1399	15	1109
67.6	1366	1377	-11	1109
67.62	1300	1357	-57	1108
67.64	1417	1339	78	1108
67.66	1312	1323	-11	1108
67.68	1343	1308	35	1107
67.7	1275	1294	-19	1107
67.72	1222	1281	-59	1107
67.74	1215	1270	-55	1106
67.76	1382	1260	122	1106
67.78	1214	1250	-36	1106
67.8	1287	1242	45	1105
67.82	1215	1234	-19	1105
67.84	1233	1227	6	1104
67.86	1225	1221	4	1104
67.88	1240	1215	25	1104
67.9	1218	1209	9	1103
67.92	1195	1205	-10	1103
67.94	1225	1200	25	1103
67.96	1284	1196	88	1102
67.98	1213	1192	21	1102
68.0	1153	1188	-35	1102
68.02	1199	1184	15	1101
68.04	1229	1180	49	1101
68.06	1192	1177	15	1100
68.08	1217	1174	43	1100
68.1	1132	1171	-39	1100
68.12	1162	1168	-6	1099
68.14	1155	1166	-11	1099
68.16	1142	1163	-21	1099
68.18	1232	1160	72	1098
68.2	1113	1158	-45	1098
68.22	1140	1155	-15	1098
68.24	1202	1153	49	1097
68.26	1159	1151	8	1097
68.28	1208	1149	59	1096
68.3	1158	1146	12	1096
68.32	1149	1145	4	1096
68.34	1181	1144	37	1095
68.36	1095	1143	-48	1095
68.38	1177	1142	35	1095
68.4	1160	1141	19	1094
68.42	1079	1140	-61	1094
68.44	1100	1140	-40	1093
68.46	1112	1139	-27	1093
68.48	1139	1139	0	1093
68.5	1138	1138	0	1092
68.52	1103	1137	-34	1092
68.54	1135	1138	-3	1092
68.56	1172	1137	35	1091
68.58	1157	1136	21	1091
68.6	1109	1137	-28	1090
68.62	1178	1137	41	1090
68.64	1133	1137	-4	1090
68.66	1159	1137	22	1089
68.68	1158	1137	21	1089
68.7	1153	1137	16	1088
68.72	1091	1138	-47	1088
68.74	1054	1139	-85	1088
68.76	1117	1139	-22	1087
68.78	1142	1139	3	1087
68.8	1061	1141	-80	1086
68.82	1034	1142	-108	1086
68.84	1117	1143	-26	1086
68.86	1141	1144	-3	1085
68.88	1161	1146	15	1085
68.9	1145	1147	-2	1084
68.92	1128	1149	-21	1084
68.94	1136	1152	-16	1084
68.96	1180	1154	26	1083
68.98	1135	1157	-22	1083
69.0	1113	1160	-47	1083
69.02	1164	1163	1	1082
69.04	1157	1168	-11	1082
69.06	1157	1171	-14	1081
69.08	1093	1175	-82	1081
69.1	1151	1179	-28	1080
69.12	1104	1183	-79	1080
69.14	1063	1186	-123	1080
69.16	1121	1189	-68	1079
69.18	1099	1192	-93	1079
69.2	1137	1194	-57	1078
69.22	1101	1197	-96	1078
69.24	1172	1198	-26	1078
69.26	1168	1199	-31	1077
69.28	1131	1199	-68	1077
69.3	1123	1200	-77	1076
69.32	1147	1200	-53	1076
69.34	1128	1200	-72	1076
69.36	1130	1200	-70	1075
69.38	1151	1201	-50	1075
69.4	1172	1201	-29	1074
69.42	1146	1202	-56	1074
69.44	1161	1202	-41	1074
69.46	1223	1203	20	1073
69.48	1137	1204	-67	1073
69.5	1146	1205	-59	1072
69.52	1146	1206	-60	1072
69.54	1206	1207	-1	1071
69.56	1168	1209	-41	1071
69.58	1232	1210	22	1071
69.6	1273	1212	61	1070
69.62	1270	1213	57	1070
69.64	1295	1214	81	1069
69.66	1291	1214	77	1069
69.68	1277	1215	62	1068
69.7	1207	1215	-8	1068
69.72	1293	1214	79	1068
69.74	1274	1212	62	1067
69.76	1255	1211	44	1067
69.78	1210	1209	1	1066
69.8	1237	1207	30	1066
69.82	1258	1204	54	1066
69.84	1270	1200	70	1065
69.86	1247	1197	50	1065
69.88	1323	1193	130	1064
69.9	1210	1189	21	1064
69.92	1252	1184	68	1063
69.94	1276	1180	96	1063
69.96	1215	1175	40	1063
69.98	1217	1170	47	1062
70.0	1222	1165	57	1062
70.02	1195	1160	35	1061
70.04	1132	1154	-22	1061
70.06	1202	1149	53	1060
70.08	1182	1144	38	1060
70.1	1139	1140	-1	1059
70.12	1151	1135	16	1059
70.14	1100	1130	-30	1059
70.16	1113	1126	-13	1058
70.18	1194	1122	72	1058
70.2	1086	1118	-32	1057
70.22	1106	1114	-8	1057
70.24	1074	1111	-37	1056
70.26	1119	1108	11	1056
70.28	1107	1104	3	1056
70.3	1128	1101	27	1055
70.32	1145	1099	46	1055
70.34	1106	1096	10	1054
70.36	1028	1093	-65	1054
70.38	1059	1091	-32	1053
70.4	1092	1089	3	1053
70.42	1080	1087	-7	1052
70.44	1091	1085	6	1052
70.46	1068	1084	-16	1052
70.48	1130	1083	47	1051
70.5	1035	1083	-48	1051
70.52	1092	1081	11	1050
70.54	1041	1080	-39	1050
70.56	1084	1079	5	1049
70.58	1133	1078	55	1049
70.6	1077	1078	-1	1048
70.62	1066	1077	-11	1048
70.64	1119	1076	43	1047
70.66	1066	1076	-10	1047
70.68	1070	1075	-5	1047
70.7	1039	1074	-35	1046
70.72	1081	1074	7	1046
70.74	1093	1073	20	1045
70.76	1008	1072	-64	1045
70.78	1101	1072	29	1044
70.8	1030	1072	-42	1044
70.82	1079	1070	9	1043
70.84	1064	1070	-6	1043
70.86	1040	1068	-28	1042
70.88	990	1069	-79	1042
70.9	1119	1069	50	1042
70.92	1125	1067	58	1041
70.94	1097	1067	30	1041
70.96	1054	1067	-13	1040
70.98	1039	1065	-26	1040
71.0	1107	1064	43	1039
71.02	1165	1064	101	1039
71.04	1079	1063	16	1038
71.06	1057	1063	-6	1038
71.08	1055	1062	-7	1037
71.1	1093	1062	31	1037
71.12	1039	1060	-21	1036
71.14	1055	1060	-5	1036
71.16	1027	1058	-31	1036
71.18	1037	1057	-20	1035
71.2	1086	1056	30	1035
71.22	1093	1056	37	1034
71.24	1097	1055	42	1034
71.26	1025	1054	-29	1033
71.28	1041	1053	-12	1033
71.3	1114	1052	62	1032
71.32	1044	1051	-7	1032
71.34	1050	1051	-1	1031
71.36	1035	1050	-15	1031
71.38	1005	1050	-45	1030
71.4	1087	1049	38	1030
71.42	1103	1048	55	1029
71.44	1061	1048	13	1029
71.46	1080	1047	33	1028
71.48	1054	1046	8	1028
71.5	1101	1045	56	1028
71.52	1046	1044	2	1027
71.54	1052	1043	9	1027
71.56	1118	1041	77	1026
71.58	1050	1040	10	1026
71.6	967	1039	-72	1025
71.62	1034	1038	-4	1025
71.64	1050	1037	13	1024
71.66	1073	1036	37	1024
71.68	1023	1036	-13	1023
71.7	1022	1036	-14	1023
71.72	1016	1036	-20	1022
71.74	1070	1035	35	1022
71.76	1073	1035	38	1021
71.78	1046	1034	12	1021
71.8	1070	1034	36	1020
71.82	1048	1034	14	1020
71.84	1000	1033	-33	1019
71.86	1021	1033	-12	1019
71.88	1107	1032	75	1018
71.9	1018	1030	-12	1018
71.92	1056	1030	26	1017
71.94	1061	1029	32	1017
71.96	1064	1029	35	1017
71.98	1007	1029	-22	1016
72.0	1041	1029	12	1016
72.02	1012	1029	-17	1015
72.04	1041	1027	14	1015
72.06	1051	1026	25	1014
72.08	1114	1027	87	1014
72.1	1061	1029	32	1013
72.12	1019	1029	-10	1013
72.14	1052	1029	24	1012
72.16	1073	1029	44	1012
72.18	1086	1029	57	1011
72.2	1042	1028	14	1011
72.22	1045	1027	18	1010
72.24	1048	1027	21	1010
72.26	1073	1028	45	1009
72.28	1101	1028	73	1009
72.3	1067	1028	39	1008
72.32	1080	1028	52	1008
72.34	1057	1027	30	1007
72.36	1057	1027	30	1007
72.38	1004	1026	-22	1006
72.4	1070	1026	44	1006
72.42	1080	1027	53	1005
72.44	1009	1027	-18	1005
72.46	1038	1028	10	1004
72.48	964	1029	-65	1004
72.5	1055	1030	25	1003
72.52	1039	1031	8	1003
72.54	1123	1033	90	1002
72.56	1082	1035	47	1002
72.58	1069	1037	32	1001
72.6	1036	1038	-2	1001
72.62	1024	1039	-15	1000
72.64	1096	1043	53	1000
72.66	1097	1045	52	999
72.68	1072	1044	28	999
72.7	1052	1045	7	998
72.72	1085	1047	38	998
72.74	1088	1049	39	997
72.76	1029	1051	-22	997
72.78	1023	1052	-29	996
72.8	1075	1054	21	996
72.82	1141	1056	85	995
72.84	1086	1058	28	995
72.86	1070	1059	11	994
72.88	1061	1059	2	994
72.9	1052	1060	-8	993
72.92	1072	1061	11	993
72.94	1077	1061	16	992
72.96	1068	1061	7	992
72.98	1078	1061	17	991
73.0	1048	1062	-14	991
73.02	1122	1062	60	990
73.04	1082	1061	21	990
73.06	1084	1060	24	989
73.08	1061	1059	2	989
73.1	1022	1058	-36	988
73.12	1119	1056	63	988
73.14	1054	1054	0	987
73.16	1034	1052	-18	987
73.18	1014	1050	-36	986
73.2	1055	1048	7	986
73.22	1067	1046	21	985
73.24	1054	1043	11	985
73.26	1078	1042	36	984
73.28	1102	1040	62	984
73.3	1035	1036	-1	983
73.32	1126	1033	93	983
73.34	1038	1030	8	982
73.36	1043	1028	15	982
73.38	1061	1025	36	981
73.4	1030	1023	7	981
73.42	997	1021	-24	980
73.44	1042	1018	24	980
73.46	1035	1016	19	979
73.48	995	1014	-19	979
73.5	1035	1012	23	978
73.52	1040	1010	30	978
73.54	1010	1008	2	977
73.56	1104	1004	100	977
73.58	977	1003	-26	976
73.6	1032	1001	31	976
73.62	1033	1000	33	975
73.64	1053	999	54	975
73.66	1031	998	33	974
73.68	1014	997	17	974
73.7	1036	996	40	973
73.72	1076	995	81	973
73.74	1020	994	26	972
73.76	1012	993	19	972
73.78	962	993	-31	971
73.8	984	992	-8	970
73.82	1064	992	72	970
73.84	1015	991	24	969
73.86	1006	989	17	969
73.88	1023	989	34	968
73.9	957	988	-31	968
73.92	1045	987	58	967
73.94	1003	986	17	967
73.96	1023	985	38	966
73.98	1010	985	25	966
74.0	1015	985	30	965
74.02	1044	985	59	965
74.04	1007	985	22	964
74.06	1041	983	58	964
74.08	1045	983	62	963
74.1	1007	982	25	963
74.12	997	981	16	962
74.14	979	980	-1	962
74.16	1028	980	48	961
74.18	1066	980	86	961
74.2	963	980	-17	960
74.22	1014	982	32	960
74.24	1048	981	67	959
74.26	1083	981	102	959
74.28	1042	981	61	958
74.3	966	980	-14	958
74.32	1036	980	56	957
74.34	1039	980	59	957
74.36	1036	981	55	956
74.38	1011	981	30	955
74.4	989	982	7	955
74.42	990	982	8	954
74.44	1100	982	118	954
74.46	1061	984	77	953
74.48	1036	984	52	953
74.5	1026	985	41	952
74.52	1057	985	72	952
74.54	1024	986	38	951
74.56	1065	986	79	951
74.58	991	986	5	950
74.6	1005	987	18	950
74.62	988	988	0	949
74.64	1009	988	21	949
74.66	996	989	7	948
74.68	1058	990	68	948
74.7	1035	991	44	947
74.72	983	992	-9	947
74.74	943	993	-50	946
74.76	1011	994	17	946
74.78	1039	995	44	945
74.8	1032	996	36	945
74.82	998	997	1	944
74.84	961	999	-38	943
74.86	1003	1001	2	943
74.88	1023	1003	20	942
74.9	1055	1005	50	942
74.92	1029	1009	20	941
74.94	1043	1014	29	941
74.96	1000	1016	-16	940
74.98	999	1018	-19	940
75.0	982	1020	-38	939
75.02	987	1023	-36	939
75.04	1017	1027	-10	938
75.06	994	1030	-36	938
75.08	1052	1034	18	937
75.1	988	1038	-50	937
75.12	1013	1042	-29	936
75.14	1002	1047	-45	936
75.16	1059	1052	7	935
75.18	1033	1058	-25	935
75.2	1030	1063	-33	934
75.22	1015	1069	-54	934
75.24	1070	1075	-5	933
75.26	1102	1082	20	932
75.28	1035	1090	-55	932
75.3	991	1097	-106	931
75.32	1021	1106	-85	931
75.34	1109	1114	-5	930
75.36	1119	1122	-3	930
75.38	1137	1131	6	929
75.4	1013	1139	-126	929
75.42	1042	1148	-106	928
75.44	1097	1156	-59	928
75.46	1036	1164	-128	927
75.48	1103	1172	-69	927
75.5	1072	1181	-109	926
75.52	1147	1188	-41	926
75.54	1133	1195	-62	925
75.56	1117	1200	-83	925
75.58	1182	1206	-24	924
75.6	1169	1210	-41	924
75.62	1163	1215	-52	923
75.64	1287	1219	68	922
75.66	1248	1222	26	922
75.68	1303	1226	77	921
75.7	1431	1230	201	921
75.72	1405	1235	170	920
75.74	1454	1237	217	920
75.76	1491	1238	253	919
75.78	1594	1240	354	919
75.8	1566	1241	325	918
75.82	1547	1242	305	918
75.84	1563	1242	321	917
75.86	1549	1241	308	917
75.88	1513	1239	274	916
75.9	1397	1237	160	916
75.92	1413	1234	179	915
75.94	1492	1231	261	915
75.96	1473	1230	243	914
75.98	1406	1227	179	913
76.0	1441	1222	219	913
76.02	1450	1220	230	912
76.04	1465	1217	248	912
76.06	1395	1213	182	911
76.08	1303	1211	92	911
76.1	1351	1208	143	910
76.12	1274	1204	70	910
76.14	1217	1201	16	909
76.16	1295	1197	98	909
76.18	1219	1194	25	908
76.2	1223	1190	33	908
76.22	1226	1187	39	907
76.24	1203	1183	20	907
76.26	1192	1179	13	906
76.28	1202	1175	27	906
76.3	1138	1172	-34	905
76.32	1202	1168	34	905
76.34	1176	1165	11	904
76.36	1174	1161	13	903
76.38	1151	1158	-7	903
76.4	1157	1156	1	902
76.42	1197	1153	44	902
76.44	1145	1151	-6	901
76.46	1228	1150	78	901
76.48	1148	1148	0	900
76.5	1192	1146	46	900
76.52	1179	1145	34	899
76.54	1204	1144	60	899
76.56	1177	1144	33	898
76.58	1228	1144	84	898
76.6	1222	1143	79	897
76.62	1271	1143	128	897
76.64	1258	1143	115	896
76.66	1290	1142	148	896
76.68	1344	1143	201	895
76.7	1271	1142	129	895
76.72	1307	1141	166	894
76.74	1327	1140	187	893
76.76	1323	1138	185	893
76.78	1314	1137	177	892
76.8	1285	1135	150	892
76.82	1266	1133	133	891
76.84	1240	1131	109	891
76.86	1333	1129	204	890
76.88	1364	1127	237	890
76.9	1344	1126	218	889
76.92	1233	1124	109	889
76.94	1317	1122	195	888
76.96	1259	1121	138	888
76.98	1255	1120	135	887
77.0	1222	1119	103	887
77.02	1184	1119	65	886
77.04	1197	1119	78	886
77.06	1170	1118	52	885
77.08	1171	1118	53	885
77.1	1158	1119	39	884
77.12	1213	1120	93	883
77.14	1232	1121	111	883
77.16	1278	1124	154	882
77.18	1186	1129	57	882
77.2	1271	1133	138	881
77.22	1270	1137	133	881
77.24	1263	1142	121	880
77.26	1299	1148	151	880
77.28	1292	1155	137	879
77.3	1320	1162	158	879
77.32	1333	1170	163	878
77.34	1345	1178	167	878
77.36	1288	1187	101	877
77.38	1311	1196	115	877
77.4	1313	1207	106	876
77.42	1337	1216	121	876
77.44	1356	1226	130	875
77.46	1365	1237	128	875
77.48	1485	1249	236	874
77.5	1448	1262	186	873
77.52	1545	1274	271	873
77.54	1525	1288	237	872
77.56	1564	1301	263	872
77.58	1671	1314	357	871
77.6	1525	1327	198	871
77.62	1557	1339	218	870
77.64	1573	1351	222	870
77.66	1510	1363	147	869
77.68	1520	1374	146	869
77.7	1532	1384	148	868
77.72	1457	1393	64	868
77.74	1474	1403	71	867
77.76	1512	1410	102	867
77.78	1455	1417	38	866
77.8	1533	1423	110	866
77.82	1445	1427	18	865
77.84	1388	1431	-43	865
77.86	1491	1433	58	864
77.88	1453	1434	19	864
77.9	1420	1434	-14	863
77.92	1359	1431	-72	863
77.94	1369	1429	-60	862
77.96	1422	1425	-3	861
77.98	1375	1420	-45	861
78.0	1360	1413	-53	860
78.02	1308	1406	-98	860
78.04	1373	1397	-24	859
78.06	1454	1386	68	859
78.08	1485	1375	110	858
78.1	1494	1363	131	858
78.12	1541	1350	191	857
78.14	1459	1335	124	857
78.16	1559	1320	239	856
78.18	1585	1304	281	856
78.2	1642	1288	354	855
78.22	1562	1272	290	855
78.24	1471	1255	216	854
78.26	1516	1239	277	854
78.28	1360	1222	138	853
78.3	1317	1206	111	853
78.32	1408	1190	218	852
78.34	1392	1174	218	852
78.36	1374	1159	215	851
78.38	1303	1145	158	851
78.4	1380	1131	249	850
78.42	1245	1114	131	850
78.44	1279	1101	178	849
78.46	1247	1088	159	849
78.48	1189	1075	114	848
78.5	1194	1063	131	848
78.52	1128	1052	76	847
78.54	1123	1041	82	847
78.56	1121	1031	90	846
78.58	1155	1022	133	845
78.6	1115	1012	103	845
78.62	1068	1004	64	844
78.64	1070	996	74	844
78.66	1055	988	67	843
78.68	1032	981	51	843
78.7	986	974	12	842
78.72	1019	969	50	842
78.74	1000	963	37	841
78.76	989	958	31	841
78.78	997	953	44	840
78.8	1035	947	88	840
78.82	1029	943	86	839
78.84	988	938	50	839
78.86	974	935	39	838
78.88	971	931	40	838
78.9	993	927	66	837
78.92	942	924	18	837
78.94	940	921	19	836
78.96	912	920	-8	836
78.98	978	916	62	835
79.0	970	914	56	835
79.02	1006	912	94	834
79.04	962	909	53	834
79.06	933	907	26	833
79.08	901	905	-4	833
79.1	975	903	72	832
79.12	967	902	65	832
79.14	901	900	1	831
79.16	943	900	43	831
79.18	925	898	27	830
79.2	952	897	55	830
79.22	1002	897	105	829
79.24	944	897	47	829
79.26	938	896	42	828
79.28	943	895	48	828
79.3	991	894	97	827
79.32	913	892	21	827
79.34	931	892	39	826
79.36	906	890	16	826
79.38	924	889	35	825
79.4	923	889	34	825
79.42	920	889	31	824
79.44	837	888	-51	824
79.46	890	889	1	823
79.48	896	888	8	823
79.5	884	888	-4	822
79.52	860	888	-28	822
79.54	910	888	22	821
79.56	911	888	23	821
79.58	876	889	-13	820
79.6	916	889	27	820
79.62	931	889	42	819
79.64	883	890	-7	819
79.66	967	890	77	818
79.68	866	891	-25	818
79.7	919	892	27	817
79.72	897	892	5	817
79.74	935	892	43	816
79.76	938	893	45	816
79.78	894	893	1	815
79.8	935	892	43	815
79.82	885	893	-8	814
79.84	923	893	30	814
79.86	922	892	30	813
79.88	870	893	-23	813
79.9	902	894	8	812
79.92	940	895	45	812
79.94	971	896	75	811
79.96	993	896	97	811
79.98	941	897	44	810
80.0	924	898	26	810
80.02	976	899	77	809
80.04	1023	900	123	809
80.06	918	901	17	808
80.08	941	903	38	808
80.1	916	904	12	807
80.12	1013	903	110	807
80.14	936	904	32	806
80.16	1020	905	115	806
80.18	954	905	49	805
80.2	961	906	55	805
80.22	972	907	65	804
80.24	996	910	86	804
80.26	975	910	65	803
80.28	976	910	66	803
80.3	998	911	87	802
80.32	990	911	79	802
80.34	1018	910	108	802
80.36	1042	910	132	801
80.38	1019	908	111	801
80.4	1061	908	153	800
80.42	957	907	50	800
80.44	993	904	89	799
80.46	1011	903	108	799
80.48	898	902	-4	798
80.5	978	901	77	798
80.52	929	899	30	797
80.54	986	898	88	797
80.56	1001	895	106	796
80.58	948	893	55	796
80.6	923	891	32	795
80.62	934	888	46	795
80.64	973	886	87	794
80.66	984	884	100	794
80.68	930	881	49	793
80.7	960	879	81	793
80.72	909	876	33	792
80.74	886	874	12	792
80.76	902	872	30	791
80.78	937	869	68	791
80.8	926	866	60	791
80.82	841	863	-22	790
80.84	860	861	-1	790
80.86	897	858	39	789
80.88	924	856	68	789
80.9	833	854	-21	788
80.92	844	851	-7	788
80.94	878	849	29	787
80.96	847	847	0	787
80.98	905	846	59	786
81.0	891	846	45	786
81.02	829	845	-16	785
81.04	848	843	5	785
81.06	855	841	14	784
81.08	838	840	-2	784
81.1	866	839	27	783
81.12	809	837	-28	783
81.14	889	836	53	783
81.16	841	835	6	782
81.18	880	831	49	782
81.2	883	831	52	781
81.22	815	830	-15	781
81.24	833	829	4	780
81.26	835	829	6	780
81.28	844	829	15	779
81.3	767	826	-59	779
81.32	866	826	40	778
81.34	807	826	-19	778
81.36	834	823	11	777
81.38	862	822	40	777
81.4	834	821	13	777
81.42	784	821	-37	776
81.44	842	821	21	776
81.46	889	822	67	775
81.48	880	822	58	775
81.5	819	823	-4	774
81.52	823	823	0	774
81.54	840	824	16	773
81.56	833	823	10	773
81.58	808	824	-16	772
81.6	899	825	74	772
81.62	853	826	27	772
81.64	869	828	41	771
81.66	821	829	-8	771
81.68	846	830	16	770
81.7	866	831	35	770
81.72	827	834	-7	769
81.74	870	836	34	769
81.76	848	838	10	768
81.78	842	840	2	768
81.8	831	843	-12	767
81.82	878	845	33	767
81.84	870	848	22	767
81.86	860	850	10	766
81.88	833	853	-20	766
81.9	894	856	38	765
81.92	839	859	-20	765
81.94	879	863	16	764
81.96	912	865	47	764
81.98	869	868	1	763
82.0	863	871	-8	763
82.02	887	874	13	763
82.04	857	876	-19	762
82.06	879	878	1	762
82.08	963	880	83	761
82.1	866	882	-16	761
82.12	915	883	32	760
82.14	904	883	21	760
82.16	919	883	36	759
82.18	948	883	65	759
82.2	977	882	95	759
82.22	1045	880	165	758
82.24	984	879	105	758
82.26	1049	877	172	757
82.28	1091	876	215	757
82.3	1077	873	204	756
82.32	1117	870	247	756
82.34	1021	867	154	756
82.36	1061	864	197	755
82.38	1054	861	193	755
82.4	1011	857	154	754
82.42	1053	854	199	754
82.44	1000	850	150	753
82.46	986	847	139	753
82.48	954	843	111	753
82.5	1034	839	195	752
82.52	985	836	149	752
82.54	1003	832	171	751
82.56	1009	828	181	751
82.58	953	825	128	750
82.6	928	821	107	750
82.62	901	818	83	750
82.64	932	815	117	749
82.66	868	812	56	749
82.68	843	809	34	748
82.7	878	807	71	748
82.72	819	805	14	747
82.74	873	802	71	747
82.76	890	800	90	747
82.78	873	798	75	746
82.8	808	797	11	746
82.82	825	796	29	745
82.84	806	793	13	745
82.86	812	792	20	745
82.88	770	791	-21	744
82.9	788	790	-2	744
82.92	817	789	28	743
82.94	801	788	13	743
82.96	810	787	23	743
82.98	768	786	-18	742
83.0	774	785	-11	742
83.02	849	784	65	741
83.04	826	783	43	741
83.06	779	784	-5	740
83.08	850	782	68	740
83.1	751	782	-31	740
83.12	789	782	7	739
83.14	825	782	43	739
83.16	827	781	46	738
83.18	792	781	11	738
83.2	783	780	3	738
83.22	837	780	57	737
83.24	775	781	-6	737
83.26	783	781	2	736
83.28	750	782	-32	736
83.3	796	782	14	736
83.32	833	782	51	735
83.34	765	782	-17	735
83.36	837	781	56	734
83.38	841	781	60	734
83.4	806	781	25	734
83.42	759	782	-23	733
83.44	835	782	53	733
83.46	756	783	-27	732
83.48	756	784	-28	732
83.5	793	784	9	732
83.52	731	785	-54	731
83.54	793	786	7	731
83.56	807	787	20	730
83.58	762	789	-27	730
83.6	809	790	19	730
83.62	733	791	-58	729
83.64	805	793	12	729
83.66	787	794	-7	729
83.68	802	795	7	728
83.7	840	797	43	728
83.72	793	799	-6	727
83.74	808	801	7	727
83.76	806	803	3	727
83.78	814	804	10	726
83.8	812	805	7	726
83.82	831	807	24	725
83.84	823	808	15	725
83.86	819	811	8	725
83.88	737	814	-77	724
83.9	819	816	3	724
83.92	793	818	-25	724
83.94	840	821	19	723
83.96	834	823	11	723
83.98	825	825	0	722
84.0	836	827	9	722
84.02	875	829	46	722
84.04	842	831	11	721
84.06	832	832	0	721
84.08	795	834	-39	721
84.1	806	835	-29	720
84.12	815	836	-21	720
84.14	793	837	-44	719
84.16	830	838	-8	719
84.18	792	838	-46	719
84.2	778	839	-61	718
84.22	806	839	-33	718
84.24	844	838	6	718
84.26	812	838	-26	717
84.28	858	838	20	717
84.3	833	837	-4	717
84.32	844	836	8	716
84.34	870	835	35	716
84.36	860	834	26	715
84.38	854	833	21	715
84.4	859	832	27	715
84.42	876	831	45	714
84.44	805	830	-25	714
84.46	892	829	63	714
84.48	831	828	3	713
84.5	803	826	-23	713
84.52	829	825	4	713
84.54	769	823	-54	712
84.56	826	821	5	712
84.58	835	820	15	712
84.6	784	819	-35	711
84.62	782	817	-35	711
84.64	867	814	53	711
84.66	806	812	-6	710
84.68	800	809	-9	710
84.7	788	807	-19	709
84.72	807	805	2	709
84.74	847	802	45	709
84.76	848	800	48	708
84.78	848	798	50	708
84.8	857	794	63	708
84.82	841	792	49	707
84.84	846	789	57	707
84.86	858	787	71	707
84.88	836	784	52	706
84.9	897	781	116	706
84.92	901	778	123	706
84.94	955	776	179	705
84.96	864	773	91	705
84.98	929	769	160	705
85.0	903	767	136	704
85.02	850	764	86	704
85.04	870	761	109	704
85.06	886	758	128	703
85.08	832	756	76	703
85.1	888	753	135	703
85.12	772	750	22	702
85.14	810	748	62	702
85.16	824	746	78	702
85.18	818	744	74	701
85.2	760	742	18	701
85.22	839	740	99	701
85.24	798	738	60	701
85.26	808	736	72	700
85.28	800	734	66	700
85.3	783	731	52	700
85.32	775	729	46	699
85.34	778	728	50	699
85.36	718	727	-9	699
85.38	748	725	23	698
85.4	746	724	22	698
85.42	768	722	46	698
85.44	761	721	40	697
85.46	733	720	13	697
85.48	738	718	20	697
85.5	740	717	23	696
85.52	712	717	-5	696
85.54	747	716	31	696
85.56	706	714	-8	695
85.58	768	714	54	695
85.6	799	713	86	695
85.62	734	711	23	695
85.64	776	711	65	694
85.66	729	710	19	694
85.68	738	709	29	694
85.7	714	708	6	693
85.72	700	708	-8	693
85.74	708	707	1	693
85.76	718	706	12	692
85.78	743	706	37	692
85.8	717	706	11	692
85.82	695	704	-9	692
85.84	730	703	27	691
85.86	722	702	20	691
85.88	734	702	32	691
85.9	659	702	-43	690
85.92	775	701	74	690
85.94	746	700	46	690
85.96	655	700	-45	690
85.98	676	698	-22	689
86.0	689	699	-10	689
86.02	737	698	39	689
86.04	729	697	32	688
86.06	751	697	54	688
86.08	702	696	6	688
86.1	670	696	-26	688
86.12	707	696	11	687
86.14	722	695	27	687
86.16	691	695	-4	687
86.18	678	694	-16	686
86.2	743	694	49	686
86.22	726	694	32	686
86.24	757	693	64	686
86.26	705	693	12	685
86.28	734	693	41	685
86.3	707	692	15	685
86.32	721	692	29	685
86.34	693	692	1	684
86.36	697	691	6	684
86.38	676	691	-15	684
86.4	739	691	48	683
86.42	708	690	18	683
86.44	682	690	-8	683
86.46	711	690	21	683
86.48	707	690	17	682
86.5	728	690	38	682
86.52	698	690	8	682
86.54	749	689	60	682
86.56	697	689	8	681
86.58	714	689	25	681
86.6	670	691	-21	681
86.62	720	690	30	681
86.64	690	690	0	680
86.66	693	690	3	680
86.68	675	690	-15	680
86.7	659	690	-31	680
86.72	697	690	7	679
86.74	713	689	24	679
86.76	706	689	17	679
86.78	729	689	40	679
86.8	653	689	-36	678
86.82	683	689	-6	678
86.84	687	689	-2	678
86.86	663	688	-25	678
86.88	703	688	15	677
86.9	697	688	9	677
86.92	663	686	-23	677
86.94	638	686	-48	677
86.96	718	686	32	676
86.98	695	687	8	676
87.0	691	687	4	676
87.02	719	688	31	676
87.04	703	688	15	676
87.06	664	687	-23	675
87.08	654	687	-33	675
87.1	721	687	34	675
87.12	665	687	-22	675
87.14	712	687	25	674
87.16	719	688	31	674
87.18	752	688	64	674
87.2	727	688	39	674
87.22	710	688	22	673
87.24	698	689	9	673
87.26	692	689	3	673
87.28	674	689	-15	673
87.3	670	690	-20	673
87.32	700	690	10	672
87.34	717	690	27	672
87.36	675	690	-15	672
87.38	709	691	18	672
87.4	708	692	16	671
87.42	673	694	-21	671
87.44	670	693	-23	671
87.46	708	693	15	671
87.48	715	693	22	671
87.5	690	693	-3	670
87.52	671	693	-22	670
87.54	665	694	-29	670
87.56	645	695	-50	670
87.58	615	695	-80	670
87.6	636	695	-59	669
87.62	665	696	-31	669
87.64	651	696	-45	669
87.66	666	696	-30	669
87.68	664	697	-33	669
87.7	674	697	-23	668
87.72	652	696	-44	668
87.74	660	696	-36	668
87.76	672	696	-24	668
87.78	672	695	-23	668
87.8	618	695	-77	667
87.82	660	694	-34	667
87.84	658	694	-36	667
87.86	673	693	-20	667
87.88	687	693	-6	667
87.9	679	692	-13	666
87.92	679	692	-13	666
87.94	651	692	-41	666
87.96	679	692	-13	666
87.98	695	690	5	666
88.0	677	690	-13	665
88.02	639	690	-51	665
88.04	631	689	-58	665
88.06	680	689	-9	665
88.08	636	689	-53	665
88.1	659	688	-29	664
88.12	643	687	-44	664
88.14	662	687	-25	664
88.16	697	686	11	664
88.18	681	687	-6	664
88.2	615	687	-72	664
88.22	621	687	-66	663
88.24	681	687	-6	663
88.26	682	687	-5	663
88.28	646	686	-40	663
88.3	641	686	-45	663
88.32	675	686	-11	663
88.34	616	687	-71	662
88.36	647	689	-42	662
88.38	666	689	-23	662
88.4	660	689	-29	662
88.42	643	689	-46	662
88.44	667	689	-22	662
88.46	699	689	10	661
88.48	631	689	-58	661
88.5	630	689	-59	661
88.52	669	690	-21	661
88.54	680	691	-11	661
88.56	661	691	-30	661
88.58	678	691	-13	660
88.6	669	692	-23	660
88.62	673	692	-19	660
88.64	622	693	-71	660
88.66	660	693	-33	660
88.68	680	695	-15	660
88.7	621	696	-75	659
88.72	671	697	-26	659
88.74	691	697	-6	659
88.76	652	698	-46	659
88.78	678	698	-20	659
88.8	703	698	5	659
88.82	671	699	-28	659
88.84	632	699	-67	658
88.86	679	699	-20	658
88.88	655	701	-46	658
88.9	660	701	-41	658
88.92	723	701	22	658
88.94	680	701	-21	658
88.96	748	702	46	658
88.98	758	702	56	657
89.0	745	702	43	657
89.02	664	702	-38	657
89.04	656	702	-46	657
89.06	685	702	-17	657
89.08	664	705	-41	657
89.1	640	704	-64	657
89.12	738	702	36	656
89.14	682	702	-20	656
89.16	656	701	-45	656
89.18	679	701	-22	656
89.2	755	700	55	656
89.22	701	699	2	656
89.24	739	699	40	656
89.26	737	698	39	656
89.28	697	697	0	655
89.3	756	696	60	655
89.32	707	696	11	655
89.34	734	694	40	655
89.36	733	695	38	655
89.38	725	694	31	655
89.4	723	691	32	655
89.42	684	690	-6	655
89.44	685	690	-5	654
89.46	745	689	56	654
89.48	749	688	61	654
89.5	749	688	61	654
89.52	692	687	5	654
89.54	701	686	15	654
89.56	685	685	0	654
89.58	711	684	27	654
89.6	627	683	-56	654
89.62	690	683	7	653
89.64	693	682	11	653
89.66	682	681	1	653
89.68	698	681	17	653
89.7	660	680	-20	653
89.72	680	679	1	653
89.74	715	679	36	653
89.76	666	678	-12	653
89.78	669	678	-9	653
89.8	661	677	-16	653
89.82	663	677	-14	652
89.84	666	676	-10	652
89.86	643	676	-33	652
89.88	700	675	25	652
89.9	652	674	-22	652
89.92	683	673	10	652
89.94	722	673	49	652
89.96	673	672	1	652
89.98	749	671	78	652
90.0	663	672	-9	652
90.02	673	672	1	652
90.04	663	671	-8	651
90.06	664	671	-7	651
90.08	662	672	-10	651
90.1	662	672	-10	651
90.12	654	670	-16	651
90.14	682	670	12	651
90.16	673	670	3	651
90.18	669	672	-3	651
90.2	653	672	-19	651
90.22	639	669	-30	651
90.24	682	669	13	651
90.26	678	669	9	651
90.28	687	669	18	650
90.3	652	669	-17	650
90.32	700	669	31	650
90.34	678	667	11	650
90.36	641	667	-26	650
90.38	652	667	-15	650
90.4	656	665	-9	650
90.42	698	665	33	650
90.44	650	665	-15	650
90.46	663	665	-2	650
90.48	658	667	-9	650
90.5	641	667	-26	650
90.52	654	666	-12	650
90.54	654	666	-12	650
90.56	622	667	-45	650
90.58	645	667	-22	649
90.6	650	667	-17	649
90.62	679	667	12	649
90.64	622	667	-45	649
90.66	655	667	-12	649
90.68	644	667	-23	649
90.7	620	668	-48	649
90.72	655	668	-13	649
90.74	620	668	-48	649
90.76	663	669	-6	649
90.78	667	670	-3	649
90.8	696	670	26	649
90.82	634	669	-35	649
90.84	682	669	13	649
90.86	678	669	9	649
90.88	618	669	-51	649
90.9	653	668	-15	649
90.92	650	669	-19	649
90.94	654	669	-15	649
90.96	654	669	-15	648
90.98	613	668	-55	648
91.0	672	668	4	648
91.02	660	668	-8	648
91.04	687	668	19	648
91.06	694	668	26	648
91.08	661	667	-6	648
91.1	636	667	-31	648
91.12	661	667	-6	648
91.14	678	667	11	648
91.16	633	667	-34	648
91.18	681	666	15	648
91.2	666	666	0	648
91.22	719	666	53	648
91.24	650	666	-16	648
91.26	679	665	14	648
91.28	694	665	29	648
91.3	714	665	49	648
91.32	695	665	30	648
91.34	633	665	-32	648
91.36	690	664	26	648
91.38	670	664	6	648
91.4	652	663	-11	648
91.42	652	663	-11	648
91.44	664	662	2	648
91.46	660	662	-2	648
91.48	673	662	11	648
91.5	642	661	-19	648
91.52	689	661	28	648
91.54	660	661	-1	648
91.56	676	660	16	648
91.58	639	660	-21	648
91.6	602	660	-58	648
91.62	664	661	3	648
91.64	663	660	3	648
91.66	621	660	-39	648
91.68	660	660	0	648
91.7	633	660	-27	648
91.72	673	660	13	648
91.74	629	660	-31	648
91.76	665	660	5	648
91.78	623	660	-37	648
91.8	641	660	-19	648
91.82	623	659	-36	648
91.84	621	660	-39	648
91.86	635	660	-25	648
91.88	607	660	-53	648
91.9	614	659	-45	648
91.92	636	659	-23	648
91.94	628	658	-30	648
91.96	628	658	-30	648
91.98	669	659	10	648
92.0	644	659	-15	648
92.02	649	659	-10	648
92.04	664	659	5	648
92.06	632	659	-27	648
92.08	630	659	-29	648
92.1	617	658	-41	648
92.12	597	658	-61	648
92.14	608	660	-52	648
92.16	626	660	-34	648
92.18	640	661	-21	648
92.2	663	661	2	648
92.22	661	662	-1	648
92.24	660	661	-1	648
92.26	651	661	-10	648
92.28	618	662	-44	648
92.3	625	663	-38	648
92.32	622	663	-41	648
92.34	635	664	-29	648
92.36	667	663	4	648
92.38	650	663	-13	648
92.4	656	664	-8	648
92.42	624	664	-40	648
92.44	652	665	-13	648
92.46	640	665	-25	648
92.48	618	665	-47	648
92.5	632	666	-34	648
92.52	624	668	-44	648
92.54	665	668	-3	648
92.56	647	668	-21	648
92.58	625	669	-44	648
92.6	632	669	-37	648
92.62	647	669	-22	648
92.64	627	669	-42	648
92.66	621	669	-48	648
92.68	671	670	1	648
92.7	637	670	-33	649
92.72	617	670	-53	649
92.74	613	671	-58	649
92.76	653	671	-18	649
92.78	690	671	19	649
92.8	698	673	25	649
92.82	638	673	-35	649
92.84	652	674	-22	649
92.86	631	674	-43	649
92.88	605	676	-71	649
92.9	661	677	-16	649
92.92	627	677	-50	649
92.94	649	678	-29	649
92.96	717	678	39	649
92.98	595	678	-83	649
93.0	636	679	-43	649
93.02	649	680	-31	649
93.04	634	679	-45	649
93.06	636	680	-44	649
93.08	646	681	-35	649
93.1	637	682	-45	650
93.12	654	683	-29	650
93.14	654	683	-29	650
93.16	643	684	-41	650
93.18	636	686	-50	650
93.2	648	686	-38	650
93.22	665	686	-21	650
93.24	670	688	-18	650
93.26	650	688	-38	650
93.28	639	689	-50	650
93.3	639	691	-52	650
93.32	689	692	-3	650
93.34	653	692	-39	650
93.36	647	693	-46	650
93.38	665	694	-29	651
93.4	666	695	-29	651
93.42	665	696	-31	651
93.44	684	698	-14	651
93.46	670	698	-28	651
93.48	675	699	-24	651
93.5	602	700	-98	651
93.52	733	701	32	651
93.54	629	702	-73	651
93.56	688	702	-14	651
93.58	702	703	-1	651
93.6	671	704	-33	651
93.62	685	705	-20	651
93.64	645	706	-61	652
93.66	687	707	-20	652
93.68	687	708	-21	652
93.7	712	709	3	652
93.72	727	710	17	652
93.74	681	711	-30	652
93.76	664	712	-48	652
93.78	714	712	2	652
93.8	680	713	-33	652
93.82	706	714	-8	652
93.84	703	716	-13	652
93.86	736	717	19	652
93.88	713	718	-5	653
93.9	718	719	-1	653
93.92	733	720	13	653
93.94	746	722	24	653
93.96	739	723	16	653
93.98	744	726	18	653
94.0	704	727	-23	653
94.02	675	728	-53	653
94.04	726	730	-4	653
94.06	703	732	-29	653
94.08	741	734	7	654
94.1	739	735	4	654
94.12	740	737	3	654
94.14	729	738	-9	654
94.16	681	740	-59	654
94.18	715	742	-27	654
94.2	717	743	-26	654
94.22	744	745	-1	654
94.24	788	747	41	654
94.26	728	748	-20	654
94.28	735	750	-15	654
94.3	719	752	-33	655
94.32	721	753	-32	655
94.34	784	755	29	655
94.36	716	756	-40	655
94.38	658	758	-100	655
94.4	688	760	-72	655
94.42	694	761	-67	655
94.44	724	762	-38	655
94.46	729	765	-36	655
94.48	701	766	-65	655
94.5	723	768	-45	656
94.52	691	769	-78	656
94.54	701	771	-70	656
94.56	762	772	-10	656
94.58	692	772	-80	656
94.6	737	772	-35	656
94.62	763	774	-11	656
94.64	768	775	-7	656
94.66	687	776	-89	656
94.68	726	777	-51	656
94.7	729	779	-50	657
94.72	705	780	-75	657
94.74	750	781	-31	657
94.76	683	782	-99	657
94.78	722	783	-61	657
94.8	756	783	-27	657
94.82	776	785	-9	657
94.84	772	787	-15	657
94.86	736	788	-52	657
94.88	825	789	36	658
94.9	775	790	-15	658
94.92	781	791	-10	658
94.94	750	792	-42	658
94.96	762	795	-33	658
94.98	796	797	-1	658
95.0	772	798	-26	658
95.02	777	800	-23	658
95.04	805	801	4	658
95.06	826	803	23	658
95.08	846	805	41	659
95.1	852	805	47	659
95.12	827	807	20	659
95.14	865	808	57	659
95.16	891	809	82	659
95.18	848	810	38	659
95.2	829	811	18	659
95.22	802	812	-10	659
95.24	828	812	16	659
95.26	772	814	-42	659
95.28	817	815	2	660
95.3	790	815	-25	660
95.32	767	815	-48	660
95.34	776	815	-39	660
95.36	838	814	24	660
95.38	829	814	15	660
95.4	869	813	56	660
95.42	821	812	9	660
95.44	845	811	34	660
95.46	837	811	26	660
95.48	759	810	-51	661
95.5	754	807	-53	661
95.52	800	806	-6	661
95.54	768	804	-36	661
95.56	748	802	-54	661
95.58	748	799	-51	661
95.6	766	797	-31	661
95.62	723	794	-71	661
95.64	719	792	-73	661
95.66	756	789	-33	661
95.68	699	787	-88	662
95.7	718	784	-66	662
95.72	734	782	-48	662
95.74	739	780	-41	662
95.76	736	777	-41	662
95.78	722	774	-52	662
95.8	709	771	-62	662
95.82	670	768	-98	662
95.84	713	768	-55	662
95.86	693	766	-73	662
95.88	706	762	-56	662
95.9	718	758	-40	663
95.92	692	757	-65	663
95.94	671	755	-84	663
95.96	675	753	-78	663
95.98	710	750	-40	663
96.0	707	747	-40	663
96.02	667	745	-78	663
96.04	687	743	-56	663
96.06	670	739	-69	663
96.08	642	738	-96	663
96.1	666	736	-70	663
96.12	679	735	-56	663
96.14	719	734	-15	664
96.16	679	732	-53	664
96.18	665	731	-66	664
96.2	672	729	-57	664
96.22	640	728	-88	664
96.24	665	728	-63	664
96.26	691	726	-35	664
96.28	629	724	-95	664
96.3	689	722	-33	664
96.32	641	722	-81	664
96.34	651	722	-71	664
96.36	663	722	-59	664
96.38	639	722	-83	665
96.4	677	721	-44	665
96.42	671	720	-49	665
96.44	679	720	-41	665
96.46	646	719	-73	665
96.48	688	719	-31	665
96.5	607	719	-112	665
96.52	653	719	-66	665
96.54	708	717	-9	665
96.56	678	717	-39	665
96.58	691	717	-26	665
96.6	656	717	-61	665
96.62	671	716	-45	665
96.64	620	716	-96	665
96.66	685	716	-31	665
96.68	677	716	-39	666
96.7	716	716	0	666
96.72	678	716	-38	666
96.74	615	716	-101	666
96.76	702	716	-14	666
96.78	690	716	-26	666
96.8	664	717	-53	666
96.82	711	717	-6	666
96.84	652	716	-64	666
96.86	670	717	-47	666
96.88	599	717	-118	666
96.9	652	718	-66	666
96.92	667	718	-51	666
96.94	729	719	10	666
96.96	687	717	-30	666
96.98	684	717	-33	666
97.0	694	718	-24	666
97.02	639	719	-80	666
97.04	677	719	-42	667
97.06	672	720	-48	667
97.08	649	719	-70	667
97.1	677	719	-42	667
97.12	644	720	-76	667
97.14	700	720	-20	667
97.16	693	719	-26	667
97.18	659	718	-59	667
97.2	675	719	-44	667
97.22	690	719	-29	667
97.24	653	719	-66	667
97.26	653	720	-67	667
97.28	676	721	-45	667
97.3	687	721	-34	667
97.32	619	721	-102	667
97.34	652	720	-68	667
97.36	701	721	-20	667
97.38	690	723	-33	667
97.4	678	723	-45	667
97.42	643	722	-79	667
97.44	677	722	-45	667
97.46	741	722	19	667
97.48	723	723	0	667
97.5	780	725	55	667
97.52	704	725	-21	667
97.54	724	725	-1	667
97.56	710	726	-16	667
97.58	699	726	-27	667
97.6	720	726	-6	667
97.62	697	727	-30	667
97.64	708	728	-20	667
97.66	740	728	12	667
97.68	687	729	-42	667
97.7	688	728	-40	667
97.72	724	729	-5	667
97.74	693	729	-36	667
97.76	691	729	-38	667
97.78	677	730	-53	667
97.8	709	730	-21	667
97.82	725	731	-6	667
97.84	704	733	-29	667
97.86	714	733	-19	667
97.88	688	734	-46	667
97.9	725	734	-9	667
97.92	718	734	-16	667
97.94	689	735	-46	667
97.96	624	734	-110	667
97.98	677	735	-58	667
98.0	726	735	-9	667
98.02	686	736	-50	667
98.04	689	736	-47	667
98.06	629	737	-108	667
98.08	681	736	-55	667
98.1	666	737	-71	667
98.12	728	737	-9	667
98.14	694	738	-44	667
98.16	662	739	-77	667
98.18	677	740	-63	667
98.2	688	740	-52	667
98.22	722	739	-17	667
98.24	644	740	-96	667
98.26	689	740	-51	667
98.28	728	741	-13	667
98.3	704	742	-38	667
98.32	678	743	-65	667
98.34	668	743	-75	667
98.36	689	744	-55	667
98.38	657	744	-87	667
98.4	674	745	-71	667
98.42	668	746	-78	667
98.44	703	746	-43	667
98.46	670	747	-77	667
98.48	704	748	-44	667
98.5	722	749	-27	667
98.52	696	749	-53	667
98.54	683	750	-67	667
98.56	739	750	-11	667
98.58	676	751	-75	666
98.6	709	752	-43	666
98.62	689	753	-64	666
98.64	700	753	-53	666
98.66	717	754	-37	666
98.68	685	755	-70	666
98.7	692	757	-65	666
98.72	700	758	-58	666
98.74	665	759	-94	666
98.76	678	761	-83	666
98.78	685	762	-77	666
98.8	668	763	-95	666
98.82	643	765	-122	666
98.84	704	767	-63	666
98.86	682	768	-86	666
98.88	669	770	-101	666
98.9	678	772	-94	666
98.92	711	774	-63	666
98.94	713	776	-63	666
98.96	698	778	-80	666
98.98	691	780	-89	666
99.0	658	782	-124	665
99.02	693	784	-91	665
99.04	698	786	-88	665
99.06	652	789	-137	665
99.08	751	791	-40	665
99.1	687	793	-106	665
99.12	687	795	-108	665
99.14	689	797	-108	665
99.16	654	800	-146	665
99.18	719	802	-83	665
99.2	669	804	-135	665
99.22	730	807	-77	665
99.24	716	810	-94	665
99.26	662	811	-149	665
99.28	747	814	-67	665
99.3	683	816	-133	665
99.32	736	818	-82	664
99.34	745	820	-75	664
99.36	787	823	-36	664
99.38	762	824	-62	664
99.4	721	826	-105	664
99.42	796	828	-32	664
99.44	691	830	-139	664
99.46	788	832	-44	664
99.48	767	834	-67	664
99.5	757	836	-79	664
99.52	769	838	-69	664
99.54	787	840	-53	664
99.56	769	842	-73	664
99.58	767	843	-76	664
99.6	811	843	-32	663
99.62	810	845	-35	663
99.64	839	847	-8	663
99.66	870	848	22	663
99.68	889	849	40	663
99.7	958	850	108	663
99.72	1003	851	152	663
99.74	942	852	90	663
99.76	917	852	65	663
99.78	991	853	138	663
99.8	969	853	116	663
99.82	929	854	75	663
99.84	996	854	142	663
99.86	960	854	106	662
99.88	980	854	126	662
99.9	991	853	138	662
99.92	978	853	125	662
99.94	954	852	102	662
99.96	996	850	146	662
99.98	1009	849	160	662
100.0	1012	848	164	662
100.02	1093	846	247	662
100.04	985	844	141	662
100.06	1065	842	223	662
100.08	1110	840	270	661
100.1	1071	838	233	661
100.12	1047	836	211	661
100.14	1046	834	212	661
100.16	1046	831	215	661
100.18	999	829	170	661
100.2	972	826	146	661
100.22	941	824	117	661
100.24	924	822	102	661
100.26	875	819	56	661
100.28	877	816	61	661
100.3	878	813	65	661
100.32	846	810	36	660
100.34	859	807	52	660
100.36	858	804	54	660
100.38	855	801	54	660
100.4	853	798	55	660
100.42	858	796	62	660
100.44	865	793	72	660
100.46	841	790	51	660
100.48	847	787	60	660
100.5	836	785	51	660
100.52	836	782	54	659
100.54	756	780	-24	659
100.56	732	777	-45	659
100.58	763	775	-12	659
100.6	726	773	-47	659
100.62	775	770	5	659
100.64	812	768	44	659
100.66	806	766	40	659
100.68	734	764	-30	659
100.7	733	762	-29	659
100.72	752	760	-8	659
100.74	728	759	-31	658
100.76	690	757	-67	658
100.78	699	756	-57	658
100.8	735	754	-19	658
100.82	721	753	-32	658
100.84	700	751	-51	658
100.86	710	750	-40	658
100.88	718	749	-31	658
100.9	650	748	-98	658
100.92	710	747	-37	658
100.94	717	746	-29	657
100.96	722	746	-24	657
100.98	688	745	-57	657
101.0	653	744	-91	657
101.02	695	743	-48	657
101.04	711	743	-32	657
101.06	702	742	-40	657
101.08	736	742	-6	657
101.1	691	742	-51	657
101.12	639	742	-103	657
101.14	713	742	-29	656
101.16	645	742	-97	656
101.18	713	742	-29	656
101.2	701	742	-41	656
101.22	708	742	-34	656
101.24	676	742	-66	656
101.26	719	743	-24	656
101.28	719	742	-23	656
101.3	713	743	-30	656
101.32	705	743	-38	655
101.34	679	744	-65	655
101.36	654	746	-92	655
101.38	692	746	-54	655
101.4	675	746	-71	655
101.42	704	747	-43	655
101.44	673	748	-75	655
101.46	699	749	-50	655
101.48	726	750	-24	655
101.5	676	751	-75	655
101.52	672	752	-80	654
101.54	716	754	-38	654
101.56	684	755	-71	654
101.58	732	756	-24	654
101.6	723	757	-34	654
101.62	673	758	-85	654
101.64	723	759	-36	654
101.66	749	760	-11	654
101.68	715	761	-46	654
101.7	738	763	-25	654
101.72	709	764	-55	653
101.74	720	765	-45	653
101.76	665	766	-101	653
101.78	696	768	-72	653
101.8	669	769	-100	653
101.82	696	770	-74	653
101.84	756	771	-15	653
101.86	742	773	-31	653
101.88	705	774	-69	653
101.9	681	775	-94	653
101.92	689	776	-87	652
101.94	702	777	-75	652
101.96	691	778	-87	652
101.98	685	779	-94	652
102.0	726	780	-54	652
102.02	736	781	-45	652
102.04	679	782	-103	652
102.06	657	783	-126	652
102.08	772	784	-12	652
102.1	696	784	-88	652
102.12	677	785	-108	651
102.14	741	786	-45	651
102.16	748	787	-39	651
102.18	775	788	-13	651
102.2	714	788	-74	651
102.22	730	790	-60	651
102.24	753	790	-37	651
102.26	705	791	-86	651
102.28	819	792	27	651
102.3	808	792	16	651
102.32	797	793	4	650
102.34	831	793	38	650
102.36	918	793	125	650
102.38	820	794	26	650
102.4	879	794	85	650
102.42	852	794	58	650
102.44	841	794	47	650
102.46	839	794	45	650
102.48	865	794	71	650
102.5	816	794	22	650
102.52	888	794	94	650
102.54	800	794	6	649
102.56	816	794	22	649
102.58	810	793	17	649
102.6	801	793	8	649
102.62	816	793	23	649
102.64	784	792	-8	649
102.66	855	792	63	649
102.68	839	791	48	649
102.7	791	790	1	649
102.72	835	790	45	649
102.74	823	789	34	648
102.76	832	788	44	648
102.78	821	788	33	648
102.8	802	787	15	648
102.82	863	786	77	648
102.84	822	785	37	648
102.86	800	784	16	648
102.88	759	783	-24	648
102.9	807	782	25	648
102.92	749	780	-31	648
102.94	758	781	-23	648
102.96	750	779	-29	648
102.98	726	776	-50	647
103.0	758	775	-17	647
103.02	744	774	-30	647
103.04	719	773	-54	647
103.06	735	772	-37	647
103.08	773	770	3	647
103.1	745	769	-24	647
103.12	746	768	-22	647
103.14	717	766	-49	647
103.16	760	765	-5	647
103.18	735	763	-28	647
103.2	737	763	-26	647
103.22	737	761	-24	646
103.24	670	760	-90	646
103.26	692	759	-67	646
103.28	760	757	3	646
103.3	684	756	-72	646
103.32	709	755	-46	646
103.34	739	753	-14	646
103.36	721	751	-30	646
103.38	769	750	19	646
103.4	765	749	16	646
103.42	729	747	-18	646
103.44	727	746	-19	646
103.46	702	744	-42	646
103.48	701	743	-42	645
103.5	748	741	7	645
103.52	761	740	21	645
103.54	696	739	-43	645
103.56	712	736	-24	645
103.58	763	735	28	645
103.6	725	733	-8	645
103.62	729	731	-2	645
103.64	772	730	42	645
103.66	738	728	10	645
103.68	778	727	51	645
103.7	780	726	54	645
103.72	759	724	35	645
103.74	724	723	1	645
103.76	724	722	2	645
103.78	758	720	38	644
103.8	697	718	-21	644
103.82	751	717	34	644
103.84	738	716	22	644
103.86	722	714	8	644
103.88	750	713	37	644
103.9	720	712	8	644
103.92	701	711	-10	644
103.94	700	710	-10	644
103.96	716	708	8	644
103.98	720	707	13	644
104.0	766	706	60	644
104.02	743	705	38	644
104.04	704	705	-1	644
104.06	714	703	11	644
104.08	732	701	31	644
104.1	700	700	0	644
104.12	702	699	3	644
104.14	700	698	2	643
104.16	670	698	-28	643
104.18	697	697	0	643
104.2	724	696	28	643
104.22	692	696	-4	643
104.24	684	695	-11	643
104.26	685	694	-9	643
104.28	678	693	-15	643
104.3	719	693	26	643
104.32	741	693	48	643
104.34	691	692	-1	643
104.36	698	692	6	643
104.38	674	691	-17	643
104.4	703	691	12	643
104.42	704	691	13	643
104.44	619	691	-72	643
104.46	638	690	-52	643
104.48	629	689	-60	643
104.5	643	689	-46	643
104.52	697	689	8	643
104.54	650	688	-38	643
104.56	636	689	-53	643
104.58	658	689	-31	643
104.6	698	689	9	643
104.62	697	689	8	643
104.64	680	689	-9	643
104.66	675	689	-14	642
104.68	685	689	-4	642
104.7	646	688	-42	642
104.72	702	688	14	642
104.74	629	688	-59	642
104.76	717	689	28	642
104.78	683	689	-6	642
104.8	688	689	-1	642
104.82	687	689	-2	642
104.84	736	689	47	642
104.86	684	689	-5	642
104.88	694	688	6	642
104.9	708	688	20	642
104.92	653	688	-35	642
104.94	713	689	24	642
104.96	715	689	26	642
104.98	692	689	3	642
105.0	687	689	-2	642
105.02	748	689	59	642
105.04	714	689	25	642
105.06	755	690	65	642
105.08	740	689	51	642
105.1	672	689	-17	642
105.12	757	689	68	642
105.14	710	689	21	642
105.16	690	689	1	642
105.18	670	690	-20	642
105.2	723	690	33	642
105.22	693	690	3	642
105.24	698	690	8	642
105.26	704	690	14	642
105.28	679	690	-11	642
105.3	742	690	52	642
105.32	665	690	-25	642
105.34	715	690	25	642
105.36	705	689	16	642
105.38	681	688	-7	642
105.4	667	688	-21	642
105.42	694	688	6	642
105.44	680	688	-8	642
105.46	697	688	9	642
105.48	639	689	-50	642
105.5	700	689	11	642
105.52	699	689	10	642
105.54	676	688	-12	642
105.56	684	687	-3	642
105.58	656	687	-31	642
105.6	679	687	-8	642
105.62	650	687	-37	642
105.64	678	686	-8	642
105.66	688	686	2	642
105.68	676	686	-10	642
105.7	635	686	-51	642
105.72	642	685	-43	642
105.74	669	685	-16	642
105.76	690	685	5	642
105.78	687	685	2	642
105.8	630	684	-54	642
105.82	658	684	-26	642
105.84	688	683	5	642
105.86	633	683	-50	642
105.88	666	683	-17	642
105.9	644	682	-38	642
105.92	642	682	-40	642
105.94	720	682	38	642
105.96	662	681	-19	642
105.98	659	681	-22	642
106.0	662	680	-18	642
106.02	640	680	-40	642
106.04	675	680	-5	643
106.06	663	679	-16	643
106.08	636	678	-42	643
106.1	662	678	-16	643
106.12	630	678	-48	643
106.14	635	677	-42	643
106.16	658	677	-19	643
106.18	667	675	-8	643
106.2	677	675	2	643
106.22	705	674	31	643
106.24	677	674	3	643
106.26	598	674	-76	643
106.28	658	673	-15	643
106.3	666	673	-7	643
106.32	613	673	-60	643
106.34	690	673	17	643
106.36	617	673	-56	643
106.38	638	672	-34	643
106.4	700	672	28	643
106.42	655	672	-17	643
106.44	635	672	-37	643
106.46	650	673	-23	643
106.48	676	673	3	643
106.5	675	673	2	643
106.52	670	673	-3	643
106.54	665	673	-8	643
106.56	636	673	-37	643
106.58	649	673	-24	643
106.6	614	672	-58	643
106.62	628	673	-45	643
106.64	642	673	-31	644
106.66	663	673	-10	644
106.68	683	672	11	644
106.7	659	672	-13	644
106.72	608	672	-64	644
106.74	651	672	-21	644
106.76	636	672	-36	644
106.78	633	672	-39	644
106.8	668	671	-3	644
106.82	640	671	-31	644
106.84	665	671	-6	644
106.86	630	671	-41	644
106.88	690	671	19	644
106.9	640	671	-31	644
106.92	678	672	6	644
106.94	649	671	-22	644
106.96	699	671	28	644
106.98	596	671	-75	644
107.0	642	671	-29	644
107.02	727	671	56	644
107.04	678	671	7	644
107.06	675	670	5	645
107.08	632	670	-38	645
107.1	695	671	24	645
107.12	651	670	-19	645
107.14	678	670	8	645
107.16	675	671	4	645
107.18	712	672	40	645
107.2	660	672	-12	645
107.22	683	671	12	645
107.24	640	672	-32	645
107.26	708	671	37	645
107.28	696	671	25	645
107.3	661	671	-10	645
107.32	671	672	-1	645
107.34	648	672	-24	645
107.36	656	672	-16	645
107.38	701	672	29	645
107.4	628	672	-44	645
107.42	663	674	-11	646
107.44	673	674	-1	646
107.46	670	674	-4	646
107.48	664	676	-12	646
107.5	636	675	-39	646
107.52	649	676	-27	646
107.54	651	676	-25	646
107.56	697	677	20	646
107.58	659	677	-18	646
107.6	633	678	-45	646
107.62	681	678	3	646
107.64	606	678	-72	646
107.66	613	679	-66	646
107.68	643	679	-36	646
107.7	651	680	-29	646
107.72	662	680	-18	646
107.74	676	682	-6	647
107.76	677	682	-5	647
107.78	584	683	-99	647
107.8	668	683	-15	647
107.82	678	684	-6	647
107.84	667	684	-17	647
107.86	672	685	-13	647
107.88	640	686	-46	647
107.9	712	686	26	647
107.92	649	687	-38	647
107.94	661	688	-27	647
107.96	697	688	9	647
107.98	698	689	9	647
108.0	607	689	-82	647
108.02	645	689	-44	647
108.04	638	690	-52	648
108.06	686	692	-6	648
108.08	692	693	-1	648
108.1	680	693	-13	648
108.12	679	695	-16	648
108.14	625	696	-71	648
108.16	679	697	-18	648
108.18	675	698	-23	648
108.2	682	700	-18	648
108.22	693	700	-7	648
108.24	661	701	-40	648
108.26	708	702	6	648
108.28	646	703	-57	648
108.3	647	704	-57	649
108.32	695	705	-10	649
108.34	695	707	-12	649
108.36	716	707	9	649
108.38	715	709	6	649
108.4	749	710	39	649
108.42	716	711	5	649
108.44	683	712	-29	649
108.46	719	713	6	649
108.48	729	714	15	649
108.5	678	716	-38	649
108.52	672	717	-45	649
108.54	744	718	26	649
108.56	709	719	-10	649
108.58	690	720	-30	650
108.6	704	721	-17	650
108.62	738	723	15	650
108.64	728	724	4	650
108.66	703	725	-22	650
108.68	728	726	2	650
108.7	739	727	12	650
108.72	755	728	27	650
108.74	711	729	-18	650
108.76	697	730	-33	650
108.78	680	731	-51	650
108.8	759	732	27	650
108.82	737	733	4	651
108.84	757	735	22	651
108.86	721	737	-16	651
108.88	770	738	32	651
108.9	711	739	-28	651
108.92	782	742	40	651
108.94	733	742	-9	651
108.96	763	743	20	651
108.98	725	744	-19	651
109.0	734	745	-11	651
109.02	805	746	59	651
109.04	693	746	-53	651
109.06	699	748	-49	651
109.08	730	748	-18	652
109.1	798	750	48	652
109.12	785	751	34	652
109.14	790	752	38	652
109.16	767	754	13	652
109.18	801	755	46	652
109.2	785	755	30	652
109.22	825	757	68	652
109.24	836	757	79	652
109.26	858	757	101	652
109.28	854	757	97	652
109.3	945	757	188	652
109.32	901	758	143	653
109.34	911	758	153	653
109.36	940	758	182	653
109.38	908	758	150	653
109.4	909	758	151	653
109.42	963	758	205	653
109.44	841	758	83	653
109.46	840	758	82	653
109.48	862	757	105	653
109.5	819	757	62	653
109.52	783	756	27	653
109.54	845	756	89	653
109.56	863	756	107	654
109.58	820	756	64	654
109.6	835	756	79	654
109.62	806	755	51	654
109.64	814	755	59	654
109.66	788	755	33	654
109.68	835	755	80	654
109.7	814	754	60	654
109.72	864	755	109	654
109.74	793	755	38	654
109.76	857	755	102	654
109.78	830	755	75	654
109.8	825	754	71	655
109.82	829	754	75	655
109.84	769	754	15	655
109.86	771	754	17	655
109.88	771	753	18	655
109.9	809	753	56	655
109.92	775	753	22	655
109.94	731	754	-23	655
109.96	745	755	-10	655
109.98	772	756	16	655
110.0	747	756	-9	655
110.02	746	756	-10	655
110.04	765	756	9	656
110.06	722	756	-34	656
110.08	748	757	-9	656
110.1	713	757	-44	656
110.12	710	757	-47	656
110.14	727	757	-30	656
110.16	720	758	-38	656
110.18	719	758	-39	656
110.2	719	759	-40	656
110.22	702	759	-57	656
110.24	696	759	-63	656
110.26	711	760	-49	656
110.28	700	759	-59	657
110.3	760	760	0	657
110.32	781	761	20	657
110.34	767	761	6	657
110.36	688	762	-74	657
110.38	712	763	-51	657
110.4	711	763	-52	657
110.42	700	765	-65	657
110.44	700	765	-65	657
110.46	711	766	-55	657
110.48	741	767	-26	657
110.5	689	768	-79	657
110.52	687	769	-82	658
110.54	713	770	-57	658
110.56	725	771	-46	658
110.58	700	772	-72	658
110.6	730	773	-43	658
110.62	713	775	-62	658
110.64	631	776	-145	658
110.66	739	777	-38	658
110.68	680	778	-98	658
110.7	763	779	-16	658
110.72	734	781	-47	658
110.74	705	782	-77	658
110.76	738	783	-45	658
110.78	720	785	-65	659
110.8	769	786	-17	659
110.82	719	788	-69	659
110.84	763	789	-26	659
110.86	740	792	-52	659
110.88	702	793	-91	659
110.9	755	794	-39	659
110.92	760	794	-34	659
110.94	761	795	-34	659
110.96	739	797	-58	659
110.98	747	799	-52	659
111.0	736	801	-65	659
111.02	756	802	-46	660
111.04	767	803	-36	660
111.06	840	805	35	660
111.08	793	806	-13	660
111.1	792	809	-17	660
111.12	839	810	29	660
111.14	820	812	8	660
111.16	794	813	-19	660
111.18	803	815	-12	660
111.2	808	816	-8	660
111.22	871	820	51	660
111.24	831	821	10	660
111.26	845	823	22	660
111.28	854	825	29	661
111.3	899	828	71	661
111.32	845	828	17	661
111.34	821	829	-8	661
111.36	879	831	48	661
111.38	869	832	37	661
111.4	875	834	41	661
111.42	833	835	-2	661
111.44	871	837	34	661
111.46	888	839	49	661
111.48	841	840	1	661
111.5	853	842	11	661
111.52	849	843	6	661
111.54	873	844	29	662
111.56	828	846	-18	662
111.58	866	847	19	662
111.6	900	848	52	662
111.62	867	849	18	662
111.64	905	850	55	662
111.66	921	851	70	662
111.68	958	852	106	662
111.7	919	853	66	662
111.72	886	854	32	662
111.74	913	855	58	662
111.76	889	856	33	662
111.78	898	857	41	662
111.8	968	857	111	663
111.82	911	858	53	663
111.84	937	858	79	663
111.86	906	859	47	663
111.88	922	858	64	663
111.9	884	859	25	663
111.92	904	859	45	663
111.94	905	860	45	663
111.96	872	860	12	663
111.98	891	862	29	663
112.0	893	862	31	663
112.02	886	862	24	663
112.04	858	863	-5	663
112.06	873	863	10	663
112.08	891	863	28	664
112.1	904	863	41	664
112.12	925	863	62	664
112.14	912	863	49	664
112.16	898	862	36	664
112.18	962	862	100	664
112.2	867	862	5	664
112.22	925	862	63	664
112.24	903	862	41	664
112.26	897	861	36	664
112.28	878	861	17	664
112.3	870	860	10	664
112.32	848	860	-12	664
112.34	874	859	15	665
112.36	863	858	5	665
112.38	887	858	29	665
112.4	845	857	-12	665
112.42	825	857	-32	665
112.44	866	856	10	665
112.46	767	856	-89	665
112.48	834	856	-22	665
112.5	826	856	-30	665
112.52	801	856	-55	665
112.54	767	855	-88	665
112.56	847	855	-8	665
112.58	819	854	-35	665
112.6	827	853	-26	665
112.62	833	853	-20	666
112.64	781	853	-72	666
112.66	762	852	-90	666
112.68	777	852	-75	666
112.7	811	850	-39	666
112.72	802	850	-48	666
112.74	749	850	-101	666
112.76	844	849	-5	666
112.78	801	849	-48	666
112.8	761	848	-87	666
112.82	756	848	-92	666
112.84	804	848	-44	666
112.86	695	847	-152	666
112.88	813	847	-34	667
112.9	756	847	-91	667
112.92	777	846	-69	667
112.94	710	846	-136	667
112.96	778	846	-68	667
112.98	747	846	-99	667
113.0	738	846	-108	667
113.02	782	845	-63	667
113.04	805	845	-40	667
113.06	769	845	-76	667
113.08	726	844	-118	667
113.1	763	844	-81	667
113.12	811	844	-33	667
113.14	746	843	-97	668
113.16	767	843	-76	668
113.18	733	843	-110	668
113.2	734	843	-109	668
113.22	750	843	-93	668
113.24	787	843	-56	668
113.26	751	842	-91	668
113.28	763	842	-79	668
113.3	774	842	-68	668
113.32	772	842	-70	668
113.34	761	842	-81	668
113.36	744	841	-97	668
113.38	755	840	-85	668
113.4	803	840	-37	669
113.42	793	840	-47	669
113.44	783	839	-56	669
113.46	721	839	-118	669
113.48	772	838	-66	669
113.5	751	837	-86	669
113.52	768	837	-69	669
113.54	802	836	-34	669
113.56	793	836	-43	669
113.58	837	834	3	669
113.6	765	834	-69	669
113.62	802	834	-32	669
113.64	848	834	14	669
113.66	842	833	9	669
113.68	820	832	-12	670
113.7	825	830	-5	670
113.72	829	830	-1	670
113.74	856	829	27	670
113.76	887	828	59	670
113.78	842	826	16	670
113.8	851	825	26	670
113.82	881	824	57	670
113.84	895	823	72	670
113.86	879	821	58	670
113.88	879	821	58	670
113.9	863	820	43	670
113.92	821	818	3	671
113.94	881	817	64	671
113.96	889	815	74	671
113.98	848	814	34	671
114.0	916	812	104	671
114.02	923	811	112	671
114.04	917	809	108	671
114.06	849	808	41	671
114.08	834	806	28	671
114.1	837	805	32	671
114.12	902	803	99	671
114.14	887	802	85	671
114.16	842	800	42	671
114.18	875	798	77	672
114.2	877	797	80	672
114.22	897	795	102	672
114.24	874	793	81	672
114.26	852	792	60	672
114.28	801	792	9	672
114.3	829	791	38	672
114.32	808	788	20	672
114.34	821	786	35	672
114.36	762	785	-23	672
114.38	808	783	25	672
114.4	793	781	12	672
114.42	802	779	23	673
114.44	819	780	39	673
114.46	780	778	2	673
114.48	805	778	27	673
114.5	745	777	-32	673
114.52	796	774	22	673
114.54	794	771	23	673
114.56	784	770	14	673
114.58	771	769	2	673
114.6	765	769	-4	673
114.62	737	768	-31	673
114.64	725	768	-43	673
114.66	750	766	-16	674
114.68	742	765	-23	674
114.7	730	764	-34	674
114.72	716	763	-47	674
114.74	775	762	13	674
114.76	752	761	-9	674
114.78	717	760	-43	674
114.8	730	760	-30	674
114.82	724	758	-34	674
114.84	706	756	-50	674
114.86	714	754	-40	674
114.88	742	753	-11	674
114.9	722	751	-29	675
114.92	753	750	3	675
114.94	698	752	-54	675
114.96	751	751	0	675
114.98	723	750	-27	675
115.0	781	750	31	675
115.02	690	749	-59	675
115.04	714	749	-35	675
115.06	700	749	-49	675
115.08	706	749	-43	675
115.1	718	751	-33	675
115.12	757	751	6	676
115.14	769	750	19	676
115.16	750	749	1	676
115.18	738	750	-12	676
115.2	686	749	-63	676
115.22	681	749	-68	676
115.24	732	749	-17	676
115.26	712	749	-37	676
115.28	673	749	-76	676
115.3	693	749	-56	676
115.32	725	749	-24	676
115.34	673	748	-75	676
115.36	718	748	-30	677
115.38	721	748	-27	677
115.4	766	748	18	677
115.42	685	749	-64	677
115.44	745	750	-5	677
115.46	656	750	-94	677
115.48	674	748	-74	677
115.5	730	749	-19	677
115.52	683	749	-66	677
115.54	707	748	-41	677
115.56	719	747	-28	678
115.58	698	747	-49	678
115.6	728	747	-19	678
115.62	739	747	-8	678
115.64	687	747	-60	678
115.66	736	747	-11	678
115.68	628	747	-119	678
115.7	689	748	-59	678
115.72	711	748	-37	678
115.74	697	750	-53	678
115.76	712	750	-38	678
115.78	709	751	-42	679
115.8	693	751	-58	679
115.82	715	752	-37	679
115.84	692	752	-60	679
115.86	653	752	-99	679
115.88	698	752	-54	679
115.9	703	753	-50	679
115.92	709	753	-44	679
115.94	728	754	-26	679
115.96	663	754	-91	679
115.98	733	755	-22	680
116.0	695	755	-60	680
116.02	656	756	-100	680
116.04	720	756	-36	680
116.06	693	755	-62	680
116.08	693	756	-63	680
116.1	687	756	-69	680
116.12	659	757	-98	680
116.14	700	757	-57	680
116.16	720	758	-38	680
116.18	681	758	-77	681
116.2	689	759	-70	681
116.22	667	760	-93	681
116.24	707	762	-55	681
116.26	730	762	-32	681
116.28	709	763	-54	681
116.3	730	763	-33	681
116.32	667	764	-97	681
116.34	689	764	-75	681
116.36	730	766	-36	681
116.38	716	768	-52	682
116.4	772	768	4	682
116.42	704	769	-65	682
116.44	662	769	-107	682
116.46	698	770	-72	682
116.48	699	771	-72	682
116.5	705	771	-66	682
116.52	682	772	-90	682
116.54	701	772	-71	682
116.56	688	773	-85	682
116.58	734	774	-40	683
116.6	700	776	-76	683
116.62	709	777	-68	683
116.64	697	776	-79	683
116.66	705	776	-71	683
116.68	682	777	-95	683
116.7	740	778	-38	683
116.72	723	778	-55	683
116.74	701	779	-78	683
116.76	738	779	-41	684
116.78	760	780	-20	684
116.8	720	781	-61	684
116.82	736	781	-45	684
116.84	712	782	-70	684
116.86	705	783	-78	684
116.88	762	784	-22	684
116.9	706	784	-78	684
116.92	738	785	-47	684
116.94	758	786	-28	685
116.96	719	787	-68	685
116.98	733	787	-54	685
117.0	724	787	-63	685
117.02	722	788	-66	685
117.04	737	789	-52	685
117.06	717	790	-73	685
117.08	729	793	-64	685
117.1	664	794	-130	685
117.12	693	794	-101	686
117.14	759	794	-35	686
117.16	723	796	-73	686
117.18	644	797	-153	686
117.2	735	798	-63	686
117.22	778	798	-20	686
117.24	737	798	-61	686
117.26	709	799	-90	686
117.28	652	798	-146	686
117.3	714	800	-86	687
117.32	715	801	-86	687
117.34	765	802	-37	687
117.36	643	803	-160	687
117.38	692	804	-112	687
117.4	698	805	-107	687
117.42	737	805	-68	687
117.44	707	806	-99	687
117.46	731	809	-78	687
117.48	723	810	-87	688
117.5	746	811	-65	688
117.52	679	813	-134	688
117.54	695	814	-119	688
117.56	731	815	-84	688
117.58	701	816	-115	688
117.6	714	817	-103	688
117.62	762	817	-55	688
117.64	694	818	-124	688
117.66	688	820	-132	689
117.68	727	821	-94	689
117.7	737	822	-85	689
117.72	751	825	-74	689
117.74	736	826	-90	689
117.76	701	826	-125	689
117.78	786	826	-40	689
117.8	711	828	-117	689
117.82	692	829	-137	689
117.84	717	830	-113	690
117.86	693	830	-137	690
117.88	738	832	-94	690
117.9	765	833	-68	690
117.92	709	834	-125	690
117.94	695	835	-140	690
117.96	734	836	-102	690
117.98	734	838	-104	690
118.0	738	839	-101	691
118.02	793	839	-46	691
118.04	762	839	-77	691
118.06	709	840	-131	691
118.08	720	840	-120	691
118.1	743	841	-98	691
118.12	764	842	-78	691
118.14	737	843	-106	691
118.16	735	844	-109	691
118.18	783	845	-62	692
118.2	752	845	-93	692
118.22	729	845	-116	692
118.24	751	846	-95	692
118.26	770	847	-77	692
118.28	816	847	-31	692
118.3	806	848	-42	692
118.32	772	848	-76	692
118.34	831	849	-18	693
118.36	792	850	-58	693
118.38	854	850	4	693
118.4	780	851	-71	693
118.42	920	851	69	693
118.44	870	852	18	693
118.46	885	852	33	693
118.48	939	852	87	693
118.5	937	854	83	693
118.52	1023	854	169	694
118.54	1026	854	172	694
118.56	1033	854	179	694
118.58	1005	854	151	694
118.6	1120	854	266	694
118.62	1092	854	238	694
118.64	1069	855	214	694
118.66	1047	855	192	694
118.68	987	855	132	695
118.7	946	855	91	695
118.72	1034	855	179	695
118.74	941	854	87	695
118.76	966	856	110	695
118.78	912	856	56	695
118.8	950	856	94	695
118.82	936	856	80	695
118.84	937	856	81	696
118.86	880	856	24	696
118.88	901	856	45	696
118.9	910	855	55	696
118.92	941	855	86	696
118.94	858	855	3	696
118.96	866	855	11	696
118.98	905	855	50	696
119.0	907	854	53	696
119.02	896	853	43	697
119.04	932	853	79	697
119.06	953	853	100	697
119.08	928	853	75	697
119.1	920	852	68	697
119.12	892	852	40	697
119.14	906	852	54	697
119.16	863	852	11	697
119.18	901	852	49	698
119.2	898	852	46	698
119.22	850	851	-1	698
119.24	840	852	-12	698
119.26	840	852	-12	698
119.28	819	852	-33	698
119.3	827	851	-24	698
119.32	866	851	15	698
119.34	841	850	-9	699
119.36	825	850	-25	699
119.38	895	850	45	699
119.4	837	850	-13	699
119.42	779	850	-71	699
119.44	860	850	10	699
119.46	838	850	-12	699
119.48	774	850	-76	699
119.5	735	850	-115	700
119.52	769	850	-81	700
119.54	746	850	-104	700
119.56	794	851	-57	700
119.58	815	851	-36	700
119.6	756	851	-95	700
119.62	800	851	-51	700
119.64	845	851	-6	700
119.66	777	852	-75	701
119.68	797	852	-55	701
119.7	829	852	-23	701
119.72	756	852	-96	701
119.74	738	853	-115	701
119.76	767	855	-88	701
119.78	790	856	-66	701
119.8	792	856	-64	701
119.82	723	857	-134	701
119.84	744	857	-113	702
119.86	803	858	-55	702
119.88	722	858	-136	702
119.9	748	859	-111	702
119.92	758	859	-101	702
119.94	726	860	-134	702
119.96	781	861	-80	702
119.98	729	861	-132	702
120.0	714	867	-153	703