HardwareIndicator=65519
Wavelength = 1.54059Å, !5.0°/120.0°/0.02°/1(s), I(p)=17790/691, Cu, Tuesday, September 08, 2026, 11:38 AM
Angle	I(o)	I(c)	I(d)	I(b)
5.0	3529	3639	-110	3639
5.02	3697	3648	49	3648
5.04	3712	3658	54	3658
5.06	3645	3668	-23	3668
5.08	3610	3677	-67	3677
5.1	3685	3687	-2	3687
5.12	3583	3697	-114	3697
5.14	3620	3706	-86	3706
5.16	3738	3716	22	3716
5.18	3616	3726	-110	3726
5.2	3632	3735	-103	3735
5.22	3733	3745	-12	3745
5.24	3571	3754	-183	3754
5.26	3724	3764	-40	3764
5.28	3671	3773	-102	3773
5.3	3796	3783	13	3783
5.32	3721	3793	-72	3793
5.34	3719	3802	-83	3802
5.36	3764	3811	-47	3811
5.38	3754	3821	-67	3821
5.4	3745	3830	-85	3830
5.42	3681	3840	-159	3840
5.44	3845	3849	-4	3849
5.46	3795	3858	-63	3858
5.48	3806	3868	-62	3868
5.5	3653	3877	-224	3877
5.52	3808	3886	-78	3886
5.54	3803	3895	-92	3895
5.56	3787	3904	-117	3904
5.58	3836	3913	-77	3913
5.6	3851	3922	-71	3922
5.62	3835	3931	-96	3931
5.64	3904	3940	-36	3940
5.66	3834	3949	-115	3949
5.68	3858	3958	-100	3958
5.7	3984	3967	17	3967
5.72	3763	3975	-212	3975
5.74	4034	3984	50	3984
5.76	3861	3993	-132	3993
5.78	3926	4001	-75	4001
5.8	3988	4010	-22	4010
5.82	3908	4018	-110	4018
5.84	3997	4027	-30	4027
5.86	3984	4035	-51	4035
5.88	3961	4043	-82	4043
5.9	3983	4051	-68	4051
5.92	3944	4059	-115	4059
5.94	3961	4067	-106	4067
5.96	3979	4075	-96	4075
5.98	3969	4083	-114	4083
6.0	3944	4091	-147	4091
6.02	4022	4099	-77	4099
6.04	3986	4107	-121	4107
6.06	3891	4114	-223	4114
6.08	3980	4122	-142	4122
6.1	4106	4129	-23	4129
6.12	4126	4136	-10	4136
6.14	4055	4144	-89	4144
6.16	4082	4151	-69	4151
6.18	4116	4158	-42	4158
6.2	4027	4165	-138	4165
6.22	4064	4172	-108	4172
6.24	4191	4179	12	4179
6.26	4242	4185	57	4185
6.28	4092	4192	-100	4192
6.3	4200	4198	2	4198
6.32	4178	4205	-27	4205
6.34	4080	4211	-131	4211
6.36	4095	4217	-122	4217
6.38	4159	4223	-64	4223
6.4	4207	4229	-22	4229
6.42	4242	4235	7	4235
6.44	4185	4241	-56	4241
6.46	4263	4247	16	4247
6.48	4255	4252	3	4252
6.5	4145	4258	-113	4258
6.52	4169	4263	-94	4263
6.54	4255	4268	-13	4268
6.56	4156	4274	-118	4274
6.58	4353	4279	74	4279
6.6	4144	4283	-139	4283
6.62	4336	4288	48	4288
6.64	4208	4293	-85	4293
6.66	4299	4297	2	4297
6.68	4313	4302	11	4302
6.7	4172	4306	-134	4306
6.72	4198	4310	-112	4310
6.74	4278	4314	-36	4314
6.76	4271	4318	-47	4318
6.78	4228	4322	-94	4322
6.8	4376	4325	51	4325
6.82	4314	4329	-15	4329
6.84	4287	4332	-45	4332
6.86	4290	4335	-45	4335
6.88	4347	4338	9	4338
6.9	4314	4341	-27	4341
6.92	4295	4344	-49	4344
6.94	4396	4347	49	4347
6.96	4366	4349	17	4349
6.98	4271	4351	-80	4351
7.0	4296	4353	-57	4353
7.02	4315	4355	-40	4355
7.04	4206	4357	-151	4357
7.06	4368	4359	9	4359
7.08	4306	4360	-54	4360
7.1	4428	4362	66	4362
7.12	4137	4363	-226	4363
7.14	4363	4364	-1	4364
7.16	4353	4365	-12	4365
7.18	4216	4366	-150	4366
7.2	4188	4366	-178	4366
7.22	4322	4367	-45	4367
7.24	4391	4367	24	4367
7.26	4390	4367	23	4367
7.28	4345	4367	-22	4367
7.3	4401	4367	34	4367
7.32	4209	4366	-157	4366
7.34	4294	4366	-72	4366
7.36	4254	4365	-111	4365
7.38	4356	4364	-8	4364
7.4	4283	4363	-80	4363
7.42	4338	4361	-23	4361
7.44	4301	4360	-59	4360
7.46	4296	4358	-62	4358
7.48	4415	4356	59	4356
7.5	4243	4354	-111	4354
7.52	4285	4352	-67	4352
7.54	4360	4349	11	4349
7.56	4168	4346	-178	4346
7.58	4334	4344	-9	4344
7.6	4227	4340	-113	4340
7.62	4236	4337	-101	4337
7.64	4436	4334	102	4334
7.66	4297	4330	-33	4330
7.68	4260	4326	-66	4326
7.7	4263	4322	-59	4322
7.72	4180	4318	-138	4318
7.74	4276	4313	-37	4313
7.76	4439	4309	130	4309
7.78	4173	4304	-131	4304
7.8	4341	4299	42	4299
7.82	4268	4294	-26	4294
7.84	4143	4288	-145	4288
7.86	4282	4283	-1	4283
7.88	4278	4277	1	4277
7.9	4132	4272	-140	4272
7.92	4157	4266	-109	4266
7.94	4147	4260	-113	4260
7.96	4257	4254	3	4254
7.98	4300	4248	52	4248
8.0	4280	4241	39	4241
8.02	4196	4235	-39	4235
8.04	4283	4229	54	4229
8.06	4207	4222	-15	4222
8.08	4159	4216	-57	4216
8.1	4207	4209	-2	4209
8.12	4074	4202	-128	4202
8.14	4279	4196	83	4196
8.16	4228	4189	39	4189
8.18	4167	4182	-15	4182
8.2	4118	4175	-57	4175
8.22	4127	4169	-42	4169
8.24	4110	4162	-52	4162
8.26	4262	4155	107	4155
8.28	4127	4148	-21	4148
8.3	4230	4141	89	4141
8.32	4144	4134	10	4134
8.34	4205	4128	77	4128
8.36	4105	4121	-16	4121
8.38	4096	4114	-18	4114
8.4	4095	4108	-13	4108
8.42	4165	4101	64	4101
8.44	4153	4095	58	4095
8.46	4129	4088	41	4088
8.48	4095	4082	13	4082
8.5	4208	4076	132	4076
8.52	4071	4069	2	4069
8.54	4064	4063	1	4063
8.56	4128	4057	71	4057
8.58	4193	4051	142	4051
8.6	4090	4046	44	4046
8.62	4136	4040	96	4040
8.64	4132	4035	97	4035
8.66	4160	4029	131	4029
8.68	4050	4024	26	4024
8.7	4048	4019	29	4019
8.72	4003	4014	-11	4014
8.74	3943	4010	-67	4010
8.76	4111	4005	106	4005
8.78	4005	4001	4	4001
8.8	4033	3997	36	3997
8.82	4069	3993	76	3993
8.84	4039	3989	50	3989
8.86	4106	3985	121	3985
8.88	4075	3982	93	3982
8.9	4181	3979	202	3979
8.92	3992	3976	16	3976
8.94	4078	3974	104	3974
8.96	4016	3972	44	3972
8.98	3983	3969	14	3969
9.0	4105	3968	137	3968
9.02	4044	3966	78	3966
9.04	4112	3965	147	3965
9.06	3913	3964	-51	3964
9.08	4013	3963	50	3963
9.1	4025	3963	62	3963
9.12	4079	3963	116	3963
9.14	4064	3963	101	3963
9.16	4024	3964	60	3964
9.18	4041	3965	76	3965
9.2	4109	3966	143	3966
9.22	4100	3968	132	3968
9.24	4089	3970	119	3970
9.26	4052	3972	80	3972
9.28	4072	3975	97	3975
9.3	4144	3978	166	3978
9.32	4012	3981	31	3981
9.34	3997	3985	12	3985
9.36	4044	3989	55	3989
9.38	4082	3994	88	3994
9.4	4160	3999	161	3999
9.42	4135	4005	130	4005
9.44	3988	4011	-23	4011
9.46	4120	4017	103	4017
9.48	4034	4024	10	4024
9.5	4123	4031	92	4031
9.52	4291	4039	252	4039
9.54	4013	4047	-34	4047
9.56	4261	4055	206	4055
9.58	4209	4064	145	4064
9.6	4134	4074	60	4074
9.62	4196	4084	112	4084
9.64	4166	4095	71	4095
9.66	4118	4106	12	4106
9.68	4286	4117	169	4117
9.7	4184	4129	55	4129
9.72	4334	4142	192	4142
9.74	4350	4155	195	4155
9.76	4285	4169	116	4169
9.78	4350	4183	167	4183
9.8	4440	4198	242	4198
9.82	4114	4213	-99	4213
9.84	4441	4229	212	4229
9.86	4378	4246	132	4246
9.88	4353	4263	90	4263
9.9	4403	4280	123	4280
9.92	4529	4299	230	4299
9.94	4492	4318	174	4318
9.96	4301	4337	-36	4337
9.98	4535	4357	178	4357
10.0	4407	4378	29	4378
10.02	4439	4399	40	4399
10.04	4446	4421	25	4421
10.06	4566	4444	122	4444
10.08	4652	4467	185	4467
10.1	4644	4491	153	4491
10.12	4775	4516	259	4516
10.14	4610	4541	69	4541
10.16	4661	4567	94	4567
10.18	4709	4594	115	4594
10.2	4708	4622	86	4622
10.22	4659	4650	9	4650
10.24	4774	4679	95	4679
10.26	4972	4708	264	4708
10.28	4710	4738	-28	4738
10.3	4901	4769	132	4769
10.32	4946	4801	145	4801
10.34	4905	4834	71	4834
10.36	5002	4867	135	4867
10.38	4822	4901	-79	4901
10.4	5028	4936	92	4936
10.42	4904	4971	-67	4971
10.44	5068	5007	61	5007
10.46	5071	5044	27	5044
10.48	5100	5081	19	5081
10.5	5080	5119	-39	5119
10.52	5242	5158	84	5158
10.54	5358	5197	161	5197
10.56	5308	5236	72	5236
10.58	5198	5276	-78	5276
10.6	5427	5316	111	5316
10.62	5323	5357	-34	5357
10.64	5472	5398	74	5398
10.66	5411	5439	-28	5439
10.68	5547	5480	67	5480
10.7	5699	5522	177	5522
10.72	5615	5564	51	5564
10.74	5660	5606	54	5606
10.76	5700	5648	52	5648
10.78	5682	5691	-9	5691
10.8	5796	5733	63	5733
10.82	5911	5775	136	5775
10.84	5679	5818	-139	5818
10.86	5734	5860	-126	5860
10.88	5919	5903	16	5903
10.9	5979	5945	34	5945
10.92	5968	5987	-19	5987
10.94	5991	6029	-38	6029
10.96	6200	6071	129	6071
10.98	6103	6112	-9	6112
11.0	6095	6154	-59	6154
11.02	6093	6195	-102	6195
11.04	6199	6236	-37	6235
11.06	6136	6277	-141	6276
11.08	6278	6317	-39	6316
11.1	6331	6356	-25	6355
11.12	6315	6395	-80	6394
11.14	6430	6434	-4	6433
11.16	6611	6472	139	6471
11.18	6492	6510	-18	6509
11.2	6586	6547	39	6546
11.22	6500	6583	-83	6582
11.24	6720	6619	101	6618
11.26	6446	6654	-208	6653
11.28	6717	6688	29	6687
11.3	6621	6722	-101	6721
11.32	6679	6755	-76	6754
11.34	6755	6787	-32	6786
11.36	6739	6818	-79	6817
11.38	6794	6848	-54	6847
11.4	6818	6878	-60	6876
11.42	6838	6906	-68	6905
11.44	6789	6934	-145	6932
11.46	6799	6960	-161	6959
11.48	6883	6986	-103	6984
11.5	6933	7010	-77	7009
11.52	6858	7034	-176	7032
11.54	7071	7056	15	7054
11.56	7012	7077	-65	7075
11.58	7204	7097	107	7095
11.6	7050	7116	-66	7113
11.62	6955	7133	-178	7130
11.64	7141	7149	-8	7146
11.66	7190	7164	26	7161
11.68	7188	7178	10	7175
11.7	7232	7190	42	7187
11.72	7301	7201	100	7198
11.74	7301	7211	90	7207
11.76	7000	7220	-220	7216
11.78	7193	7227	-34	7223
11.8	7100	7234	-134	7230
11.82	7211	7239	-28	7235
11.84	7265	7243	22	7239
11.86	7185	7246	-61	7242
11.88	7169	7248	-79	7243
11.9	7168	7250	-82	7244
11.92	7097	7250	-153	7244
11.94	7167	7249	-82	7242
11.96	7126	7247	-121	7240
11.98	7050	7244	-194	7237
12.0	7227	7241	-14	7232
12.02	7053	7236	-183	7227
12.04	7115	7230	-115	7221
12.06	7150	7224	-74	7213
12.08	7058	7217	-159	7205
12.1	7075	7210	-135	7196
12.12	6946	7202	-256	7186
12.14	7011	7193	-182	7175
12.16	7001	7184	-183	7163
12.18	7113	7175	-62	7151
12.2	7041	7165	-124	7137
12.22	7019	7155	-136	7123
12.24	6956	7145	-189	7108
12.26	6924	7134	-210	7092
12.28	6989	7124	-135	7076
12.3	6833	7114	-281	7059
12.32	7119	7104	15	7041
12.34	6846	7094	-248	7022
12.36	6883	7084	-201	7003
12.38	6966	7074	-108	6983
12.4	6888	7063	-175	6962
12.42	6788	7053	-265	6941
12.44	6918	7041	-123	6919
12.46	6903	7029	-126	6896
12.48	6573	7015	-442	6873
12.5	6588	7000	-412	6849
12.52	6577	6983	-406	6825
12.54	6530	6963	-433	6800
12.56	6616	6941	-325	6775
12.58	6684	6915	-231	6749
12.6	6530	6886	-356	6722
12.62	6570	6854	-284	6695
12.64	6591	6819	-228	6668
12.66	6576	6781	-205	6640
12.68	6400	6742	-342	6612
12.7	6368	6702	-334	6584
12.72	6282	6662	-380	6555
12.74	6217	6621	-404	6525
12.76	6180	6580	-400	6496
12.78	6352	6539	-187	6466
12.8	6169	6499	-330	6435
12.82	6172	6460	-288	6405
12.84	6141	6421	-280	6374
12.86	6118	6383	-265	6342
12.88	5958	6345	-387	6311
12.9	6125	6309	-184	6279
12.92	5985	6272	-287	6247
12.94	6084	6237	-153	6215
12.96	6123	6201	-78	6183
12.98	5978	6166	-188	6150
13.0	6028	6132	-104	6118
13.02	5799	6097	-298	6085
13.04	5816	6063	-247	6052
13.06	5892	6029	-137	6019
13.08	5809	5995	-186	5985
13.1	5877	5960	-83	5952
13.12	5681	5926	-245	5919
13.14	5773	5892	-119	5886
13.16	5710	5858	-148	5852
13.18	5770	5825	-55	5819
13.2	5686	5791	-105	5786
13.22	5579	5757	-178	5752
13.24	5584	5723	-139	5719
13.26	5480	5690	-210	5686
13.28	5442	5656	-214	5653
13.3	5545	5623	-78	5619
13.32	5402	5590	-188	5587
13.34	5423	5557	-134	5554
13.36	5401	5524	-123	5521
13.38	5469	5491	-22	5488
13.4	5293	5459	-166	5456
13.42	5406	5427	-21	5424
13.44	5223	5395	-172	5392
13.46	5326	5363	-37	5360
13.48	5176	5331	-155	5329
13.5	5309	5300	9	5298
13.52	5301	5269	32	5267
13.54	5118	5238	-120	5236
13.56	5146	5208	-62	5206
13.58	5111	5177	-66	5176
13.6	5104	5147	-43	5146
13.62	5047	5118	-71	5116
13.64	5077	5089	-12	5088
13.66	5013	5060	-47	5059
13.68	5046	5032	14	5031
13.7	4961	5004	-43	5003
13.72	4924	4977	-53	4976
13.74	4997	4950	47	4949
13.76	4884	4923	-39	4922
13.78	4896	4897	-1	4896
13.8	4831	4871	-40	4870
13.82	4734	4846	-112	4845
13.84	4793	4821	-28	4820
13.86	4793	4796	-3	4795
13.88	4858	4772	86	4771
13.9	4675	4748	-73	4747
13.92	4742	4724	18	4723
13.94	4669	4701	-32	4700
13.96	4592	4678	-86	4678
13.98	4707	4655	52	4655
14.0	4727	4633	94	4633
14.02	4663	4611	52	4611
14.04	4529	4590	-61	4590
14.06	4608	4569	39	4569
14.08	4678	4548	130	4548
14.1	4611	4527	84	4527
14.12	4612	4507	105	4507
14.14	4602	4488	115	4488
14.16	4587	4468	119	4468
14.18	4444	4449	-5	4449
14.2	4502	4430	72	4430
14.22	4507	4411	96	4411
14.24	4500	4393	107	4393
14.26	4503	4375	128	4375
14.28	4410	4358	52	4358
14.3	4442	4340	102	4340
14.32	4387	4323	64	4323
14.34	4505	4306	199	4306
14.36	4322	4290	32	4290
14.38	4282	4273	9	4273
14.4	4333	4257	76	4257
14.42	4324	4242	82	4242
14.44	4303	4226	77	4226
14.46	4309	4211	98	4211
14.48	4351	4196	155	4196
14.5	4289	4181	108	4181
14.52	4274	4167	107	4167
14.54	4271	4152	119	4152
14.56	4215	4138	77	4138
14.58	4233	4125	108	4125
14.6	4146	4111	35	4111
14.62	4153	4098	55	4098
14.64	4210	4085	125	4085
14.66	4278	4072	206	4072
14.68	4222	4059	163	4059
14.7	4083	4046	37	4046
14.72	4132	4034	98	4034
14.74	4071	4022	49	4022
14.76	4168	4010	158	4010
14.78	3921	3998	-77	3998
14.8	4185	3987	198	3987
14.82	4172	3976	196	3976
14.84	4131	3965	166	3964
14.86	4053	3954	99	3953
14.88	4097	3943	154	3943
14.9	4052	3933	119	3932
14.92	3995	3922	73	3922
14.94	3940	3912	28	3911
14.96	4046	3902	144	3901
14.98	4016	3892	124	3891
15.0	3932	3882	50	3881
15.02	3946	3872	74	3871
15.04	3867	3863	4	3862
15.06	3850	3853	-3	3852
15.08	4020	3844	176	3843
15.1	3993	3835	158	3834
15.12	3968	3826	142	3825
15.14	3928	3817	111	3816
15.16	3849	3808	41	3807
15.18	3965	3799	166	3798
15.2	3960	3791	169	3789
15.22	3915	3783	132	3781
15.24	3908	3775	133	3772
15.26	3819	3766	53	3764
15.28	3877	3758	119	3756
15.3	3855	3750	105	3748
15.32	3841	3742	99	3740
15.34	3872	3734	138	3731
15.36	3784	3727	57	3724
15.38	3821	3719	102	3716
15.4	3821	3711	110	3708
15.42	3724	3704	20	3700
15.44	3763	3696	67	3692
15.46	3826	3689	137	3685
15.48	3710	3682	28	3677
15.5	3643	3675	-32	3670
15.52	3673	3668	5	3662
15.54	3734	3661	73	3655
15.56	3700	3654	46	3647
15.58	3806	3647	159	3640
15.6	3626	3641	-15	3632
15.62	3647	3635	12	3625
15.64	3764	3629	135	3618
15.66	3611	3623	-12	3610
15.68	3728	3617	111	3603
15.7	3608	3612	-4	3596
15.72	3639	3608	31	3588
15.74	3671	3603	68	3581
15.76	3640	3599	41	3574
15.78	3633	3596	37	3567
15.8	3560	3593	-33	3559
15.82	3570	3590	-20	3552
15.84	3581	3588	-7	3545
15.86	3624	3586	38	3538
15.88	3595	3584	11	3531
15.9	3521	3582	-61	3523
15.92	3582	3581	1	3516
15.94	3609	3579	30	3509
15.96	3495	3577	-82	3502
15.98	3561	3574	-13	3495
16.0	3508	3571	-63	3488
16.02	3548	3566	-18	3481
16.04	3583	3561	22	3474
16.06	3402	3554	-152	3467
16.08	3507	3546	-39	3460
16.1	3557	3537	20	3453
16.12	3579	3526	53	3446
16.14	3479	3514	-35	3439
16.16	3522	3501	21	3432
16.18	3412	3488	-76	3425
16.2	3510	3475	35	3418
16.22	3388	3462	-74	3412
16.24	3552	3450	102	3405
16.26	3405	3438	-33	3398
16.28	3375	3426	-51	3391
16.3	3483	3416	67	3384
16.32	3378	3405	-27	3378
16.34	3452	3395	57	3371
16.36	3275	3386	-111	3364
16.38	3310	3377	-67	3358
16.4	3426	3369	57	3351
16.42	3401	3361	40	3344
16.44	3357	3354	3	3338
16.46	3383	3347	36	3331
16.48	3383	3340	43	3325
16.5	3420	3334	86	3318
16.52	3369	3328	41	3312
16.54	3299	3323	-24	3305
16.56	3387	3317	70	3299
16.58	3271	3312	-41	3292
16.6	3359	3307	52	3286
16.62	3415	3302	113	3280
16.64	3308	3297	11	3273
16.66	3256	3292	-36	3267
16.68	3257	3287	-30	3261
16.7	3351	3282	69	3255
16.72	3309	3277	32	3248
16.74	3175	3271	-96	3242
16.76	3296	3265	31	3236
16.78	3290	3259	31	3230
16.8	3176	3252	-76	3224
16.82	3280	3245	35	3218
16.84	3191	3238	-47	3212
16.86	3143	3229	-86	3206
16.88	3185	3221	-36	3200
16.9	3126	3213	-87	3194
16.92	3194	3206	-11	3188
16.94	3220	3198	22	3182
16.96	3183	3190	-7	3176
16.98	3116	3182	-66	3170
17.0	3186	3175	11	3164
17.02	3165	3168	-3	3158
17.04	3138	3161	-23	3153
17.06	3201	3154	47	3147
17.08	3273	3147	126	3141
17.1	3195	3141	54	3136
17.12	3189	3135	54	3130
17.14	3130	3128	2	3124
17.16	3157	3122	35	3119
17.18	3192	3116	76	3113
17.2	3063	3110	-47	3108
17.22	3091	3104	-13	3102
17.24	3061	3099	-38	3097
17.26	3115	3093	22	3092
17.28	3027	3087	-60	3086
17.3	3103	3082	21	3081
17.32	3077	3077	0	3076
17.34	3167	3071	96	3071
17.36	3100	3066	34	3065
17.38	3045	3060	-15	3060
17.4	3038	3055	-17	3055
17.42	3120	3050	70	3050
17.44	3139	3045	94	3045
17.46	3018	3040	-22	3040
17.48	3018	3035	-17	3035
17.5	3061	3030	31	3030
17.52	3026	3025	1	3025
17.54	3067	3020	47	3020
17.56	3058	3015	43	3015
17.58	3034	3011	23	3011
17.6	3029	3006	23	3006
17.62	3062	3001	61	3001
17.64	2968	2996	-28	2996
17.66	3053	2992	61	2992
17.68	3075	2987	88	2987
17.7	3118	2983	135	2983
17.72	3070	2978	92	2978
17.74	2880	2974	-94	2974
17.76	3018	2969	49	2969
17.78	3011	2965	46	2965
17.8	3060	2961	99	2961
17.82	2937	2956	-19	2956
17.84	2956	2952	4	2952
17.86	2976	2948	28	2948
17.88	3032	2944	88	2944
17.9	3019	2940	79	2940
17.92	2997	2935	62	2935
17.94	2881	2931	-50	2931
17.96	3034	2927	107	2927
17.98	2922	2924	-2	2924
18.0	2972	2920	52	2920
18.02	2931	2916	15	2916
18.04	2975	2912	63	2912
18.06	2865	2908	-43	2908
18.08	2906	2905	1	2904
18.1	2940	2901	39	2901
18.12	2997	2898	99	2897
18.14	2876	2894	-18	2894
18.16	2877	2891	-14	2890
18.18	2902	2887	15	2887
18.2	2992	2884	108	2883
18.22	2906	2881	25	2880
18.24	2906	2877	29	2876
18.26	2904	2874	30	2873
18.28	2969	2871	98	2870
18.3	2928	2868	60	2867
18.32	2904	2864	40	2863
18.34	2908	2861	47	2860
18.36	2836	2858	-22	2857
18.38	2881	2855	26	2854
18.4	2867	2852	15	2851
18.42	2918	2850	68	2848
18.44	2883	2847	36	2846
18.46	2970	2844	126	2843
18.48	2800	2841	-41	2840
18.5	2828	2839	-11	2837
18.52	2873	2837	36	2835
18.54	2903	2834	69	2832
18.56	2853	2832	21	2829
18.58	2875	2830	45	2827
18.6	2898	2827	71	2824
18.62	2818	2825	-7	2822
18.64	2867	2823	44	2820
18.66	2811	2821	-10	2817
18.68	2924	2819	105	2815
18.7	2729	2817	-88	2813
18.72	2821	2815	6	2811
18.74	2801	2814	-13	2809
18.76	2849	2812	37	2807
18.78	2880	2810	70	2805
18.8	2865	2809	56	2803
18.82	2822	2808	14	2801
18.84	2839	2806	33	2799
18.86	2801	2805	-4	2798
18.88	2784	2804	-20	2796
18.9	2725	2804	-79	2794
18.92	2791	2803	-12	2793
18.94	2800	2803	-3	2791
18.96	2829	2803	26	2790
18.98	2900	2803	97	2788
19.0	2866	2804	62	2787
19.02	2832	2805	27	2786
19.04	2807	2807	0	2784
19.06	2843	2809	34	2783
19.08	2847	2812	35	2782
19.1	2764	2815	-51	2781
19.12	2731	2819	-88	2780
19.14	2782	2823	-41	2779
19.16	2782	2827	-45	2778
19.18	2824	2832	-8	2777
19.2	2858	2837	21	2776
19.22	2816	2842	-26	2775
19.24	2934	2848	86	2774
19.26	2851	2852	-1	2774
19.28	2841	2857	-16	2773
19.3	2822	2861	-39	2772
19.32	2778	2864	-86	2772
19.34	2918	2866	52	2771
19.36	2821	2867	-46	2771
19.38	2780	2867	-87	2770
19.4	2793	2866	-73	2770
19.42	2709	2863	-154	2769
19.44	2825	2859	-34	2769
19.46	2850	2854	-4	2769
19.48	2879	2849	30	2768
19.5	2814	2844	-30	2768
19.52	2856	2840	16	2768
19.54	2867	2835	32	2768
19.56	2725	2832	-107	2768
19.58	2902	2829	73	2767
19.6	2804	2827	-23	2767
19.62	2803	2826	-23	2767
19.64	2891	2825	66	2767
19.66	2798	2826	-28	2767
19.68	2900	2827	73	2767
19.7	2802	2829	-27	2768
19.72	2836	2831	5	2768
19.74	2821	2834	-13	2768
19.76	2793	2838	-45	2768
19.78	2774	2841	-67	2768
19.8	2945	2845	100	2768
19.82	2937	2849	88	2769
19.84	2795	2852	-57	2769
19.86	2837	2856	-19	2769
19.88	2735	2858	-123	2770
19.9	2951	2860	91	2770
19.92	2922	2860	62	2770
19.94	2801	2860	-59	2771
19.96	2778	2858	-80	2771
19.98	2857	2855	2	2772
20.0	2830	2851	-21	2772
20.02	2816	2846	-30	2773
20.04	2843	2841	2	2773
20.06	2767	2835	-68	2774
20.08	2906	2829	77	2774
20.1	2845	2824	21	2775
20.12	2839	2818	21	2776
20.14	2766	2814	-48	2776
20.16	2909	2810	99	2777
20.18	2833	2806	27	2778
20.2	2871	2802	69	2778
20.22	2792	2799	-7	2779
20.24	2879	2797	82	2780
20.26	2908	2796	112	2780
20.28	2889	2794	95	2781
20.3	2861	2793	68	2782
20.32	2821	2792	29	2783
20.34	2792	2792	0	2783
20.36	2861	2792	69	2784
20.38	2848	2792	56	2785
20.4	2753	2792	-39	2786
20.42	2858	2792	66	2786
20.44	2861	2793	68	2787
20.46	2872	2793	79	2788
20.48	2715	2793	-78	2789
20.5	2847	2793	54	2790
20.52	2987	2794	193	2791
20.54	2844	2795	49	2791
20.56	2834	2795	39	2792
20.58	2879	2796	83	2793
20.6	2878	2797	81	2794
20.62	2811	2797	14	2795
20.64	2906	2798	108	2796
20.66	2803	2799	4	2797
20.68	2938	2800	138	2798
20.7	2809	2800	9	2798
20.72	2793	2801	-8	2799
20.74	2840	2802	38	2800
20.76	2763	2803	-40	2801
20.78	2843	2804	39	2802
20.8	2901	2805	96	2803
20.82	2792	2805	-13	2804
20.84	2851	2806	45	2805
20.86	2854	2807	47	2805
20.88	2888	2808	80	2806
20.9	2821	2809	12	2807
20.92	2932	2810	122	2808
20.94	2873	2810	63	2809
20.96	2815	2811	4	2810
20.98	2855	2812	43	2810
21.0	2822	2812	10	2811
21.02	2873	2813	60	2812
21.04	2860	2814	46	2813
21.06	2785	2815	-30	2814
21.08	2873	2816	57	2814
21.1	2832	2816	16	2815
21.12	2937	2817	120	2816
21.14	2848	2818	30	2817
21.16	2817	2819	-2	2817
21.18	2871	2819	52	2818
21.2	2831	2820	11	2819
21.22	2790	2822	-32	2819
21.24	2881	2822	59	2820
21.26	2905	2823	82	2821
21.28	2970	2824	146	2821
21.3	2901	2825	76	2822
21.32	2944	2825	119	2823
21.34	2828	2826	2	2823
21.36	2933	2827	106	2824
21.38	2807	2827	-20	2824
21.4	2862	2829	33	2825
21.42	2896	2829	67	2825
21.44	2947	2830	117	2826
21.46	2948	2831	117	2826
21.48	2897	2832	65	2827
21.5	2890	2832	58	2827
21.52	2854	2833	21	2827
21.54	2858	2834	24	2828
21.56	2869	2836	33	2828
21.58	2948	2837	111	2828
21.6	2916	2838	78	2829
21.62	2928	2839	89	2829
21.64	2926	2840	86	2829
21.66	2881	2842	39	2829
21.68	2811	2843	-32	2829
21.7	2857	2845	12	2830
21.72	2867	2847	20	2830
21.74	2873	2850	23	2830
21.76	2850	2852	-2	2830
21.78	2857	2855	2	2830
21.8	2974	2858	116	2830
21.82	2970	2861	109	2830
21.84	2938	2865	73	2830
21.86	2874	2869	5	2829
21.88	2839	2873	-34	2829
21.9	2930	2878	52	2829
21.92	2785	2883	-98	2829
21.94	2878	2888	-10	2829
21.96	2943	2893	50	2828
21.98	2844	2899	-55	2828
22.0	2969	2905	64	2828
22.02	2888	2910	-22	2827
22.04	2885	2916	-31	2827
22.06	2897	2921	-24	2826
22.08	2799	2927	-128	2826
22.1	2796	2931	-135	2825
22.12	2907	2935	-28	2825
22.14	2894	2938	-44	2824
22.16	2852	2940	-88	2823
22.18	2753	2940	-187	2823
22.2	2856	2938	-82	2822
22.22	2935	2935	0	2821
22.24	2854	2930	-76	2821
22.26	2779	2923	-144	2820
22.28	2836	2916	-80	2819
22.3	2856	2907	-51	2818
22.32	2886	2898	-12	2817
22.34	2828	2889	-61	2816
22.36	2808	2880	-72	2815
22.38	2920	2871	49	2814
22.4	2858	2862	-4	2813
22.42	2887	2855	32	2812
22.44	2982	2848	134	2811
22.46	2859	2842	17	2810
22.48	2873	2836	37	2809
22.5	2841	2831	10	2808
22.52	2899	2826	73	2807
22.54	2757	2822	-65	2805
22.56	2763	2819	-56	2804
22.58	2880	2816	64	2803
22.6	2850	2813	37	2802
22.62	2854	2810	44	2800
22.64	2751	2808	-57	2799
22.66	2868	2805	63	2798
22.68	2749	2803	-54	2796
22.7	2865	2801	64	2795
22.72	2817	2799	18	2793
22.74	2782	2797	-15	2792
22.76	2801	2795	6	2790
22.78	2827	2793	34	2789
22.8	2840	2792	48	2787
22.82	2903	2790	113	2786
22.84	2876	2788	88	2784
22.86	2872	2786	86	2782
22.88	2856	2784	72	2781
22.9	2817	2782	35	2779
22.92	2741	2780	-39	2777
22.94	2854	2778	76	2776
22.96	2826	2777	49	2774
22.98	2754	2775	-21	2772
23.0	2791	2773	18	2770
23.02	2853	2771	82	2768
23.04	2836	2769	67	2767
23.06	2832	2767	65	2765
23.08	2810	2765	45	2763
23.1	2753	2763	-10	2761
23.12	2830	2761	69	2759
23.14	2744	2758	-14	2757
23.16	2833	2756	77	2755
23.18	2679	2754	-75	2753
23.2	2725	2752	-27	2751
23.22	2733	2750	-17	2749
23.24	2826	2748	78	2747
23.26	2808	2746	62	2745
23.28	2739	2743	-4	2742
23.3	2739	2741	-2	2740
23.32	2747	2739	8	2738
23.34	2782	2737	45	2736
23.36	2711	2735	-24	2734
23.38	2772	2732	40	2732
23.4	2737	2730	7	2729
23.42	2644	2728	-84	2727
23.44	2851	2725	126	2725
23.46	2804	2722	82	2722
23.48	2680	2720	-40	2720
23.5	2780	2718	62	2718
23.52	2784	2715	69	2715
23.54	2723	2713	10	2713
23.56	2772	2711	61	2711
23.58	2771	2708	63	2708
23.6	2672	2706	-34	2706
23.62	2621	2703	-82	2703
23.64	2659	2701	-42	2701
23.66	2681	2698	-17	2698
23.68	2719	2696	23	2696
23.7	2744	2693	51	2693
23.72	2670	2691	-21	2691
23.74	2656	2688	-32	2688
23.76	2642	2686	-44	2686
23.78	2660	2683	-23	2683
23.8	2705	2680	25	2680
23.82	2712	2678	34	2678
23.84	2609	2675	-66	2675
23.86	2607	2672	-65	2672
23.88	2697	2670	27	2670
23.9	2673	2667	6	2667
23.92	2639	2664	-25	2664
23.94	2722	2662	60	2662
23.96	2687	2659	28	2659
23.98	2681	2656	25	2656
24.0	2720	2653	67	2653
24.02	2670	2651	19	2651
24.04	2688	2648	40	2648
24.06	2635	2645	-10	2645
24.08	2610	2642	-32	2642
24.1	2684	2639	45	2639
24.12	2655	2637	18	2637
24.14	2658	2634	24	2634
24.16	2543	2631	-88	2631
24.18	2612	2628	-16	2628
24.2	2599	2625	-26	2625
24.22	2671	2622	49	2622
24.24	2656	2619	37	2619
24.26	2585	2616	-31	2616
24.28	2626	2613	13	2613
24.3	2664	2611	53	2611
24.32	2740	2608	132	2608
24.34	2672	2605	67	2605
24.36	2659	2602	57	2602
24.38	2648	2599	49	2599
24.4	2680	2596	84	2596
24.42	2605	2594	11	2593
24.44	2645	2591	54	2590
24.46	2681	2588	93	2587
24.48	2542	2585	-43	2584
24.5	2572	2582	-10	2580
24.52	2558	2579	-21	2577
24.54	2448	2576	-128	2574
24.56	2539	2573	-34	2571
24.58	2559	2570	-11	2568
24.6	2570	2567	3	2565
24.62	2566	2565	1	2562
24.64	2606	2562	44	2559
24.66	2584	2559	25	2556
24.68	2532	2557	-25	2553
24.7	2481	2554	-73	2550
24.72	2507	2551	-44	2546
24.74	2565	2549	16	2543
24.76	2578	2546	32	2540
24.78	2478	2544	-66	2537
24.8	2664	2543	121	2534
24.82	2512	2541	-29	2531
24.84	2544	2539	5	2528
24.86	2532	2537	-5	2524
24.88	2560	2536	24	2521
24.9	2533	2535	-2	2518
24.92	2547	2535	12	2515
24.94	2511	2534	-23	2512
24.96	2417	2535	-118	2508
24.98	2545	2536	9	2505
25.0	2522	2536	-14	2502
25.02	2601	2537	64	2499
25.04	2449	2538	-89	2496
25.06	2587	2538	49	2492
25.08	2485	2539	-54	2489
25.1	2411	2540	-129	2486
25.12	2573	2541	32	2483
25.14	2547	2541	6	2479
25.16	2475	2541	-66	2476
25.18	2510	2541	-31	2473
25.2	2556	2540	16	2470
25.22	2521	2538	-17	2466
25.24	2495	2536	-41	2463
25.26	2515	2533	-18	2460
25.28	2426	2530	-104	2457
25.3	2454	2526	-72	2453
25.32	2420	2522	-102	2450
25.34	2408	2518	-110	2447
25.36	2449	2514	-65	2444
25.38	2418	2509	-91	2440
25.4	2435	2505	-70	2437
25.42	2471	2500	-29	2434
25.44	2407	2496	-89	2430
25.46	2464	2491	-27	2427
25.48	2406	2487	-81	2424
25.5	2401	2482	-81	2421
25.52	2409	2477	-68	2417
25.54	2317	2471	-154	2414
25.56	2478	2466	12	2411
25.58	2424	2461	-37	2407
25.6	2438	2456	-18	2404
25.62	2442	2452	-10	2401
25.64	2435	2449	-14	2397
25.66	2435	2446	-11	2394
25.68	2295	2443	-148	2391
25.7	2387	2441	-54	2388
25.72	2338	2440	-102	2384
25.74	2427	2440	-13	2381
25.76	2297	2440	-143	2378
25.78	2323	2440	-117	2374
25.8	2327	2440	-113	2371
25.82	2471	2441	30	2368
25.84	2312	2442	-130	2364
25.86	2379	2442	-63	2361
25.88	2283	2442	-159	2358
25.9	2396	2442	-46	2354
25.92	2368	2441	-73	2351
25.94	2297	2439	-142	2348
25.96	2454	2436	18	2344
25.98	2342	2432	-90	2341
26.0	2338	2427	-89	2338
26.02	2253	2421	-168	2334
26.04	2307	2414	-107	2331
26.06	2265	2405	-140	2328
26.08	2277	2397	-120	2324
26.1	2346	2388	-42	2321
26.12	2357	2378	-21	2318
26.14	2343	2369	-26	2314
26.16	2297	2360	-63	2311
26.18	2362	2351	11	2308
26.2	2241	2342	-101	2304
26.22	2410	2334	76	2301
26.24	2269	2326	-57	2298
26.26	2291	2319	-28	2294
26.28	2220	2312	-92	2291
26.3	2256	2306	-50	2287
26.32	2350	2300	50	2284
26.34	2240	2294	-54	2281
26.36	2299	2289	10	2277
26.38	2318	2284	34	2274
26.4	2302	2279	23	2271
26.42	2215	2274	-59	2267
26.44	2259	2270	-11	2264
26.46	2242	2266	-24	2261
26.48	2294	2262	32	2257
26.5	2326	2258	68	2254
26.52	2291	2254	37	2251
26.54	2226	2250	-24	2247
26.56	2262	2246	16	2244
26.58	2206	2243	-37	2241
26.6	2267	2239	28	2237
26.62	2304	2236	68	2234
26.64	2346	2233	113	2231
26.66	2309	2228	81	2227
26.68	2229	2225	4	2224
26.7	2220	2222	-2	2221
26.72	2192	2218	-26	2217
26.74	2227	2215	12	2214
26.76	2216	2212	4	2211
26.78	2206	2208	-2	2207
26.8	2200	2205	-5	2204
26.82	2186	2202	-16	2201
26.84	2160	2198	-38	2197
26.86	2215	2194	21	2194
26.88	2135	2191	-56	2191
26.9	2180	2188	-8	2188
26.92	2221	2184	37	2184
26.94	2228	2181	47	2181
26.96	2159	2178	-19	2178
26.98	2155	2174	-19	2174
27.0	2205	2171	34	2171
27.02	2237	2168	69	2168
27.04	2174	2164	10	2164
27.06	2144	2161	-17	2161
27.08	2185	2158	27	2158
27.1	2243	2155	88	2155
27.12	2163	2151	12	2151
27.14	2123	2148	-25	2148
27.16	2106	2145	-39	2145
27.18	2249	2141	108	2141
27.2	2138	2138	0	2138
27.22	2175	2135	40	2135
27.24	2174	2132	42	2132
27.26	2220	2128	92	2128
27.28	2218	2125	93	2125
27.3	2098	2122	-24	2122
27.32	2155	2119	36	2119
27.34	2119	2115	4	2115
27.36	2131	2113	18	2112
27.38	2175	2110	65	2109
27.4	2170	2106	64	2106
27.42	2181	2103	78	2102
27.44	2153	2100	53	2099
27.46	2126	2097	29	2096
27.48	2110	2094	16	2093
27.5	2137	2090	47	2090
27.52	2160	2087	73	2086
27.54	2154	2084	70	2083
27.56	2193	2081	112	2080
27.58	2170	2078	92	2077
27.6	2101	2075	26	2073
27.62	2177	2071	106	2070
27.64	2017	2068	-51	2067
27.66	2168	2065	103	2064
27.68	2087	2062	25	2061
27.7	2085	2059	26	2058
27.72	2033	2056	-23	2054
27.74	2075	2053	22	2051
27.76	2120	2050	70	2048
27.78	2077	2047	30	2045
27.8	2120	2044	76	2042
27.82	2044	2041	3	2039
27.84	2056	2039	17	2035
27.86	2099	2036	63	2032
27.88	2053	2033	20	2029
27.9	2058	2030	28	2026
27.92	2077	2027	50	2023
27.94	2080	2024	56	2020
27.96	2126	2021	105	2017
27.98	2144	2018	126	2014
28.0	2127	2015	112	2011
28.02	2173	2013	160	2007
28.04	2240	2010	230	2004
28.06	2211	2007	204	2001
28.08	2299	2005	294	1998
28.1	2332	2003	329	1995
28.12	2262	2000	262	1992
28.14	2370	1999	371	1989
28.16	2267	1997	270	1986
28.18	2259	1995	264	1983
28.2	2282	1993	289	1980
28.22	2222	1993	229	1977
28.24	2096	1992	104	1974
28.26	2125	1991	134	1971
28.28	2075	1991	84	1968
28.3	2038	1991	47	1965
28.32	1958	1992	-34	1962
28.34	2129	1994	135	1959
28.36	1984	1995	-11	1956
28.38	2000	1998	2	1953
28.4	2065	2001	64	1950
28.42	1977	2004	-27	1947
28.44	1966	2008	-42	1944
28.46	1982	2013	-31	1941
28.48	2026	2018	8	1938
28.5	2021	2023	-2	1935
28.52	1959	2028	-69	1932
28.54	1994	2033	-39	1929
28.56	2027	2038	-11	1926
28.58	1979	2043	-64	1924
28.6	2004	2046	-42	1921
28.62	1969	2048	-79	1918
28.64	2006	2050	-44	1915
28.66	2065	2050	15	1912
28.68	1991	2048	-57	1909
28.7	1861	2045	-184	1906
28.72	2071	2040	31	1903
28.74	1964	2034	-70	1901
28.76	1857	2026	-169	1898
28.78	1898	2017	-119	1895
28.8	1926	2007	-81	1892
28.82	1881	1997	-116	1889
28.84	1891	1986	-95	1887
28.86	1886	1975	-89	1884
28.88	1893	1965	-72	1881
28.9	1921	1955	-34	1878
28.92	1925	1944	-19	1875
28.94	1919	1934	-15	1873
28.96	1933	1924	9	1870
28.98	1937	1916	21	1867
29.0	1881	1908	-27	1865
29.02	1958	1900	58	1862
29.04	1844	1893	-49	1859
29.06	1899	1886	13	1856
29.08	1951	1880	71	1854
29.1	1922	1874	48	1851
29.12	1865	1869	-4	1848
29.14	1893	1864	29	1846
29.16	1893	1859	34	1843
29.18	1992	1854	138	1840
29.2	1879	1850	29	1838
29.22	1887	1847	40	1835
29.24	1859	1844	15	1833
29.26	1889	1840	49	1830
29.28	1934	1837	97	1827
29.3	1854	1834	20	1825
29.32	1842	1830	12	1822
29.34	1843	1828	15	1820
29.36	1859	1825	34	1817
29.38	1820	1821	-1	1815
29.4	1762	1819	-57	1812
29.42	1799	1816	-17	1809
29.44	1820	1813	7	1807
29.46	1835	1811	24	1804
29.48	1837	1808	29	1802
29.5	1817	1806	11	1799
29.52	1795	1803	-8	1797
29.54	1860	1801	59	1795
29.56	1742	1799	-57	1792
29.58	1830	1796	34	1790
29.6	1944	1794	150	1787
29.62	1869	1791	78	1785
29.64	1875	1789	86	1782
29.66	1930	1787	143	1780
29.68	1823	1785	38	1778
29.7	1852	1783	69	1775
29.72	1772	1782	-10	1773
29.74	1816	1780	36	1771
29.76	1837	1778	59	1768
29.78	1738	1777	-39	1766
29.8	1865	1775	90	1764
29.82	1843	1774	69	1761
29.84	1814	1773	41	1759
29.86	1892	1772	120	1757
29.88	1848	1772	76	1754
29.9	1747	1772	-25	1752
29.92	1842	1773	69	1750
29.94	1889	1774	115	1748
29.96	1787	1776	11	1745
29.98	1742	1778	-36	1743
30.0	1762	1780	-18	1741
30.02	1839	1784	55	1739
30.04	1761	1788	-27	1736
30.06	1777	1793	-16	1734
30.08	1803	1798	5	1732
30.1	1797	1803	-6	1730
30.12	1737	1809	-72	1728
30.14	1812	1815	-3	1726
30.16	1796	1821	-25	1723
30.18	1801	1827	-26	1721
30.2	1696	1832	-136	1719
30.22	1703	1837	-134	1717
30.24	1778	1840	-62	1715
30.26	1858	1842	16	1713
30.28	1777	1843	-66	1711
30.3	1749	1841	-92	1709
30.32	1772	1837	-65	1707
30.34	1742	1832	-90	1705
30.36	1761	1824	-63	1703
30.38	1729	1815	-86	1701
30.4	1648	1805	-157	1699
30.42	1723	1794	-71	1697
30.44	1770	1783	-13	1695
30.46	1779	1772	7	1693
30.48	1753	1762	-9	1691
30.5	1721	1751	-30	1689
30.52	1761	1742	19	1687
30.54	1764	1732	32	1685
30.56	1692	1724	-32	1683
30.58	1673	1717	-44	1681
30.6	1803	1710	93	1679
30.62	1705	1704	1	1677
30.64	1743	1698	45	1675
30.66	1678	1693	-15	1673
30.68	1765	1689	76	1671
30.7	1727	1685	42	1670
30.72	1717	1682	35	1668
30.74	1738	1678	60	1666
30.76	1717	1675	42	1664
30.78	1727	1673	54	1662
30.8	1719	1670	49	1660
30.82	1704	1667	37	1659
30.84	1674	1665	9	1657
30.86	1640	1663	-23	1655
30.88	1688	1661	27	1653
30.9	1721	1658	63	1651
30.92	1734	1656	78	1650
30.94	1741	1654	87	1648
30.96	1762	1652	110	1646
30.98	1656	1650	6	1644
31.0	1717	1648	69	1643
31.02	1690	1647	43	1641
31.04	1690	1645	45	1639
31.06	1720	1644	76	1638
31.08	1758	1642	116	1636
31.1	1700	1640	60	1634
31.12	1730	1638	92	1633
31.14	1725	1636	89	1631
31.16	1747	1635	112	1629
31.18	1703	1633	70	1628
31.2	1718	1631	87	1626
31.22	1738	1629	109	1625
31.24	1770	1628	142	1623
31.26	1649	1627	22	1621
31.28	1679	1625	54	1620
31.3	1695	1624	71	1618
31.32	1621	1622	-1	1617
31.34	1690	1621	69	1615
31.36	1772	1619	153	1614
31.38	1755	1617	138	1612
31.4	1703	1616	87	1611
31.42	1740	1615	125	1609
31.44	1739	1615	124	1608
31.46	1704	1614	90	1606
31.48	1742	1613	129	1605
31.5	1689	1612	77	1603
31.52	1765	1611	154	1602
31.54	1676	1610	66	1600
31.56	1746	1609	137	1599
31.58	1735	1609	126	1597
31.6	1771	1608	163	1596
31.62	1756	1608	148	1594
31.64	1857	1607	250	1593
31.66	1817	1607	210	1592
31.68	1822	1605	217	1590
31.7	1882	1604	278	1589
31.72	1779	1603	176	1588
31.74	1753	1602	151	1586
31.76	1826	1600	226	1585
31.78	1796	1600	196	1584
31.8	1823	1598	225	1582
31.82	1818	1597	221	1581
31.84	1805	1596	209	1580
31.86	1810	1594	216	1578
31.88	1727	1593	134	1577
31.9	1737	1592	145	1576
31.92	1737	1591	146	1575
31.94	1739	1591	148	1573
31.96	1712	1590	122	1572
31.98	1704	1589	115	1571
32.0	1693	1588	105	1570
32.02	1755	1588	167	1568
32.04	1613	1588	25	1567
32.06	1716	1587	129	1566
32.08	1625	1586	39	1565
32.1	1701	1585	116	1564
32.12	1670	1584	86	1562
32.14	1605	1584	21	1561
32.16	1635	1582	53	1560
32.18	1648	1581	67	1559
32.2	1647	1580	67	1558
32.22	1696	1578	118	1557
32.24	1699	1577	122	1556
32.26	1692	1575	117	1555
32.28	1677	1573	104	1553
32.3	1743	1571	172	1552
32.32	1562	1569	-7	1551
32.34	1682	1567	115	1550
32.36	1623	1566	57	1549
32.38	1605	1564	41	1548
32.4	1709	1562	147	1547
32.42	1624	1560	64	1546
32.44	1671	1559	112	1545
32.46	1614	1557	57	1544
32.48	1584	1556	28	1543
32.5	1606	1554	52	1542
32.52	1562	1553	9	1541
32.54	1541	1551	-10	1540
32.56	1617	1549	68	1539
32.58	1579	1548	31	1538
32.6	1659	1547	112	1537
32.62	1636	1546	90	1536
32.64	1609	1545	64	1536
32.66	1602	1544	58	1535
32.68	1619	1544	75	1534
32.7	1614	1544	70	1533
32.72	1576	1543	33	1532
32.74	1638	1543	95	1531
32.76	1594	1543	51	1530
32.78	1539	1542	-3	1529
32.8	1628	1542	86	1529
32.82	1651	1542	109	1528
32.84	1576	1541	35	1527
32.86	1629	1541	88	1526
32.88	1601	1542	59	1525
32.9	1551	1542	9	1524
32.92	1569	1543	26	1524
32.94	1619	1543	76	1523
32.96	1622	1544	78	1522
32.98	1531	1545	-14	1521
33.0	1584	1546	38	1521
33.02	1601	1548	53	1520
33.04	1604	1549	55	1519
33.06	1509	1551	-42	1519
33.08	1638	1554	84	1518
33.1	1572	1556	16	1517
33.12	1574	1560	14	1516
33.14	1587	1563	24	1516
33.16	1503	1567	-64	1515
33.18	1683	1571	112	1514
33.2	1565	1575	-10	1514
33.22	1574	1579	-5	1513
33.24	1667	1584	83	1512
33.26	1641	1588	53	1512
33.28	1635	1591	44	1511
33.3	1647	1595	52	1511
33.32	1661	1599	62	1510
33.34	1613	1601	12	1509
33.36	1574	1604	-30	1509
33.38	1658	1606	52	1508
33.4	1713	1607	106	1508
33.42	1695	1607	88	1507
33.44	1701	1606	95	1507
33.46	1682	1604	78	1506
33.48	1749	1601	148	1506
33.5	1754	1598	156	1505
33.52	1671	1594	77	1505
33.54	1791	1590	201	1504
33.56	1796	1587	209	1504
33.58	1849	1582	267	1503
33.6	1799	1579	220	1503
33.62	1848	1575	273	1502
33.64	1792	1571	221	1502
33.66	1729	1569	160	1501
33.68	1631	1566	65	1501
33.7	1686	1564	122	1501
33.72	1713	1563	150	1500
33.74	1697	1562	135	1500
33.76	1611	1560	51	1499
33.78	1656	1558	98	1499
33.8	1584	1556	28	1499
33.82	1535	1553	-18	1498
33.84	1645	1551	94	1498
33.86	1615	1548	67	1498
33.88	1612	1545	67	1497
33.9	1533	1542	-9	1497
33.92	1594	1539	55	1497
33.94	1569	1537	32	1496
33.96	1548	1535	13	1496
33.98	1531	1533	-2	1496
34.0	1558	1531	27	1495
34.02	1591	1529	62	1495
34.04	1591	1528	63	1495
34.06	1626	1526	100	1495
34.08	1537	1525	12	1494
34.1	1486	1524	-38	1494
34.12	1523	1524	-1	1494
34.14	1560	1523	37	1494
34.16	1523	1523	0	1493
34.18	1540	1524	16	1493
34.2	1566	1524	42	1493
34.22	1550	1524	26	1493
34.24	1579	1524	55	1493
34.26	1569	1525	44	1493
34.28	1500	1526	-26	1492
34.3	1547	1528	19	1492
34.32	1543	1530	13	1492
34.34	1538	1533	5	1492
34.36	1574	1536	38	1492
34.38	1562	1538	24	1492
34.4	1580	1542	38	1492
34.42	1480	1546	-66	1492
34.44	1548	1549	-1	1492
34.46	1560	1553	7	1491
34.48	1565	1556	9	1491
34.5	1566	1559	7	1491
34.52	1552	1563	-11	1491
34.54	1523	1567	-44	1491
34.56	1540	1570	-30	1491
34.58	1571	1573	-2	1491
34.6	1570	1574	-4	1491
34.62	1487	1576	-89	1491
34.64	1577	1576	1	1491
34.66	1541	1576	-35	1491
34.68	1496	1575	-79	1491
34.7	1546	1574	-28	1491
34.72	1542	1573	-31	1491
34.74	1617	1571	46	1491
34.76	1582	1570	12	1491
34.78	1564	1568	-4	1491
34.8	1544	1567	-23	1491
34.82	1497	1566	-69	1491
34.84	1485	1565	-80	1492
34.86	1458	1565	-107	1492
34.88	1519	1565	-46	1492
34.9	1536	1566	-30	1492
34.92	1577	1566	11	1492
34.94	1542	1568	-26	1492
34.96	1503	1570	-67	1492
34.98	1485	1572	-87	1492
35.0	1528	1574	-46	1492
35.02	1489	1577	-88	1492
35.04	1546	1580	-34	1492
35.06	1570	1584	-14	1493
35.08	1468	1587	-119	1493
35.1	1540	1591	-51	1493
35.12	1529	1594	-65	1493
35.14	1530	1597	-67	1493
35.16	1560	1599	-39	1493
35.18	1462	1600	-138	1493
35.2	1468	1600	-132	1494
35.22	1499	1600	-101	1494
35.24	1557	1597	-40	1494
35.26	1591	1595	-4	1494
35.28	1575	1592	-17	1494
35.3	1553	1588	-35	1495
35.32	1513	1583	-70	1495
35.34	1632	1579	53	1495
35.36	1556	1575	-19	1495
35.38	1549	1571	-22	1495
35.4	1528	1567	-39	1496
35.42	1576	1564	12	1496
35.44	1552	1561	-9	1496
35.46	1563	1558	5	1496
35.48	1674	1555	119	1496
35.5	1562	1554	8	1497
35.52	1596	1553	43	1497
35.54	1616	1552	64	1497
35.56	1600	1552	48	1497
35.58	1631	1551	80	1498
35.6	1629	1551	78	1498
35.62	1673	1552	121	1498
35.64	1714	1552	162	1498
35.66	1706	1552	154	1499
35.68	1766	1553	213	1499
35.7	1796	1553	243	1499
35.72	1874	1553	321	1499
35.74	1876	1553	323	1500
35.76	1868	1553	315	1500
35.78	1955	1553	402	1500
35.8	2010	1553	457	1500
35.82	1903	1552	351	1501
35.84	1941	1552	389	1501
35.86	2040	1552	488	1501
35.88	1970	1552	418	1502
35.9	1789	1552	237	1502
35.92	1902	1552	350	1502
35.94	1810	1552	258	1502
35.96	1767	1552	215	1503
35.98	1727	1552	175	1503
36.0	1689	1553	136	1503
36.02	1610	1553	57	1504
36.04	1642	1553	89	1504
36.06	1632	1554	78	1504
36.08	1573	1555	18	1504
36.1	1552	1555	-3	1505
36.12	1623	1555	68	1505
36.14	1577	1556	21	1505
36.16	1546	1557	-11	1506
36.18	1665	1558	107	1506
36.2	1645	1559	86	1506
36.22	1593	1560	33	1507
36.24	1536	1560	-24	1507
36.26	1599	1561	38	1507
36.28	1555	1562	-7	1507
36.3	1641	1564	77	1508
36.32	1602	1565	37	1508
36.34	1576	1566	10	1508
36.36	1568	1567	1	1509
36.38	1638	1568	70	1509
36.4	1592	1569	23	1509
36.42	1628	1571	57	1510
36.44	1639	1572	67	1510
36.46	1605	1573	32	1510
36.48	1656	1574	82	1510
36.5	1644	1576	68	1511
36.52	1672	1577	95	1511
36.54	1664	1579	85	1511
36.56	1669	1580	89	1512
36.58	1767	1581	186	1512
36.6	1657	1583	74	1512
36.62	1698	1584	114	1513
36.64	1876	1586	290	1513
36.66	1865	1587	278	1513
36.68	1792	1589	203	1513
36.7	1856	1591	265	1514
36.72	1812	1592	220	1514
36.74	1847	1594	253	1514
36.76	1793	1596	197	1515
36.78	1825	1598	227	1515
36.8	1854	1599	255	1515
36.82	1671	1601	70	1515
36.84	1704	1604	100	1516
36.86	1624	1606	18	1516
36.88	1705	1608	97	1516
36.9	1642	1610	32	1516
36.92	1603	1612	-9	1517
36.94	1631	1614	17	1517
36.96	1551	1617	-66	1517
36.98	1615	1619	-4	1517
37.0	1588	1622	-34	1518
37.02	1579	1624	-45	1518
37.04	1562	1627	-65	1518
37.06	1545	1630	-85	1518
37.08	1527	1633	-106	1519
37.1	1555	1636	-81	1519
37.12	1582	1639	-57	1519
37.14	1547	1642	-95	1519
37.16	1595	1645	-50	1520
37.18	1523	1649	-126	1520
37.2	1657	1652	5	1520
37.22	1616	1656	-40	1520
37.24	1568	1660	-92	1520
37.26	1580	1665	-85	1521
37.28	1610	1670	-60	1521
37.3	1660	1674	-14	1521
37.32	1633	1679	-46	1521
37.34	1688	1685	3	1521
37.36	1614	1691	-77	1522
37.38	1607	1697	-90	1522
37.4	1692	1704	-12	1522
37.42	1632	1710	-78	1522
37.44	1679	1717	-38	1522
37.46	1659	1725	-66	1522
37.48	1680	1733	-53	1522
37.5	1667	1741	-74	1523
37.52	1597	1751	-154	1523
37.54	1636	1761	-125	1523
37.56	1653	1772	-119	1523
37.58	1765	1784	-19	1523
37.6	1709	1797	-88	1523
37.62	1804	1813	-9	1523
37.64	1754	1829	-75	1524
37.66	1724	1849	-125	1524
37.68	1833	1871	-38	1524
37.7	1854	1898	-44	1524
37.72	1965	1930	35	1524
37.74	1914	1967	-53	1524
37.76	2013	2012	1	1524
37.78	1995	2064	-69	1524
37.8	2006	2126	-120	1524
37.82	2197	2197	0	1524
37.84	2285	2278	7	1524
37.86	2343	2368	-25	1524
37.88	2356	2467	-111	1524
37.9	2464	2573	-109	1524
37.92	2724	2684	40	1524
37.94	2727	2797	-70	1524
37.96	2967	2905	62	1524
37.98	2989	3004	-15	1524
38.0	3254	3087	167	1524
38.02	3175	3149	26	1524
38.04	3378	3183	195	1524
38.06	3410	3182	228	1524
38.08	3419	3154	265	1524
38.1	3427	3104	323	1524
38.12	3306	3037	269	1524
38.14	3258	2959	299	1524
38.16	3009	2871	138	1524
38.18	3026	2779	247	1524
38.2	2893	2691	202	1524
38.22	2786	2612	174	1524
38.24	2774	2542	232	1524
38.26	2601	2486	115	1523
38.28	2528	2442	86	1523
38.3	2519	2410	109	1523
38.32	2475	2391	84	1523
38.34	2517	2384	133	1523
38.36	2507	2387	120	1523
38.38	2484	2401	83	1523
38.4	2617	2424	193	1522
38.42	2593	2458	135	1522
38.44	2614	2502	112	1522
38.46	2720	2556	164	1522
38.48	2639	2623	16	1522
38.5	2778	2701	77	1521
38.52	2868	2793	75	1521
38.54	2954	2902	52	1521
38.56	2951	3027	-76	1521
38.58	3100	3172	-72	1520
38.6	3327	3337	-10	1520
38.62	3407	3526	-119	1520
38.64	3531	3740	-209	1519
38.66	3651	3982	-331	1519
38.68	3953	4253	-300	1519
38.7	4005	4556	-551	1519
38.72	4354	4892	-538	1518
38.74	4491	5263	-772	1518
38.76	4790	5668	-878	1517
38.78	5039	6107	-1068	1517
38.8	5436	6579	-1143	1517
38.82	5915	7082	-1167	1516
38.84	6266	7612	-1346	1516
38.86	6688	8167	-1479	1516
38.88	7587	8742	-1155	1515
38.9	8098	9327	-1229	1515
38.92	8902	9918	-1016	1514
38.94	9562	10515	-953	1514
38.96	10358	11117	-759	1513
38.98	11424	11719	-295	1513
39.0	12357	12312	45	1512
39.02	13504	12887	617	1512
39.04	14079	13433	646	1511
39.06	15192	13935	1257	1511
39.08	15871	14378	1493	1510
39.1	16729	14736	1993	1510
39.12	17084	14997	2087	1509
39.14	17608	15156	2452	1509
39.16	17790	15196	2594	1508
39.18	17691	15106	2585	1507
39.2	17072	14891	2181	1507
39.22	16326	14566	1760	1506
39.24	15600	14151	1449	1505
39.26	14596	13654	942	1505
39.28	13865	13088	777	1504
39.3	12761	12479	282	1503
39.32	11561	11846	-285	1503
39.34	10408	11209	-801	1502
39.36	9637	10578	-941	1501
39.38	8783	9961	-1178	1501
39.4	7936	9364	-1428	1500
39.42	7262	8791	-1529	1499
39.44	6632	8236	-1604	1498
39.46	6135	7698	-1563	1498
39.48	5755	7180	-1425	1497
39.5	5393	6685	-1292	1496
39.52	5024	6216	-1192	1495
39.54	4754	5771	-1017	1494
39.56	4634	5350	-716	1493
39.58	4439	4957	-518	1493
39.6	4195	4592	-397	1492
39.62	3970	4257	-287	1491
39.64	3816	3953	-137	1490
39.66	3746	3679	67	1489
39.68	3567	3436	131	1488
39.7	3394	3221	173	1487
39.72	3387	3032	355	1486
39.74	3087	2868	219	1485
39.76	3093	2725	368	1484
39.78	2951	2602	349	1484
39.8	2739	2496	243	1483
39.82	2776	2404	372	1482
39.84	2547	2326	221	1481
39.86	2429	2259	170	1480
39.88	2451	2200	251	1479
39.9	2351	2149	202	1478
39.92	2296	2103	193	1477
39.94	2223	2063	160	1476
39.96	2105	2027	78	1474
39.98	2164	1995	169	1473
40.0	2083	1965	118	1472
40.02	2031	1938	93	1471
40.04	1988	1914	74	1470
40.06	1929	1891	38	1469
40.08	1919	1870	49	1468
40.1	1969	1851	118	1467
40.12	1971	1833	138	1466
40.14	1937	1816	121	1465
40.16	1860	1800	60	1464
40.18	1880	1785	95	1462
40.2	1997	1771	226	1461
40.22	1918	1759	159	1460
40.24	1957	1746	211	1459
40.26	1928	1734	194	1458
40.28	1879	1722	157	1457
40.3	1921	1711	210	1455
40.32	1915	1700	215	1454
40.34	1956	1691	265	1453
40.36	1852	1682	170	1452
40.38	1826	1673	153	1451
40.4	1923	1664	259	1449
40.42	1837	1655	182	1448
40.44	1810	1646	164	1447
40.46	1776	1638	138	1446
40.48	1687	1631	56	1445
40.5	1669	1624	45	1443
40.52	1741	1616	125	1442
40.54	1644	1610	34	1441
40.56	1589	1603	-14	1440
40.58	1588	1597	-9	1438
40.6	1584	1590	-6	1437
40.62	1580	1585	-5	1436
40.64	1620	1579	41	1434
40.66	1526	1573	-47	1433
40.68	1541	1568	-27	1432
40.7	1506	1563	-57	1431
40.72	1566	1558	8	1429
40.74	1533	1552	-19	1428
40.76	1534	1548	-14	1427
40.78	1565	1543	22	1425
40.8	1487	1539	-52	1424
40.82	1507	1535	-28	1423
40.84	1464	1531	-67	1421
40.86	1464	1527	-63	1420
40.88	1456	1523	-67	1419
40.9	1425	1520	-95	1417
40.92	1508	1516	-8	1416
40.94	1492	1512	-20	1415
40.96	1501	1509	-8	1413
40.98	1481	1505	-24	1412
41.0	1430	1502	-72	1411
41.02	1440	1499	-59	1409
41.04	1433	1495	-62	1408
41.06	1582	1492	90	1407
41.08	1435	1489	-54	1405
41.1	1498	1486	12	1404
41.12	1504	1483	21	1403
41.14	1398	1480	-82	1401
41.16	1415	1477	-62	1400
41.18	1462	1474	-12	1398
41.2	1537	1472	65	1397
41.22	1526	1469	57	1396
41.24	1498	1466	32	1394
41.26	1495	1464	31	1393
41.28	1536	1461	75	1392
41.3	1577	1459	118	1390
41.32	1544	1456	88	1389
41.34	1568	1454	114	1387
41.36	1620	1451	169	1386
41.38	1603	1449	154	1385
41.4	1700	1447	253	1383
41.42	1665	1444	221	1382
41.44	1731	1442	289	1380
41.46	1756	1441	315	1379
41.48	1799	1439	360	1378
41.5	1833	1437	396	1376
41.52	1959	1435	524	1375
41.54	1951	1434	517	1374
41.56	1981	1432	549	1372
41.58	1960	1431	529	1371
41.6	1776	1429	347	1369
41.62	1875	1428	447	1368
41.64	1967	1427	540	1367
41.66	1871	1426	445	1365
41.68	1804	1425	379	1364
41.7	1810	1424	386	1362
41.72	1734	1423	311	1361
41.74	1645	1422	223	1360
41.76	1662	1420	242	1358
41.78	1546	1419	127	1357
41.8	1536	1417	119	1356
41.82	1599	1416	183	1354
41.84	1540	1414	126	1353
41.86	1463	1412	51	1351
41.88	1435	1409	26	1350
41.9	1504	1407	97	1349
41.92	1442	1404	38	1347
41.94	1418	1402	16	1346
41.96	1458	1399	59	1345
41.98	1383	1396	-13	1343
42.0	1453	1393	60	1342
42.02	1358	1390	-32	1341
42.04	1408	1387	21	1339
42.06	1398	1385	13	1338
42.08	1392	1383	9	1337
42.1	1368	1381	-13	1335
42.12	1404	1380	24	1334
42.14	1387	1378	9	1333
42.16	1362	1377	-15	1331
42.18	1349	1376	-27	1330
42.2	1326	1375	-49	1329
42.22	1452	1374	78	1327
42.24	1341	1373	-32	1326
42.26	1302	1374	-72	1325
42.28	1336	1373	-37	1323
42.3	1366	1373	-7	1322
42.32	1303	1373	-70	1321
42.34	1341	1372	-31	1320
42.36	1288	1372	-84	1318
42.38	1273	1372	-99	1317
42.4	1337	1372	-35	1316
42.42	1351	1371	-20	1314
42.44	1245	1371	-126	1313
42.46	1282	1370	-88	1312
42.48	1321	1369	-48	1311
42.5	1273	1369	-96	1309
42.52	1305	1368	-63	1308
42.54	1273	1366	-93	1307
42.56	1282	1365	-83	1306
42.58	1293	1363	-70	1305
42.6	1280	1361	-81	1303
42.62	1354	1360	-6	1302
42.64	1373	1358	15	1301
42.66	1311	1357	-46	1300
42.68	1304	1355	-51	1299
42.7	1229	1353	-124	1297
42.72	1304	1351	-47	1296
42.74	1319	1349	-30	1295
42.76	1403	1348	55	1294
42.78	1300	1346	-46	1293
42.8	1286	1345	-59	1292
42.82	1333	1343	-10	1290
42.84	1344	1342	2	1289
42.86	1307	1340	-33	1288
42.88	1292	1339	-47	1287
42.9	1216	1338	-122	1286
42.92	1311	1337	-26	1285
42.94	1304	1336	-32	1284
42.96	1341	1335	6	1283
42.98	1306	1334	-28	1282
43.0	1258	1333	-75	1281
43.02	1295	1333	-38	1280
43.04	1219	1333	-114	1279
43.06	1247	1333	-86	1277
43.08	1313	1334	-21	1276
43.1	1284	1334	-50	1275
43.12	1219	1335	-116	1274
43.14	1260	1337	-77	1273
43.16	1262	1338	-76	1272
43.18	1275	1340	-65	1271
43.2	1276	1341	-65	1270
43.22	1273	1344	-71	1269
43.24	1297	1346	-49	1269
43.26	1212	1348	-136	1268
43.28	1289	1350	-61	1267
43.3	1266	1351	-85	1266
43.32	1251	1353	-102	1265
43.34	1291	1354	-63	1264
43.36	1334	1355	-21	1263
43.38	1271	1355	-84	1262
43.4	1328	1355	-27	1261
43.42	1311	1352	-41	1260
43.44	1302	1350	-48	1259
43.46	1390	1347	43	1258
43.48	1301	1343	-42	1258
43.5	1314	1340	-26	1257
43.52	1282	1336	-54	1256
43.54	1326	1332	-6	1255
43.56	1319	1329	-10	1254
43.58	1333	1325	8	1253
43.6	1359	1323	36	1252
43.62	1231	1320	-89	1252
43.64	1322	1318	4	1251
43.66	1310	1318	-8	1250
43.68	1295	1317	-22	1249
43.7	1294	1317	-23	1248
43.72	1290	1318	-28	1248
43.74	1287	1319	-32	1247
43.76	1255	1322	-67	1246
43.78	1346	1325	21	1245
43.8	1292	1330	-38	1244
43.82	1335	1336	-1	1244
43.84	1270	1343	-73	1243
43.86	1285	1354	-69	1242
43.88	1346	1366	-20	1241
43.9	1341	1381	-40	1241
43.92	1423	1399	24	1240
43.94	1422	1420	2	1239
43.96	1437	1446	-9	1239
43.98	1476	1475	1	1238
44.0	1542	1508	34	1237
44.02	1514	1546	-32	1237
44.04	1532	1586	-54	1236
44.06	1692	1628	64	1235
44.08	1940	1671	269	1234
44.1	2104	1714	390	1234
44.12	1710	1753	-43	1233
44.14	1534	1785	-251	1232
44.16	1413	1807	-394	1232
44.18	1527	1818	-291	1231
44.2	1558	1815	-257	1231
44.22	1541	1798	-257	1230
44.24	1450	1771	-321	1229
44.26	1419	1737	-318	1229
44.28	1370	1698	-328	1228
44.3	1320	1655	-335	1227
44.32	1269	1609	-340	1227
44.34	1313	1562	-249	1226
44.36	1260	1515	-255	1226
44.38	1279	1473	-194	1225
44.4	1313	1434	-121	1224
44.42	1321	1400	-79	1224
44.44	1220	1372	-152	1223
44.46	1331	1349	-18	1223
44.48	1288	1329	-41	1222
44.5	1231	1313	-82	1222
44.52	1305	1301	4	1221
44.54	1301	1290	11	1221
44.56	1343	1282	61	1220
44.58	1332	1274	58	1220
44.6	1311	1267	44	1219
44.62	1310	1263	47	1218
44.64	1288	1259	29	1218
44.66	1315	1255	60	1217
44.68	1271	1252	19	1217
44.7	1207	1249	-42	1216
44.72	1265	1247	18	1216
44.74	1241	1245	-4	1215
44.76	1265	1243	22	1215
44.78	1280	1241	39	1215
44.8	1220	1240	-20	1214
44.82	1225	1238	-13	1214
44.84	1194	1237	-43	1213
44.86	1237	1235	2	1213
44.88	1256	1234	22	1212
44.9	1223	1233	-10	1212
44.92	1258	1233	25	1211
44.94	1302	1234	68	1211
44.96	1260	1233	27	1210
44.98	1179	1233	-54	1210
45.0	1227	1233	-6	1210
45.02	1200	1233	-33	1209
45.04	1258	1232	26	1209
45.06	1228	1232	-4	1208
45.08	1192	1232	-40	1208
45.1	1247	1231	16	1208
45.12	1270	1231	39	1207
45.14	1237	1229	8	1207
45.16	1204	1228	-24	1206
45.18	1239	1227	12	1206
45.2	1246	1226	20	1206
45.22	1232	1225	7	1205
45.24	1232	1224	8	1205
45.26	1242	1223	19	1204
45.28	1199	1220	-21	1204
45.3	1198	1219	-21	1204
45.32	1229	1218	11	1203
45.34	1241	1217	24	1203
45.36	1231	1215	16	1203
45.38	1164	1214	-50	1202
45.4	1222	1213	9	1202
45.42	1185	1212	-27	1202
45.44	1175	1211	-36	1201
45.46	1209	1209	0	1201
45.48	1230	1208	22	1201
45.5	1231	1207	24	1200
45.52	1211	1207	4	1200
45.54	1231	1206	25	1200
45.56	1215	1206	9	1199
45.58	1231	1206	25	1199
45.6	1153	1205	-52	1199
45.62	1242	1205	37	1198
45.64	1264	1204	60	1198
45.66	1184	1204	-20	1198
45.68	1258	1204	54	1198
45.7	1180	1203	-23	1197
45.72	1220	1203	17	1197
45.74	1203	1202	1	1197
45.76	1187	1202	-15	1196
45.78	1256	1202	54	1196
45.8	1186	1201	-15	1196
45.82	1205	1201	4	1196
45.84	1225	1201	24	1195
45.86	1202	1200	2	1195
45.88	1190	1200	-10	1195
45.9	1225	1200	25	1195
45.92	1280	1199	81	1194
45.94	1264	1199	65	1194
45.96	1260	1197	63	1194
45.98	1148	1197	-49	1194
46.0	1184	1197	-13	1193
46.02	1190	1197	-7	1193
46.04	1261	1196	65	1193
46.06	1233	1196	37	1193
46.08	1208	1196	12	1192
46.1	1293	1196	97	1192
46.12	1195	1196	-1	1192
46.14	1258	1196	62	1192
46.16	1189	1196	-7	1192
46.18	1217	1196	21	1191
46.2	1136	1195	-59	1191
46.22	1268	1195	73	1191
46.24	1250	1195	55	1191
46.26	1241	1195	46	1191
46.28	1225	1195	30	1190
46.3	1189	1195	-6	1190
46.32	1238	1196	42	1190
46.34	1224	1196	28	1190
46.36	1208	1196	12	1190
46.38	1286	1197	89	1189
46.4	1195	1198	-3	1189
46.42	1216	1198	18	1189
46.44	1238	1198	40	1189
46.46	1192	1199	-7	1189
46.48	1216	1199	17	1188
46.5	1194	1200	-6	1188
46.52	1180	1200	-20	1188
46.54	1235	1200	35	1188
46.56	1179	1201	-22	1188
46.58	1217	1201	16	1188
46.6	1201	1201	0	1187
46.62	1155	1202	-47	1187
46.64	1213	1201	12	1187
46.66	1189	1201	-12	1187
46.68	1195	1201	-6	1187
46.7	1169	1200	-31	1187
46.72	1210	1200	10	1186
46.74	1202	1199	3	1186
46.76	1132	1198	-66	1186
46.78	1236	1198	38	1186
46.8	1243	1197	46	1186
46.82	1161	1197	-36	1186
46.84	1181	1196	-15	1185
46.86	1211	1195	16	1185
46.88	1179	1195	-16	1185
46.9	1246	1194	52	1185
46.92	1185	1193	-8	1185
46.94	1192	1192	0	1185
46.96	1144	1192	-48	1185
46.98	1179	1191	-12	1184
47.0	1202	1190	12	1184
47.02	1188	1189	-1	1184
47.04	1214	1189	25	1184
47.06	1188	1189	-1	1184
47.08	1180	1190	-10	1184
47.1	1262	1190	72	1184
47.12	1179	1189	-10	1183
47.14	1162	1190	-28	1183
47.16	1199	1190	9	1183
47.18	1217	1190	27	1183
47.2	1178	1191	-13	1183
47.22	1246	1191	55	1183
47.24	1174	1192	-18	1183
47.26	1206	1192	14	1183
47.28	1242	1193	49	1182
47.3	1160	1193	-33	1182
47.32	1207	1193	14	1182
47.34	1172	1193	-21	1182
47.36	1160	1193	-33	1182
47.38	1200	1193	7	1182
47.4	1215	1193	22	1182
47.42	1097	1192	-95	1181
47.44	1178	1192	-14	1181
47.46	1166	1191	-25	1181
47.48	1164	1190	-26	1181
47.5	1179	1189	-10	1181
47.52	1190	1188	2	1181
47.54	1207	1188	19	1181
47.56	1084	1187	-103	1181
47.58	1165	1186	-21	1180
47.6	1257	1185	72	1180
47.62	1228	1184	44	1180
47.64	1238	1184	54	1180
47.66	1187	1183	4	1180
47.68	1162	1183	-21	1180
47.7	1239	1182	57	1180
47.72	1169	1182	-13	1180
47.74	1206	1181	25	1179
47.76	1202	1181	21	1179
47.78	1225	1180	45	1179
47.8	1190	1179	11	1179
47.82	1169	1179	-10	1179
47.84	1157	1179	-22	1179
47.86	1187	1179	8	1179
47.88	1146	1179	-33	1179
47.9	1255	1178	77	1178
47.92	1189	1178	11	1178
47.94	1160	1178	-18	1178
47.96	1227	1179	48	1178
47.98	1187	1179	8	1178
48.0	1217	1179	38	1178
48.02	1180	1179	1	1178
48.04	1180	1179	1	1178
48.06	1176	1179	-3	1177
48.08	1197	1179	18	1177
48.1	1198	1179	19	1177
48.12	1140	1179	-39	1177
48.14	1175	1179	-4	1177
48.16	1145	1179	-34	1177
48.18	1189	1179	10	1177
48.2	1220	1180	40	1177
48.22	1103	1180	-77	1176
48.24	1226	1180	46	1176
48.26	1169	1180	-11	1176
48.28	1203	1180	23	1176
48.3	1209	1180	29	1176
48.32	1179	1180	-1	1176
48.34	1214	1180	34	1176
48.36	1141	1181	-40	1176
48.38	1227	1181	46	1176
48.4	1214	1181	33	1175
48.42	1150	1180	-30	1175
48.44	1158	1180	-22	1175
48.46	1201	1180	21	1175
48.48	1198	1180	18	1175
48.5	1215	1179	36	1175
48.52	1197	1179	18	1175
48.54	1216	1179	37	1175
48.56	1198	1179	19	1174
48.58	1161	1179	-18	1174
48.6	1172	1179	-7	1174
48.62	1195	1179	16	1174
48.64	1151	1179	-28	1174
48.66	1192	1179	13	1174
48.68	1182	1179	3	1174
48.7	1166	1179	-13	1174
48.72	1151	1180	-29	1173
48.74	1191	1180	11	1173
48.76	1213	1181	32	1173
48.78	1184	1182	2	1173
48.8	1145	1182	-37	1173
48.82	1148	1183	-35	1173
48.84	1179	1183	-4	1173
48.86	1165	1184	-19	1173
48.88	1125	1184	-59	1172
48.9	1201	1185	16	1172
48.92	1177	1185	-8	1172
48.94	1178	1185	-7	1172
48.96	1203	1184	19	1172
48.98	1167	1184	-17	1172
49.0	1242	1183	59	1172
49.02	1188	1182	6	1172
49.04	1193	1182	11	1171
49.06	1145	1181	-36	1171
49.08	1149	1180	-31	1171
49.1	1208	1179	29	1171
49.12	1222	1178	44	1171
49.14	1176	1177	-1	1171
49.16	1191	1176	15	1171
49.18	1123	1175	-52	1171
49.2	1186	1175	11	1170
49.22	1175	1174	1	1170
49.24	1196	1173	23	1170
49.26	1187	1173	14	1170
49.28	1210	1172	38	1170
49.3	1179	1172	7	1170
49.32	1246	1171	75	1170
49.34	1188	1171	17	1170
49.36	1217	1171	46	1169
49.38	1191	1170	21	1169
49.4	1227	1169	58	1169
49.42	1160	1169	-9	1169
49.44	1133	1169	-36	1169
49.46	1172	1169	3	1169
49.48	1196	1169	27	1169
49.5	1177	1168	9	1168
49.52	1116	1168	-52	1168
49.54	1202	1168	34	1168
49.56	1122	1168	-46	1168
49.58	1142	1168	-26	1168
49.6	1142	1168	-26	1168
49.62	1142	1168	-26	1168
49.64	1155	1168	-13	1168
49.66	1195	1167	28	1167
49.68	1259	1167	92	1167
49.7	1164	1167	-3	1167
49.72	1115	1167	-52	1167
49.74	1174	1167	7	1167
49.76	1133	1167	-34	1167
49.78	1177	1167	10	1167
49.8	1118	1167	-49	1167
49.82	1173	1166	7	1166
49.84	1128	1166	-38	1166
49.86	1127	1166	-39	1166
49.88	1134	1166	-32	1166
49.9	1164	1166	-2	1166
49.92	1180	1166	14	1166
49.94	1101	1166	-65	1166
49.96	1109	1166	-57	1166
49.98	1200	1165	35	1165
50.0	1148	1165	-17	1165
50.02	1193	1165	28	1165
50.04	1208	1165	43	1165
50.06	1101	1165	-64	1165
50.08	1205	1165	40	1165
50.1	1188	1165	23	1165
50.12	1140	1164	-24	1164
50.14	1141	1164	-23	1164
50.16	1174	1164	10	1164
50.18	1185	1164	21	1164
50.2	1128	1164	-36	1164
50.22	1175	1164	11	1164
50.24	1164	1164	0	1164
50.26	1129	1164	-35	1164
50.28	1145	1163	-18	1163
50.3	1149	1163	-14	1163
50.32	1105	1163	-58	1163
50.34	1198	1163	35	1163
50.36	1147	1163	-16	1163
50.38	1128	1163	-35	1163
50.4	1204	1163	41	1163
50.42	1134	1162	-28	1162
50.44	1130	1162	-32	1162
50.46	1116	1162	-46	1162
50.48	1122	1162	-40	1162
50.5	1133	1162	-29	1162
50.52	1212	1162	50	1162
50.54	1157	1162	-5	1162
50.56	1163	1161	2	1161
50.58	1177	1161	16	1161
50.6	1182	1161	21	1161
50.62	1146	1161	-15	1161
50.64	1110	1161	-51	1161
50.66	1206	1161	45	1161
50.68	1137	1161	-24	1161
50.7	1184	1160	24	1160
50.72	1229	1160	69	1160
50.74	1139	1161	-22	1160
50.76	1164	1161	3	1160
50.78	1165	1161	4	1160
50.8	1199	1161	39	1160
50.82	1097	1160	-63	1160
50.84	1125	1160	-35	1159
50.86	1173	1160	13	1159
50.88	1172	1160	12	1159
50.9	1160	1160	0	1159
50.92	1178	1160	18	1159
50.94	1166	1160	6	1159
50.96	1140	1160	-20	1159
50.98	1149	1160	-11	1158
51.0	1131	1160	-29	1158
51.02	1190	1160	30	1158
51.04	1124	1160	-36	1158
51.06	1084	1160	-76	1158
51.08	1161	1160	1	1158
51.1	1142	1160	-18	1158
51.12	1192	1161	31	1157
51.14	1158	1161	-3	1157
51.16	1193	1162	31	1157
51.18	1152	1162	-10	1157
51.2	1174	1163	11	1157
51.22	1148	1163	-15	1157
51.24	1161	1164	-3	1157
51.26	1164	1164	0	1156
51.28	1165	1164	1	1156
51.3	1147	1165	-18	1156
51.32	1220	1165	55	1156
51.34	1210	1165	45	1156
51.36	1133	1166	-33	1156
51.38	1235	1166	69	1156
51.4	1212	1166	46	1155
51.42	1205	1167	38	1155
51.44	1160	1167	-7	1155
51.46	1182	1167	15	1155
51.48	1088	1167	-79	1155
51.5	1281	1167	114	1155
51.52	1164	1167	-3	1154
51.54	1179	1167	12	1154
51.56	1193	1167	26	1154
51.58	1184	1167	17	1154
51.6	1200	1165	35	1154
51.62	1136	1165	-29	1154
51.64	1212	1164	48	1154
51.66	1169	1163	6	1153
51.68	1202	1162	40	1153
51.7	1186	1162	24	1153
51.72	1130	1160	-30	1153
51.74	1184	1160	24	1153
51.76	1069	1160	-91	1153
51.78	1238	1159	79	1152
51.8	1142	1159	-17	1152
51.82	1157	1158	-1	1152
51.84	1183	1158	25	1152
51.86	1157	1158	-1	1152
51.88	1189	1157	32	1152
51.9	1165	1157	8	1151
51.92	1171	1156	15	1151
51.94	1136	1156	-20	1151
51.96	1226	1156	70	1151
51.98	1176	1156	20	1151
52.0	1112	1157	-45	1151
52.02	1140	1157	-17	1151
52.04	1193	1158	35	1150
52.06	1165	1158	7	1150
52.08	1112	1158	-46	1150
52.1	1166	1158	8	1150
52.12	1206	1158	48	1150
52.14	1186	1159	27	1150
52.16	1124	1159	-35	1149
52.18	1124	1159	-35	1149
52.2	1162	1159	3	1149
52.22	1132	1159	-27	1149
52.24	1149	1159	-10	1149
52.26	1135	1160	-25	1149
52.28	1159	1160	-1	1148
52.3	1169	1160	9	1148
52.32	1161	1160	1	1148
52.34	1126	1161	-35	1148
52.36	1143	1161	-18	1148
52.38	1162	1161	1	1148
52.4	1090	1161	-71	1147
52.42	1147	1161	-14	1147
52.44	1176	1161	15	1147
52.46	1157	1161	-4	1147
52.48	1130	1161	-31	1147
52.5	1096	1160	-64	1147
52.52	1165	1160	5	1146
52.54	1216	1160	56	1146
52.56	1167	1161	6	1146
52.58	1104	1162	-58	1146
52.6	1076	1163	-87	1146
52.62	1167	1163	4	1146
52.64	1152	1164	-12	1145
52.66	1171	1165	6	1145
52.68	1123	1165	-42	1145
52.7	1175	1166	9	1145
52.72	1183	1166	17	1145
52.74	1208	1167	41	1145
52.76	1155	1168	-13	1144
52.78	1129	1169	-40	1144
52.8	1160	1170	-10	1144
52.82	1101	1171	-70	1144
52.84	1183	1174	9	1144
52.86	1200	1175	25	1143
52.88	1179	1177	2	1143
52.9	1197	1178	19	1143
52.92	1148	1180	-32	1143
52.94	1182	1181	1	1143
52.96	1189	1183	6	1143
52.98	1130	1184	-54	1142
53.0	1162	1184	-22	1142
53.02	1119	1184	-65	1142
53.04	1178	1183	-5	1142
53.06	1170	1183	-13	1142
53.08	1213	1183	30	1142
53.1	1205	1182	23	1141
53.12	1087	1181	-94	1141
53.14	1174	1181	-7	1141
53.16	1171	1180	-9	1141
53.18	1193	1178	15	1141
53.2	1170	1177	-7	1141
53.22	1129	1176	-47	1140
53.24	1165	1174	-9	1140
53.26	1139	1173	-34	1140
53.28	1146	1172	-26	1140
53.3	1215	1172	43	1140
53.32	1134	1171	-37	1140
53.34	1193	1169	24	1139
53.36	1125	1169	-44	1139
53.38	1155	1168	-13	1139
53.4	1118	1167	-49	1139
53.42	1128	1166	-38	1139
53.44	1138	1165	-27	1139
53.46	1190	1164	26	1138
53.48	1168	1163	5	1138
53.5	1149	1162	-13	1138
53.52	1135	1161	-26	1138
53.54	1127	1160	-33	1138
53.56	1159	1159	0	1138
53.58	1191	1157	34	1137
53.6	1113	1156	-43	1137
53.62	1142	1155	-13	1137
53.64	1092	1154	-62	1137
53.66	1154	1154	0	1137
53.68	1168	1154	14	1137
53.7	1171	1153	18	1136
53.72	1170	1153	17	1136
53.74	1155	1153	2	1136
53.76	1127	1152	-25	1136
53.78	1156	1153	3	1136
53.8	1143	1152	-9	1136
53.82	1213	1152	61	1135
53.84	1185	1151	34	1135
53.86	1123	1151	-28	1135
53.88	1206	1151	55	1135
53.9	1177	1151	26	1135
53.92	1188	1151	37	1135
53.94	1156	1151	5	1134
53.96	1162	1151	11	1134
53.98	1164	1151	13	1134
54.0	1172	1151	21	1134
54.02	1146	1151	-5	1134
54.04	1136	1152	-16	1134
54.06	1150	1152	-2	1134
54.08	1148	1152	-4	1133
54.1	1172	1153	19	1133
54.12	1170	1153	17	1133
54.14	1129	1153	-24	1133
54.16	1166	1154	12	1133
54.18	1160	1154	6	1133
54.2	1137	1155	-18	1132
54.22	1146	1155	-9	1132
54.24	1092	1156	-64	1132
54.26	1206	1156	50	1132
54.28	1209	1157	52	1132
54.3	1160	1157	3	1132
54.32	1124	1158	-34	1131
54.34	1197	1159	38	1131
54.36	1168	1160	8	1131
54.38	1111	1161	-50	1131
54.4	1227	1162	65	1131
54.42	1236	1163	73	1131
54.44	1107	1164	-57	1131
54.46	1196	1165	31	1130
54.48	1139	1166	-27	1130
54.5	1112	1168	-56	1130
54.52	1159	1169	-10	1130
54.54	1125	1170	-45	1130
54.56	1168	1172	-4	1130
54.58	1186	1173	13	1130
54.6	1131	1173	-42	1129
54.62	1143	1173	-30	1129
54.64	1135	1173	-38	1129
54.66	1107	1173	-66	1129
54.68	1193	1173	20	1129
54.7	1186	1172	14	1129
54.72	1144	1172	-28	1129
54.74	1144	1171	-27	1128
54.76	1178	1170	8	1128
54.78	1185	1170	15	1128
54.8	1183	1169	14	1128
54.82	1242	1169	73	1128
54.84	1195	1169	26	1128
54.86	1185	1168	17	1128
54.88	1232	1169	63	1127
54.9	1222	1169	53	1127
54.92	1184	1169	15	1127
54.94	1143	1169	-26	1127
54.96	1275	1170	105	1127
54.98	1185	1170	15	1127
55.0	1172	1171	1	1127
55.02	1215	1171	44	1126
55.04	1210	1172	38	1126
55.06	1193	1173	20	1126
55.08	1204	1174	30	1126
55.1	1221	1175	46	1126
55.12	1173	1176	-3	1126
55.14	1215	1178	37	1126
55.16	1203	1178	25	1126
55.18	1198	1179	19	1125
55.2	1221	1181	40	1125
55.22	1219	1182	37	1125
55.24	1199	1184	15	1125
55.26	1176	1186	-10	1125
55.28	1204	1188	16	1125
55.3	1195	1190	5	1125
55.32	1215	1192	23	1125
55.34	1283	1194	89	1124
55.36	1251	1195	56	1124
55.38	1195	1197	-2	1124
55.4	1236	1199	37	1124
55.42	1198	1201	-3	1124
55.44	1253	1203	50	1124
55.46	1297	1205	92	1124
55.48	1230	1208	22	1124
55.5	1298	1210	88	1124
55.52	1280	1213	67	1123
55.54	1275	1216	59	1123
55.56	1321	1219	102	1123
55.58	1313	1223	90	1123
55.6	1263	1228	35	1123
55.62	1385	1232	153	1123
55.64	1320	1238	82	1123
55.66	1376	1244	132	1123
55.68	1336	1251	85	1123
55.7	1292	1259	33	1122
55.72	1376	1268	108	1122
55.74	1392	1279	113	1122
55.76	1337	1291	46	1122
55.78	1433	1305	128	1122
55.8	1502	1321	181	1122
55.82	1402	1338	64	1122
55.84	1478	1359	119	1122
55.86	1489	1381	108	1122
55.88	1497	1407	90	1122
55.9	1462	1436	26	1121
55.92	1500	1469	31	1121
55.94	1536	1505	31	1121
55.96	1538	1544	-6	1121
55.98	1569	1588	-19	1121
56.0	1634	1635	-1	1121
56.02	1764	1686	78	1121
56.04	1635	1740	-105	1121
56.06	1741	1797	-56	1121
56.08	1796	1856	-60	1121
56.1	1789	1916	-127	1121
56.12	1871	1977	-106	1120
56.14	1939	2036	-97	1120
56.16	1944	2093	-149	1120
56.18	1999	2147	-148	1120
56.2	2097	2196	-99	1120
56.22	2078	2238	-160	1120
56.24	2233	2271	-38	1120
56.26	2318	2297	21	1120
56.28	2361	2319	42	1120
56.3	2455	2338	117	1120
56.32	2485	2358	127	1120
56.34	2442	2379	63	1120
56.36	2710	2401	309	1120
56.38	2758	2424	334	1119
56.4	2825	2447	378	1119
56.42	2798	2471	327	1119
56.44	3100	2497	603	1119
56.46	2973	2525	448	1119
56.48	3072	2554	518	1119
56.5	3006	2583	423	1119
56.52	3210	2611	599	1119
56.54	3049	2635	414	1119
56.56	3126	2655	471	1119
56.58	3004	2673	331	1119
56.6	3049	2691	358	1119
56.62	2963	2711	252	1119
56.64	2847	2731	116	1119
56.66	2910	2752	158	1119
56.68	2688	2771	-83	1119
56.7	2730	2785	-55	1119
56.72	2582	2794	-212	1118
56.74	2586	2796	-210	1118
56.76	2576	2790	-214	1118
56.78	2310	2775	-465	1118
56.8	2199	2746	-547	1118
56.82	2180	2701	-521	1118
56.84	2034	2640	-606	1118
56.86	2073	2569	-496	1118
56.88	1939	2490	-551	1118
56.9	1867	2408	-541	1118
56.92	1779	2323	-544	1118
56.94	1757	2238	-481	1118
56.96	1714	2149	-435	1118
56.98	1733	2059	-326	1118
57.0	1620	1969	-349	1118
57.02	1612	1882	-270	1118
57.04	1624	1800	-176	1118
57.06	1578	1723	-145	1118
57.08	1554	1654	-100	1118
57.1	1523	1594	-71	1118
57.12	1455	1540	-85	1118
57.14	1445	1493	-48	1118
57.16	1446	1452	-6	1118
57.18	1426	1418	8	1118
57.2	1414	1388	26	1118
57.22	1477	1364	113	1118
57.24	1446	1343	103	1118
57.26	1415	1326	89	1118
57.28	1396	1311	85	1118
57.3	1410	1298	112	1118
57.32	1385	1287	98	1118
57.34	1300	1277	23	1118
57.36	1402	1268	134	1118
57.38	1344	1260	84	1118
57.4	1433	1252	181	1118
57.42	1428	1244	184	1118
57.44	1380	1237	143	1118
57.46	1402	1230	172	1118
57.48	1367	1224	143	1118
57.5	1405	1219	186	1118
57.52	1417	1212	205	1118
57.54	1437	1207	230	1118
57.56	1455	1201	254	1118
57.58	1377	1196	181	1118
57.6	1385	1192	193	1118
57.62	1368	1187	181	1118
57.64	1369	1184	185	1118
57.66	1332	1180	152	1118
57.68	1310	1177	133	1118
57.7	1253	1174	79	1118
57.72	1263	1172	91	1118
57.74	1301	1170	131	1118
57.76	1305	1167	138	1118
57.78	1317	1166	151	1118
57.8	1308	1165	143	1118
57.82	1236	1164	72	1118
57.84	1259	1162	97	1118
57.86	1150	1161	-11	1118
57.88	1238	1160	78	1118
57.9	1258	1158	100	1118
57.92	1294	1157	137	1118
57.94	1264	1156	108	1118
57.96	1246	1155	91	1118
57.98	1224	1154	70	1118
58.0	1218	1152	66	1118
58.02	1216	1151	65	1118
58.04	1253	1150	103	1119
58.06	1263	1149	114	1119
58.08	1196	1148	48	1119
58.1	1280	1148	132	1119
58.12	1181	1147	34	1119
58.14	1223	1147	76	1119
58.16	1145	1146	-1	1119
58.18	1220	1146	74	1119
58.2	1217	1146	71	1119
58.22	1218	1146	72	1119
58.24	1214	1146	68	1119
58.26	1175	1147	28	1119
58.28	1170	1147	23	1119
58.3	1179	1148	31	1119
58.32	1174	1148	26	1119
58.34	1178	1149	29	1119
58.36	1211	1150	61	1120
58.38	1235	1151	84	1120
58.4	1187	1152	35	1120
58.42	1097	1154	-57	1120
58.44	1259	1155	104	1120
58.46	1210	1157	53	1120
58.48	1190	1158	32	1120
58.5	1173	1159	14	1120
58.52	1189	1161	28	1120
58.54	1190	1163	27	1120
58.56	1202	1164	38	1120
58.58	1203	1164	39	1121
58.6	1206	1165	41	1121
58.62	1170	1165	5	1121
58.64	1186	1165	21	1121
58.66	1177	1164	13	1121
58.68	1188	1164	24	1121
58.7	1203	1165	38	1121
58.72	1180	1165	15	1121
58.74	1218	1165	53	1121
58.76	1167	1166	1	1122
58.78	1155	1166	-11	1122
58.8	1188	1166	22	1122
58.82	1208	1167	41	1122
58.84	1156	1168	-12	1122
58.86	1203	1168	35	1122
58.88	1202	1170	32	1122
58.9	1182	1171	11	1122
58.92	1169	1171	-2	1123
58.94	1161	1173	-12	1123
58.96	1149	1174	-25	1123
58.98	1142	1175	-33	1123
59.0	1168	1177	-9	1123
59.02	1075	1177	-102	1123
59.04	1099	1177	-78	1123
59.06	1162	1176	-14	1124
59.08	1152	1175	-23	1124
59.1	1212	1174	38	1124
59.12	1157	1172	-15	1124
59.14	1167	1170	-3	1124
59.16	1207	1167	40	1124
59.18	1181	1164	17	1125
59.2	1166	1162	4	1125
59.22	1155	1160	-5	1125
59.24	1117	1157	-40	1125
59.26	1131	1155	-24	1125
59.28	1145	1152	-7	1125
59.3	1162	1150	12	1126
59.32	1160	1148	12	1126
59.34	1163	1147	16	1126
59.36	1154	1146	8	1126
59.38	1166	1145	21	1126
59.4	1181	1145	36	1126
59.42	1099	1144	-45	1127
59.44	1178	1144	34	1127
59.46	1201	1144	57	1127
59.48	1195	1143	52	1127
59.5	1143	1144	-1	1127
59.52	1151	1144	7	1128
59.54	1158	1145	13	1128
59.56	1184	1145	39	1128
59.58	1193	1146	47	1128
59.6	1186	1146	40	1128
59.62	1151	1147	4	1129
59.64	1152	1147	5	1129
59.66	1190	1148	42	1129
59.68	1173	1148	25	1129
59.7	1207	1147	60	1129
59.72	1170	1147	23	1130
59.74	1132	1147	-15	1130
59.76	1226	1147	79	1130
59.78	1147	1146	1	1130
59.8	1199	1146	53	1130
59.82	1176	1145	31	1131
59.84	1156	1145	11	1131
59.86	1200	1145	55	1131
59.88	1229	1145	84	1131
59.9	1211	1144	67	1132
59.92	1146	1145	1	1132
59.94	1226	1146	80	1132
59.96	1218	1145	73	1132
59.98	1227	1146	81	1132
60.0	1234	1146	88	1133
60.02	1195	1146	49	1133
60.04	1199	1147	52	1133
60.06	1213	1147	66	1133
60.08	1214	1148	66	1134
60.1	1172	1149	23	1134
60.12	1185	1150	35	1134
60.14	1171	1151	20	1134
60.16	1255	1153	102	1135
60.18	1160	1154	6	1135
60.2	1204	1155	49	1135
60.22	1215	1156	59	1135
60.24	1172	1159	13	1136
60.26	1170	1160	10	1136
60.28	1218	1162	56	1136
60.3	1251	1164	87	1136
60.32	1188	1166	22	1137
60.34	1157	1168	-11	1137
60.36	1141	1170	-29	1137
60.38	1179	1171	8	1137
60.4	1179	1172	7	1138
60.42	1181	1173	8	1138
60.44	1169	1174	-5	1138
60.46	1191	1174	17	1138
60.48	1175	1173	2	1139
60.5	1195	1173	22	1139
60.52	1226	1172	54	1139
60.54	1240	1171	69	1139
60.56	1129	1169	-40	1140
60.58	1131	1168	-37	1140
60.6	1185	1167	18	1140
60.62	1146	1165	-19	1140
60.64	1141	1164	-23	1141
60.66	1191	1162	29	1141
60.68	1161	1160	1	1141
60.7	1205	1159	46	1141
60.72	1219	1157	62	1142
60.74	1211	1156	55	1142
60.76	1220	1154	66	1142
60.78	1212	1153	59	1143
60.8	1142	1152	-10	1143
60.82	1135	1151	-16	1143
60.84	1211	1151	60	1143
60.86	1194	1150	44	1144
60.88	1141	1150	-9	1144
60.9	1206	1150	56	1144
60.92	1171	1150	21	1144
60.94	1127	1149	-22	1145
60.96	1203	1150	53	1145
60.98	1187	1150	37	1145
61.0	1126	1150	-24	1146
61.02	1178	1150	28	1146
61.04	1194	1151	43	1146
61.06	1147	1151	-4	1146
61.08	1163	1151	12	1147
61.1	1226	1151	75	1147
61.12	1120	1152	-32	1147
61.14	1161	1151	10	1148
61.16	1171	1152	19	1148
61.18	1183	1153	30	1148
61.2	1161	1153	8	1148
61.22	1093	1154	-61	1149
61.24	1136	1154	-18	1149
61.26	1172	1155	17	1149
61.28	1130	1155	-25	1150
61.3	1224	1155	69	1150
61.32	1118	1155	-37	1150
61.34	1157	1156	1	1150
61.36	1174	1156	18	1151
61.38	1162	1156	6	1151
61.4	1149	1156	-7	1151
61.42	1170	1156	14	1152
61.44	1257	1156	101	1152
61.46	1203	1156	47	1152
61.48	1216	1155	61	1152
61.5	1188	1155	33	1153
61.52	1197	1155	42	1153
61.54	1219	1155	64	1153
61.56	1238	1155	83	1154
61.58	1168	1155	13	1154
61.6	1265	1156	109	1154
61.62	1242	1155	87	1154
61.64	1300	1156	144	1155
61.66	1248	1156	92	1155
61.68	1352	1157	195	1155
61.7	1253	1157	96	1156
61.72	1240	1158	82	1156
61.74	1280	1158	122	1156
61.76	1299	1158	141	1157
61.78	1246	1159	87	1157
61.8	1262	1160	102	1157
61.82	1205	1161	44	1157
61.84	1259	1161	98	1158
61.86	1273	1162	111	1158
61.88	1311	1162	149	1158
61.9	1272	1163	109	1159
61.92	1223	1164	59	1159
61.94	1268	1165	103	1159
61.96	1228	1166	62	1159
61.98	1337	1167	170	1160
62.0	1315	1168	147	1160
62.02	1307	1169	138	1160
62.04	1255	1170	85	1161
62.06	1302	1171	131	1161
62.08	1298	1172	126	1161
62.1	1213	1173	40	1162
62.12	1241	1174	67	1162
62.14	1253	1175	78	1162
62.16	1220	1176	44	1162
62.18	1234	1178	56	1163
62.2	1186	1179	7	1163
62.22	1194	1182	12	1163
62.24	1205	1182	23	1164
62.26	1268	1183	85	1164
62.28	1150	1184	-34	1164
62.3	1214	1185	29	1164
62.32	1140	1186	-46	1165
62.34	1244	1187	57	1165
62.36	1266	1188	78	1165
62.38	1216	1190	26	1166
62.4	1272	1191	81	1166
62.42	1237	1192	45	1166
62.44	1181	1193	-12	1167
62.46	1117	1195	-78	1167
62.48	1216	1196	20	1167
62.5	1145	1197	-52	1167
62.52	1113	1199	-86	1168
62.54	1210	1202	8	1168
62.56	1224	1203	21	1168
62.58	1173	1204	-31	1169
62.6	1186	1204	-18	1169
62.62	1179	1204	-25	1169
62.64	1188	1204	-16	1169
62.66	1164	1205	-41	1170
62.68	1179	1205	-26	1170
62.7	1213	1205	8	1170
62.72	1179	1204	-25	1171
62.74	1188	1204	-16	1171
62.76	1207	1203	4	1171
62.78	1171	1202	-31	1171
62.8	1229	1201	28	1172
62.82	1257	1200	57	1172
62.84	1205	1200	5	1172
62.86	1133	1199	-66	1172
62.88	1152	1198	-46	1173
62.9	1177	1198	-21	1173
62.92	1212	1198	14	1173
62.94	1178	1197	-19	1174
62.96	1240	1197	43	1174
62.98	1168	1198	-30	1174
63.0	1221	1198	23	1174
63.02	1150	1198	-48	1175
63.04	1201	1198	3	1175
63.06	1168	1198	-30	1175
63.08	1170	1199	-29	1175
63.1	1139	1199	-60	1176
63.12	1169	1199	-30	1176
63.14	1146	1200	-54	1176
63.16	1225	1201	24	1177
63.18	1262	1202	60	1177
63.2	1196	1203	-7	1177
63.22	1215	1205	10	1177
63.24	1193	1206	-13	1178
63.26	1173	1207	-34	1178
63.28	1216	1208	8	1178
63.3	1210	1210	0	1178
63.32	1204	1211	-7	1179
63.34	1196	1212	-16	1179
63.36	1193	1214	-21	1179
63.38	1256	1216	40	1179
63.4	1223	1217	6	1180
63.42	1188	1219	-31	1180
63.44	1284	1221	63	1180
63.46	1197	1223	-26	1180
63.48	1197	1225	-28	1181
63.5	1266	1227	39	1181
63.52	1201	1230	-29	1181
63.54	1231	1232	-1	1181
63.56	1229	1234	-5	1182
63.58	1251	1236	15	1182
63.6	1199	1238	-39	1182
63.62	1294	1240	54	1182
63.64	1287	1241	46	1183
63.66	1270	1242	28	1183
63.68	1302	1243	59	1183
63.7	1307	1244	63	1183
63.72	1277	1244	34	1184
63.74	1274	1244	30	1184
63.76	1378	1244	134	1184
63.78	1321	1245	76	1184
63.8	1364	1247	117	1184
63.82	1363	1249	114	1185
63.84	1369	1253	116	1185
63.86	1407	1257	150	1185
63.88	1378	1262	116	1185
63.9	1484	1268	216	1186
63.92	1508	1276	232	1186
63.94	1579	1286	293	1186
63.96	1495	1297	198	1186
63.98	1483	1310	173	1186
64.0	1531	1325	206	1187
64.02	1526	1342	184	1187
64.04	1608	1359	249	1187
64.06	1540	1379	161	1187
64.08	1593	1398	195	1188
64.1	1616	1417	199	1188
64.12	1621	1435	186	1188
64.14	1724	1450	274	1188
64.16	1688	1461	227	1188
64.18	1727	1466	261	1189
64.2	1749	1464	285	1189
64.22	1793	1455	338	1189
64.24	1787	1443	344	1189
64.26	1713	1428	285	1189
64.28	1728	1413	315	1190
64.3	1614	1399	215	1190
64.32	1614	1385	229	1190
64.34	1594	1371	223	1190
64.36	1602	1358	244	1190
64.38	1529	1342	187	1190
64.4	1570	1326	244	1191
64.42	1558	1310	248	1191
64.44	1466	1295	171	1191
64.46	1450	1281	169	1191
64.48	1441	1269	172	1191
64.5	1461	1258	203	1191
64.52	1337	1248	89	1192
64.54	1468	1240	228	1192
64.56	1336	1234	102	1192
64.58	1316	1229	87	1192
64.6	1383	1224	159	1192
64.62	1295	1221	74	1192
64.64	1348	1218	130	1193
64.66	1256	1216	40	1193
64.68	1300	1214	86	1193
64.7	1253	1212	41	1193
64.72	1237	1211	26	1193
64.74	1279	1210	69	1193
64.76	1217	1210	7	1194
64.78	1200	1209	-9	1194
64.8	1275	1208	67	1194
64.82	1273	1208	65	1194
64.84	1259	1208	51	1194
64.86	1207	1207	0	1194
64.88	1270	1207	63	1194
64.9	1227	1206	21	1195
64.92	1148	1206	-58	1195
64.94	1261	1205	56	1195
64.96	1197	1205	-8	1195
64.98	1214	1205	9	1195
65.0	1218	1204	14	1195
65.02	1160	1204	-44	1195
65.04	1158	1203	-45	1195
65.06	1189	1203	-14	1195
65.08	1199	1203	-4	1196
65.1	1284	1202	82	1196
65.12	1226	1202	24	1196
65.14	1245	1202	43	1196
65.16	1255	1202	53	1196
65.18	1219	1202	17	1196
65.2	1253	1201	52	1196
65.22	1243	1201	42	1196
65.24	1179	1201	-22	1196
65.26	1256	1201	55	1196
65.28	1278	1201	77	1197
65.3	1212	1201	11	1197
65.32	1221	1201	20	1197
65.34	1168	1201	-33	1197
65.36	1239	1202	37	1197
65.38	1188	1202	-14	1197
65.4	1226	1202	24	1197
65.42	1227	1202	25	1197
65.44	1278	1203	75	1197
65.46	1259	1205	54	1197
65.48	1241	1206	35	1197
65.5	1232	1206	26	1197
65.52	1213	1208	5	1197
65.54	1306	1209	97	1197
65.56	1267	1209	58	1198
65.58	1317	1210	107	1198
65.6	1269	1211	58	1198
65.62	1206	1212	-6	1198
65.64	1349	1213	136	1198
65.66	1300	1214	86	1198
65.68	1268	1215	53	1198
65.7	1324	1215	109	1198
65.72	1313	1216	97	1198
65.74	1355	1217	138	1198
65.76	1267	1219	48	1198
65.78	1357	1219	138	1198
65.8	1256	1220	36	1198
65.82	1307	1221	86	1198
65.84	1297	1222	75	1198
65.86	1259	1223	36	1198
65.88	1281	1223	58	1198
65.9	1228	1224	4	1198
65.92	1272	1225	47	1198
65.94	1247	1226	21	1198
65.96	1221	1227	-6	1198
65.98	1277	1227	50	1198
66.0	1215	1228	-13	1198
66.02	1211	1228	-17	1198
66.04	1193	1229	-36	1198
66.06	1221	1230	-9	1198
66.08	1239	1231	8	1198
66.1	1209	1232	-23	1198
66.12	1276	1234	42	1198
66.14	1177	1235	-58	1198
66.16	1221	1236	-15	1198
66.18	1260	1236	24	1198
66.2	1174	1236	-62	1198
66.22	1214	1237	-23	1198
66.24	1177	1237	-60	1198
66.26	1166	1238	-72	1198
66.28	1267	1238	29	1197
66.3	1188	1237	-49	1197
66.32	1164	1238	-74	1197
66.34	1145	1238	-93	1197
66.36	1221	1237	-16	1197
66.38	1155	1236	-81	1197
66.4	1197	1234	-37	1197
66.42	1225	1232	-7	1197
66.44	1185	1230	-45	1197
66.46	1132	1229	-97	1197
66.48	1188	1228	-40	1197
66.5	1239	1226	13	1197
66.52	1173	1224	-51	1197
66.54	1182	1223	-41	1197
66.56	1192	1220	-28	1196
66.58	1162	1218	-56	1196
66.6	1175	1217	-42	1196
66.62	1257	1215	42	1196
66.64	1173	1213	-40	1196
66.66	1175	1211	-36	1196
66.68	1190	1209	-19	1196
66.7	1187	1208	-21	1196
66.72	1176	1207	-31	1195
66.74	1163	1206	-43	1195
66.76	1164	1205	-41	1195
66.78	1194	1204	-10	1195
66.8	1184	1203	-19	1195
66.82	1215	1203	12	1195
66.84	1190	1202	-12	1195
66.86	1148	1201	-53	1195
66.88	1310	1201	109	1194
66.9	1130	1201	-71	1194
66.92	1210	1200	10	1194
66.94	1173	1201	-28	1194
66.96	1231	1201	30	1194
66.98	1155	1201	-46	1194
67.0	1166	1201	-35	1193
67.02	1232	1201	31	1193
67.04	1242	1201	41	1193
67.06	1212	1201	11	1193
67.08	1183	1201	-18	1193
67.1	1275	1201	74	1192
67.12	1151	1201	-50	1192
67.14	1221	1202	19	1192
67.16	1206	1202	4	1192
67.18	1150	1202	-52	1192
67.2	1216	1202	14	1191
67.22	1225	1202	23	1191
67.24	1157	1202	-45	1191
67.26	1191	1202	-11	1191
67.28	1245	1202	43	1191
67.3	1232	1202	30	1190
67.32	1241	1201	40	1190
67.34	1238	1201	37	1190
67.36	1217	1201	16	1190
67.38	1259	1201	58	1189
67.4	1227	1201	26	1189
67.42	1241	1201	40	1189
67.44	1238	1202	36	1189
67.46	1240	1201	39	1188
67.48	1250	1201	49	1188
67.5	1185	1201	-16	1188
67.52	1281	1203	78	1188
67.54	1283	1203	80	1187
67.56	1214	1202	12	1187
67.58	1264	1203	61	1187
67.6	1274	1203	71	1186
67.62	1242	1203	39	1186
67.64	1235	1203	32	1186
67.66	1230	1203	27	1186
67.68	1214	1203	11	1185
67.7	1237	1203	34	1185
67.72	1216	1203	13	1185
67.74	1171	1203	-32	1184
67.76	1235	1203	32	1184
67.78	1224	1203	21	1184
67.8	1265	1203	62	1184
67.82	1207	1203	4	1183
67.84	1217	1203	14	1183
67.86	1264	1203	61	1183
67.88	1232	1203	29	1182
67.9	1221	1203	18	1182
67.92	1229	1203	26	1182
67.94	1186	1203	-17	1181
67.96	1232	1203	29	1181
67.98	1153	1204	-51	1181
68.0	1189	1204	-15	1180
68.02	1237	1204	33	1180
68.04	1159	1205	-46	1180
68.06	1222	1205	17	1179
68.08	1188	1205	-17	1179
68.1	1191	1206	-15	1179
68.12	1232	1206	26	1178
68.14	1190	1206	-16	1178
68.16	1203	1207	-4	1178
68.18	1139	1207	-68	1177
68.2	1197	1208	-11	1177
68.22	1248	1208	40	1177
68.24	1116	1208	-92	1176
68.26	1198	1209	-11	1176
68.28	1210	1209	1	1175
68.3	1174	1210	-36	1175
68.32	1187	1211	-24	1175
68.34	1176	1212	-36	1174
68.36	1197	1213	-16	1174
68.38	1199	1214	-15	1174
68.4	1184	1215	-31	1173
68.42	1200	1216	-16	1173
68.44	1186	1218	-32	1172
68.46	1215	1218	-3	1172
68.48	1161	1219	-58	1172
68.5	1216	1219	-3	1171
68.52	1209	1220	-11	1171
68.54	1261	1220	41	1170
68.56	1219	1220	-1	1170
68.58	1226	1221	5	1170
68.6	1230	1221	9	1169
68.62	1221	1221	0	1169
68.64	1193	1221	-28	1168
68.66	1137	1221	-84	1168
68.68	1231	1221	10	1168
68.7	1213	1221	-8	1167
68.72	1188	1221	-33	1167
68.74	1257	1221	36	1166
68.76	1305	1221	84	1166
68.78	1297	1222	75	1166
68.8	1186	1222	-36	1165
68.82	1245	1223	22	1165
68.84	1197	1223	-26	1164
68.86	1238	1224	14	1164
68.88	1232	1224	8	1163
68.9	1301	1224	77	1163
68.92	1243	1225	18	1163
68.94	1250	1226	24	1162
68.96	1261	1227	34	1162
68.98	1269	1228	41	1161
69.0	1302	1228	74	1161
69.02	1265	1229	36	1160
69.04	1282	1230	52	1160
69.06	1283	1232	51	1159
69.08	1251	1233	18	1159
69.1	1282	1234	48	1159
69.12	1294	1236	58	1158
69.14	1242	1238	4	1158
69.16	1279	1240	39	1157
69.18	1315	1242	73	1157
69.2	1329	1243	86	1156
69.22	1323	1246	77	1156
69.24	1318	1248	70	1155
69.26	1308	1251	57	1155
69.28	1319	1253	66	1154
69.3	1320	1256	64	1154
69.32	1387	1258	129	1153
69.34	1244	1261	-17	1153
69.36	1310	1264	46	1153
69.38	1344	1267	77	1152
69.4	1421	1271	150	1152
69.42	1349	1274	75	1151
69.44	1365	1278	87	1151
69.46	1426	1283	143	1150
69.48	1433	1287	146	1150
69.5	1384	1291	93	1149
69.52	1499	1296	203	1149
69.54	1464	1301	163	1148
69.56	1455	1306	149	1148
69.58	1515	1312	203	1147
69.6	1446	1319	127	1147
69.62	1453	1325	128	1146
69.64	1455	1332	123	1146
69.66	1512	1340	172	1145
69.68	1458	1348	110	1145
69.7	1522	1357	165	1144
69.72	1496	1367	129	1144
69.74	1561	1377	184	1143
69.76	1534	1388	146	1143
69.78	1566	1401	165	1142
69.8	1561	1414	147	1142
69.82	1579	1429	150	1141
69.84	1558	1446	112	1141
69.86	1682	1464	218	1140
69.88	1702	1485	217	1140
69.9	1683	1507	176	1139
69.92	1703	1534	169	1139
69.94	1747	1563	184	1138
69.96	1779	1595	184	1138
69.98	1787	1632	155	1137
70.0	1842	1671	171	1137
70.02	1865	1716	149	1136
70.04	1879	1765	114	1136
70.06	1901	1818	83	1135
70.08	2007	1876	131	1135
70.1	2075	1938	137	1134
70.12	2077	2005	72	1134
70.14	2087	2076	11	1133
70.16	2058	2151	-93	1133
70.18	2211	2229	-18	1132
70.2	2236	2309	-73	1132
70.22	2318	2390	-72	1131
70.24	2355	2471	-116	1131
70.26	2494	2551	-57	1130
70.28	2418	2628	-210	1129
70.3	2422	2698	-276	1129
70.32	2636	2761	-125	1128
70.34	2656	2820	-164	1128
70.36	2798	2876	-78	1127
70.38	2822	2926	-104	1127
70.4	2932	2973	-41	1126
70.42	3110	3020	90	1126
70.44	3122	3067	55	1125
70.46	3203	3118	85	1125
70.48	3377	3172	205	1124
70.5	3468	3227	241	1124
70.52	3530	3282	248	1123
70.54	3681	3338	343	1123
70.56	3774	3396	378	1122
70.58	3916	3456	460	1122
70.6	4112	3518	594	1121
70.62	4081	3583	498	1121
70.64	4150	3651	499	1120
70.66	4317	3720	597	1119
70.68	4488	3784	704	1119
70.7	4594	3843	751	1118
70.72	4625	3896	729	1118
70.74	4706	3942	764	1117
70.76	4978	3979	999	1117
70.78	4912	4009	903	1116
70.8	5046	4031	1015	1116
70.82	5078	4046	1032	1115
70.84	4978	4048	930	1115
70.86	5033	4037	996	1114
70.88	5044	4012	1032	1114
70.9	5017	3973	1044	1113
70.92	4995	3922	1073	1113
70.94	4837	3863	974	1112
70.96	4779	3798	981	1111
70.98	4604	3732	872	1111
71.0	4595	3663	932	1110
71.02	4406	3592	814	1110
71.04	4275	3522	753	1109
71.06	4254	3450	804	1109
71.08	3994	3381	613	1108
71.1	3887	3314	573	1108
71.12	3700	3248	452	1107
71.14	3498	3181	317	1107
71.16	3348	3114	234	1106
71.18	3274	3049	225	1106
71.2	3149	2987	162	1105
71.22	3006	2929	77	1105
71.24	2847	2874	-27	1104
71.26	2700	2824	-124	1103
71.28	2690	2776	-86	1103
71.3	2440	2728	-288	1102
71.32	2483	2676	-193	1102
71.34	2263	2618	-355	1101
71.36	2349	2553	-204	1101
71.38	2298	2481	-183	1100
71.4	2157	2403	-246	1100
71.42	2176	2323	-147	1099
71.44	2121	2243	-122	1099
71.46	1974	2166	-192	1098
71.48	1941	2092	-151	1098
71.5	1901	2023	-122	1097
71.52	1845	1956	-111	1097
71.54	1823	1892	-69	1096
71.56	1839	1831	8	1096
71.58	1808	1771	37	1095
71.6	1779	1713	66	1094
71.62	1726	1657	69	1094
71.64	1695	1604	91	1093
71.66	1675	1555	120	1093
71.68	1662	1510	152	1092
71.7	1710	1470	240	1092
71.72	1522	1434	88	1091
71.74	1526	1403	123	1091
71.76	1466	1375	91	1090
71.78	1546	1351	195	1090
71.8	1600	1331	269	1089
71.82	1541	1313	228	1089
71.84	1481	1297	184	1088
71.86	1507	1285	222	1088
71.88	1439	1273	166	1087
71.9	1379	1263	116	1087
71.92	1444	1255	189	1086
71.94	1372	1247	125	1086
71.96	1449	1240	209	1085
71.98	1390	1234	156	1085
72.0	1334	1229	105	1084
72.02	1407	1224	183	1084
72.04	1360	1219	141	1083
72.06	1356	1215	141	1083
72.08	1402	1210	192	1082
72.1	1302	1206	96	1082
72.12	1364	1202	162	1081
72.14	1224	1198	26	1080
72.16	1294	1194	100	1080
72.18	1228	1191	37	1079
72.2	1268	1188	80	1079
72.22	1328	1184	144	1078
72.24	1265	1181	84	1078
72.26	1308	1178	130	1077
72.28	1307	1174	133	1077
72.3	1286	1170	116	1076
72.32	1269	1166	103	1076
72.34	1300	1162	138	1075
72.36	1275	1158	117	1075
72.38	1248	1154	94	1074
72.4	1233	1149	84	1074
72.42	1281	1146	135	1074
72.44	1223	1142	81	1073
72.46	1308	1139	169	1073
72.48	1216	1136	80	1072
72.5	1209	1132	77	1072
72.52	1240	1130	110	1071
72.54	1159	1127	32	1071
72.56	1280	1124	156	1070
72.58	1182	1120	62	1070
72.6	1217	1117	100	1069
72.62	1221	1115	106	1069
72.64	1195	1113	82	1068
72.66	1132	1111	21	1068
72.68	1214	1109	105	1067
72.7	1221	1107	114	1067
72.72	1182	1105	77	1066
72.74	1147	1103	44	1066
72.76	1131	1102	29	1065
72.78	1169	1100	69	1065
72.8	1132	1099	33	1064
72.82	1217	1098	119	1064
72.84	1208	1097	111	1063
72.86	1096	1096	0	1063
72.88	1127	1094	33	1063
72.9	1096	1092	4	1062
72.92	1118	1089	29	1062
72.94	1148	1088	60	1061
72.96	1180	1087	93	1061
72.98	1145	1086	59	1060
73.0	1131	1085	46	1060
73.02	1048	1084	-36	1059
73.04	1116	1083	33	1059
73.06	1146	1082	64	1059
73.08	1166	1081	85	1058
73.1	1136	1080	56	1058
73.12	1094	1078	16	1057
73.14	1097	1076	21	1057
73.16	1143	1076	67	1056
73.18	1116	1075	41	1056
73.2	1145	1074	71	1055
73.22	1099	1073	26	1055
73.24	1171	1073	98	1055
73.26	1106	1072	34	1054
73.28	1156	1072	84	1054
73.3	1097	1070	27	1053
73.32	1159	1070	89	1053
73.34	1112	1070	42	1053
73.36	1035	1069	-34	1052
73.38	1080	1068	12	1052
73.4	1194	1068	126	1051
73.42	1142	1067	75	1051
73.44	1075	1066	9	1050
73.46	1091	1066	25	1050
73.48	1089	1065	24	1050
73.5	1086	1065	21	1049
73.52	1076	1065	11	1049
73.54	1116	1065	51	1048
73.56	1133	1065	68	1048
73.58	1132	1065	67	1048
73.6	1118	1064	54	1047
73.62	1123	1064	59	1047
73.64	1107	1063	44	1047
73.66	1099	1063	36	1046
73.68	1157	1062	95	1046
73.7	1098	1060	38	1045
73.72	1091	1059	32	1045
73.74	1072	1058	14	1045
73.76	1026	1057	-31	1044
73.78	1092	1055	37	1044
73.8	1100	1054	46	1044
73.82	1067	1054	13	1043
73.84	1069	1053	16	1043
73.86	1121	1052	69	1042
73.88	1106	1051	55	1042
73.9	1078	1050	28	1042
73.92	1087	1050	37	1041
73.94	1146	1048	98	1041
73.96	1097	1047	50	1041
73.98	1110	1047	63	1040
74.0	1045	1046	-1	1040
74.02	1125	1045	80	1040
74.04	1082	1043	39	1039
74.06	1035	1044	-9	1039
74.08	1082	1042	40	1039
74.1	1094	1042	52	1038
74.12	1105	1040	65	1038
74.14	1108	1040	68	1038
74.16	1043	1040	3	1037
74.18	1089	1040	49	1037
74.2	1079	1039	40	1037
74.22	1069	1039	30	1036
74.24	1023	1039	-16	1036
74.26	1046	1039	7	1036
74.28	1055	1038	17	1036
74.3	1079	1038	41	1035
74.32	1071	1038	33	1035
74.34	1046	1038	8	1035
74.36	1041	1038	3	1034
74.38	1034	1038	-4	1034
74.4	997	1038	-41	1034
74.42	1076	1037	39	1033
74.44	1043	1037	6	1033
74.46	1040	1037	3	1033
74.48	1116	1038	78	1033
74.5	1118	1038	80	1032
74.52	1034	1039	-5	1032
74.54	1051	1039	12	1032
74.56	1078	1040	38	1032
74.58	1066	1041	25	1031
74.6	1032	1041	-9	1031
74.62	1087	1042	45	1031
74.64	1083	1042	41	1031
74.66	1031	1043	-12	1030
74.68	1019	1044	-25	1030
74.7	1003	1044	-41	1030
74.72	1063	1045	18	1030
74.74	996	1046	-50	1029
74.76	1014	1046	-32	1029
74.78	1071	1047	24	1029
74.8	1079	1047	32	1029
74.82	1005	1047	-42	1029
74.84	1033	1047	-14	1028
74.86	1074	1046	28	1028
74.88	1076	1046	30	1028
74.9	1024	1045	-21	1028
74.92	1073	1045	28	1027
74.94	1069	1044	25	1027
74.96	1039	1044	-5	1027
74.98	1052	1044	8	1027
75.0	1029	1044	-15	1027
75.02	1004	1044	-40	1026
75.04	1084	1044	40	1026
75.06	1014	1044	-30	1026
75.08	1009	1044	-35	1026
75.1	1064	1043	21	1026
75.12	1030	1043	-13	1026
75.14	1028	1044	-16	1025
75.16	1054	1044	10	1025
75.18	1082	1044	38	1025
75.2	1043	1044	-1	1025
75.22	1050	1044	6	1025
75.24	1009	1045	-36	1025
75.26	1088	1045	43	1024
75.28	1091	1045	46	1024
75.3	1048	1045	3	1024
75.32	1095	1045	50	1024
75.34	1101	1044	57	1024
75.36	1075	1044	31	1024
75.38	1092	1044	48	1024
75.4	1053	1044	9	1023
75.42	1077	1043	34	1023
75.44	1090	1043	47	1023
75.46	1096	1043	53	1023
75.48	1073	1043	30	1023
75.5	1094	1043	51	1023
75.52	1032	1043	-11	1023
75.54	1115	1043	72	1023
75.56	1090	1043	47	1022
75.58	1020	1043	-23	1022
75.6	1054	1043	11	1022
75.62	1024	1043	-19	1022
75.64	1073	1043	30	1022
75.66	1056	1043	13	1022
75.68	1020	1043	-23	1022
75.7	1040	1042	-2	1022
75.72	1060	1042	18	1022
75.74	1057	1041	16	1021
75.76	1028	1040	-12	1021
75.78	1004	1039	-35	1021
75.8	1075	1038	37	1021
75.82	997	1037	-40	1021
75.84	1068	1037	31	1021
75.86	998	1036	-38	1021
75.88	1020	1035	-15	1021
75.9	1027	1034	-7	1021
75.92	1074	1035	39	1021
75.94	1011	1034	-23	1021
75.96	1061	1034	27	1021
75.98	1085	1033	52	1020
76.0	987	1033	-46	1020
76.02	1098	1033	65	1020
76.04	982	1033	-51	1020
76.06	1015	1033	-18	1020
76.08	1084	1033	51	1020
76.1	985	1034	-49	1020
76.12	1054	1034	20	1020
76.14	1029	1034	-5	1020
76.16	1037	1035	2	1020
76.18	1042	1035	7	1020
76.2	1081	1035	46	1020
76.22	1105	1036	69	1020
76.24	1055	1037	18	1020
76.26	973	1037	-64	1020
76.28	1025	1038	-13	1019
76.3	1057	1039	18	1019
76.32	1030	1040	-10	1019
76.34	1007	1041	-34	1019
76.36	1067	1042	25	1019
76.38	1102	1044	58	1019
76.4	1013	1045	-32	1019
76.42	1081	1046	35	1019
76.44	1028	1047	-19	1019
76.46	1034	1049	-15	1019
76.48	1015	1051	-36	1019
76.5	1041	1053	-12	1019
76.52	1058	1055	3	1019
76.54	1019	1059	-40	1019
76.56	1035	1062	-27	1019
76.58	1061	1065	-4	1019
76.6	1134	1069	65	1019
76.62	1056	1073	-17	1019
76.64	1040	1077	-37	1019
76.66	1050	1083	-33	1019
76.68	1054	1089	-35	1019
76.7	1121	1096	25	1019
76.72	1107	1104	3	1019
76.74	1085	1112	-27	1019
76.76	1127	1122	5	1019
76.78	1111	1133	-22	1019
76.8	1101	1145	-44	1018
76.82	1162	1159	3	1018
76.84	1091	1174	-83	1018
76.86	1157	1190	-33	1018
76.88	1125	1208	-83	1018
76.9	1123	1225	-102	1018
76.92	1137	1243	-106	1018
76.94	1175	1260	-85	1018
76.96	1211	1275	-64	1018
76.98	1166	1287	-121	1018
77.0	1187	1296	-109	1018
77.02	1204	1301	-97	1018
77.04	1245	1298	-53	1018
77.06	1180	1287	-107	1018
77.08	1169	1272	-103	1018
77.1	1190	1255	-65	1018
77.12	1182	1238	-56	1018
77.14	1178	1223	-45	1018
77.16	1201	1211	-10	1018
77.18	1220	1200	20	1018
77.2	1152	1191	-39	1018
77.22	1154	1183	-29	1018
77.24	1140	1174	-34	1018
77.26	1215	1165	50	1018
77.28	1153	1153	0	1018
77.3	1152	1139	13	1018
77.32	1201	1124	77	1018
77.34	1082	1111	-29	1018
77.36	1104	1098	6	1018
77.38	1097	1087	10	1018
77.4	1125	1077	48	1018
77.42	1131	1069	62	1018
77.44	1053	1062	-9	1018
77.46	1084	1055	29	1018
77.48	1093	1051	42	1018
77.5	1045	1047	-2	1018
77.52	1097	1043	54	1018
77.54	1076	1041	35	1018
77.56	1142	1039	103	1018
77.58	1121	1037	84	1018
77.6	1094	1036	58	1018
77.62	1008	1035	-27	1018
77.64	1037	1034	3	1018
77.66	991	1034	-43	1018
77.68	1085	1034	51	1018
77.7	1076	1034	42	1018
77.72	1069	1034	35	1018
77.74	1025	1033	-8	1018
77.76	1043	1034	9	1018
77.78	977	1034	-57	1018
77.8	1034	1034	0	1018
77.82	1011	1034	-23	1017
77.84	1024	1035	-11	1017
77.86	991	1035	-44	1017
77.88	1054	1035	19	1017
77.9	1050	1035	15	1017
77.92	1041	1036	5	1017
77.94	1006	1036	-30	1017
77.96	1030	1036	-6	1017
77.98	1131	1036	95	1017
78.0	968	1035	-67	1017
78.02	1012	1034	-22	1017
78.04	979	1034	-55	1017
78.06	1036	1033	3	1017
78.08	1008	1032	-24	1017
78.1	1049	1031	18	1017
78.12	1029	1030	-1	1017
78.14	981	1030	-49	1017
78.16	985	1029	-44	1017
78.18	961	1028	-67	1017
78.2	996	1028	-32	1017
78.22	940	1027	-87	1017
78.24	1091	1026	65	1017
78.26	964	1026	-62	1017
78.28	1004	1025	-21	1017
78.3	1054	1024	30	1017
78.32	977	1023	-46	1017
78.34	1036	1024	12	1017
78.36	982	1023	-41	1017
78.38	1013	1022	-9	1017
78.4	980	1022	-42	1016
78.42	1013	1022	-9	1016
78.44	961	1021	-60	1016
78.46	972	1021	-49	1016
78.48	1003	1020	-17	1016
78.5	989	1020	-31	1016
78.52	1054	1020	34	1016
78.54	1043	1020	23	1016
78.56	948	1019	-71	1016
78.58	1018	1019	-1	1016
78.6	1021	1019	2	1016
78.62	1011	1019	-8	1016
78.64	981	1019	-38	1016
78.66	1027	1020	7	1016
78.68	960	1020	-60	1016
78.7	1053	1020	33	1016
78.72	929	1020	-91	1015
78.74	972	1020	-48	1015
78.76	968	1020	-52	1015
78.78	975	1020	-45	1015
78.8	990	1021	-31	1015
78.82	972	1022	-50	1015
78.84	968	1022	-54	1015
78.86	981	1022	-41	1015
78.88	1002	1023	-21	1015
78.9	986	1023	-37	1015
78.92	918	1024	-106	1015
78.94	990	1025	-35	1014
78.96	996	1025	-29	1014
78.98	950	1027	-77	1014
79.0	1074	1028	46	1014
79.02	1018	1029	-11	1014
79.04	974	1030	-56	1014
79.06	1005	1031	-26	1014
79.08	1036	1032	4	1014
79.1	979	1034	-55	1014
79.12	1024	1035	-11	1014
79.14	945	1036	-91	1013
79.16	967	1038	-71	1013
79.18	1003	1039	-36	1013
79.2	1052	1040	12	1013
79.22	998	1040	-42	1013
79.24	977	1040	-63	1013
79.26	996	1040	-44	1013
79.28	1065	1040	25	1013
79.3	1085	1040	45	1012
79.32	1070	1040	30	1012
79.34	1028	1041	-13	1012
79.36	990	1041	-51	1012
79.38	1063	1042	21	1012
79.4	1074	1042	32	1012
79.42	1019	1043	-24	1012
79.44	1062	1044	18	1011
79.46	1051	1045	6	1011
79.48	1021	1045	-24	1011
79.5	1010	1045	-35	1011
79.52	980	1045	-65	1011
79.54	1041	1044	-3	1011
79.56	954	1044	-90	1010
79.58	967	1043	-76	1010
79.6	967	1043	-76	1010
79.62	1018	1043	-25	1010
79.64	999	1043	-44	1010
79.66	1002	1044	-42	1010
79.68	969	1044	-75	1009
79.7	971	1044	-73	1009
79.72	955	1045	-90	1009
79.74	984	1045	-61	1009
79.76	956	1046	-90	1009
79.78	990	1045	-55	1008
79.8	975	1046	-71	1008
79.82	925	1046	-121	1008
79.84	992	1045	-53	1008
79.86	968	1044	-76	1008
79.88	945	1044	-99	1007
79.9	916	1043	-127	1007
79.92	995	1043	-48	1007
79.94	983	1043	-60	1007
79.96	925	1043	-118	1006
79.98	961	1043	-82	1006
80.0	957	1042	-85	1006
80.02	983	1043	-60	1006
80.04	1005	1042	-37	1005
80.06	939	1041	-102	1005
80.08	948	1040	-92	1005
80.1	969	1038	-69	1005
80.12	949	1037	-88	1004
80.14	971	1034	-63	1004
80.16	1044	1032	12	1004
80.18	1008	1030	-22	1004
80.2	1003	1028	-25	1003
80.22	966	1027	-61	1003
80.24	936	1026	-90	1003
80.26	975	1025	-50	1003
80.28	972	1023	-51	1002
80.3	974	1022	-48	1002
80.32	1006	1021	-15	1002
80.34	974	1019	-45	1001
80.36	1015	1018	-3	1001
80.38	1064	1017	47	1001
80.4	1067	1016	51	1000
80.42	993	1014	-21	1000
80.44	1021	1014	7	1000
80.46	1001	1013	-12	1000
80.48	903	1012	-109	999
80.5	1012	1012	0	999
80.52	1059	1011	48	999
80.54	1029	1011	18	998
80.56	1010	1011	-1	998
80.58	991	1010	-19	998
80.6	1016	1010	6	997
80.62	1021	1010	11	997
80.64	1022	1010	12	996
80.66	986	1010	-24	996
80.68	1039	1010	29	996
80.7	1097	1011	86	995
80.72	994	1011	-17	995
80.74	978	1011	-33	995
80.76	1078	1012	66	994
80.78	1029	1013	16	994
80.8	1007	1015	-8	994
80.82	971	1016	-45	993
80.84	1009	1018	-9	993
80.86	1028	1020	8	992
80.88	1016	1024	-8	992
80.9	1027	1027	0	992
80.92	1052	1030	22	991
80.94	1016	1034	-18	991
80.96	1039	1038	1	990
80.98	978	1042	-64	990
81.0	968	1047	-79	989
81.02	1005	1052	-47	989
81.04	1066	1057	9	989
81.06	1029	1061	-32	988
81.08	1015	1065	-50	988
81.1	1017	1068	-51	987
81.12	1000	1070	-70	987
81.14	1030	1069	-39	986
81.16	1036	1067	-31	986
81.18	995	1062	-67	986
81.2	1018	1058	-40	985
81.22	1031	1053	-22	985
81.24	989	1049	-60	984
81.26	1018	1045	-27	984
81.28	1013	1043	-30	983
81.3	970	1041	-71	983
81.32	958	1039	-81	982
81.34	1003	1037	-34	982
81.36	1020	1036	-16	981
81.38	1024	1036	-12	981
81.4	955	1033	-78	980
81.42	999	1030	-31	980
81.44	971	1026	-55	979
81.46	971	1023	-52	979
81.48	949	1020	-71	978
81.5	1008	1018	-10	978
81.52	951	1016	-65	977
81.54	944	1015	-71	977
81.56	966	1014	-48	976
81.58	996	1013	-17	976
81.6	953	1012	-59	975
81.62	968	1012	-44	975
81.64	950	1011	-61	974
81.66	986	1011	-25	974
81.68	996	1011	-15	973
81.7	952	1011	-59	973
81.72	971	1011	-40	972
81.74	949	1011	-62	972
81.76	960	1010	-50	971
81.78	1014	1009	5	971
81.8	1004	1008	-4	970
81.82	957	1007	-50	970
81.84	1020	1007	13	969
81.86	1010	1007	3	969
81.88	1069	1006	63	968
81.9	1056	1006	50	967
81.92	1042	1006	36	967
81.94	993	1006	-13	966
81.96	1012	1006	6	966
81.98	1078	1006	72	965
82.0	1120	1006	114	965
82.02	1153	1006	147	964
82.04	1125	1007	118	963
82.06	1187	1007	180	963
82.08	1081	1007	74	962
82.1	1103	1007	96	962
82.12	1123	1007	116	961
82.14	1096	1007	89	961
82.16	1106	1007	99	960
82.18	1064	1007	57	959
82.2	1075	1006	69	959
82.22	1046	1006	40	958
82.24	1039	1005	34	958
82.26	1054	1004	50	957
82.28	1046	1003	43	956
82.3	1075	1003	72	956
82.32	1027	1003	24	955
82.34	1002	1003	-1	955
82.36	1046	1002	44	954
82.38	1051	1002	49	953
82.4	995	1002	-7	953
82.42	989	1002	-13	952
82.44	1004	1002	2	952
82.46	988	1002	-14	951
82.48	976	1003	-27	950
82.5	978	1003	-25	950
82.52	953	1003	-50	949
82.54	1014	1004	10	949
82.56	1013	1005	8	948
82.58	1008	1006	2	947
82.6	970	1007	-37	947
82.62	1000	1008	-8	946
82.64	954	1009	-55	945
82.66	1025	1011	14	945
82.68	1024	1013	11	944
82.7	1005	1015	-10	944
82.72	1038	1017	21	943
82.74	981	1020	-39	942
82.76	1039	1023	16	942
82.78	1070	1027	43	941
82.8	1019	1031	-12	940
82.82	986	1035	-49	940
82.84	1043	1040	3	939
82.86	1073	1046	27	938
82.88	1078	1052	26	938
82.9	1059	1059	0	937
82.92	1059	1067	-8	936
82.94	1065	1076	-11	936
82.96	1029	1085	-56	935
82.98	1069	1095	-26	934
83.0	1107	1106	1	934
83.02	1120	1118	2	933
83.04	1051	1130	-79	932
83.06	1056	1144	-88	932
83.08	1144	1158	-14	931
83.1	1066	1173	-107	930
83.12	1186	1189	-3	930
83.14	1114	1205	-91	929
83.16	1190	1222	-32	928
83.18	1204	1238	-34	928
83.2	1183	1253	-70	927
83.22	1177	1267	-90	926
83.24	1218	1279	-61	926
83.26	1227	1289	-62	925
83.28	1223	1295	-72	924
83.3	1214	1297	-83	924
83.32	1199	1296	-97	923
83.34	1276	1295	-19	922
83.36	1282	1294	-12	922
83.38	1353	1295	58	921
83.4	1324	1298	26	920
83.42	1307	1304	3	920
83.44	1363	1313	50	919
83.46	1333	1325	8	918
83.48	1345	1340	5	918
83.5	1434	1357	77	917
83.52	1440	1376	64	916
83.54	1471	1397	74	916
83.56	1541	1418	123	915
83.58	1542	1441	101	914
83.6	1555	1467	88	914
83.62	1589	1495	94	913
83.64	1583	1526	57	912
83.66	1635	1560	75	911
83.68	1671	1595	76	911
83.7	1685	1632	53	910
83.72	1720	1669	51	909
83.74	1738	1706	32	909
83.76	1645	1741	-96	908
83.78	1734	1770	-36	907
83.8	1790	1794	-4	907
83.82	1754	1814	-60	906
83.84	1867	1833	34	905
83.86	1801	1850	-49	905
83.88	1847	1866	-19	904
83.9	1919	1881	38	903
83.92	1915	1893	22	902
83.94	1911	1902	9	902
83.96	2028	1899	129	901
83.98	2002	1885	117	900
84.0	2026	1862	164	900
84.02	2116	1834	282	899
84.04	2074	1803	271	898
84.06	1993	1772	221	898
84.08	2041	1741	300	897
84.1	2071	1712	359	896
84.12	2000	1686	314	895
84.14	2111	1661	450	895
84.16	2010	1636	374	894
84.18	1873	1610	263	893
84.2	1900	1579	321	893
84.22	1897	1544	353	892
84.24	1719	1505	214	891
84.26	1659	1466	193	890
84.28	1784	1428	356	890
84.3	1797	1394	403	889
84.32	1672	1364	308	888
84.34	1611	1338	273	888
84.36	1683	1317	366	887
84.38	1543	1300	243	886
84.4	1606	1287	319	886
84.42	1540	1276	264	885
84.44	1520	1268	252	884
84.46	1456	1260	196	883
84.48	1402	1254	148	883
84.5	1394	1249	145	882
84.52	1333	1246	87	881
84.54	1299	1244	55	881
84.56	1279	1243	36	880
84.58	1318	1242	76	879
84.6	1262	1240	22	879
84.62	1184	1237	-53	878
84.64	1230	1233	-3	877
84.66	1228	1223	5	876
84.68	1195	1208	-13	876
84.7	1240	1190	50	875
84.72	1124	1171	-47	874
84.74	1101	1153	-52	874
84.76	1182	1135	47	873
84.78	1091	1120	-29	872
84.8	1078	1106	-28	872
84.82	1114	1094	20	871
84.84	1060	1083	-23	870
84.86	1078	1073	5	869
84.88	1063	1063	0	869
84.9	1032	1054	-22	868
84.92	1048	1042	6	867
84.94	1011	1030	-19	867
84.96	1063	1016	47	866
84.98	1027	1002	25	865
85.0	1025	989	36	865
85.02	1072	976	96	864
85.04	999	964	35	863
85.06	1003	953	50	863
85.08	946	943	3	862
85.1	980	935	45	861
85.12	938	927	11	860
85.14	978	921	57	860
85.16	1024	915	109	859
85.18	983	910	73	858
85.2	959	905	54	858
85.22	996	901	95	857
85.24	926	898	28	856
85.26	981	895	86	856
85.28	922	892	30	855
85.3	990	889	101	854
85.32	964	886	78	854
85.34	976	884	92	853
85.36	926	882	44	852
85.38	895	880	15	852
85.4	969	878	91	851
85.42	914	875	39	850
85.44	920	874	46	850
85.46	897	872	25	849
85.48	952	870	82	848
85.5	881	869	12	848
85.52	912	867	45	847
85.54	891	866	25	846
85.56	888	864	24	846
85.58	878	863	15	845
85.6	925	862	63	844
85.62	886	861	25	844
85.64	875	859	16	843
85.66	858	858	0	842
85.68	885	857	28	842
85.7	924	856	68	841
85.72	887	855	32	840
85.74	839	854	-15	840
85.76	848	853	-5	839
85.78	897	852	45	838
85.8	898	851	47	838
85.82	885	850	35	837
85.84	819	849	-30	836
85.86	833	848	-15	836
85.88	847	847	0	835
85.9	873	845	28	834
85.92	857	844	13	834
85.94	864	842	22	833
85.96	788	841	-53	833
85.98	820	840	-20	832
86.0	870	839	31	831
86.02	856	838	18	831
86.04	871	837	34	830
86.06	790	836	-46	829
86.08	849	835	14	829
86.1	806	835	-29	828
86.12	894	834	60	828
86.14	843	833	10	827
86.16	895	832	63	826
86.18	862	832	30	826
86.2	828	831	-3	825
86.22	814	830	-16	824
86.24	836	829	7	824
86.26	809	828	-19	823
86.28	811	827	-16	823
86.3	773	826	-53	822
86.32	849	825	24	821
86.34	808	824	-16	821
86.36	850	824	26	820
86.38	792	823	-31	820
86.4	833	822	11	819
86.42	843	821	22	818
86.44	855	820	35	818
86.46	825	819	6	817
86.48	868	818	50	817
86.5	834	818	16	816
86.52	836	817	19	815
86.54	843	817	26	815
86.56	827	815	12	814
86.58	840	815	25	814
86.6	776	814	-38	813
86.62	803	814	-11	813
86.64	818	813	5	812
86.66	828	812	16	811
86.68	786	812	-26	811
86.7	798	811	-13	810
86.72	781	811	-30	810
86.74	789	810	-21	809
86.76	820	809	11	809
86.78	822	809	13	808
86.8	839	808	31	808
86.82	829	808	21	807
86.84	856	807	49	807
86.86	817	807	10	806
86.88	811	806	5	805
86.9	835	806	29	805
86.92	877	805	72	804
86.94	785	804	-19	804
86.96	830	803	27	803
86.98	817	803	14	803
87.0	833	802	31	802
87.02	862	802	60	802
87.04	848	801	47	801
87.06	810	801	9	801
87.08	857	800	57	800
87.1	840	800	40	800
87.12	769	799	-30	799
87.14	829	799	30	799
87.16	822	798	24	798
87.18	800	798	2	798
87.2	745	797	-52	797
87.22	826	797	29	797
87.24	786	796	-10	796
87.26	828	796	32	796
87.28	857	795	62	795
87.3	794	795	-1	795
87.32	827	794	33	794
87.34	862	794	68	794
87.36	812	793	19	793
87.38	811	793	18	793
87.4	785	792	-7	792
87.42	819	792	27	792
87.44	780	792	-12	792
87.46	848	792	56	791
87.48	796	791	5	791
87.5	798	791	7	790
87.52	765	791	-26	790
87.54	803	790	13	789
87.56	811	790	21	789
87.58	800	790	10	788
87.6	858	789	69	788
87.62	820	789	31	788
87.64	796	789	7	787
87.66	798	788	10	787
87.68	771	788	-17	786
87.7	775	788	-13	786
87.72	821	788	33	785
87.74	775	787	-12	785
87.76	802	787	15	785
87.78	750	787	-37	784
87.8	836	787	49	784
87.82	786	786	0	783
87.84	752	786	-34	783
87.86	769	786	-17	783
87.88	792	786	6	782
87.9	841	785	56	782
87.92	847	785	62	782
87.94	832	784	48	781
87.96	812	784	28	781
87.98	824	783	41	780
88.0	785	783	2	780
88.02	779	782	-3	780
88.04	797	782	15	779
88.06	762	781	-19	779
88.08	798	781	17	779
88.1	756	780	-24	778
88.12	729	779	-50	778
88.14	777	779	-2	778
88.16	830	779	51	777
88.18	788	778	10	777
88.2	840	778	62	777
88.22	793	777	16	776
88.24	805	777	28	776
88.26	772	777	-5	776
88.28	797	776	21	775
88.3	787	775	12	775
88.32	798	775	23	775
88.34	818	775	43	775
88.36	807	774	33	774
88.38	762	774	-12	774
88.4	821	774	47	774
88.42	816	773	43	773
88.44	743	773	-30	773
88.46	799	773	26	773
88.48	788	773	15	773
88.5	807	772	35	772
88.52	788	772	16	772
88.54	794	772	22	772
88.56	805	772	33	772
88.58	812	771	41	771
88.6	819	771	48	771
88.62	765	771	-6	771
88.64	769	771	-2	771
88.66	771	770	1	770
88.68	748	770	-22	770
88.7	807	770	37	770
88.72	752	770	-18	770
88.74	788	769	19	769
88.76	748	769	-21	769
88.78	780	769	11	769
88.8	790	769	21	769
88.82	825	769	56	769
88.84	691	768	-77	768
88.86	815	768	47	768
88.88	786	768	18	768
88.9	760	768	-8	768
88.92	792	768	24	768
88.94	798	767	31	767
88.96	815	767	48	767
88.98	754	767	-13	767
89.0	759	767	-8	767
89.02	791	767	24	767
89.04	822	767	55	767
89.06	735	766	-31	766
89.08	794	766	28	766
89.1	748	766	-18	766
89.12	768	766	2	766
89.14	753	766	-13	766
89.16	776	766	10	766
89.18	762	765	-3	765
89.2	787	765	22	765
89.22	766	765	1	765
89.24	763	765	-2	765
89.26	787	765	22	765
89.28	756	765	-9	765
89.3	754	765	-11	765
89.32	747	764	-17	764
89.34	787	764	23	764
89.36	787	764	23	764
89.38	823	764	59	764
89.4	773	764	9	764
89.42	799	764	35	764
89.44	755	764	-9	764
89.46	736	764	-28	764
89.48	724	764	-40	764
89.5	796	764	32	764
89.52	742	763	-21	763
89.54	818	763	55	763
89.56	759	763	-4	763
89.58	746	763	-17	763
89.6	725	763	-38	763
89.62	745	763	-18	763
89.64	799	763	36	763
89.66	749	763	-14	763
89.68	813	763	50	763
89.7	788	763	25	763
89.72	779	763	16	763
89.74	804	763	41	763
89.76	773	763	10	763
89.78	766	762	4	762
89.8	783	762	21	762
89.82	735	762	-27	762
89.84	800	762	38	762
89.86	802	762	40	762
89.88	805	762	43	762
89.9	779	762	17	762
89.92	780	762	18	762
89.94	784	762	22	762
89.96	782	763	19	762
89.98	757	763	-6	762
90.0	747	763	-16	762
90.02	766	763	3	762
90.04	817	763	54	762
90.06	766	763	3	762
90.08	790	763	27	762
90.1	753	763	-10	762
90.12	702	763	-61	762
90.14	819	763	56	762
90.16	800	763	37	762
90.18	812	764	48	762
90.2	767	764	3	762
90.22	751	764	-13	762
90.24	805	764	41	762
90.26	806	764	42	762
90.28	761	765	-4	762
90.3	838	765	73	762
90.32	745	765	-20	762
90.34	766	765	1	762
90.36	766	766	0	762
90.38	760	766	-6	762
90.4	749	766	-17	762
90.42	764	767	-3	762
90.44	767	768	-1	762
90.46	750	768	-18	762
90.48	793	768	25	762
90.5	788	769	19	762
90.52	780	769	11	763
90.54	762	769	-7	763
90.56	753	769	-16	763
90.58	768	769	-1	763
90.6	825	769	56	763
90.62	789	769	20	763
90.64	753	768	-15	763
90.66	782	768	14	763
90.68	742	768	-26	763
90.7	762	768	-6	763
90.72	775	767	8	763
90.74	735	767	-32	763
90.76	816	767	49	763
90.78	759	767	-8	763
90.8	773	767	6	763
90.82	766	767	-1	764
90.84	770	767	3	764
90.86	831	767	64	764
90.88	757	767	-10	764
90.9	724	767	-43	764
90.92	747	766	-19	764
90.94	737	766	-29	764
90.96	780	766	14	764
90.98	781	766	15	764
91.0	766	766	0	764
91.02	810	766	44	765
91.04	800	765	35	765
91.06	718	765	-47	765
91.08	785	766	19	765
91.1	763	765	-2	765
91.12	766	765	1	765
91.14	783	765	18	765
91.16	739	765	-26	765
91.18	774	765	9	765
91.2	758	766	-8	766
91.22	762	766	-4	766
91.24	764	766	-2	766
91.26	763	766	-3	766
91.28	741	766	-25	766
91.3	747	766	-19	766
91.32	775	766	9	766
91.34	761	767	-6	767
91.36	782	767	15	767
91.38	805	768	37	767
91.4	823	768	55	767
91.42	733	768	-35	767
91.44	780	768	12	767
91.46	826	769	57	767
91.48	785	769	16	768
91.5	813	769	44	768
91.52	818	770	48	768
91.54	834	770	64	768
91.56	816	770	46	768
91.58	787	770	17	768
91.6	815	771	44	769
91.62	802	771	31	769
91.64	759	771	-12	769
91.66	799	772	27	769
91.68	782	772	10	769
91.7	788	772	16	769
91.72	780	773	7	770
91.74	788	773	15	770
91.76	774	773	1	770
91.78	860	774	86	770
91.8	786	774	12	770
91.82	756	774	-18	771
91.84	812	774	38	771
91.86	820	774	46	771
91.88	717	774	-57	771
91.9	804	774	30	771
91.92	762	774	-12	772
91.94	789	774	15	772
91.96	805	774	31	772
91.98	792	774	18	772
92.0	776	774	2	772
92.02	768	774	-6	773
92.04	780	774	6	773
92.06	827	774	53	773
92.08	798	774	24	773
92.1	780	775	5	773
92.12	762	775	-13	774
92.14	747	775	-28	774
92.16	775	775	0	774
92.18	823	775	48	774
92.2	799	775	24	775
92.22	820	775	45	775
92.24	730	775	-45	775
92.26	771	775	-4	775
92.28	755	775	-20	775
92.3	777	776	1	776
92.32	799	776	23	776
92.34	793	776	17	776
92.36	807	776	31	776
92.38	835	777	58	777
92.4	813	777	36	777
92.42	800	777	23	777
92.44	825	777	48	777
92.46	793	778	15	778
92.48	811	778	33	778
92.5	745	778	-33	778
92.52	769	778	-9	778
92.54	752	779	-27	779
92.56	802	780	22	779
92.58	789	780	9	779
92.6	782	780	2	779
92.62	771	781	-10	780
92.64	794	781	13	780
92.66	766	782	-16	780
92.68	815	782	33	780
92.7	771	782	-11	781
92.72	804	782	22	781
92.74	779	783	-4	781
92.76	792	783	9	781
92.78	804	783	21	782
92.8	780	783	-3	782
92.82	815	784	31	782
92.84	777	785	-8	782
92.86	823	786	37	783
92.88	736	786	-50	783
92.9	785	787	-2	783
92.92	793	787	6	784
92.94	820	788	32	784
92.96	789	789	0	784
92.98	782	789	-7	784
93.0	782	791	-9	785
93.02	810	792	18	785
93.04	795	792	3	785
93.06	795	793	2	785
93.08	801	793	8	786
93.1	822	794	28	786
93.12	768	794	-26	786
93.14	789	795	-6	787
93.16	783	795	-12	787
93.18	784	796	-12	787
93.2	771	796	-25	787
93.22	823	797	26	788
93.24	800	797	3	788
93.26	740	798	-58	788
93.28	805	798	7	789
93.3	780	800	-20	789
93.32	839	800	39	789
93.34	862	801	61	789
93.36	778	802	-24	790
93.38	789	802	-13	790
93.4	807	803	4	790
93.42	776	804	-28	791
93.44	817	805	12	791
93.46	755	805	-50	791
93.48	798	807	-9	792
93.5	798	807	-9	792
93.52	775	807	-32	792
93.54	799	808	-9	792
93.56	788	808	-20	793
93.58	828	808	20	793
93.6	739	808	-69	793
93.62	780	808	-28	794
93.64	761	808	-47	794
93.66	763	809	-46	794
93.68	814	810	4	795
93.7	804	810	-6	795
93.72	830	810	20	795
93.74	791	811	-20	795
93.76	815	811	4	796
93.78	835	812	23	796
93.8	863	812	51	796
93.82	812	812	0	797
93.84	792	814	-22	797
93.86	801	814	-13	797
93.88	824	814	10	798
93.9	828	815	13	798
93.92	808	815	-7	798
93.94	848	815	33	799
93.96	739	816	-77	799
93.98	818	816	2	799
94.0	792	817	-25	799
94.02	820	817	3	800
94.04	845	817	28	800
94.06	778	818	-40	800
94.08	798	819	-21	801
94.1	851	821	30	801
94.12	862	821	41	801
94.14	781	822	-41	802
94.16	799	823	-24	802
94.18	816	824	-8	802
94.2	836	825	11	803
94.22	838	826	12	803
94.24	799	827	-28	803
94.26	835	828	7	804
94.28	839	829	10	804
94.3	838	830	8	804
94.32	805	830	-25	805
94.34	830	831	-1	805
94.36	796	832	-36	805
94.38	822	833	-11	805
94.4	797	834	-37	806
94.42	824	835	-11	806
94.44	818	836	-18	806
94.46	842	837	5	807
94.48	864	838	26	807
94.5	779	839	-60	807
94.52	870	841	29	808
94.54	797	842	-45	808
94.56	854	843	11	808
94.58	830	844	-14	809
94.6	854	845	9	809
94.62	843	846	-3	809
94.64	825	847	-22	810
94.66	836	848	-12	810
94.68	860	850	10	810
94.7	830	851	-21	811
94.72	856	852	4	811
94.74	870	853	17	811
94.76	869	855	14	811
94.78	881	856	25	812
94.8	805	857	-52	812
94.82	892	859	33	812
94.84	917	860	57	813
94.86	855	861	-6	813
94.88	865	863	2	813
94.9	830	865	-35	814
94.92	921	866	55	814
94.94	853	869	-16	814
94.96	912	871	41	815
94.98	904	873	31	815
95.0	896	875	21	815
95.02	868	877	-9	816
95.04	876	879	-3	816
95.06	888	882	6	816
95.08	904	885	19	817
95.1	880	887	-7	817
95.12	881	889	-8	817
95.14	935	892	43	817
95.16	912	895	17	818
95.18	889	897	-8	818
95.2	959	900	59	818
95.22	907	904	3	819
95.24	954	907	47	819
95.26	910	910	0	819
95.28	965	914	51	820
95.3	918	918	0	820
95.32	973	922	51	820
95.34	909	926	-17	821
95.36	945	931	14	821
95.38	1008	936	72	821
95.4	1000	942	58	822
95.42	975	947	28	822
95.44	985	954	31	822
95.46	1018	960	58	822
95.48	1022	968	54	823
95.5	1041	975	66	823
95.52	1056	984	72	823
95.54	1014	994	20	824
95.56	988	1004	-16	824
95.58	1077	1014	63	824
95.6	1026	1026	0	825
95.62	1061	1038	23	825
95.64	1043	1051	-8	825
95.66	1098	1064	34	825
95.68	1092	1079	13	826
95.7	1097	1094	3	826
95.72	1070	1110	-40	826
95.74	1185	1126	59	827
95.76	1104	1142	-38	827
95.78	1143	1159	-16	827
95.8	1175	1176	-1	828
95.82	1187	1192	-5	828
95.84	1153	1207	-54	828
95.86	1168	1222	-54	828
95.88	1261	1235	26	829
95.9	1237	1244	-7	829
95.92	1283	1251	32	829
95.94	1266	1259	7	830
95.96	1285	1268	17	830
95.98	1287	1280	7	830
96.0	1303	1296	7	830
96.02	1433	1315	118	831
96.04	1351	1337	14	831
96.06	1440	1363	77	831
96.08	1481	1391	90	832
96.1	1476	1422	54	832
96.12	1539	1454	85	832
96.14	1539	1488	51	832
96.16	1662	1523	139	833
96.18	1664	1558	106	833
96.2	1758	1591	167	833
96.22	1753	1621	132	834
96.24	1809	1649	160	834
96.26	1869	1673	196	834
96.28	1976	1688	288	834
96.3	2010	1696	314	835
96.32	2096	1698	398	835
96.34	2206	1700	506	835
96.36	2237	1704	533	835
96.38	2416	1708	708	836
96.4	2492	1712	780	836
96.42	2488	1714	774	836
96.44	2469	1716	753	836
96.46	2578	1719	859	837
96.48	2611	1722	889	837
96.5	2604	1725	879	837
96.52	2691	1726	965	837
96.54	2574	1720	854	838
96.56	2741	1709	1032	838
96.58	2735	1693	1042	838
96.6	2724	1673	1051	838
96.62	2845	1652	1193	839
96.64	2809	1634	1175	839
96.66	2914	1620	1294	839
96.68	2943	1612	1331	839
96.7	3082	1609	1473	840
96.72	3104	1611	1493	840
96.74	3079	1616	1463	840
96.76	3240	1625	1615	840
96.78	3241	1639	1602	841
96.8	3280	1656	1624	841
96.82	3207	1677	1530	841
96.84	3185	1700	1485	841
96.86	3192	1722	1470	842
96.88	3207	1745	1462	842
96.9	3070	1767	1303	842
96.92	3104	1790	1314	842
96.94	2913	1813	1100	843
96.96	2825	1837	988	843
96.98	2812	1858	954	843
97.0	2640	1874	766	843
97.02	2621	1886	735	843
97.04	2584	1897	687	844
97.06	2439	1908	531	844
97.08	2554	1918	636	844
97.1	2468	1927	541	844
97.12	2338	1937	401	845
97.14	2350	1949	401	845
97.16	2367	1960	407	845
97.18	2355	1969	386	845
97.2	2197	1973	224	845
97.22	2151	1970	181	846
97.24	2091	1961	130	846
97.26	2071	1936	135	846
97.28	1879	1899	-20	846
97.3	1902	1855	47	846
97.32	1831	1806	25	847
97.34	1792	1759	33	847
97.36	1752	1717	35	847
97.38	1674	1681	-7	847
97.4	1622	1651	-29	847
97.42	1604	1627	-23	847
97.44	1569	1608	-39	848
97.46	1564	1594	-30	848
97.48	1563	1584	-21	848
97.5	1416	1575	-159	848
97.52	1323	1565	-242	848
97.54	1336	1555	-219	849
97.56	1299	1543	-244	849
97.58	1271	1524	-253	849
97.6	1332	1498	-166	849
97.62	1265	1468	-203	849
97.64	1236	1433	-197	849
97.66	1285	1392	-107	850
97.68	1225	1348	-123	850
97.7	1221	1303	-82	850
97.72	1222	1262	-40	850
97.74	1189	1225	-36	850
97.76	1220	1194	26	850
97.78	1251	1168	83	850
97.8	1148	1147	1	851
97.82	1107	1129	-22	851
97.84	1139	1115	24	851
97.86	1063	1103	-40	851
97.88	1143	1094	49	851
97.9	1116	1085	31	851
97.92	1098	1077	21	851
97.94	1077	1069	8	852
97.96	1090	1062	28	852
97.98	1023	1051	-28	852
98.0	1071	1039	32	852
98.02	1068	1025	43	852
98.04	998	1011	-13	852
98.06	1111	998	113	852
98.08	1059	986	73	852
98.1	1038	974	64	853
98.12	1027	964	63	853
98.14	1023	956	67	853
98.16	1027	948	79	853
98.18	1019	940	79	853
98.2	994	933	61	853
98.22	1033	928	105	853
98.24	999	924	75	853
98.26	981	919	62	853
98.28	956	915	41	853
98.3	994	912	82	854
98.32	981	909	72	854
98.34	994	907	87	854
98.36	1000	904	96	854
98.38	968	903	65	854
98.4	939	901	38	854
98.42	959	901	58	854
98.44	941	900	41	854
98.46	995	899	96	854
98.48	988	898	90	854
98.5	1000	897	103	854
98.52	1007	895	112	854
98.54	994	894	100	854
98.56	1026	892	134	854
98.58	999	891	108	855
98.6	973	891	82	855
98.62	1013	889	124	855
98.64	975	888	87	855
98.66	955	886	69	855
98.68	990	885	105	855
98.7	949	884	65	855
98.72	965	882	83	855
98.74	960	880	80	855
98.76	941	879	62	855
98.78	995	878	117	855
98.8	956	878	78	855
98.82	1029	877	152	855
98.84	992	876	116	855
98.86	998	875	123	855
98.88	955	875	80	855
98.9	980	874	106	855
98.92	964	872	92	855
98.94	892	871	21	855
98.96	919	870	49	855
98.98	911	870	41	855
99.0	935	869	66	855
99.02	931	868	63	855
99.04	914	867	47	855
99.06	970	867	103	855
99.08	949	865	84	855
99.1	932	865	67	855
99.12	967	864	103	855
99.14	896	863	33	855
99.16	947	863	84	855
99.18	984	862	122	855
99.2	892	862	30	855
99.22	925	862	63	855
99.24	892	861	31	855
99.26	882	861	21	855
99.28	934	860	74	855
99.3	925	860	65	855
99.32	982	859	123	854
99.34	902	859	43	854
99.36	916	859	57	854
99.38	883	859	24	854
99.4	866	859	7	854
99.42	930	859	71	854
99.44	879	858	21	854
99.46	887	858	29	854
99.48	882	857	25	854
99.5	841	857	-16	854
99.52	896	857	39	854
99.54	871	857	14	854
99.56	894	857	37	854
99.58	880	856	24	853
99.6	901	856	45	853
99.62	876	856	20	853
99.64	903	855	48	853
99.66	860	855	5	853
99.68	865	855	10	853
99.7	822	855	-33	853
99.72	896	855	41	853
99.74	817	854	-37	853
99.76	851	854	-3	852
99.78	877	854	23	852
99.8	924	855	69	852
99.82	863	855	8	852
99.84	841	855	-14	852
99.86	860	855	5	852
99.88	868	856	12	852
99.9	882	856	26	851
99.92	868	855	13	851
99.94	893	855	38	851
99.96	843	856	-13	851
99.98	859	856	3	851
100.0	889	856	33	851
100.02	854	856	-2	851
100.04	869	856	13	850
100.06	829	857	-28	850
100.08	831	857	-26	850
100.1	871	857	14	850
100.12	865	857	8	850
100.14	836	858	-22	849
100.16	877	858	19	849
100.18	867	859	8	849
100.2	867	859	8	849
100.22	883	859	24	849
100.24	852	859	-7	848
100.26	862	858	4	848
100.28	892	858	34	848
100.3	872	858	14	848
100.32	841	859	-18	848
100.34	849	859	-10	847
100.36	855	860	-5	847
100.38	854	860	-6	847
100.4	881	860	21	847
100.42	819	861	-42	847
100.44	864	863	1	846
100.46	899	863	36	846
100.48	847	863	-16	846
100.5	878	863	15	846
100.52	904	863	41	845
100.54	856	862	-6	845
100.56	847	862	-15	845
100.58	881	861	20	845
100.6	897	861	36	844
100.62	877	860	17	844
100.64	899	859	40	844
100.66	859	858	1	844
100.68	913	857	56	843
100.7	903	856	47	843
100.72	878	855	23	843
100.74	921	854	67	843
100.76	901	854	47	842
100.78	932	853	79	842
100.8	952	853	99	842
100.82	947	853	94	841
100.84	937	853	84	841
100.86	929	852	77	841
100.88	975	851	124	841
100.9	921	851	70	840
100.92	911	850	61	840
100.94	995	850	145	840
100.96	986	851	135	839
100.98	917	850	67	839
101.0	911	850	61	839
101.02	997	848	149	839
101.04	920	847	73	838
101.06	979	846	133	838
101.08	920	845	75	838
101.1	942	844	98	837
101.12	972	843	129	837
101.14	930	843	87	837
101.16	878	842	36	837
101.18	882	842	40	836
101.2	913	842	71	836
101.22	875	842	33	836
101.24	922	841	81	835
101.26	867	841	26	835
101.28	878	840	38	835
101.3	892	840	52	834
101.32	909	840	69	834
101.34	946	840	106	834
101.36	935	840	95	833
101.38	912	839	73	833
101.4	940	839	101	833
101.42	869	839	30	832
101.44	878	839	39	832
101.46	844	838	6	832
101.48	831	838	-7	831
101.5	833	838	-5	831
101.52	833	838	-5	831
101.54	838	837	1	830
101.56	862	836	26	830
101.58	822	836	-14	830
101.6	870	835	35	829
101.62	840	835	5	829
101.64	860	835	25	829
101.66	868	834	34	828
101.68	850	834	16	828
101.7	895	834	61	828
101.72	860	834	26	827
101.74	861	834	27	827
101.76	899	834	65	827
101.78	861	834	27	826
101.8	789	834	-45	826
101.82	815	834	-19	826
101.84	834	834	0	825
101.86	872	834	38	825
101.88	802	833	-31	825
101.9	807	833	-26	824
101.92	858	833	25	824
101.94	862	832	30	824
101.96	830	831	-1	823
101.98	827	830	-3	823
102.0	822	829	-7	823
102.02	830	828	2	822
102.04	801	827	-26	822
102.06	866	826	40	821
102.08	845	825	20	821
102.1	871	825	46	821
102.12	851	824	27	820
102.14	856	824	32	820
102.16	862	824	38	820
102.18	854	823	31	819
102.2	831	823	8	819
102.22	833	822	11	819
102.24	852	822	30	818
102.26	851	822	29	818
102.28	852	821	31	818
102.3	850	820	30	817
102.32	839	819	20	817
102.34	867	819	48	816
102.36	810	818	-8	816
102.38	870	817	53	816
102.4	803	817	-14	815
102.42	884	816	68	815
102.44	810	816	-6	815
102.46	845	816	29	814
102.48	885	816	69	814
102.5	795	816	-21	814
102.52	825	815	10	813
102.54	835	814	21	813
102.56	856	814	42	812
102.58	860	814	46	812
102.6	882	814	68	812
102.62	862	814	48	811
102.64	860	813	47	811
102.66	924	813	111	811
102.68	865	813	52	810
102.7	902	813	89	810
102.72	847	813	34	810
102.74	840	812	28	809
102.76	829	812	17	809
102.78	869	812	57	809
102.8	904	812	92	808
102.82	886	812	74	808
102.84	892	812	80	807
102.86	935	812	123	807
102.88	926	812	114	807
102.9	895	812	83	806
102.92	874	811	63	806
102.94	856	811	45	806
102.96	907	811	96	805
102.98	866	811	55	805
103.0	846	811	35	805
103.02	893	811	82	804
103.04	867	810	57	804
103.06	826	811	15	804
103.08	900	811	89	803
103.1	869	810	59	803
103.12	868	811	57	802
103.14	867	811	56	802
103.16	796	811	-15	802
103.18	897	811	86	801
103.2	837	811	26	801
103.22	837	812	25	801
103.24	866	811	55	800
103.26	864	812	52	800
103.28	806	812	-6	800
103.3	833	812	21	799
103.32	818	812	6	799
103.34	867	812	55	799
103.36	822	812	10	798
103.38	899	812	87	798
103.4	837	811	26	798
103.42	849	811	38	797
103.44	843	809	34	797
103.46	814	808	6	797
103.48	870	807	63	796
103.5	874	806	68	796
103.52	844	805	39	796
103.54	853	804	49	795
103.56	846	804	42	795
103.58	866	803	63	795
103.6	890	803	87	794
103.62	830	803	27	794
103.64	828	803	25	794
103.66	850	803	47	793
103.68	838	802	36	793
103.7	800	803	-3	793
103.72	830	804	26	793
103.74	785	804	-19	792
103.76	810	804	6	792
103.78	862	803	59	792
103.8	869	803	66	791
103.82	814	803	11	791
103.84	845	803	42	791
103.86	818	802	16	790
103.88	781	802	-21	790
103.9	799	802	-3	790
103.92	762	803	-41	790
103.94	820	803	17	789
103.96	823	803	20	789
103.98	804	804	0	789
104.0	856	804	52	788
104.02	814	804	10	788
104.04	825	804	21	788
104.06	775	804	-29	787
104.08	805	804	1	787
104.1	803	803	0	787
104.12	813	803	10	787
104.14	814	802	12	786
104.16	789	801	-12	786
104.18	792	800	-8	786
104.2	843	800	43	786
104.22	838	799	39	785
104.24	831	799	32	785
104.26	892	799	93	785
104.28	823	799	24	785
104.3	809	799	10	784
104.32	844	799	45	784
104.34	846	800	46	784
104.36	855	801	54	784
104.38	840	801	39	783
104.4	788	802	-14	783
104.42	815	803	12	783
104.44	831	803	28	783
104.46	774	804	-30	782
104.48	845	804	41	782
104.5	854	805	49	782
104.52	834	805	29	782
104.54	850	806	44	781
104.56	775	806	-31	781
104.58	822	807	15	781
104.6	842	807	35	781
104.62	762	806	-44	780
104.64	798	806	-8	780
104.66	820	806	14	780
104.68	849	805	44	780
104.7	820	805	15	780
104.72	820	805	15	779
104.74	833	804	29	779
104.76	798	803	-5	779
104.78	776	802	-26	779
104.8	781	801	-20	779
104.82	874	799	75	778
104.84	771	799	-28	778
104.86	845	798	47	778
104.88	813	797	16	778
104.9	855	796	59	778
104.92	787	795	-8	778
104.94	812	794	18	777
104.96	858	794	64	777
104.98	801	793	8	777
105.0	824	792	32	777
105.02	803	792	11	777
105.04	888	791	97	777
105.06	849	790	59	776
105.08	861	789	72	776
105.1	850	788	62	776
105.12	858	787	71	776
105.14	823	786	37	776
105.16	872	786	86	776
105.18	801	783	18	776
105.2	801	782	19	775
105.22	822	782	40	775
105.24	798	781	17	775
105.26	767	781	-14	775
105.28	746	780	-34	775
105.3	797	779	18	775
105.32	767	778	-11	775
105.34	821	779	42	775
105.36	775	778	-3	775
105.38	825	778	47	774
105.4	787	778	9	774
105.42	864	777	87	774
105.44	868	776	92	774
105.46	844	776	68	774
105.48	833	776	57	774
105.5	823	776	47	774
105.52	847	776	71	774
105.54	843	776	67	774
105.56	850	776	74	774
105.58	846	776	70	774
105.6	838	776	62	774
105.62	826	776	50	774
105.64	837	776	61	774
105.66	876	776	100	773
105.68	871	776	95	773
105.7	837	776	61	773
105.72	831	776	55	773
105.74	809	777	32	773
105.76	863	778	85	773
105.78	868	778	90	773
105.8	845	778	67	773
105.82	867	778	89	773
105.84	808	778	30	773
105.86	866	779	87	773
105.88	812	779	33	773
105.9	821	779	42	773
105.92	843	779	64	773
105.94	803	780	23	773
105.96	799	780	19	773
105.98	852	780	72	773
106.0	827	781	46	773
106.02	865	782	83	773
106.04	829	783	46	773
106.06	837	784	53	773
106.08	812	785	27	773
106.1	886	785	101	773
106.12	835	787	48	773
106.14	879	788	91	773
106.16	853	788	65	773
106.18	837	789	48	773
106.2	868	790	78	773
106.22	807	791	16	773
106.24	834	793	41	773
106.26	858	794	64	773
106.28	816	795	21	773
106.3	819	796	23	774
106.32	872	797	75	774
106.34	846	798	48	774
106.36	782	798	-16	774
106.38	882	799	83	774
106.4	845	799	46	774
106.42	859	799	60	774
106.44	832	798	34	774
106.46	840	798	42	774
106.48	832	798	34	774
106.5	824	798	26	774
106.52	810	797	13	774
106.54	833	798	35	774
106.56	851	798	53	774
106.58	891	798	93	774
106.6	832	798	34	775
106.62	865	798	67	775
106.64	848	797	51	775
106.66	826	797	29	775
106.68	817	797	20	775
106.7	846	798	48	775
106.72	885	799	86	775
106.74	790	799	-9	775
106.76	891	799	92	775
106.78	803	800	3	775
106.8	804	800	4	776
106.82	860	800	60	776
106.84	858	800	58	776
106.86	794	801	-7	776
106.88	836	801	35	776
106.9	861	802	59	776
106.92	857	802	55	776
106.94	854	802	52	776
106.96	820	802	18	777
106.98	866	803	63	777
107.0	861	803	58	777
107.02	848	803	45	777
107.04	856	803	53	777
107.06	856	802	54	777
107.08	822	801	21	777
107.1	834	801	33	778
107.12	893	800	93	778
107.14	830	800	30	778
107.16	840	800	40	778
107.18	796	800	-4	778
107.2	854	801	53	778
107.22	829	802	27	779
107.24	829	802	27	779
107.26	829	803	26	779
107.28	833	805	28	779
107.3	826	806	20	779
107.32	827	807	20	779
107.34	875	808	67	780
107.36	823	808	15	780
107.38	842	809	33	780
107.4	864	810	54	780
107.42	876	810	66	780
107.44	830	811	19	780
107.46	841	811	30	781
107.48	831	810	21	781
107.5	807	810	-3	781
107.52	881	809	72	781
107.54	848	810	38	781
107.56	862	809	53	782
107.58	811	809	2	782
107.6	853	810	43	782
107.62	843	810	33	782
107.64	874	811	63	782
107.66	816	811	5	783
107.68	850	812	38	783
107.7	813	813	0	783
107.72	795	814	-19	783
107.74	848	814	34	783
107.76	846	815	31	784
107.78	872	816	56	784
107.8	812	818	-6	784
107.82	821	819	2	784
107.84	832	820	12	785
107.86	844	821	23	785
107.88	828	821	7	785
107.9	845	821	24	785
107.92	863	822	41	786
107.94	851	822	29	786
107.96	827	822	5	786
107.98	884	823	61	786
108.0	827	824	3	786
108.02	870	824	46	787
108.04	882	825	57	787
108.06	802	827	-25	787
108.08	852	828	24	787
108.1	859	829	30	788
108.12	858	831	27	788
108.14	858	832	26	788
108.16	897	834	63	788
108.18	857	837	20	789
108.2	846	840	6	789
108.22	865	841	24	789
108.24	838	844	-6	789
108.26	874	846	28	790
108.28	862	849	13	790
108.3	849	852	-3	790
108.32	867	855	12	790
108.34	886	858	28	791
108.36	854	861	-7	791
108.38	869	864	5	791
108.4	893	867	26	792
108.42	841	870	-29	792
108.44	867	873	-6	792
108.46	903	876	27	792
108.48	876	880	-4	793
108.5	884	882	2	793
108.52	853	886	-33	793
108.54	915	889	26	793
108.56	900	893	7	794
108.58	905	898	7	794
108.6	895	903	-8	794
108.62	870	909	-39	795
108.64	843	915	-72	795
108.66	870	923	-53	795
108.68	949	930	19	795
108.7	927	939	-12	796
108.72	928	949	-21	796
108.74	963	958	5	796
108.76	888	970	-82	797
108.78	914	981	-67	797
108.8	938	992	-54	797
108.82	929	1004	-75	797
108.84	906	1016	-110	798
108.86	932	1027	-95	798
108.88	948	1038	-90	798
108.9	989	1049	-60	799
108.92	928	1058	-130	799
108.94	902	1065	-163	799
108.96	995	1071	-76	799
108.98	931	1075	-144	800
109.0	1018	1072	-54	800
109.02	941	1063	-122	800
109.04	982	1049	-67	801
109.06	973	1035	-62	801
109.08	1029	1022	7	801
109.1	957	1011	-54	802
109.12	972	1003	-31	802
109.14	999	998	1	802
109.16	1024	996	28	802
109.18	983	996	-13	803
109.2	994	998	-4	803
109.22	1077	1001	76	803
109.24	1080	1006	74	804
109.26	983	1011	-28	804
109.28	1028	1017	11	804
109.3	1093	1023	70	805
109.32	1038	1030	8	805
109.34	1094	1036	58	805
109.36	1101	1042	59	806
109.38	1077	1049	28	806
109.4	1116	1053	63	806
109.42	1098	1053	45	807
109.44	1105	1054	51	807
109.46	1090	1054	36	807
109.48	1107	1055	52	808
109.5	1136	1058	78	808
109.52	1152	1063	89	808
109.54	1211	1070	141	808
109.56	1157	1079	78	809
109.58	1236	1091	145	809
109.6	1220	1104	116	809
109.62	1200	1118	82	810
109.64	1174	1134	40	810
109.66	1165	1151	14	810
109.68	1248	1168	80	811
109.7	1323	1185	138	811
109.72	1253	1201	52	811
109.74	1248	1217	31	812
109.76	1252	1229	23	812
109.78	1333	1238	95	812
109.8	1188	1245	-57	813
109.82	1207	1251	-44	813
109.84	1209	1257	-48	813
109.86	1291	1261	30	814
109.88	1285	1265	20	814
109.9	1309	1266	43	814
109.92	1288	1261	27	815
109.94	1237	1243	-6	815
109.96	1295	1217	78	815
109.98	1299	1189	110	816
110.0	1255	1162	93	816
110.02	1345	1139	206	816
110.04	1377	1122	255	817
110.06	1338	1109	229	817
110.08	1330	1098	232	817
110.1	1324	1092	232	818
110.12	1261	1087	174	818
110.14	1222	1085	137	818
110.16	1138	1082	56	819
110.18	1231	1079	152	819
110.2	1216	1077	139	819
110.22	1227	1075	152	820
110.24	1183	1072	111	820
110.26	1139	1071	68	820
110.28	1153	1069	84	821
110.3	1194	1066	128	821
110.32	1176	1062	114	821
110.34	1168	1053	115	822
110.36	1136	1040	96	822
110.38	1181	1025	156	822
110.4	1099	1011	88	823
110.42	1186	998	188	823
110.44	1171	988	183	823
110.46	1118	980	138	824
110.48	1125	974	151	824
110.5	1148	970	178	824
110.52	1140	968	172	825
110.54	1126	967	159	825
110.56	1043	968	75	825
110.58	1021	970	51	826
110.6	1058	972	86	826
110.62	1016	976	40	826
110.64	1049	981	68	827
110.66	1035	985	50	827
110.68	1054	990	64	827
110.7	1023	996	27	827
110.72	1010	1002	8	828
110.74	969	1008	-39	828
110.76	999	1014	-15	828
110.78	1009	1020	-11	829
110.8	950	1025	-75	829
110.82	970	1029	-59	829
110.84	977	1033	-56	830
110.86	942	1033	-91	830
110.88	983	1029	-46	830
110.9	919	1018	-99	831
110.92	986	1004	-18	831
110.94	910	989	-79	831
110.96	908	975	-67	832
110.98	945	963	-18	832
111.0	904	953	-49	832
111.02	930	946	-16	833
111.04	951	941	10	833
111.06	1000	937	63	833
111.08	952	935	17	834
111.1	930	934	-4	834
111.12	919	933	-14	834
111.14	895	933	-38	835
111.16	894	934	-40	835
111.18	844	934	-90	835
111.2	930	935	-5	836
111.22	894	935	-41	836
111.24	858	936	-78	836
111.26	853	935	-82	836
111.28	897	934	-37	837
111.3	964	930	34	837
111.32	886	924	-38	837
111.34	897	917	-20	838
111.36	895	910	-15	838
111.38	881	903	-22	838
111.4	872	897	-25	839
111.42	901	892	9	839
111.44	893	887	6	839
111.46	900	884	16	840
111.48	886	881	5	840
111.5	929	880	49	840
111.52	862	879	-17	841
111.54	900	877	23	841
111.56	886	876	10	841
111.58	862	876	-14	841
111.6	944	874	70	842
111.62	854	873	-19	842
111.64	949	873	76	842
111.66	901	872	29	843
111.68	855	873	-18	843
111.7	925	873	52	843
111.72	875	873	2	844
111.74	848	873	-25	844
111.76	912	874	38	844
111.78	881	875	6	844
111.8	850	876	-26	845
111.82	835	877	-42	845
111.84	932	878	54	845
111.86	894	879	15	846
111.88	872	880	-8	846
111.9	842	880	-38	846
111.92	900	881	19	846
111.94	849	881	-32	847
111.96	870	881	-11	847
111.98	848	880	-32	847
112.0	903	879	24	848
112.02	876	878	-2	848
112.04	932	876	56	848
112.06	877	875	2	848
112.08	935	874	61	849
112.1	928	873	55	849
112.12	854	872	-18	849
112.14	856	871	-15	849
112.16	843	871	-28	850
112.18	883	871	12	850
112.2	876	871	5	850
112.22	895	871	24	851
112.24	896	871	25	851
112.26	864	872	-8	851
112.28	902	872	30	851
112.3	840	873	-33	852
112.32	861	873	-12	852
112.34	900	875	25	852
112.36	863	875	-12	852
112.38	861	876	-15	853
112.4	848	875	-27	853
112.42	840	875	-35	853
112.44	842	874	-32	853
112.46	893	873	20	854
112.48	894	872	22	854
112.5	861	871	-10	854
112.52	876	870	6	854
112.54	839	869	-30	855
112.56	838	869	-31	855
112.58	875	868	7	855
112.6	832	868	-36	855
112.62	789	867	-78	856
112.64	917	867	50	856
112.66	881	867	14	856
112.68	829	867	-38	856
112.7	824	867	-43	856
112.72	805	867	-62	857
112.74	881	866	15	857
112.76	849	867	-18	857
112.78	883	868	15	857
112.8	862	868	-6	858
112.82	845	868	-23	858
112.84	828	869	-41	858
112.86	931	869	62	858
112.88	865	869	-4	858
112.9	844	869	-25	859
112.92	910	869	41	859
112.94	832	869	-37	859
112.96	836	870	-34	859
112.98	859	870	-11	860
113.0	856	870	-14	860
113.02	900	870	30	860
113.04	844	871	-27	860
113.06	890	871	19	860
113.08	879	872	7	861
113.1	933	872	61	861
113.12	843	872	-29	861
113.14	892	873	19	861
113.16	843	874	-31	861
113.18	852	874	-22	861
113.2	903	875	28	862
113.22	859	876	-17	862
113.24	868	876	-8	862
113.26	914	877	37	862
113.28	852	878	-26	862
113.3	901	878	23	863
113.32	925	879	46	863
113.34	904	879	25	863
113.36	907	879	28	863
113.38	927	880	47	863
113.4	919	881	38	864
113.42	935	882	53	864
113.44	897	883	14	864
113.46	900	885	15	864
113.48	903	886	17	864
113.5	906	887	19	864
113.52	958	890	68	865
113.54	902	891	11	865
113.56	952	892	60	865
113.58	916	894	22	865
113.6	926	896	30	865
113.62	969	898	71	865
113.64	918	901	17	866
113.66	952	903	49	866
113.68	956	906	50	866
113.7	893	909	-16	866
113.72	874	912	-38	866
113.74	943	915	28	866
113.76	896	919	-23	866
113.78	957	923	34	867
113.8	930	926	4	867
113.82	936	931	5	867
113.84	905	936	-31	867
113.86	923	940	-17	867
113.88	869	944	-75	867
113.9	888	949	-61	867
113.92	912	954	-42	868
113.94	888	958	-70	868
113.96	965	961	4	868
113.98	858	964	-106	868
114.0	914	967	-53	868
114.02	846	969	-123	868
114.04	954	971	-17	868
114.06	936	973	-37	869
114.08	889	972	-83	869
114.1	933	969	-36	869
114.12	891	962	-71	869
114.14	913	955	-42	869
114.16	905	948	-43	869
114.18	938	942	-4	869
114.2	927	937	-10	869
114.22	900	934	-34	869
114.24	973	931	42	870
114.26	937	929	8	870
114.28	867	927	-60	870
114.3	916	926	-10	870
114.32	827	925	-98	870
114.34	887	925	-38	870
114.36	875	925	-50	870
114.38	883	925	-42	870
114.4	908	925	-17	871
114.42	858	923	-65	871
114.44	884	923	-39	871
114.46	876	923	-47	871
114.48	851	923	-72	871
114.5	839	922	-83	871
114.52	941	920	21	871
114.54	879	918	-39	871
114.56	855	914	-59	871
114.58	887	909	-22	871
114.6	826	905	-79	872
114.62	872	901	-29	872
114.64	830	898	-68	872
114.66	824	895	-71	872
114.68	875	892	-17	872
114.7	886	890	-4	872
114.72	873	888	-15	872
114.74	894	886	8	872
114.76	850	884	-34	872
114.78	921	883	38	872
114.8	863	882	-19	872
114.82	884	882	2	872
114.84	907	881	26	873
114.86	856	881	-25	873
114.88	900	880	20	873
114.9	851	879	-28	873
114.92	868	879	-11	873
114.94	908	878	30	873
114.96	810	878	-68	873
114.98	916	878	38	873
115.0	893	878	15	873
115.02	870	878	-8	873
115.04	868	877	-9	873
115.06	893	877	16	873
115.08	809	877	-68	873
115.1	889	877	12	874
115.12	847	877	-30	874
115.14	884	877	7	874
115.16	891	877	14	874
115.18	858	877	-19	874
115.2	883	877	6	874
115.22	843	877	-34	874
115.24	847	877	-30	874
115.26	833	877	-44	874
115.28	783	878	-95	874
115.3	826	878	-52	874
115.32	857	878	-21	874
115.34	839	878	-39	874
115.36	892	878	14	874
115.38	876	878	-2	874
115.4	869	879	-10	874
115.42	840	879	-39	874
115.44	857	880	-23	874
115.46	849	880	-31	875
115.48	873	880	-7	875
115.5	837	881	-44	875
115.52	894	881	13	875
115.54	820	880	-60	875
115.56	866	880	-14	875
115.58	860	880	-20	875
115.6	868	880	-12	875
115.62	860	880	-20	875
115.64	807	880	-73	875
115.66	829	881	-52	875
115.68	852	881	-29	875
115.7	852	881	-29	875
115.72	836	882	-46	875
115.74	891	882	9	875
115.76	865	882	-17	875
115.78	900	882	18	875
115.8	892	883	9	875
115.82	856	883	-27	875
115.84	837	883	-46	875
115.86	871	884	-13	875
115.88	879	884	-5	875
115.9	907	885	22	875
115.92	853	885	-32	875
115.94	901	886	15	875
115.96	905	886	19	875
115.98	869	886	-17	875
116.0	908	886	22	875
116.02	816	886	-70	875
116.04	884	886	-2	876
116.06	854	887	-33	876
116.08	823	887	-64	876
116.1	896	888	8	876
116.12	852	888	-36	876
116.14	857	889	-32	876
116.16	849	889	-40	876
116.18	865	889	-24	876
116.2	839	889	-50	876
116.22	923	890	33	876
116.24	875	890	-15	876
116.26	897	889	8	876
116.28	897	889	8	876
116.3	881	888	-7	876
116.32	886	888	-2	876
116.34	884	888	-4	876
116.36	859	888	-29	876
116.38	875	887	-12	876
116.4	883	886	-3	876
116.42	860	887	-27	876
116.44	876	887	-11	876
116.46	860	886	-26	876
116.48	876	886	-10	876
116.5	881	885	-4	876
116.52	936	884	52	876
116.54	856	884	-28	876
116.56	920	884	36	876
116.58	878	883	-5	876
116.6	869	883	-14	876
116.62	948	883	65	876
116.64	871	882	-11	876
116.66	889	882	7	876
116.68	947	882	65	876
116.7	876	883	-7	876
116.72	862	883	-21	876
116.74	877	882	-5	876
116.76	896	881	15	876
116.78	866	881	-15	876
116.8	812	881	-69	876
116.82	885	880	5	876
116.84	823	880	-57	876
116.86	832	880	-48	876
116.88	862	880	-18	876
116.9	886	880	6	876
116.92	889	880	9	876
116.94	873	880	-7	876
116.96	830	879	-49	876
116.98	880	879	1	876
117.0	882	879	3	876
117.02	925	878	47	876
117.04	892	878	14	876
117.06	911	878	33	875
117.08	830	878	-48	875
117.1	890	878	12	875
117.12	900	878	22	875
117.14	851	878	-27	875
117.16	906	878	28	875
117.18	892	879	13	875
117.2	873	879	-6	875
117.22	803	879	-76	875
117.24	881	879	2	875
117.26	891	879	12	875
117.28	889	879	10	875
117.3	932	879	53	875
117.32	905	879	26	875
117.34	882	879	3	875
117.36	815	879	-64	875
117.38	871	880	-9	875
117.4	840	880	-40	875
117.42	874	879	-5	875
117.44	895	879	16	875
117.46	886	879	7	875
117.48	905	878	27	875
117.5	852	878	-26	875
117.52	934	878	56	875
117.54	893	878	15	875
117.56	845	878	-33	875
117.58	913	878	35	875
117.6	855	878	-23	875
117.62	864	877	-13	875
117.64	877	878	-1	875
117.66	864	878	-14	875
117.68	833	878	-45	875
117.7	820	878	-58	875
117.72	883	878	5	875
117.74	886	878	8	874
117.76	876	878	-2	874
117.78	890	878	12	874
117.8	958	879	79	874
117.82	895	879	16	874
117.84	892	879	13	874
117.86	879	879	0	874
117.88	907	879	28	874
117.9	898	879	19	874
117.92	874	879	-5	874
117.94	870	879	-9	874
117.96	874	879	-5	874
117.98	914	879	35	874
118.0	892	878	14	874
118.02	886	879	7	874
118.04	836	879	-43	874
118.06	870	879	-9	874
118.08	861	879	-18	874
118.1	914	880	34	874
118.12	841	880	-39	874
118.14	847	880	-33	874
118.16	897	880	17	874
118.18	897	880	17	874
118.2	863	879	-16	873
118.22	852	878	-26	873
118.24	932	878	54	873
118.26	883	877	6	873
118.28	900	877	23	873
118.3	947	877	70	873
118.32	912	876	36	873
118.34	911	876	35	873
118.36	890	876	14	873
118.38	876	876	0	873
118.4	893	876	17	873
118.42	816	876	-60	873
118.44	876	876	0	873
118.46	928	876	52	873
118.48	913	875	38	873
118.5	868	875	-7	873
118.52	902	875	27	873
118.54	884	875	9	873
118.56	862	875	-13	873
118.58	925	875	50	872
118.6	880	875	5	872
118.62	900	875	25	872
118.64	923	875	48	872
118.66	902	875	27	872
118.68	821	874	-53	872
118.7	858	874	-16	872
118.72	906	874	32	872
118.74	898	873	25	872
118.76	933	873	60	872
118.78	945	873	72	872
118.8	874	873	1	872
118.82	902	873	29	872
118.84	908	872	36	872
118.86	899	872	27	872
118.88	901	872	29	872
118.9	870	872	-2	872
118.92	855	871	-16	871
118.94	892	871	21	871
118.96	894	871	23	871
118.98	882	871	11	871
119.0	850	871	-21	871
119.02	943	871	72	871
119.04	910	871	39	871
119.06	867	871	-4	871
119.08	966	871	95	871
119.1	877	871	6	871
119.12	869	871	-2	871
119.14	940	871	69	871
119.16	884	871	13	871
119.18	884	871	13	871
119.2	922	871	51	871
119.22	884	871	13	871
119.24	926	871	55	871
119.26	946	870	76	870
119.28	899	870	29	870
119.3	907	870	37	870
119.32	953	870	83	870
119.34	910	870	40	870
119.36	930	870	60	870
119.38	918	870	48	870
119.4	980	870	110	870
119.42	919	870	49	870
119.44	900	870	30	870
119.46	867	870	-3	870
119.48	949	870	79	870
119.5	970	870	100	870
119.52	958	870	88	870
119.54	922	870	52	870
119.56	930	870	60	869
119.58	927	870	57	869
119.6	915	870	45	869
119.62	926	870	56	869
119.64	946	870	76	869
119.66	865	870	-5	869
119.68	922	870	52	869
119.7	928	870	58	869
119.72	948	870	78	869
119.74	967	870	97	869
119.76	899	870	29	869
119.78	947	870	77	869
119.8	945	870	75	869
119.82	873	870	3	869
119.84	896	870	26	869
119.86	918	870	48	868
119.88	974	870	104	868
119.9	918	870	48	868
119.92	921	870	51	868
119.94	911	870	41	868
119.96	992	870	122	868
119.98	941	870	71	868
120.0	964	872	92	868