;RAW4.00
[RawHeader]
Date=06/15/2026
EstimatedTotalTime=0
FurtherDQLReading=0
HardwareIndicator=65519
MeasuredTotalTime=0
MeasurementFlag=1
NumberOfMeasuredRanges=1
NumberOfRanges=1
Time=13:03:35

[HardwareConfiguration]
AbsorptionFactor=0
ActivateAbsorber=0
Alpha1=0
Alpha2=0
AlphaAverage=0
AlphaRatio=0
Analyzer=1
Anode=Cu
AntiScatteringSlit=2
BeamOpticsFlags=59
Beta=0
BetaRelativeIntensity=0
DeactivateAbsorber=0
DetectorSlit=0.05
DivergenceSlit=2
GoniometerControl=9999
GoniometerDiameter=435
GoniometerModel=264
GoniometerStage=0
Monochromator=0
NearSampleSlit=1
PrimarySollerSlit=1
SampleChanger=0
SecondSollerSlit=2
SynchronousAxis=0
ThinFilmAttachment=0.46
WaveUnit=A

[VarInfo]
Type=OSUSER
Flags=0
Value=D500

[VarInfo]
Type=USER
Flags=0
Value=James Hamlin

[VarInfo]
Type=SITE
Flags=0
Value=Gainseville, FL

[VarInfo]
Type=CREATOR
Flags=0
Value=XRD Commander

[VarInfo]
Type=SAMPLEID
Flags=0
Value=HM_0466_annealed_(2)

[RangeHeader]
ActuallyUsedLambda=0
AdditionalDetectorMask=0
DataRecordLength=4
DelayTime=0
DisplayPlaneNumber=0
EstimatedScanTime=0
ExtraParametersMask=0
GeneratorCurrent=9999
GeneratorVoltage=9999
Increment=0.02
Increment3=0
NumberOfCompletedData=5751
NumberOfCounts=1
NumberOfDetectors=1
NumberOfDrives=2
NumberOfEncoderDrives=0
NumberOfMeasuredData=5751
NumberOfVaryingParameters=0
RangeStartTime=1322541153
RotationSpeed=0
ScanMode=1
ScanType=Locked Coupled
SimulatedMeasConditions=0
SlitChangerIn=9999
SmootingWidth=0
Start=5
Steps=5751
SynchronousRotation=0
Time=10

[Drive]
DriveFlags=1
DriveName=Theta
DriveNumber=1
DriveOffset=0
OffsetIndex=0
OscillationAmplitude=0
OscillationSpeed=0
StartPosition=2.5

[Drive]
DriveFlags=1
DriveName=2Theta
DriveNumber=2
DriveOffset=0
OffsetIndex=0
OscillationAmplitude=0
OscillationSpeed=0
StartPosition=5

[Detector]
AmplifierGain=0
ConstantDeadTime=0
DetectorFlags=256
DetectorName=Detector 1
DetectorNumber=1
DetectorType=1
Discriminator1LowerLevel=0
Discriminator1WindowWidth=0
Discriminator2LowerLevel=0
Discriminator2WindowWidth=0
HighVoltage=0
PileUpTime=0
PulseShaping=9999
TTLDetectorName=

[Data]
     Angle, Det1Disc1,
         5,      3529,
      5.02,      3697,
      5.04,      3712,
      5.06,      3645,
      5.08,      3610,
       5.1,      3685,
      5.12,      3583,
      5.14,      3620,
      5.16,      3738,
      5.18,      3616,
       5.2,      3632,
      5.22,      3733,
      5.24,      3571,
      5.26,      3724,
      5.28,      3671,
       5.3,      3796,
      5.32,      3721,
      5.34,      3719,
      5.36,      3764,
      5.38,      3754,
       5.4,      3745,
      5.42,      3681,
      5.44,      3845,
      5.46,      3795,
      5.48,      3806,
       5.5,      3653,
      5.52,      3808,
      5.54,      3803,
      5.56,      3787,
      5.58,      3836,
       5.6,      3851,
      5.62,      3835,
      5.64,      3904,
      5.66,      3834,
      5.68,      3858,
       5.7,      3984,
      5.72,      3763,
      5.74,      4034,
      5.76,      3861,
      5.78,      3926,
       5.8,      3988,
      5.82,      3908,
      5.84,      3997,
      5.86,      3984,
      5.88,      3961,
       5.9,      3983,
      5.92,      3944,
      5.94,      3961,
      5.96,      3979,
      5.98,      3969,
         6,      3944,
      6.02,      4022,
      6.04,      3986,
      6.06,      3891,
      6.08,      3980,
       6.1,      4106,
      6.12,      4126,
      6.14,      4055,
      6.16,      4082,
      6.18,      4116,
       6.2,      4027,
      6.22,      4064,
      6.24,      4191,
      6.26,      4242,
      6.28,      4092,
       6.3,      4200,
      6.32,      4178,
      6.34,      4080,
      6.36,      4095,
      6.38,      4159,
       6.4,      4207,
      6.42,      4242,
      6.44,      4185,
      6.46,      4263,
      6.48,      4255,
       6.5,      4145,
      6.52,      4169,
      6.54,      4255,
      6.56,      4156,
      6.58,      4353,
       6.6,      4144,
      6.62,      4336,
      6.64,      4208,
      6.66,      4299,
      6.68,      4313,
       6.7,      4172,
      6.72,      4198,
      6.74,      4278,
      6.76,      4271,
      6.78,      4228,
       6.8,      4376,
      6.82,      4314,
      6.84,      4287,
      6.86,      4290,
      6.88,      4347,
       6.9,      4314,
      6.92,      4295,
      6.94,      4396,
      6.96,      4366,
      6.98,      4271,
         7,      4296,
      7.02,      4315,
      7.04,      4206,
      7.06,      4368,
      7.08,      4306,
       7.1,      4428,
      7.12,      4137,
      7.14,      4363,
      7.16,      4353,
      7.18,      4216,
       7.2,      4188,
      7.22,      4322,
      7.24,      4391,
      7.26,      4390,
      7.28,      4345,
       7.3,      4401,
      7.32,      4209,
      7.34,      4294,
      7.36,      4254,
      7.38,      4356,
       7.4,      4283,
      7.42,      4338,
      7.44,      4301,
      7.46,      4296,
      7.48,      4415,
       7.5,      4243,
      7.52,      4285,
      7.54,      4360,
      7.56,      4168,
      7.58,      4334,
       7.6,      4227,
      7.62,      4236,
      7.64,      4436,
      7.66,      4297,
      7.68,      4260,
       7.7,      4263,
      7.72,      4180,
      7.74,      4276,
      7.76,      4439,
      7.78,      4173,
       7.8,      4341,
      7.82,      4268,
      7.84,      4143,
      7.86,      4282,
      7.88,      4278,
       7.9,      4132,
      7.92,      4157,
      7.94,      4147,
      7.96,      4257,
      7.98,      4300,
         8,      4280,
      8.02,      4196,
      8.04,      4283,
      8.06,      4207,
      8.08,      4159,
       8.1,      4207,
      8.12,      4074,
      8.14,      4279,
      8.16,      4228,
      8.18,      4167,
       8.2,      4118,
      8.22,      4127,
      8.24,      4110,
      8.26,      4262,
      8.28,      4127,
       8.3,      4230,
      8.32,      4144,
      8.34,      4205,
      8.36,      4105,
      8.38,      4096,
       8.4,      4095,
      8.42,      4165,
      8.44,      4153,
      8.46,      4129,
      8.48,      4095,
       8.5,      4208,
      8.52,      4071,
      8.54,      4064,
      8.56,      4128,
      8.58,      4193,
       8.6,      4090,
      8.62,      4136,
      8.64,      4132,
      8.66,      4160,
      8.68,      4050,
       8.7,      4048,
      8.72,      4003,
      8.74,      3943,
      8.76,      4111,
      8.78,      4005,
       8.8,      4033,
      8.82,      4069,
      8.84,      4039,
      8.86,      4106,
      8.88,      4075,
       8.9,      4181,
      8.92,      3992,
      8.94,      4078,
      8.96,      4016,
      8.98,      3983,
         9,      4105,
      9.02,      4044,
      9.04,      4112,
      9.06,      3913,
      9.08,      4013,
       9.1,      4025,
      9.12,      4079,
      9.14,      4064,
      9.16,      4024,
      9.18,      4041,
       9.2,      4109,
      9.22,      4100,
      9.24,      4089,
      9.26,      4052,
      9.28,      4072,
       9.3,      4144,
      9.32,      4012,
      9.34,      3997,
      9.36,      4044,
      9.38,      4082,
       9.4,      4160,
      9.42,      4135,
      9.44,      3988,
      9.46,      4120,
      9.48,      4034,
       9.5,      4123,
      9.52,      4291,
      9.54,      4013,
      9.56,      4261,
      9.58,      4209,
       9.6,      4134,
      9.62,      4196,
      9.64,      4166,
      9.66,      4118,
      9.68,      4286,
       9.7,      4184,
      9.72,      4334,
      9.74,      4350,
      9.76,      4285,
      9.78,      4350,
       9.8,      4440,
      9.82,      4114,
      9.84,      4441,
      9.86,      4378,
      9.88,      4353,
       9.9,      4403,
      9.92,      4529,
      9.94,      4492,
      9.96,      4301,
      9.98,      4535,
        10,      4407,
     10.02,      4439,
     10.04,      4446,
     10.06,      4566,
     10.08,      4652,
      10.1,      4644,
     10.12,      4775,
     10.14,      4610,
     10.16,      4661,
     10.18,      4709,
      10.2,      4708,
     10.22,      4659,
     10.24,      4774,
     10.26,      4972,
     10.28,      4710,
      10.3,      4901,
     10.32,      4946,
     10.34,      4905,
     10.36,      5002,
     10.38,      4822,
      10.4,      5028,
     10.42,      4904,
     10.44,      5068,
     10.46,      5071,
     10.48,      5100,
      10.5,      5080,
     10.52,      5242,
     10.54,      5358,
     10.56,      5308,
     10.58,      5198,
      10.6,      5427,
     10.62,      5323,
     10.64,      5472,
     10.66,      5411,
     10.68,      5547,
      10.7,      5699,
     10.72,      5615,
     10.74,      5660,
     10.76,      5700,
     10.78,      5682,
      10.8,      5796,
     10.82,      5911,
     10.84,      5679,
     10.86,      5734,
     10.88,      5919,
      10.9,      5979,
     10.92,      5968,
     10.94,      5991,
     10.96,      6200,
     10.98,      6103,
        11,      6095,
     11.02,      6093,
     11.04,      6199,
     11.06,      6136,
     11.08,      6278,
      11.1,      6331,
     11.12,      6315,
     11.14,      6430,
     11.16,      6611,
     11.18,      6492,
      11.2,      6586,
     11.22,      6500,
     11.24,      6720,
     11.26,      6446,
     11.28,      6717,
      11.3,      6621,
     11.32,      6679,
     11.34,      6755,
     11.36,      6739,
     11.38,      6794,
      11.4,      6818,
     11.42,      6838,
     11.44,      6789,
     11.46,      6799,
     11.48,      6883,
      11.5,      6933,
     11.52,      6858,
     11.54,      7071,
     11.56,      7012,
     11.58,      7204,
      11.6,      7050,
     11.62,      6955,
     11.64,      7141,
     11.66,      7190,
     11.68,      7188,
      11.7,      7232,
     11.72,      7301,
     11.74,      7301,
     11.76,      7000,
     11.78,      7193,
      11.8,      7100,
     11.82,      7211,
     11.84,      7265,
     11.86,      7185,
     11.88,      7169,
      11.9,      7168,
     11.92,      7097,
     11.94,      7167,
     11.96,      7126,
     11.98,      7050,
        12,      7227,
     12.02,      7053,
     12.04,      7115,
     12.06,      7150,
     12.08,      7058,
      12.1,      7075,
     12.12,      6946,
     12.14,      7011,
     12.16,      7001,
     12.18,      7113,
      12.2,      7041,
     12.22,      7019,
     12.24,      6956,
     12.26,      6924,
     12.28,      6989,
      12.3,      6833,
     12.32,      7119,
     12.34,      6846,
     12.36,      6883,
     12.38,      6966,
      12.4,      6888,
     12.42,      6788,
     12.44,      6918,
     12.46,      6903,
     12.48,      6573,
      12.5,      6588,
     12.52,      6577,
     12.54,      6530,
     12.56,      6616,
     12.58,      6684,
      12.6,      6530,
     12.62,      6570,
     12.64,      6591,
     12.66,      6576,
     12.68,      6400,
      12.7,      6368,
     12.72,      6282,
     12.74,      6217,
     12.76,      6180,
     12.78,      6352,
      12.8,      6169,
     12.82,      6172,
     12.84,      6141,
     12.86,      6118,
     12.88,      5958,
      12.9,      6125,
     12.92,      5985,
     12.94,      6084,
     12.96,      6123,
     12.98,      5978,
        13,      6028,
     13.02,      5799,
     13.04,      5816,
     13.06,      5892,
     13.08,      5809,
      13.1,      5877,
     13.12,      5681,
     13.14,      5773,
     13.16,      5710,
     13.18,      5770,
      13.2,      5686,
     13.22,      5579,
     13.24,      5584,
     13.26,      5480,
     13.28,      5442,
      13.3,      5545,
     13.32,      5402,
     13.34,      5423,
     13.36,      5401,
     13.38,      5469,
      13.4,      5293,
     13.42,      5406,
     13.44,      5223,
     13.46,      5326,
     13.48,      5176,
      13.5,      5309,
     13.52,      5301,
     13.54,      5118,
     13.56,      5146,
     13.58,      5111,
      13.6,      5104,
     13.62,      5047,
     13.64,      5077,
     13.66,      5013,
     13.68,      5046,
      13.7,      4961,
     13.72,      4924,
     13.74,      4997,
     13.76,      4884,
     13.78,      4896,
      13.8,      4831,
     13.82,      4734,
     13.84,      4793,
     13.86,      4793,
     13.88,      4858,
      13.9,      4675,
     13.92,      4742,
     13.94,      4669,
     13.96,      4592,
     13.98,      4707,
        14,      4727,
     14.02,      4663,
     14.04,      4529,
     14.06,      4608,
     14.08,      4678,
      14.1,      4611,
     14.12,      4612,
     14.14,      4602,
     14.16,      4587,
     14.18,      4444,
      14.2,      4502,
     14.22,      4507,
     14.24,      4500,
     14.26,      4503,
     14.28,      4410,
      14.3,      4442,
     14.32,      4387,
     14.34,      4505,
     14.36,      4322,
     14.38,      4282,
      14.4,      4333,
     14.42,      4324,
     14.44,      4303,
     14.46,      4309,
     14.48,      4351,
      14.5,      4289,
     14.52,      4274,
     14.54,      4271,
     14.56,      4215,
     14.58,      4233,
      14.6,      4146,
     14.62,      4153,
     14.64,      4210,
     14.66,      4278,
     14.68,      4222,
      14.7,      4083,
     14.72,      4132,
     14.74,      4071,
     14.76,      4168,
     14.78,      3921,
      14.8,      4185,
     14.82,      4172,
     14.84,      4131,
     14.86,      4053,
     14.88,      4097,
      14.9,      4052,
     14.92,      3995,
     14.94,      3940,
     14.96,      4046,
     14.98,      4016,
        15,      3932,
     15.02,      3946,
     15.04,      3867,
     15.06,      3850,
     15.08,      4020,
      15.1,      3993,
     15.12,      3968,
     15.14,      3928,
     15.16,      3849,
     15.18,      3965,
      15.2,      3960,
     15.22,      3915,
     15.24,      3908,
     15.26,      3819,
     15.28,      3877,
      15.3,      3855,
     15.32,      3841,
     15.34,      3872,
     15.36,      3784,
     15.38,      3821,
      15.4,      3821,
     15.42,      3724,
     15.44,      3763,
     15.46,      3826,
     15.48,      3710,
      15.5,      3643,
     15.52,      3673,
     15.54,      3734,
     15.56,      3700,
     15.58,      3806,
      15.6,      3626,
     15.62,      3647,
     15.64,      3764,
     15.66,      3611,
     15.68,      3728,
      15.7,      3608,
     15.72,      3639,
     15.74,      3671,
     15.76,      3640,
     15.78,      3633,
      15.8,      3560,
     15.82,      3570,
     15.84,      3581,
     15.86,      3624,
     15.88,      3595,
      15.9,      3521,
     15.92,      3582,
     15.94,      3609,
     15.96,      3495,
     15.98,      3561,
        16,      3508,
     16.02,      3548,
     16.04,      3583,
     16.06,      3402,
     16.08,      3507,
      16.1,      3557,
     16.12,      3579,
     16.14,      3479,
     16.16,      3522,
     16.18,      3412,
      16.2,      3510,
     16.22,      3388,
     16.24,      3552,
     16.26,      3405,
     16.28,      3375,
      16.3,      3483,
     16.32,      3378,
     16.34,      3452,
     16.36,      3275,
     16.38,      3310,
      16.4,      3426,
     16.42,      3401,
     16.44,      3357,
     16.46,      3383,
     16.48,      3383,
      16.5,      3420,
     16.52,      3369,
     16.54,      3299,
     16.56,      3387,
     16.58,      3271,
      16.6,      3359,
     16.62,      3415,
     16.64,      3308,
     16.66,      3256,
     16.68,      3257,
      16.7,      3351,
     16.72,      3309,
     16.74,      3175,
     16.76,      3296,
     16.78,      3290,
      16.8,      3176,
     16.82,      3280,
     16.84,      3191,
     16.86,      3143,
     16.88,      3185,
      16.9,      3126,
     16.92,      3194,
     16.94,      3220,
     16.96,      3183,
     16.98,      3116,
        17,      3186,
     17.02,      3165,
     17.04,      3138,
     17.06,      3201,
     17.08,      3273,
      17.1,      3195,
     17.12,      3189,
     17.14,      3130,
     17.16,      3157,
     17.18,      3192,
      17.2,      3063,
     17.22,      3091,
     17.24,      3061,
     17.26,      3115,
     17.28,      3027,
      17.3,      3103,
     17.32,      3077,
     17.34,      3167,
     17.36,      3100,
     17.38,      3045,
      17.4,      3038,
     17.42,      3120,
     17.44,      3139,
     17.46,      3018,
     17.48,      3018,
      17.5,      3061,
     17.52,      3026,
     17.54,      3067,
     17.56,      3058,
     17.58,      3034,
      17.6,      3029,
     17.62,      3062,
     17.64,      2968,
     17.66,      3053,
     17.68,      3075,
      17.7,      3118,
     17.72,      3070,
     17.74,      2880,
     17.76,      3018,
     17.78,      3011,
      17.8,      3060,
     17.82,      2937,
     17.84,      2956,
     17.86,      2976,
     17.88,      3032,
      17.9,      3019,
     17.92,      2997,
     17.94,      2881,
     17.96,      3034,
     17.98,      2922,
        18,      2972,
     18.02,      2931,
     18.04,      2975,
     18.06,      2865,
     18.08,      2906,
      18.1,      2940,
     18.12,      2997,
     18.14,      2876,
     18.16,      2877,
     18.18,      2902,
      18.2,      2992,
     18.22,      2906,
     18.24,      2906,
     18.26,      2904,
     18.28,      2969,
      18.3,      2928,
     18.32,      2904,
     18.34,      2908,
     18.36,      2836,
     18.38,      2881,
      18.4,      2867,
     18.42,      2918,
     18.44,      2883,
     18.46,      2970,
     18.48,      2800,
      18.5,      2828,
     18.52,      2873,
     18.54,      2903,
     18.56,      2853,
     18.58,      2875,
      18.6,      2898,
     18.62,      2818,
     18.64,      2867,
     18.66,      2811,
     18.68,      2924,
      18.7,      2729,
     18.72,      2821,
     18.74,      2801,
     18.76,      2849,
     18.78,      2880,
      18.8,      2865,
     18.82,      2822,
     18.84,      2839,
     18.86,      2801,
     18.88,      2784,
      18.9,      2725,
     18.92,      2791,
     18.94,      2800,
     18.96,      2829,
     18.98,      2900,
        19,      2866,
     19.02,      2832,
     19.04,      2807,
     19.06,      2843,
     19.08,      2847,
      19.1,      2764,
     19.12,      2731,
     19.14,      2782,
     19.16,      2782,
     19.18,      2824,
      19.2,      2858,
     19.22,      2816,
     19.24,      2934,
     19.26,      2851,
     19.28,      2841,
      19.3,      2822,
     19.32,      2778,
     19.34,      2918,
     19.36,      2821,
     19.38,      2780,
      19.4,      2793,
     19.42,      2709,
     19.44,      2825,
     19.46,      2850,
     19.48,      2879,
      19.5,      2814,
     19.52,      2856,
     19.54,      2867,
     19.56,      2725,
     19.58,      2902,
      19.6,      2804,
     19.62,      2803,
     19.64,      2891,
     19.66,      2798,
     19.68,      2900,
      19.7,      2802,
     19.72,      2836,
     19.74,      2821,
     19.76,      2793,
     19.78,      2774,
      19.8,      2945,
     19.82,      2937,
     19.84,      2795,
     19.86,      2837,
     19.88,      2735,
      19.9,      2951,
     19.92,      2922,
     19.94,      2801,
     19.96,      2778,
     19.98,      2857,
        20,      2830,
     20.02,      2816,
     20.04,      2843,
     20.06,      2767,
     20.08,      2906,
      20.1,      2845,
     20.12,      2839,
     20.14,      2766,
     20.16,      2909,
     20.18,      2833,
      20.2,      2871,
     20.22,      2792,
     20.24,      2879,
     20.26,      2908,
     20.28,      2889,
      20.3,      2861,
     20.32,      2821,
     20.34,      2792,
     20.36,      2861,
     20.38,      2848,
      20.4,      2753,
     20.42,      2858,
     20.44,      2861,
     20.46,      2872,
     20.48,      2715,
      20.5,      2847,
     20.52,      2987,
     20.54,      2844,
     20.56,      2834,
     20.58,      2879,
      20.6,      2878,
     20.62,      2811,
     20.64,      2906,
     20.66,      2803,
     20.68,      2938,
      20.7,      2809,
     20.72,      2793,
     20.74,      2840,
     20.76,      2763,
     20.78,      2843,
      20.8,      2901,
     20.82,      2792,
     20.84,      2851,
     20.86,      2854,
     20.88,      2888,
      20.9,      2821,
     20.92,      2932,
     20.94,      2873,
     20.96,      2815,
     20.98,      2855,
        21,      2822,
     21.02,      2873,
     21.04,      2860,
     21.06,      2785,
     21.08,      2873,
      21.1,      2832,
     21.12,      2937,
     21.14,      2848,
     21.16,      2817,
     21.18,      2871,
      21.2,      2831,
     21.22,      2790,
     21.24,      2881,
     21.26,      2905,
     21.28,      2970,
      21.3,      2901,
     21.32,      2944,
     21.34,      2828,
     21.36,      2933,
     21.38,      2807,
      21.4,      2862,
     21.42,      2896,
     21.44,      2947,
     21.46,      2948,
     21.48,      2897,
      21.5,      2890,
     21.52,      2854,
     21.54,      2858,
     21.56,      2869,
     21.58,      2948,
      21.6,      2916,
     21.62,      2928,
     21.64,      2926,
     21.66,      2881,
     21.68,      2811,
      21.7,      2857,
     21.72,      2867,
     21.74,      2873,
     21.76,      2850,
     21.78,      2857,
      21.8,      2974,
     21.82,      2970,
     21.84,      2938,
     21.86,      2874,
     21.88,      2839,
      21.9,      2930,
     21.92,      2785,
     21.94,      2878,
     21.96,      2943,
     21.98,      2844,
        22,      2969,
     22.02,      2888,
     22.04,      2885,
     22.06,      2897,
     22.08,      2799,
      22.1,      2796,
     22.12,      2907,
     22.14,      2894,
     22.16,      2852,
     22.18,      2753,
      22.2,      2856,
     22.22,      2935,
     22.24,      2854,
     22.26,      2779,
     22.28,      2836,
      22.3,      2856,
     22.32,      2886,
     22.34,      2828,
     22.36,      2808,
     22.38,      2920,
      22.4,      2858,
     22.42,      2887,
     22.44,      2982,
     22.46,      2859,
     22.48,      2873,
      22.5,      2841,
     22.52,      2899,
     22.54,      2757,
     22.56,      2763,
     22.58,      2880,
      22.6,      2850,
     22.62,      2854,
     22.64,      2751,
     22.66,      2868,
     22.68,      2749,
      22.7,      2865,
     22.72,      2817,
     22.74,      2782,
     22.76,      2801,
     22.78,      2827,
      22.8,      2840,
     22.82,      2903,
     22.84,      2876,
     22.86,      2872,
     22.88,      2856,
      22.9,      2817,
     22.92,      2741,
     22.94,      2854,
     22.96,      2826,
     22.98,      2754,
        23,      2791,
     23.02,      2853,
     23.04,      2836,
     23.06,      2832,
     23.08,      2810,
      23.1,      2753,
     23.12,      2830,
     23.14,      2744,
     23.16,      2833,
     23.18,      2679,
      23.2,      2725,
     23.22,      2733,
     23.24,      2826,
     23.26,      2808,
     23.28,      2739,
      23.3,      2739,
     23.32,      2747,
     23.34,      2782,
     23.36,      2711,
     23.38,      2772,
      23.4,      2737,
     23.42,      2644,
     23.44,      2851,
     23.46,      2804,
     23.48,      2680,
      23.5,      2780,
     23.52,      2784,
     23.54,      2723,
     23.56,      2772,
     23.58,      2771,
      23.6,      2672,
     23.62,      2621,
     23.64,      2659,
     23.66,      2681,
     23.68,      2719,
      23.7,      2744,
     23.72,      2670,
     23.74,      2656,
     23.76,      2642,
     23.78,      2660,
      23.8,      2705,
     23.82,      2712,
     23.84,      2609,
     23.86,      2607,
     23.88,      2697,
      23.9,      2673,
     23.92,      2639,
     23.94,      2722,
     23.96,      2687,
     23.98,      2681,
        24,      2720,
     24.02,      2670,
     24.04,      2688,
     24.06,      2635,
     24.08,      2610,
      24.1,      2684,
     24.12,      2655,
     24.14,      2658,
     24.16,      2543,
     24.18,      2612,
      24.2,      2599,
     24.22,      2671,
     24.24,      2656,
     24.26,      2585,
     24.28,      2626,
      24.3,      2664,
     24.32,      2740,
     24.34,      2672,
     24.36,      2659,
     24.38,      2648,
      24.4,      2680,
     24.42,      2605,
     24.44,      2645,
     24.46,      2681,
     24.48,      2542,
      24.5,      2572,
     24.52,      2558,
     24.54,      2448,
     24.56,      2539,
     24.58,      2559,
      24.6,      2570,
     24.62,      2566,
     24.64,      2606,
     24.66,      2584,
     24.68,      2532,
      24.7,      2481,
     24.72,      2507,
     24.74,      2565,
     24.76,      2578,
     24.78,      2478,
      24.8,      2664,
     24.82,      2512,
     24.84,      2544,
     24.86,      2532,
     24.88,      2560,
      24.9,      2533,
     24.92,      2547,
     24.94,      2511,
     24.96,      2417,
     24.98,      2545,
        25,      2522,
     25.02,      2601,
     25.04,      2449,
     25.06,      2587,
     25.08,      2485,
      25.1,      2411,
     25.12,      2573,
     25.14,      2547,
     25.16,      2475,
     25.18,      2510,
      25.2,      2556,
     25.22,      2521,
     25.24,      2495,
     25.26,      2515,
     25.28,      2426,
      25.3,      2454,
     25.32,      2420,
     25.34,      2408,
     25.36,      2449,
     25.38,      2418,
      25.4,      2435,
     25.42,      2471,
     25.44,      2407,
     25.46,      2464,
     25.48,      2406,
      25.5,      2401,
     25.52,      2409,
     25.54,      2317,
     25.56,      2478,
     25.58,      2424,
      25.6,      2438,
     25.62,      2442,
     25.64,      2435,
     25.66,      2435,
     25.68,      2295,
      25.7,      2387,
     25.72,      2338,
     25.74,      2427,
     25.76,      2297,
     25.78,      2323,
      25.8,      2327,
     25.82,      2471,
     25.84,      2312,
     25.86,      2379,
     25.88,      2283,
      25.9,      2396,
     25.92,      2368,
     25.94,      2297,
     25.96,      2454,
     25.98,      2342,
        26,      2338,
     26.02,      2253,
     26.04,      2307,
     26.06,      2265,
     26.08,      2277,
      26.1,      2346,
     26.12,      2357,
     26.14,      2343,
     26.16,      2297,
     26.18,      2362,
      26.2,      2241,
     26.22,      2410,
     26.24,      2269,
     26.26,      2291,
     26.28,      2220,
      26.3,      2256,
     26.32,      2350,
     26.34,      2240,
     26.36,      2299,
     26.38,      2318,
      26.4,      2302,
     26.42,      2215,
     26.44,      2259,
     26.46,      2242,
     26.48,      2294,
      26.5,      2326,
     26.52,      2291,
     26.54,      2226,
     26.56,      2262,
     26.58,      2206,
      26.6,      2267,
     26.62,      2304,
     26.64,      2346,
     26.66,      2309,
     26.68,      2229,
      26.7,      2220,
     26.72,      2192,
     26.74,      2227,
     26.76,      2216,
     26.78,      2206,
      26.8,      2200,
     26.82,      2186,
     26.84,      2160,
     26.86,      2215,
     26.88,      2135,
      26.9,      2180,
     26.92,      2221,
     26.94,      2228,
     26.96,      2159,
     26.98,      2155,
        27,      2205,
     27.02,      2237,
     27.04,      2174,
     27.06,      2144,
     27.08,      2185,
      27.1,      2243,
     27.12,      2163,
     27.14,      2123,
     27.16,      2106,
     27.18,      2249,
      27.2,      2138,
     27.22,      2175,
     27.24,      2174,
     27.26,      2220,
     27.28,      2218,
      27.3,      2098,
     27.32,      2155,
     27.34,      2119,
     27.36,      2131,
     27.38,      2175,
      27.4,      2170,
     27.42,      2181,
     27.44,      2153,
     27.46,      2126,
     27.48,      2110,
      27.5,      2137,
     27.52,      2160,
     27.54,      2154,
     27.56,      2193,
     27.58,      2170,
      27.6,      2101,
     27.62,      2177,
     27.64,      2017,
     27.66,      2168,
     27.68,      2087,
      27.7,      2085,
     27.72,      2033,
     27.74,      2075,
     27.76,      2120,
     27.78,      2077,
      27.8,      2120,
     27.82,      2044,
     27.84,      2056,
     27.86,      2099,
     27.88,      2053,
      27.9,      2058,
     27.92,      2077,
     27.94,      2080,
     27.96,      2126,
     27.98,      2144,
        28,      2127,
     28.02,      2173,
     28.04,      2240,
     28.06,      2211,
     28.08,      2299,
      28.1,      2332,
     28.12,      2262,
     28.14,      2370,
     28.16,      2267,
     28.18,      2259,
      28.2,      2282,
     28.22,      2222,
     28.24,      2096,
     28.26,      2125,
     28.28,      2075,
      28.3,      2038,
     28.32,      1958,
     28.34,      2129,
     28.36,      1984,
     28.38,      2000,
      28.4,      2065,
     28.42,      1977,
     28.44,      1966,
     28.46,      1982,
     28.48,      2026,
      28.5,      2021,
     28.52,      1959,
     28.54,      1994,
     28.56,      2027,
     28.58,      1979,
      28.6,      2004,
     28.62,      1969,
     28.64,      2006,
     28.66,      2065,
     28.68,      1991,
      28.7,      1861,
     28.72,      2071,
     28.74,      1964,
     28.76,      1857,
     28.78,      1898,
      28.8,      1926,
     28.82,      1881,
     28.84,      1891,
     28.86,      1886,
     28.88,      1893,
      28.9,      1921,
     28.92,      1925,
     28.94,      1919,
     28.96,      1933,
     28.98,      1937,
        29,      1881,
     29.02,      1958,
     29.04,      1844,
     29.06,      1899,
     29.08,      1951,
      29.1,      1922,
     29.12,      1865,
     29.14,      1893,
     29.16,      1893,
     29.18,      1992,
      29.2,      1879,
     29.22,      1887,
     29.24,      1859,
     29.26,      1889,
     29.28,      1934,
      29.3,      1854,
     29.32,      1842,
     29.34,      1843,
     29.36,      1859,
     29.38,      1820,
      29.4,      1762,
     29.42,      1799,
     29.44,      1820,
     29.46,      1835,
     29.48,      1837,
      29.5,      1817,
     29.52,      1795,
     29.54,      1860,
     29.56,      1742,
     29.58,      1830,
      29.6,      1944,
     29.62,      1869,
     29.64,      1875,
     29.66,      1930,
     29.68,      1823,
      29.7,      1852,
     29.72,      1772,
     29.74,      1816,
     29.76,      1837,
     29.78,      1738,
      29.8,      1865,
     29.82,      1843,
     29.84,      1814,
     29.86,      1892,
     29.88,      1848,
      29.9,      1747,
     29.92,      1842,
     29.94,      1889,
     29.96,      1787,
     29.98,      1742,
        30,      1762,
     30.02,      1839,
     30.04,      1761,
     30.06,      1777,
     30.08,      1803,
      30.1,      1797,
     30.12,      1737,
     30.14,      1812,
     30.16,      1796,
     30.18,      1801,
      30.2,      1696,
     30.22,      1703,
     30.24,      1778,
     30.26,      1858,
     30.28,      1777,
      30.3,      1749,
     30.32,      1772,
     30.34,      1742,
     30.36,      1761,
     30.38,      1729,
      30.4,      1648,
     30.42,      1723,
     30.44,      1770,
     30.46,      1779,
     30.48,      1753,
      30.5,      1721,
     30.52,      1761,
     30.54,      1764,
     30.56,      1692,
     30.58,      1673,
      30.6,      1803,
     30.62,      1705,
     30.64,      1743,
     30.66,      1678,
     30.68,      1765,
      30.7,      1727,
     30.72,      1717,
     30.74,      1738,
     30.76,      1717,
     30.78,      1727,
      30.8,      1719,
     30.82,      1704,
     30.84,      1674,
     30.86,      1640,
     30.88,      1688,
      30.9,      1721,
     30.92,      1734,
     30.94,      1741,
     30.96,      1762,
     30.98,      1656,
        31,      1717,
     31.02,      1690,
     31.04,      1690,
     31.06,      1720,
     31.08,      1758,
      31.1,      1700,
     31.12,      1730,
     31.14,      1725,
     31.16,      1747,
     31.18,      1703,
      31.2,      1718,
     31.22,      1738,
     31.24,      1770,
     31.26,      1649,
     31.28,      1679,
      31.3,      1695,
     31.32,      1621,
     31.34,      1690,
     31.36,      1772,
     31.38,      1755,
      31.4,      1703,
     31.42,      1740,
     31.44,      1739,
     31.46,      1704,
     31.48,      1742,
      31.5,      1689,
     31.52,      1765,
     31.54,      1676,
     31.56,      1746,
     31.58,      1735,
      31.6,      1771,
     31.62,      1756,
     31.64,      1857,
     31.66,      1817,
     31.68,      1822,
      31.7,      1882,
     31.72,      1779,
     31.74,      1753,
     31.76,      1826,
     31.78,      1796,
      31.8,      1823,
     31.82,      1818,
     31.84,      1805,
     31.86,      1810,
     31.88,      1727,
      31.9,      1737,
     31.92,      1737,
     31.94,      1739,
     31.96,      1712,
     31.98,      1704,
        32,      1693,
     32.02,      1755,
     32.04,      1613,
     32.06,      1716,
     32.08,      1625,
      32.1,      1701,
     32.12,      1670,
     32.14,      1605,
     32.16,      1635,
     32.18,      1648,
      32.2,      1647,
     32.22,      1696,
     32.24,      1699,
     32.26,      1692,
     32.28,      1677,
      32.3,      1743,
     32.32,      1562,
     32.34,      1682,
     32.36,      1623,
     32.38,      1605,
      32.4,      1709,
     32.42,      1624,
     32.44,      1671,
     32.46,      1614,
     32.48,      1584,
      32.5,      1606,
     32.52,      1562,
     32.54,      1541,
     32.56,      1617,
     32.58,      1579,
      32.6,      1659,
     32.62,      1636,
     32.64,      1609,
     32.66,      1602,
     32.68,      1619,
      32.7,      1614,
     32.72,      1576,
     32.74,      1638,
     32.76,      1594,
     32.78,      1539,
      32.8,      1628,
     32.82,      1651,
     32.84,      1576,
     32.86,      1629,
     32.88,      1601,
      32.9,      1551,
     32.92,      1569,
     32.94,      1619,
     32.96,      1622,
     32.98,      1531,
        33,      1584,
     33.02,      1601,
     33.04,      1604,
     33.06,      1509,
     33.08,      1638,
      33.1,      1572,
     33.12,      1574,
     33.14,      1587,
     33.16,      1503,
     33.18,      1683,
      33.2,      1565,
     33.22,      1574,
     33.24,      1667,
     33.26,      1641,
     33.28,      1635,
      33.3,      1647,
     33.32,      1661,
     33.34,      1613,
     33.36,      1574,
     33.38,      1658,
      33.4,      1713,
     33.42,      1695,
     33.44,      1701,
     33.46,      1682,
     33.48,      1749,
      33.5,      1754,
     33.52,      1671,
     33.54,      1791,
     33.56,      1796,
     33.58,      1849,
      33.6,      1799,
     33.62,      1848,
     33.64,      1792,
     33.66,      1729,
     33.68,      1631,
      33.7,      1686,
     33.72,      1713,
     33.74,      1697,
     33.76,      1611,
     33.78,      1656,
      33.8,      1584,
     33.82,      1535,
     33.84,      1645,
     33.86,      1615,
     33.88,      1612,
      33.9,      1533,
     33.92,      1594,
     33.94,      1569,
     33.96,      1548,
     33.98,      1531,
        34,      1558,
     34.02,      1591,
     34.04,      1591,
     34.06,      1626,
     34.08,      1537,
      34.1,      1486,
     34.12,      1523,
     34.14,      1560,
     34.16,      1523,
     34.18,      1540,
      34.2,      1566,
     34.22,      1550,
     34.24,      1579,
     34.26,      1569,
     34.28,      1500,
      34.3,      1547,
     34.32,      1543,
     34.34,      1538,
     34.36,      1574,
     34.38,      1562,
      34.4,      1580,
     34.42,      1480,
     34.44,      1548,
     34.46,      1560,
     34.48,      1565,
      34.5,      1566,
     34.52,      1552,
     34.54,      1523,
     34.56,      1540,
     34.58,      1571,
      34.6,      1570,
     34.62,      1487,
     34.64,      1577,
     34.66,      1541,
     34.68,      1496,
      34.7,      1546,
     34.72,      1542,
     34.74,      1617,
     34.76,      1582,
     34.78,      1564,
      34.8,      1544,
     34.82,      1497,
     34.84,      1485,
     34.86,      1458,
     34.88,      1519,
      34.9,      1536,
     34.92,      1577,
     34.94,      1542,
     34.96,      1503,
     34.98,      1485,
        35,      1528,
     35.02,      1489,
     35.04,      1546,
     35.06,      1570,
     35.08,      1468,
      35.1,      1540,
     35.12,      1529,
     35.14,      1530,
     35.16,      1560,
     35.18,      1462,
      35.2,      1468,
     35.22,      1499,
     35.24,      1557,
     35.26,      1591,
     35.28,      1575,
      35.3,      1553,
     35.32,      1513,
     35.34,      1632,
     35.36,      1556,
     35.38,      1549,
      35.4,      1528,
     35.42,      1576,
     35.44,      1552,
     35.46,      1563,
     35.48,      1674,
      35.5,      1562,
     35.52,      1596,
     35.54,      1616,
     35.56,      1600,
     35.58,      1631,
      35.6,      1629,
     35.62,      1673,
     35.64,      1714,
     35.66,      1706,
     35.68,      1766,
      35.7,      1796,
     35.72,      1874,
     35.74,      1876,
     35.76,      1868,
     35.78,      1955,
      35.8,      2010,
     35.82,      1903,
     35.84,      1941,
     35.86,      2040,
     35.88,      1970,
      35.9,      1789,
     35.92,      1902,
     35.94,      1810,
     35.96,      1767,
     35.98,      1727,
        36,      1689,
     36.02,      1610,
     36.04,      1642,
     36.06,      1632,
     36.08,      1573,
      36.1,      1552,
     36.12,      1623,
     36.14,      1577,
     36.16,      1546,
     36.18,      1665,
      36.2,      1645,
     36.22,      1593,
     36.24,      1536,
     36.26,      1599,
     36.28,      1555,
      36.3,      1641,
     36.32,      1602,
     36.34,      1576,
     36.36,      1568,
     36.38,      1638,
      36.4,      1592,
     36.42,      1628,
     36.44,      1639,
     36.46,      1605,
     36.48,      1656,
      36.5,      1644,
     36.52,      1672,
     36.54,      1664,
     36.56,      1669,
     36.58,      1767,
      36.6,      1657,
     36.62,      1698,
     36.64,      1876,
     36.66,      1865,
     36.68,      1792,
      36.7,      1856,
     36.72,      1812,
     36.74,      1847,
     36.76,      1793,
     36.78,      1825,
      36.8,      1854,
     36.82,      1671,
     36.84,      1704,
     36.86,      1624,
     36.88,      1705,
      36.9,      1642,
     36.92,      1603,
     36.94,      1631,
     36.96,      1551,
     36.98,      1615,
        37,      1588,
     37.02,      1579,
     37.04,      1562,
     37.06,      1545,
     37.08,      1527,
      37.1,      1555,
     37.12,      1582,
     37.14,      1547,
     37.16,      1595,
     37.18,      1523,
      37.2,      1657,
     37.22,      1616,
     37.24,      1568,
     37.26,      1580,
     37.28,      1610,
      37.3,      1660,
     37.32,      1633,
     37.34,      1688,
     37.36,      1614,
     37.38,      1607,
      37.4,      1692,
     37.42,      1632,
     37.44,      1679,
     37.46,      1659,
     37.48,      1680,
      37.5,      1667,
     37.52,      1597,
     37.54,      1636,
     37.56,      1653,
     37.58,      1765,
      37.6,      1709,
     37.62,      1804,
     37.64,      1754,
     37.66,      1724,
     37.68,      1833,
      37.7,      1854,
     37.72,      1965,
     37.74,      1914,
     37.76,      2013,
     37.78,      1995,
      37.8,      2006,
     37.82,      2197,
     37.84,      2285,
     37.86,      2343,
     37.88,      2356,
      37.9,      2464,
     37.92,      2724,
     37.94,      2727,
     37.96,      2967,
     37.98,      2989,
        38,      3254,
     38.02,      3175,
     38.04,      3378,
     38.06,      3410,
     38.08,      3419,
      38.1,      3427,
     38.12,      3306,
     38.14,      3258,
     38.16,      3009,
     38.18,      3026,
      38.2,      2893,
     38.22,      2786,
     38.24,      2774,
     38.26,      2601,
     38.28,      2528,
      38.3,      2519,
     38.32,      2475,
     38.34,      2517,
     38.36,      2507,
     38.38,      2484,
      38.4,      2617,
     38.42,      2593,
     38.44,      2614,
     38.46,      2720,
     38.48,      2639,
      38.5,      2778,
     38.52,      2868,
     38.54,      2954,
     38.56,      2951,
     38.58,      3100,
      38.6,      3327,
     38.62,      3407,
     38.64,      3531,
     38.66,      3651,
     38.68,      3953,
      38.7,      4005,
     38.72,      4354,
     38.74,      4491,
     38.76,      4790,
     38.78,      5039,
      38.8,      5436,
     38.82,      5915,
     38.84,      6266,
     38.86,      6688,
     38.88,      7587,
      38.9,      8098,
     38.92,      8902,
     38.94,      9562,
     38.96,     10358,
     38.98,     11424,
        39,     12357,
     39.02,     13504,
     39.04,     14079,
     39.06,     15192,
     39.08,     15871,
      39.1,     16729,
     39.12,     17084,
     39.14,     17608,
     39.16,     17790,
     39.18,     17691,
      39.2,     17072,
     39.22,     16326,
     39.24,     15600,
     39.26,     14596,
     39.28,     13865,
      39.3,     12761,
     39.32,     11561,
     39.34,     10408,
     39.36,      9637,
     39.38,      8783,
      39.4,      7936,
     39.42,      7262,
     39.44,      6632,
     39.46,      6135,
     39.48,      5755,
      39.5,      5393,
     39.52,      5024,
     39.54,      4754,
     39.56,      4634,
     39.58,      4439,
      39.6,      4195,
     39.62,      3970,
     39.64,      3816,
     39.66,      3746,
     39.68,      3567,
      39.7,      3394,
     39.72,      3387,
     39.74,      3087,
     39.76,      3093,
     39.78,      2951,
      39.8,      2739,
     39.82,      2776,
     39.84,      2547,
     39.86,      2429,
     39.88,      2451,
      39.9,      2351,
     39.92,      2296,
     39.94,      2223,
     39.96,      2105,
     39.98,      2164,
        40,      2083,
     40.02,      2031,
     40.04,      1988,
     40.06,      1929,
     40.08,      1919,
      40.1,      1969,
     40.12,      1971,
     40.14,      1937,
     40.16,      1860,
     40.18,      1880,
      40.2,      1997,
     40.22,      1918,
     40.24,      1957,
     40.26,      1928,
     40.28,      1879,
      40.3,      1921,
     40.32,      1915,
     40.34,      1956,
     40.36,      1852,
     40.38,      1826,
      40.4,      1923,
     40.42,      1837,
     40.44,      1810,
     40.46,      1776,
     40.48,      1687,
      40.5,      1669,
     40.52,      1741,
     40.54,      1644,
     40.56,      1589,
     40.58,      1588,
      40.6,      1584,
     40.62,      1580,
     40.64,      1620,
     40.66,      1526,
     40.68,      1541,
      40.7,      1506,
     40.72,      1566,
     40.74,      1533,
     40.76,      1534,
     40.78,      1565,
      40.8,      1487,
     40.82,      1507,
     40.84,      1464,
     40.86,      1464,
     40.88,      1456,
      40.9,      1425,
     40.92,      1508,
     40.94,      1492,
     40.96,      1501,
     40.98,      1481,
        41,      1430,
     41.02,      1440,
     41.04,      1433,
     41.06,      1582,
     41.08,      1435,
      41.1,      1498,
     41.12,      1504,
     41.14,      1398,
     41.16,      1415,
     41.18,      1462,
      41.2,      1537,
     41.22,      1526,
     41.24,      1498,
     41.26,      1495,
     41.28,      1536,
      41.3,      1577,
     41.32,      1544,
     41.34,      1568,
     41.36,      1620,
     41.38,      1603,
      41.4,      1700,
     41.42,      1665,
     41.44,      1731,
     41.46,      1756,
     41.48,      1799,
      41.5,      1833,
     41.52,      1959,
     41.54,      1951,
     41.56,      1981,
     41.58,      1960,
      41.6,      1776,
     41.62,      1875,
     41.64,      1967,
     41.66,      1871,
     41.68,      1804,
      41.7,      1810,
     41.72,      1734,
     41.74,      1645,
     41.76,      1662,
     41.78,      1546,
      41.8,      1536,
     41.82,      1599,
     41.84,      1540,
     41.86,      1463,
     41.88,      1435,
      41.9,      1504,
     41.92,      1442,
     41.94,      1418,
     41.96,      1458,
     41.98,      1383,
        42,      1453,
     42.02,      1358,
     42.04,      1408,
     42.06,      1398,
     42.08,      1392,
      42.1,      1368,
     42.12,      1404,
     42.14,      1387,
     42.16,      1362,
     42.18,      1349,
      42.2,      1326,
     42.22,      1452,
     42.24,      1341,
     42.26,      1302,
     42.28,      1336,
      42.3,      1366,
     42.32,      1303,
     42.34,      1341,
     42.36,      1288,
     42.38,      1273,
      42.4,      1337,
     42.42,      1351,
     42.44,      1245,
     42.46,      1282,
     42.48,      1321,
      42.5,      1273,
     42.52,      1305,
     42.54,      1273,
     42.56,      1282,
     42.58,      1293,
      42.6,      1280,
     42.62,      1354,
     42.64,      1373,
     42.66,      1311,
     42.68,      1304,
      42.7,      1229,
     42.72,      1304,
     42.74,      1319,
     42.76,      1403,
     42.78,      1300,
      42.8,      1286,
     42.82,      1333,
     42.84,      1344,
     42.86,      1307,
     42.88,      1292,
      42.9,      1216,
     42.92,      1311,
     42.94,      1304,
     42.96,      1341,
     42.98,      1306,
        43,      1258,
     43.02,      1295,
     43.04,      1219,
     43.06,      1247,
     43.08,      1313,
      43.1,      1284,
     43.12,      1219,
     43.14,      1260,
     43.16,      1262,
     43.18,      1275,
      43.2,      1276,
     43.22,      1273,
     43.24,      1297,
     43.26,      1212,
     43.28,      1289,
      43.3,      1266,
     43.32,      1251,
     43.34,      1291,
     43.36,      1334,
     43.38,      1271,
      43.4,      1328,
     43.42,      1311,
     43.44,      1302,
     43.46,      1390,
     43.48,      1301,
      43.5,      1314,
     43.52,      1282,
     43.54,      1326,
     43.56,      1319,
     43.58,      1333,
      43.6,      1359,
     43.62,      1231,
     43.64,      1322,
     43.66,      1310,
     43.68,      1295,
      43.7,      1294,
     43.72,      1290,
     43.74,      1287,
     43.76,      1255,
     43.78,      1346,
      43.8,      1292,
     43.82,      1335,
     43.84,      1270,
     43.86,      1285,
     43.88,      1346,
      43.9,      1341,
     43.92,      1423,
     43.94,      1422,
     43.96,      1437,
     43.98,      1476,
        44,      1542,
     44.02,      1514,
     44.04,      1532,
     44.06,      1692,
     44.08,      1940,
      44.1,      2104,
     44.12,      1710,
     44.14,      1534,
     44.16,      1413,
     44.18,      1527,
      44.2,      1558,
     44.22,      1541,
     44.24,      1450,
     44.26,      1419,
     44.28,      1370,
      44.3,      1320,
     44.32,      1269,
     44.34,      1313,
     44.36,      1260,
     44.38,      1279,
      44.4,      1313,
     44.42,      1321,
     44.44,      1220,
     44.46,      1331,
     44.48,      1288,
      44.5,      1231,
     44.52,      1305,
     44.54,      1301,
     44.56,      1343,
     44.58,      1332,
      44.6,      1311,
     44.62,      1310,
     44.64,      1288,
     44.66,      1315,
     44.68,      1271,
      44.7,      1207,
     44.72,      1265,
     44.74,      1241,
     44.76,      1265,
     44.78,      1280,
      44.8,      1220,
     44.82,      1225,
     44.84,      1194,
     44.86,      1237,
     44.88,      1256,
      44.9,      1223,
     44.92,      1258,
     44.94,      1302,
     44.96,      1260,
     44.98,      1179,
        45,      1227,
     45.02,      1200,
     45.04,      1258,
     45.06,      1228,
     45.08,      1192,
      45.1,      1247,
     45.12,      1270,
     45.14,      1237,
     45.16,      1204,
     45.18,      1239,
      45.2,      1246,
     45.22,      1232,
     45.24,      1232,
     45.26,      1242,
     45.28,      1199,
      45.3,      1198,
     45.32,      1229,
     45.34,      1241,
     45.36,      1231,
     45.38,      1164,
      45.4,      1222,
     45.42,      1185,
     45.44,      1175,
     45.46,      1209,
     45.48,      1230,
      45.5,      1231,
     45.52,      1211,
     45.54,      1231,
     45.56,      1215,
     45.58,      1231,
      45.6,      1153,
     45.62,      1242,
     45.64,      1264,
     45.66,      1184,
     45.68,      1258,
      45.7,      1180,
     45.72,      1220,
     45.74,      1203,
     45.76,      1187,
     45.78,      1256,
      45.8,      1186,
     45.82,      1205,
     45.84,      1225,
     45.86,      1202,
     45.88,      1190,
      45.9,      1225,
     45.92,      1280,
     45.94,      1264,
     45.96,      1260,
     45.98,      1148,
        46,      1184,
     46.02,      1190,
     46.04,      1261,
     46.06,      1233,
     46.08,      1208,
      46.1,      1293,
     46.12,      1195,
     46.14,      1258,
     46.16,      1189,
     46.18,      1217,
      46.2,      1136,
     46.22,      1268,
     46.24,      1250,
     46.26,      1241,
     46.28,      1225,
      46.3,      1189,
     46.32,      1238,
     46.34,      1224,
     46.36,      1208,
     46.38,      1286,
      46.4,      1195,
     46.42,      1216,
     46.44,      1238,
     46.46,      1192,
     46.48,      1216,
      46.5,      1194,
     46.52,      1180,
     46.54,      1235,
     46.56,      1179,
     46.58,      1217,
      46.6,      1201,
     46.62,      1155,
     46.64,      1213,
     46.66,      1189,
     46.68,      1195,
      46.7,      1169,
     46.72,      1210,
     46.74,      1202,
     46.76,      1132,
     46.78,      1236,
      46.8,      1243,
     46.82,      1161,
     46.84,      1181,
     46.86,      1211,
     46.88,      1179,
      46.9,      1246,
     46.92,      1185,
     46.94,      1192,
     46.96,      1144,
     46.98,      1179,
        47,      1202,
     47.02,      1188,
     47.04,      1214,
     47.06,      1188,
     47.08,      1180,
      47.1,      1262,
     47.12,      1179,
     47.14,      1162,
     47.16,      1199,
     47.18,      1217,
      47.2,      1178,
     47.22,      1246,
     47.24,      1174,
     47.26,      1206,
     47.28,      1242,
      47.3,      1160,
     47.32,      1207,
     47.34,      1172,
     47.36,      1160,
     47.38,      1200,
      47.4,      1215,
     47.42,      1097,
     47.44,      1178,
     47.46,      1166,
     47.48,      1164,
      47.5,      1179,
     47.52,      1190,
     47.54,      1207,
     47.56,      1084,
     47.58,      1165,
      47.6,      1257,
     47.62,      1228,
     47.64,      1238,
     47.66,      1187,
     47.68,      1162,
      47.7,      1239,
     47.72,      1169,
     47.74,      1206,
     47.76,      1202,
     47.78,      1225,
      47.8,      1190,
     47.82,      1169,
     47.84,      1157,
     47.86,      1187,
     47.88,      1146,
      47.9,      1255,
     47.92,      1189,
     47.94,      1160,
     47.96,      1227,
     47.98,      1187,
        48,      1217,
     48.02,      1180,
     48.04,      1180,
     48.06,      1176,
     48.08,      1197,
      48.1,      1198,
     48.12,      1140,
     48.14,      1175,
     48.16,      1145,
     48.18,      1189,
      48.2,      1220,
     48.22,      1103,
     48.24,      1226,
     48.26,      1169,
     48.28,      1203,
      48.3,      1209,
     48.32,      1179,
     48.34,      1214,
     48.36,      1141,
     48.38,      1227,
      48.4,      1214,
     48.42,      1150,
     48.44,      1158,
     48.46,      1201,
     48.48,      1198,
      48.5,      1215,
     48.52,      1197,
     48.54,      1216,
     48.56,      1198,
     48.58,      1161,
      48.6,      1172,
     48.62,      1195,
     48.64,      1151,
     48.66,      1192,
     48.68,      1182,
      48.7,      1166,
     48.72,      1151,
     48.74,      1191,
     48.76,      1213,
     48.78,      1184,
      48.8,      1145,
     48.82,      1148,
     48.84,      1179,
     48.86,      1165,
     48.88,      1125,
      48.9,      1201,
     48.92,      1177,
     48.94,      1178,
     48.96,      1203,
     48.98,      1167,
        49,      1242,
     49.02,      1188,
     49.04,      1193,
     49.06,      1145,
     49.08,      1149,
      49.1,      1208,
     49.12,      1222,
     49.14,      1176,
     49.16,      1191,
     49.18,      1123,
      49.2,      1186,
     49.22,      1175,
     49.24,      1196,
     49.26,      1187,
     49.28,      1210,
      49.3,      1179,
     49.32,      1246,
     49.34,      1188,
     49.36,      1217,
     49.38,      1191,
      49.4,      1227,
     49.42,      1160,
     49.44,      1133,
     49.46,      1172,
     49.48,      1196,
      49.5,      1177,
     49.52,      1116,
     49.54,      1202,
     49.56,      1122,
     49.58,      1142,
      49.6,      1142,
     49.62,      1142,
     49.64,      1155,
     49.66,      1195,
     49.68,      1259,
      49.7,      1164,
     49.72,      1115,
     49.74,      1174,
     49.76,      1133,
     49.78,      1177,
      49.8,      1118,
     49.82,      1173,
     49.84,      1128,
     49.86,      1127,
     49.88,      1134,
      49.9,      1164,
     49.92,      1180,
     49.94,      1101,
     49.96,      1109,
     49.98,      1200,
        50,      1148,
     50.02,      1193,
     50.04,      1208,
     50.06,      1101,
     50.08,      1205,
      50.1,      1188,
     50.12,      1140,
     50.14,      1141,
     50.16,      1174,
     50.18,      1185,
      50.2,      1128,
     50.22,      1175,
     50.24,      1164,
     50.26,      1129,
     50.28,      1145,
      50.3,      1149,
     50.32,      1105,
     50.34,      1198,
     50.36,      1147,
     50.38,      1128,
      50.4,      1204,
     50.42,      1134,
     50.44,      1130,
     50.46,      1116,
     50.48,      1122,
      50.5,      1133,
     50.52,      1212,
     50.54,      1157,
     50.56,      1163,
     50.58,      1177,
      50.6,      1182,
     50.62,      1146,
     50.64,      1110,
     50.66,      1206,
     50.68,      1137,
      50.7,      1184,
     50.72,      1229,
     50.74,      1139,
     50.76,      1164,
     50.78,      1165,
      50.8,      1199,
     50.82,      1097,
     50.84,      1125,
     50.86,      1173,
     50.88,      1172,
      50.9,      1160,
     50.92,      1178,
     50.94,      1166,
     50.96,      1140,
     50.98,      1149,
        51,      1131,
     51.02,      1190,
     51.04,      1124,
     51.06,      1084,
     51.08,      1161,
      51.1,      1142,
     51.12,      1192,
     51.14,      1158,
     51.16,      1193,
     51.18,      1152,
      51.2,      1174,
     51.22,      1148,
     51.24,      1161,
     51.26,      1164,
     51.28,      1165,
      51.3,      1147,
     51.32,      1220,
     51.34,      1210,
     51.36,      1133,
     51.38,      1235,
      51.4,      1212,
     51.42,      1205,
     51.44,      1160,
     51.46,      1182,
     51.48,      1088,
      51.5,      1281,
     51.52,      1164,
     51.54,      1179,
     51.56,      1193,
     51.58,      1184,
      51.6,      1200,
     51.62,      1136,
     51.64,      1212,
     51.66,      1169,
     51.68,      1202,
      51.7,      1186,
     51.72,      1130,
     51.74,      1184,
     51.76,      1069,
     51.78,      1238,
      51.8,      1142,
     51.82,      1157,
     51.84,      1183,
     51.86,      1157,
     51.88,      1189,
      51.9,      1165,
     51.92,      1171,
     51.94,      1136,
     51.96,      1226,
     51.98,      1176,
        52,      1112,
     52.02,      1140,
     52.04,      1193,
     52.06,      1165,
     52.08,      1112,
      52.1,      1166,
     52.12,      1206,
     52.14,      1186,
     52.16,      1124,
     52.18,      1124,
      52.2,      1162,
     52.22,      1132,
     52.24,      1149,
     52.26,      1135,
     52.28,      1159,
      52.3,      1169,
     52.32,      1161,
     52.34,      1126,
     52.36,      1143,
     52.38,      1162,
      52.4,      1090,
     52.42,      1147,
     52.44,      1176,
     52.46,      1157,
     52.48,      1130,
      52.5,      1096,
     52.52,      1165,
     52.54,      1216,
     52.56,      1167,
     52.58,      1104,
      52.6,      1076,
     52.62,      1167,
     52.64,      1152,
     52.66,      1171,
     52.68,      1123,
      52.7,      1175,
     52.72,      1183,
     52.74,      1208,
     52.76,      1155,
     52.78,      1129,
      52.8,      1160,
     52.82,      1101,
     52.84,      1183,
     52.86,      1200,
     52.88,      1179,
      52.9,      1197,
     52.92,      1148,
     52.94,      1182,
     52.96,      1189,
     52.98,      1130,
        53,      1162,
     53.02,      1119,
     53.04,      1178,
     53.06,      1170,
     53.08,      1213,
      53.1,      1205,
     53.12,      1087,
     53.14,      1174,
     53.16,      1171,
     53.18,      1193,
      53.2,      1170,
     53.22,      1129,
     53.24,      1165,
     53.26,      1139,
     53.28,      1146,
      53.3,      1215,
     53.32,      1134,
     53.34,      1193,
     53.36,      1125,
     53.38,      1155,
      53.4,      1118,
     53.42,      1128,
     53.44,      1138,
     53.46,      1190,
     53.48,      1168,
      53.5,      1149,
     53.52,      1135,
     53.54,      1127,
     53.56,      1159,
     53.58,      1191,
      53.6,      1113,
     53.62,      1142,
     53.64,      1092,
     53.66,      1154,
     53.68,      1168,
      53.7,      1171,
     53.72,      1170,
     53.74,      1155,
     53.76,      1127,
     53.78,      1156,
      53.8,      1143,
     53.82,      1213,
     53.84,      1185,
     53.86,      1123,
     53.88,      1206,
      53.9,      1177,
     53.92,      1188,
     53.94,      1156,
     53.96,      1162,
     53.98,      1164,
        54,      1172,
     54.02,      1146,
     54.04,      1136,
     54.06,      1150,
     54.08,      1148,
      54.1,      1172,
     54.12,      1170,
     54.14,      1129,
     54.16,      1166,
     54.18,      1160,
      54.2,      1137,
     54.22,      1146,
     54.24,      1092,
     54.26,      1206,
     54.28,      1209,
      54.3,      1160,
     54.32,      1124,
     54.34,      1197,
     54.36,      1168,
     54.38,      1111,
      54.4,      1227,
     54.42,      1236,
     54.44,      1107,
     54.46,      1196,
     54.48,      1139,
      54.5,      1112,
     54.52,      1159,
     54.54,      1125,
     54.56,      1168,
     54.58,      1186,
      54.6,      1131,
     54.62,      1143,
     54.64,      1135,
     54.66,      1107,
     54.68,      1193,
      54.7,      1186,
     54.72,      1144,
     54.74,      1144,
     54.76,      1178,
     54.78,      1185,
      54.8,      1183,
     54.82,      1242,
     54.84,      1195,
     54.86,      1185,
     54.88,      1232,
      54.9,      1222,
     54.92,      1184,
     54.94,      1143,
     54.96,      1275,
     54.98,      1185,
        55,      1172,
     55.02,      1215,
     55.04,      1210,
     55.06,      1193,
     55.08,      1204,
      55.1,      1221,
     55.12,      1173,
     55.14,      1215,
     55.16,      1203,
     55.18,      1198,
      55.2,      1221,
     55.22,      1219,
     55.24,      1199,
     55.26,      1176,
     55.28,      1204,
      55.3,      1195,
     55.32,      1215,
     55.34,      1283,
     55.36,      1251,
     55.38,      1195,
      55.4,      1236,
     55.42,      1198,
     55.44,      1253,
     55.46,      1297,
     55.48,      1230,
      55.5,      1298,
     55.52,      1280,
     55.54,      1275,
     55.56,      1321,
     55.58,      1313,
      55.6,      1263,
     55.62,      1385,
     55.64,      1320,
     55.66,      1376,
     55.68,      1336,
      55.7,      1292,
     55.72,      1376,
     55.74,      1392,
     55.76,      1337,
     55.78,      1433,
      55.8,      1502,
     55.82,      1402,
     55.84,      1478,
     55.86,      1489,
     55.88,      1497,
      55.9,      1462,
     55.92,      1500,
     55.94,      1536,
     55.96,      1538,
     55.98,      1569,
        56,      1634,
     56.02,      1764,
     56.04,      1635,
     56.06,      1741,
     56.08,      1796,
      56.1,      1789,
     56.12,      1871,
     56.14,      1939,
     56.16,      1944,
     56.18,      1999,
      56.2,      2097,
     56.22,      2078,
     56.24,      2233,
     56.26,      2318,
     56.28,      2361,
      56.3,      2455,
     56.32,      2485,
     56.34,      2442,
     56.36,      2710,
     56.38,      2758,
      56.4,      2825,
     56.42,      2798,
     56.44,      3100,
     56.46,      2973,
     56.48,      3072,
      56.5,      3006,
     56.52,      3210,
     56.54,      3049,
     56.56,      3126,
     56.58,      3004,
      56.6,      3049,
     56.62,      2963,
     56.64,      2847,
     56.66,      2910,
     56.68,      2688,
      56.7,      2730,
     56.72,      2582,
     56.74,      2586,
     56.76,      2576,
     56.78,      2310,
      56.8,      2199,
     56.82,      2180,
     56.84,      2034,
     56.86,      2073,
     56.88,      1939,
      56.9,      1867,
     56.92,      1779,
     56.94,      1757,
     56.96,      1714,
     56.98,      1733,
        57,      1620,
     57.02,      1612,
     57.04,      1624,
     57.06,      1578,
     57.08,      1554,
      57.1,      1523,
     57.12,      1455,
     57.14,      1445,
     57.16,      1446,
     57.18,      1426,
      57.2,      1414,
     57.22,      1477,
     57.24,      1446,
     57.26,      1415,
     57.28,      1396,
      57.3,      1410,
     57.32,      1385,
     57.34,      1300,
     57.36,      1402,
     57.38,      1344,
      57.4,      1433,
     57.42,      1428,
     57.44,      1380,
     57.46,      1402,
     57.48,      1367,
      57.5,      1405,
     57.52,      1417,
     57.54,      1437,
     57.56,      1455,
     57.58,      1377,
      57.6,      1385,
     57.62,      1368,
     57.64,      1369,
     57.66,      1332,
     57.68,      1310,
      57.7,      1253,
     57.72,      1263,
     57.74,      1301,
     57.76,      1305,
     57.78,      1317,
      57.8,      1308,
     57.82,      1236,
     57.84,      1259,
     57.86,      1150,
     57.88,      1238,
      57.9,      1258,
     57.92,      1294,
     57.94,      1264,
     57.96,      1246,
     57.98,      1224,
        58,      1218,
     58.02,      1216,
     58.04,      1253,
     58.06,      1263,
     58.08,      1196,
      58.1,      1280,
     58.12,      1181,
     58.14,      1223,
     58.16,      1145,
     58.18,      1220,
      58.2,      1217,
     58.22,      1218,
     58.24,      1214,
     58.26,      1175,
     58.28,      1170,
      58.3,      1179,
     58.32,      1174,
     58.34,      1178,
     58.36,      1211,
     58.38,      1235,
      58.4,      1187,
     58.42,      1097,
     58.44,      1259,
     58.46,      1210,
     58.48,      1190,
      58.5,      1173,
     58.52,      1189,
     58.54,      1190,
     58.56,      1202,
     58.58,      1203,
      58.6,      1206,
     58.62,      1170,
     58.64,      1186,
     58.66,      1177,
     58.68,      1188,
      58.7,      1203,
     58.72,      1180,
     58.74,      1218,
     58.76,      1167,
     58.78,      1155,
      58.8,      1188,
     58.82,      1208,
     58.84,      1156,
     58.86,      1203,
     58.88,      1202,
      58.9,      1182,
     58.92,      1169,
     58.94,      1161,
     58.96,      1149,
     58.98,      1142,
        59,      1168,
     59.02,      1075,
     59.04,      1099,
     59.06,      1162,
     59.08,      1152,
      59.1,      1212,
     59.12,      1157,
     59.14,      1167,
     59.16,      1207,
     59.18,      1181,
      59.2,      1166,
     59.22,      1155,
     59.24,      1117,
     59.26,      1131,
     59.28,      1145,
      59.3,      1162,
     59.32,      1160,
     59.34,      1163,
     59.36,      1154,
     59.38,      1166,
      59.4,      1181,
     59.42,      1099,
     59.44,      1178,
     59.46,      1201,
     59.48,      1195,
      59.5,      1143,
     59.52,      1151,
     59.54,      1158,
     59.56,      1184,
     59.58,      1193,
      59.6,      1186,
     59.62,      1151,
     59.64,      1152,
     59.66,      1190,
     59.68,      1173,
      59.7,      1207,
     59.72,      1170,
     59.74,      1132,
     59.76,      1226,
     59.78,      1147,
      59.8,      1199,
     59.82,      1176,
     59.84,      1156,
     59.86,      1200,
     59.88,      1229,
      59.9,      1211,
     59.92,      1146,
     59.94,      1226,
     59.96,      1218,
     59.98,      1227,
        60,      1234,
     60.02,      1195,
     60.04,      1199,
     60.06,      1213,
     60.08,      1214,
      60.1,      1172,
     60.12,      1185,
     60.14,      1171,
     60.16,      1255,
     60.18,      1160,
      60.2,      1204,
     60.22,      1215,
     60.24,      1172,
     60.26,      1170,
     60.28,      1218,
      60.3,      1251,
     60.32,      1188,
     60.34,      1157,
     60.36,      1141,
     60.38,      1179,
      60.4,      1179,
     60.42,      1181,
     60.44,      1169,
     60.46,      1191,
     60.48,      1175,
      60.5,      1195,
     60.52,      1226,
     60.54,      1240,
     60.56,      1129,
     60.58,      1131,
      60.6,      1185,
     60.62,      1146,
     60.64,      1141,
     60.66,      1191,
     60.68,      1161,
      60.7,      1205,
     60.72,      1219,
     60.74,      1211,
     60.76,      1220,
     60.78,      1212,
      60.8,      1142,
     60.82,      1135,
     60.84,      1211,
     60.86,      1194,
     60.88,      1141,
      60.9,      1206,
     60.92,      1171,
     60.94,      1127,
     60.96,      1203,
     60.98,      1187,
        61,      1126,
     61.02,      1178,
     61.04,      1194,
     61.06,      1147,
     61.08,      1163,
      61.1,      1226,
     61.12,      1120,
     61.14,      1161,
     61.16,      1171,
     61.18,      1183,
      61.2,      1161,
     61.22,      1093,
     61.24,      1136,
     61.26,      1172,
     61.28,      1130,
      61.3,      1224,
     61.32,      1118,
     61.34,      1157,
     61.36,      1174,
     61.38,      1162,
      61.4,      1149,
     61.42,      1170,
     61.44,      1257,
     61.46,      1203,
     61.48,      1216,
      61.5,      1188,
     61.52,      1197,
     61.54,      1219,
     61.56,      1238,
     61.58,      1168,
      61.6,      1265,
     61.62,      1242,
     61.64,      1300,
     61.66,      1248,
     61.68,      1352,
      61.7,      1253,
     61.72,      1240,
     61.74,      1280,
     61.76,      1299,
     61.78,      1246,
      61.8,      1262,
     61.82,      1205,
     61.84,      1259,
     61.86,      1273,
     61.88,      1311,
      61.9,      1272,
     61.92,      1223,
     61.94,      1268,
     61.96,      1228,
     61.98,      1337,
        62,      1315,
     62.02,      1307,
     62.04,      1255,
     62.06,      1302,
     62.08,      1298,
      62.1,      1213,
     62.12,      1241,
     62.14,      1253,
     62.16,      1220,
     62.18,      1234,
      62.2,      1186,
     62.22,      1194,
     62.24,      1205,
     62.26,      1268,
     62.28,      1150,
      62.3,      1214,
     62.32,      1140,
     62.34,      1244,
     62.36,      1266,
     62.38,      1216,
      62.4,      1272,
     62.42,      1237,
     62.44,      1181,
     62.46,      1117,
     62.48,      1216,
      62.5,      1145,
     62.52,      1113,
     62.54,      1210,
     62.56,      1224,
     62.58,      1173,
      62.6,      1186,
     62.62,      1179,
     62.64,      1188,
     62.66,      1164,
     62.68,      1179,
      62.7,      1213,
     62.72,      1179,
     62.74,      1188,
     62.76,      1207,
     62.78,      1171,
      62.8,      1229,
     62.82,      1257,
     62.84,      1205,
     62.86,      1133,
     62.88,      1152,
      62.9,      1177,
     62.92,      1212,
     62.94,      1178,
     62.96,      1240,
     62.98,      1168,
        63,      1221,
     63.02,      1150,
     63.04,      1201,
     63.06,      1168,
     63.08,      1170,
      63.1,      1139,
     63.12,      1169,
     63.14,      1146,
     63.16,      1225,
     63.18,      1262,
      63.2,      1196,
     63.22,      1215,
     63.24,      1193,
     63.26,      1173,
     63.28,      1216,
      63.3,      1210,
     63.32,      1204,
     63.34,      1196,
     63.36,      1193,
     63.38,      1256,
      63.4,      1223,
     63.42,      1188,
     63.44,      1284,
     63.46,      1197,
     63.48,      1197,
      63.5,      1266,
     63.52,      1201,
     63.54,      1231,
     63.56,      1229,
     63.58,      1251,
      63.6,      1199,
     63.62,      1294,
     63.64,      1287,
     63.66,      1270,
     63.68,      1302,
      63.7,      1307,
     63.72,      1277,
     63.74,      1274,
     63.76,      1378,
     63.78,      1321,
      63.8,      1364,
     63.82,      1363,
     63.84,      1369,
     63.86,      1407,
     63.88,      1378,
      63.9,      1484,
     63.92,      1508,
     63.94,      1579,
     63.96,      1495,
     63.98,      1483,
        64,      1531,
     64.02,      1526,
     64.04,      1608,
     64.06,      1540,
     64.08,      1593,
      64.1,      1616,
     64.12,      1621,
     64.14,      1724,
     64.16,      1688,
     64.18,      1727,
      64.2,      1749,
     64.22,      1793,
     64.24,      1787,
     64.26,      1713,
     64.28,      1728,
      64.3,      1614,
     64.32,      1614,
     64.34,      1594,
     64.36,      1602,
     64.38,      1529,
      64.4,      1570,
     64.42,      1558,
     64.44,      1466,
     64.46,      1450,
     64.48,      1441,
      64.5,      1461,
     64.52,      1337,
     64.54,      1468,
     64.56,      1336,
     64.58,      1316,
      64.6,      1383,
     64.62,      1295,
     64.64,      1348,
     64.66,      1256,
     64.68,      1300,
      64.7,      1253,
     64.72,      1237,
     64.74,      1279,
     64.76,      1217,
     64.78,      1200,
      64.8,      1275,
     64.82,      1273,
     64.84,      1259,
     64.86,      1207,
     64.88,      1270,
      64.9,      1227,
     64.92,      1148,
     64.94,      1261,
     64.96,      1197,
     64.98,      1214,
        65,      1218,
     65.02,      1160,
     65.04,      1158,
     65.06,      1189,
     65.08,      1199,
      65.1,      1284,
     65.12,      1226,
     65.14,      1245,
     65.16,      1255,
     65.18,      1219,
      65.2,      1253,
     65.22,      1243,
     65.24,      1179,
     65.26,      1256,
     65.28,      1278,
      65.3,      1212,
     65.32,      1221,
     65.34,      1168,
     65.36,      1239,
     65.38,      1188,
      65.4,      1226,
     65.42,      1227,
     65.44,      1278,
     65.46,      1259,
     65.48,      1241,
      65.5,      1232,
     65.52,      1213,
     65.54,      1306,
     65.56,      1267,
     65.58,      1317,
      65.6,      1269,
     65.62,      1206,
     65.64,      1349,
     65.66,      1300,
     65.68,      1268,
      65.7,      1324,
     65.72,      1313,
     65.74,      1355,
     65.76,      1267,
     65.78,      1357,
      65.8,      1256,
     65.82,      1307,
     65.84,      1297,
     65.86,      1259,
     65.88,      1281,
      65.9,      1228,
     65.92,      1272,
     65.94,      1247,
     65.96,      1221,
     65.98,      1277,
        66,      1215,
     66.02,      1211,
     66.04,      1193,
     66.06,      1221,
     66.08,      1239,
      66.1,      1209,
     66.12,      1276,
     66.14,      1177,
     66.16,      1221,
     66.18,      1260,
      66.2,      1174,
     66.22,      1214,
     66.24,      1177,
     66.26,      1166,
     66.28,      1267,
      66.3,      1188,
     66.32,      1164,
     66.34,      1145,
     66.36,      1221,
     66.38,      1155,
      66.4,      1197,
     66.42,      1225,
     66.44,      1185,
     66.46,      1132,
     66.48,      1188,
      66.5,      1239,
     66.52,      1173,
     66.54,      1182,
     66.56,      1192,
     66.58,      1162,
      66.6,      1175,
     66.62,      1257,
     66.64,      1173,
     66.66,      1175,
     66.68,      1190,
      66.7,      1187,
     66.72,      1176,
     66.74,      1163,
     66.76,      1164,
     66.78,      1194,
      66.8,      1184,
     66.82,      1215,
     66.84,      1190,
     66.86,      1148,
     66.88,      1310,
      66.9,      1130,
     66.92,      1210,
     66.94,      1173,
     66.96,      1231,
     66.98,      1155,
        67,      1166,
     67.02,      1232,
     67.04,      1242,
     67.06,      1212,
     67.08,      1183,
      67.1,      1275,
     67.12,      1151,
     67.14,      1221,
     67.16,      1206,
     67.18,      1150,
      67.2,      1216,
     67.22,      1225,
     67.24,      1157,
     67.26,      1191,
     67.28,      1245,
      67.3,      1232,
     67.32,      1241,
     67.34,      1238,
     67.36,      1217,
     67.38,      1259,
      67.4,      1227,
     67.42,      1241,
     67.44,      1238,
     67.46,      1240,
     67.48,      1250,
      67.5,      1185,
     67.52,      1281,
     67.54,      1283,
     67.56,      1214,
     67.58,      1264,
      67.6,      1274,
     67.62,      1242,
     67.64,      1235,
     67.66,      1230,
     67.68,      1214,
      67.7,      1237,
     67.72,      1216,
     67.74,      1171,
     67.76,      1235,
     67.78,      1224,
      67.8,      1265,
     67.82,      1207,
     67.84,      1217,
     67.86,      1264,
     67.88,      1232,
      67.9,      1221,
     67.92,      1229,
     67.94,      1186,
     67.96,      1232,
     67.98,      1153,
        68,      1189,
     68.02,      1237,
     68.04,      1159,
     68.06,      1222,
     68.08,      1188,
      68.1,      1191,
     68.12,      1232,
     68.14,      1190,
     68.16,      1203,
     68.18,      1139,
      68.2,      1197,
     68.22,      1248,
     68.24,      1116,
     68.26,      1198,
     68.28,      1210,
      68.3,      1174,
     68.32,      1187,
     68.34,      1176,
     68.36,      1197,
     68.38,      1199,
      68.4,      1184,
     68.42,      1200,
     68.44,      1186,
     68.46,      1215,
     68.48,      1161,
      68.5,      1216,
     68.52,      1209,
     68.54,      1261,
     68.56,      1219,
     68.58,      1226,
      68.6,      1230,
     68.62,      1221,
     68.64,      1193,
     68.66,      1137,
     68.68,      1231,
      68.7,      1213,
     68.72,      1188,
     68.74,      1257,
     68.76,      1305,
     68.78,      1297,
      68.8,      1186,
     68.82,      1245,
     68.84,      1197,
     68.86,      1238,
     68.88,      1232,
      68.9,      1301,
     68.92,      1243,
     68.94,      1250,
     68.96,      1261,
     68.98,      1269,
        69,      1302,
     69.02,      1265,
     69.04,      1282,
     69.06,      1283,
     69.08,      1251,
      69.1,      1282,
     69.12,      1294,
     69.14,      1242,
     69.16,      1279,
     69.18,      1315,
      69.2,      1329,
     69.22,      1323,
     69.24,      1318,
     69.26,      1308,
     69.28,      1319,
      69.3,      1320,
     69.32,      1387,
     69.34,      1244,
     69.36,      1310,
     69.38,      1344,
      69.4,      1421,
     69.42,      1349,
     69.44,      1365,
     69.46,      1426,
     69.48,      1433,
      69.5,      1384,
     69.52,      1499,
     69.54,      1464,
     69.56,      1455,
     69.58,      1515,
      69.6,      1446,
     69.62,      1453,
     69.64,      1455,
     69.66,      1512,
     69.68,      1458,
      69.7,      1522,
     69.72,      1496,
     69.74,      1561,
     69.76,      1534,
     69.78,      1566,
      69.8,      1561,
     69.82,      1579,
     69.84,      1558,
     69.86,      1682,
     69.88,      1702,
      69.9,      1683,
     69.92,      1703,
     69.94,      1747,
     69.96,      1779,
     69.98,      1787,
        70,      1842,
     70.02,      1865,
     70.04,      1879,
     70.06,      1901,
     70.08,      2007,
      70.1,      2075,
     70.12,      2077,
     70.14,      2087,
     70.16,      2058,
     70.18,      2211,
      70.2,      2236,
     70.22,      2318,
     70.24,      2355,
     70.26,      2494,
     70.28,      2418,
      70.3,      2422,
     70.32,      2636,
     70.34,      2656,
     70.36,      2798,
     70.38,      2822,
      70.4,      2932,
     70.42,      3110,
     70.44,      3122,
     70.46,      3203,
     70.48,      3377,
      70.5,      3468,
     70.52,      3530,
     70.54,      3681,
     70.56,      3774,
     70.58,      3916,
      70.6,      4112,
     70.62,      4081,
     70.64,      4150,
     70.66,      4317,
     70.68,      4488,
      70.7,      4594,
     70.72,      4625,
     70.74,      4706,
     70.76,      4978,
     70.78,      4912,
      70.8,      5046,
     70.82,      5078,
     70.84,      4978,
     70.86,      5033,
     70.88,      5044,
      70.9,      5017,
     70.92,      4995,
     70.94,      4837,
     70.96,      4779,
     70.98,      4604,
        71,      4595,
     71.02,      4406,
     71.04,      4275,
     71.06,      4254,
     71.08,      3994,
      71.1,      3887,
     71.12,      3700,
     71.14,      3498,
     71.16,      3348,
     71.18,      3274,
      71.2,      3149,
     71.22,      3006,
     71.24,      2847,
     71.26,      2700,
     71.28,      2690,
      71.3,      2440,
     71.32,      2483,
     71.34,      2263,
     71.36,      2349,
     71.38,      2298,
      71.4,      2157,
     71.42,      2176,
     71.44,      2121,
     71.46,      1974,
     71.48,      1941,
      71.5,      1901,
     71.52,      1845,
     71.54,      1823,
     71.56,      1839,
     71.58,      1808,
      71.6,      1779,
     71.62,      1726,
     71.64,      1695,
     71.66,      1675,
     71.68,      1662,
      71.7,      1710,
     71.72,      1522,
     71.74,      1526,
     71.76,      1466,
     71.78,      1546,
      71.8,      1600,
     71.82,      1541,
     71.84,      1481,
     71.86,      1507,
     71.88,      1439,
      71.9,      1379,
     71.92,      1444,
     71.94,      1372,
     71.96,      1449,
     71.98,      1390,
        72,      1334,
     72.02,      1407,
     72.04,      1360,
     72.06,      1356,
     72.08,      1402,
      72.1,      1302,
     72.12,      1364,
     72.14,      1224,
     72.16,      1294,
     72.18,      1228,
      72.2,      1268,
     72.22,      1328,
     72.24,      1265,
     72.26,      1308,
     72.28,      1307,
      72.3,      1286,
     72.32,      1269,
     72.34,      1300,
     72.36,      1275,
     72.38,      1248,
      72.4,      1233,
     72.42,      1281,
     72.44,      1223,
     72.46,      1308,
     72.48,      1216,
      72.5,      1209,
     72.52,      1240,
     72.54,      1159,
     72.56,      1280,
     72.58,      1182,
      72.6,      1217,
     72.62,      1221,
     72.64,      1195,
     72.66,      1132,
     72.68,      1214,
      72.7,      1221,
     72.72,      1182,
     72.74,      1147,
     72.76,      1131,
     72.78,      1169,
      72.8,      1132,
     72.82,      1217,
     72.84,      1208,
     72.86,      1096,
     72.88,      1127,
      72.9,      1096,
     72.92,      1118,
     72.94,      1148,
     72.96,      1180,
     72.98,      1145,
        73,      1131,
     73.02,      1048,
     73.04,      1116,
     73.06,      1146,
     73.08,      1166,
      73.1,      1136,
     73.12,      1094,
     73.14,      1097,
     73.16,      1143,
     73.18,      1116,
      73.2,      1145,
     73.22,      1099,
     73.24,      1171,
     73.26,      1106,
     73.28,      1156,
      73.3,      1097,
     73.32,      1159,
     73.34,      1112,
     73.36,      1035,
     73.38,      1080,
      73.4,      1194,
     73.42,      1142,
     73.44,      1075,
     73.46,      1091,
     73.48,      1089,
      73.5,      1086,
     73.52,      1076,
     73.54,      1116,
     73.56,      1133,
     73.58,      1132,
      73.6,      1118,
     73.62,      1123,
     73.64,      1107,
     73.66,      1099,
     73.68,      1157,
      73.7,      1098,
     73.72,      1091,
     73.74,      1072,
     73.76,      1026,
     73.78,      1092,
      73.8,      1100,
     73.82,      1067,
     73.84,      1069,
     73.86,      1121,
     73.88,      1106,
      73.9,      1078,
     73.92,      1087,
     73.94,      1146,
     73.96,      1097,
     73.98,      1110,
        74,      1045,
     74.02,      1125,
     74.04,      1082,
     74.06,      1035,
     74.08,      1082,
      74.1,      1094,
     74.12,      1105,
     74.14,      1108,
     74.16,      1043,
     74.18,      1089,
      74.2,      1079,
     74.22,      1069,
     74.24,      1023,
     74.26,      1046,
     74.28,      1055,
      74.3,      1079,
     74.32,      1071,
     74.34,      1046,
     74.36,      1041,
     74.38,      1034,
      74.4,       997,
     74.42,      1076,
     74.44,      1043,
     74.46,      1040,
     74.48,      1116,
      74.5,      1118,
     74.52,      1034,
     74.54,      1051,
     74.56,      1078,
     74.58,      1066,
      74.6,      1032,
     74.62,      1087,
     74.64,      1083,
     74.66,      1031,
     74.68,      1019,
      74.7,      1003,
     74.72,      1063,
     74.74,       996,
     74.76,      1014,
     74.78,      1071,
      74.8,      1079,
     74.82,      1005,
     74.84,      1033,
     74.86,      1074,
     74.88,      1076,
      74.9,      1024,
     74.92,      1073,
     74.94,      1069,
     74.96,      1039,
     74.98,      1052,
        75,      1029,
     75.02,      1004,
     75.04,      1084,
     75.06,      1014,
     75.08,      1009,
      75.1,      1064,
     75.12,      1030,
     75.14,      1028,
     75.16,      1054,
     75.18,      1082,
      75.2,      1043,
     75.22,      1050,
     75.24,      1009,
     75.26,      1088,
     75.28,      1091,
      75.3,      1048,
     75.32,      1095,
     75.34,      1101,
     75.36,      1075,
     75.38,      1092,
      75.4,      1053,
     75.42,      1077,
     75.44,      1090,
     75.46,      1096,
     75.48,      1073,
      75.5,      1094,
     75.52,      1032,
     75.54,      1115,
     75.56,      1090,
     75.58,      1020,
      75.6,      1054,
     75.62,      1024,
     75.64,      1073,
     75.66,      1056,
     75.68,      1020,
      75.7,      1040,
     75.72,      1060,
     75.74,      1057,
     75.76,      1028,
     75.78,      1004,
      75.8,      1075,
     75.82,       997,
     75.84,      1068,
     75.86,       998,
     75.88,      1020,
      75.9,      1027,
     75.92,      1074,
     75.94,      1011,
     75.96,      1061,
     75.98,      1085,
        76,       987,
     76.02,      1098,
     76.04,       982,
     76.06,      1015,
     76.08,      1084,
      76.1,       985,
     76.12,      1054,
     76.14,      1029,
     76.16,      1037,
     76.18,      1042,
      76.2,      1081,
     76.22,      1105,
     76.24,      1055,
     76.26,       973,
     76.28,      1025,
      76.3,      1057,
     76.32,      1030,
     76.34,      1007,
     76.36,      1067,
     76.38,      1102,
      76.4,      1013,
     76.42,      1081,
     76.44,      1028,
     76.46,      1034,
     76.48,      1015,
      76.5,      1041,
     76.52,      1058,
     76.54,      1019,
     76.56,      1035,
     76.58,      1061,
      76.6,      1134,
     76.62,      1056,
     76.64,      1040,
     76.66,      1050,
     76.68,      1054,
      76.7,      1121,
     76.72,      1107,
     76.74,      1085,
     76.76,      1127,
     76.78,      1111,
      76.8,      1101,
     76.82,      1162,
     76.84,      1091,
     76.86,      1157,
     76.88,      1125,
      76.9,      1123,
     76.92,      1137,
     76.94,      1175,
     76.96,      1211,
     76.98,      1166,
        77,      1187,
     77.02,      1204,
     77.04,      1245,
     77.06,      1180,
     77.08,      1169,
      77.1,      1190,
     77.12,      1182,
     77.14,      1178,
     77.16,      1201,
     77.18,      1220,
      77.2,      1152,
     77.22,      1154,
     77.24,      1140,
     77.26,      1215,
     77.28,      1153,
      77.3,      1152,
     77.32,      1201,
     77.34,      1082,
     77.36,      1104,
     77.38,      1097,
      77.4,      1125,
     77.42,      1131,
     77.44,      1053,
     77.46,      1084,
     77.48,      1093,
      77.5,      1045,
     77.52,      1097,
     77.54,      1076,
     77.56,      1142,
     77.58,      1121,
      77.6,      1094,
     77.62,      1008,
     77.64,      1037,
     77.66,       991,
     77.68,      1085,
      77.7,      1076,
     77.72,      1069,
     77.74,      1025,
     77.76,      1043,
     77.78,       977,
      77.8,      1034,
     77.82,      1011,
     77.84,      1024,
     77.86,       991,
     77.88,      1054,
      77.9,      1050,
     77.92,      1041,
     77.94,      1006,
     77.96,      1030,
     77.98,      1131,
        78,       968,
     78.02,      1012,
     78.04,       979,
     78.06,      1036,
     78.08,      1008,
      78.1,      1049,
     78.12,      1029,
     78.14,       981,
     78.16,       985,
     78.18,       961,
      78.2,       996,
     78.22,       940,
     78.24,      1091,
     78.26,       964,
     78.28,      1004,
      78.3,      1054,
     78.32,       977,
     78.34,      1036,
     78.36,       982,
     78.38,      1013,
      78.4,       980,
     78.42,      1013,
     78.44,       961,
     78.46,       972,
     78.48,      1003,
      78.5,       989,
     78.52,      1054,
     78.54,      1043,
     78.56,       948,
     78.58,      1018,
      78.6,      1021,
     78.62,      1011,
     78.64,       981,
     78.66,      1027,
     78.68,       960,
      78.7,      1053,
     78.72,       929,
     78.74,       972,
     78.76,       968,
     78.78,       975,
      78.8,       990,
     78.82,       972,
     78.84,       968,
     78.86,       981,
     78.88,      1002,
      78.9,       986,
     78.92,       918,
     78.94,       990,
     78.96,       996,
     78.98,       950,
        79,      1074,
     79.02,      1018,
     79.04,       974,
     79.06,      1005,
     79.08,      1036,
      79.1,       979,
     79.12,      1024,
     79.14,       945,
     79.16,       967,
     79.18,      1003,
      79.2,      1052,
     79.22,       998,
     79.24,       977,
     79.26,       996,
     79.28,      1065,
      79.3,      1085,
     79.32,      1070,
     79.34,      1028,
     79.36,       990,
     79.38,      1063,
      79.4,      1074,
     79.42,      1019,
     79.44,      1062,
     79.46,      1051,
     79.48,      1021,
      79.5,      1010,
     79.52,       980,
     79.54,      1041,
     79.56,       954,
     79.58,       967,
      79.6,       967,
     79.62,      1018,
     79.64,       999,
     79.66,      1002,
     79.68,       969,
      79.7,       971,
     79.72,       955,
     79.74,       984,
     79.76,       956,
     79.78,       990,
      79.8,       975,
     79.82,       925,
     79.84,       992,
     79.86,       968,
     79.88,       945,
      79.9,       916,
     79.92,       995,
     79.94,       983,
     79.96,       925,
     79.98,       961,
        80,       957,
     80.02,       983,
     80.04,      1005,
     80.06,       939,
     80.08,       948,
      80.1,       969,
     80.12,       949,
     80.14,       971,
     80.16,      1044,
     80.18,      1008,
      80.2,      1003,
     80.22,       966,
     80.24,       936,
     80.26,       975,
     80.28,       972,
      80.3,       974,
     80.32,      1006,
     80.34,       974,
     80.36,      1015,
     80.38,      1064,
      80.4,      1067,
     80.42,       993,
     80.44,      1021,
     80.46,      1001,
     80.48,       903,
      80.5,      1012,
     80.52,      1059,
     80.54,      1029,
     80.56,      1010,
     80.58,       991,
      80.6,      1016,
     80.62,      1021,
     80.64,      1022,
     80.66,       986,
     80.68,      1039,
      80.7,      1097,
     80.72,       994,
     80.74,       978,
     80.76,      1078,
     80.78,      1029,
      80.8,      1007,
     80.82,       971,
     80.84,      1009,
     80.86,      1028,
     80.88,      1016,
      80.9,      1027,
     80.92,      1052,
     80.94,      1016,
     80.96,      1039,
     80.98,       978,
        81,       968,
     81.02,      1005,
     81.04,      1066,
     81.06,      1029,
     81.08,      1015,
      81.1,      1017,
     81.12,      1000,
     81.14,      1030,
     81.16,      1036,
     81.18,       995,
      81.2,      1018,
     81.22,      1031,
     81.24,       989,
     81.26,      1018,
     81.28,      1013,
      81.3,       970,
     81.32,       958,
     81.34,      1003,
     81.36,      1020,
     81.38,      1024,
      81.4,       955,
     81.42,       999,
     81.44,       971,
     81.46,       971,
     81.48,       949,
      81.5,      1008,
     81.52,       951,
     81.54,       944,
     81.56,       966,
     81.58,       996,
      81.6,       953,
     81.62,       968,
     81.64,       950,
     81.66,       986,
     81.68,       996,
      81.7,       952,
     81.72,       971,
     81.74,       949,
     81.76,       960,
     81.78,      1014,
      81.8,      1004,
     81.82,       957,
     81.84,      1020,
     81.86,      1010,
     81.88,      1069,
      81.9,      1056,
     81.92,      1042,
     81.94,       993,
     81.96,      1012,
     81.98,      1078,
        82,      1120,
     82.02,      1153,
     82.04,      1125,
     82.06,      1187,
     82.08,      1081,
      82.1,      1103,
     82.12,      1123,
     82.14,      1096,
     82.16,      1106,
     82.18,      1064,
      82.2,      1075,
     82.22,      1046,
     82.24,      1039,
     82.26,      1054,
     82.28,      1046,
      82.3,      1075,
     82.32,      1027,
     82.34,      1002,
     82.36,      1046,
     82.38,      1051,
      82.4,       995,
     82.42,       989,
     82.44,      1004,
     82.46,       988,
     82.48,       976,
      82.5,       978,
     82.52,       953,
     82.54,      1014,
     82.56,      1013,
     82.58,      1008,
      82.6,       970,
     82.62,      1000,
     82.64,       954,
     82.66,      1025,
     82.68,      1024,
      82.7,      1005,
     82.72,      1038,
     82.74,       981,
     82.76,      1039,
     82.78,      1070,
      82.8,      1019,
     82.82,       986,
     82.84,      1043,
     82.86,      1073,
     82.88,      1078,
      82.9,      1059,
     82.92,      1059,
     82.94,      1065,
     82.96,      1029,
     82.98,      1069,
        83,      1107,
     83.02,      1120,
     83.04,      1051,
     83.06,      1056,
     83.08,      1144,
      83.1,      1066,
     83.12,      1186,
     83.14,      1114,
     83.16,      1190,
     83.18,      1204,
      83.2,      1183,
     83.22,      1177,
     83.24,      1218,
     83.26,      1227,
     83.28,      1223,
      83.3,      1214,
     83.32,      1199,
     83.34,      1276,
     83.36,      1282,
     83.38,      1353,
      83.4,      1324,
     83.42,      1307,
     83.44,      1363,
     83.46,      1333,
     83.48,      1345,
      83.5,      1434,
     83.52,      1440,
     83.54,      1471,
     83.56,      1541,
     83.58,      1542,
      83.6,      1555,
     83.62,      1589,
     83.64,      1583,
     83.66,      1635,
     83.68,      1671,
      83.7,      1685,
     83.72,      1720,
     83.74,      1738,
     83.76,      1645,
     83.78,      1734,
      83.8,      1790,
     83.82,      1754,
     83.84,      1867,
     83.86,      1801,
     83.88,      1847,
      83.9,      1919,
     83.92,      1915,
     83.94,      1911,
     83.96,      2028,
     83.98,      2002,
        84,      2026,
     84.02,      2116,
     84.04,      2074,
     84.06,      1993,
     84.08,      2041,
      84.1,      2071,
     84.12,      2000,
     84.14,      2111,
     84.16,      2010,
     84.18,      1873,
      84.2,      1900,
     84.22,      1897,
     84.24,      1719,
     84.26,      1659,
     84.28,      1784,
      84.3,      1797,
     84.32,      1672,
     84.34,      1611,
     84.36,      1683,
     84.38,      1543,
      84.4,      1606,
     84.42,      1540,
     84.44,      1520,
     84.46,      1456,
     84.48,      1402,
      84.5,      1394,
     84.52,      1333,
     84.54,      1299,
     84.56,      1279,
     84.58,      1318,
      84.6,      1262,
     84.62,      1184,
     84.64,      1230,
     84.66,      1228,
     84.68,      1195,
      84.7,      1240,
     84.72,      1124,
     84.74,      1101,
     84.76,      1182,
     84.78,      1091,
      84.8,      1078,
     84.82,      1114,
     84.84,      1060,
     84.86,      1078,
     84.88,      1063,
      84.9,      1032,
     84.92,      1048,
     84.94,      1011,
     84.96,      1063,
     84.98,      1027,
        85,      1025,
     85.02,      1072,
     85.04,       999,
     85.06,      1003,
     85.08,       946,
      85.1,       980,
     85.12,       938,
     85.14,       978,
     85.16,      1024,
     85.18,       983,
      85.2,       959,
     85.22,       996,
     85.24,       926,
     85.26,       981,
     85.28,       922,
      85.3,       990,
     85.32,       964,
     85.34,       976,
     85.36,       926,
     85.38,       895,
      85.4,       969,
     85.42,       914,
     85.44,       920,
     85.46,       897,
     85.48,       952,
      85.5,       881,
     85.52,       912,
     85.54,       891,
     85.56,       888,
     85.58,       878,
      85.6,       925,
     85.62,       886,
     85.64,       875,
     85.66,       858,
     85.68,       885,
      85.7,       924,
     85.72,       887,
     85.74,       839,
     85.76,       848,
     85.78,       897,
      85.8,       898,
     85.82,       885,
     85.84,       819,
     85.86,       833,
     85.88,       847,
      85.9,       873,
     85.92,       857,
     85.94,       864,
     85.96,       788,
     85.98,       820,
        86,       870,
     86.02,       856,
     86.04,       871,
     86.06,       790,
     86.08,       849,
      86.1,       806,
     86.12,       894,
     86.14,       843,
     86.16,       895,
     86.18,       862,
      86.2,       828,
     86.22,       814,
     86.24,       836,
     86.26,       809,
     86.28,       811,
      86.3,       773,
     86.32,       849,
     86.34,       808,
     86.36,       850,
     86.38,       792,
      86.4,       833,
     86.42,       843,
     86.44,       855,
     86.46,       825,
     86.48,       868,
      86.5,       834,
     86.52,       836,
     86.54,       843,
     86.56,       827,
     86.58,       840,
      86.6,       776,
     86.62,       803,
     86.64,       818,
     86.66,       828,
     86.68,       786,
      86.7,       798,
     86.72,       781,
     86.74,       789,
     86.76,       820,
     86.78,       822,
      86.8,       839,
     86.82,       829,
     86.84,       856,
     86.86,       817,
     86.88,       811,
      86.9,       835,
     86.92,       877,
     86.94,       785,
     86.96,       830,
     86.98,       817,
        87,       833,
     87.02,       862,
     87.04,       848,
     87.06,       810,
     87.08,       857,
      87.1,       840,
     87.12,       769,
     87.14,       829,
     87.16,       822,
     87.18,       800,
      87.2,       745,
     87.22,       826,
     87.24,       786,
     87.26,       828,
     87.28,       857,
      87.3,       794,
     87.32,       827,
     87.34,       862,
     87.36,       812,
     87.38,       811,
      87.4,       785,
     87.42,       819,
     87.44,       780,
     87.46,       848,
     87.48,       796,
      87.5,       798,
     87.52,       765,
     87.54,       803,
     87.56,       811,
     87.58,       800,
      87.6,       858,
     87.62,       820,
     87.64,       796,
     87.66,       798,
     87.68,       771,
      87.7,       775,
     87.72,       821,
     87.74,       775,
     87.76,       802,
     87.78,       750,
      87.8,       836,
     87.82,       786,
     87.84,       752,
     87.86,       769,
     87.88,       792,
      87.9,       841,
     87.92,       847,
     87.94,       832,
     87.96,       812,
     87.98,       824,
        88,       785,
     88.02,       779,
     88.04,       797,
     88.06,       762,
     88.08,       798,
      88.1,       756,
     88.12,       729,
     88.14,       777,
     88.16,       830,
     88.18,       788,
      88.2,       840,
     88.22,       793,
     88.24,       805,
     88.26,       772,
     88.28,       797,
      88.3,       787,
     88.32,       798,
     88.34,       818,
     88.36,       807,
     88.38,       762,
      88.4,       821,
     88.42,       816,
     88.44,       743,
     88.46,       799,
     88.48,       788,
      88.5,       807,
     88.52,       788,
     88.54,       794,
     88.56,       805,
     88.58,       812,
      88.6,       819,
     88.62,       765,
     88.64,       769,
     88.66,       771,
     88.68,       748,
      88.7,       807,
     88.72,       752,
     88.74,       788,
     88.76,       748,
     88.78,       780,
      88.8,       790,
     88.82,       825,
     88.84,       691,
     88.86,       815,
     88.88,       786,
      88.9,       760,
     88.92,       792,
     88.94,       798,
     88.96,       815,
     88.98,       754,
        89,       759,
     89.02,       791,
     89.04,       822,
     89.06,       735,
     89.08,       794,
      89.1,       748,
     89.12,       768,
     89.14,       753,
     89.16,       776,
     89.18,       762,
      89.2,       787,
     89.22,       766,
     89.24,       763,
     89.26,       787,
     89.28,       756,
      89.3,       754,
     89.32,       747,
     89.34,       787,
     89.36,       787,
     89.38,       823,
      89.4,       773,
     89.42,       799,
     89.44,       755,
     89.46,       736,
     89.48,       724,
      89.5,       796,
     89.52,       742,
     89.54,       818,
     89.56,       759,
     89.58,       746,
      89.6,       725,
     89.62,       745,
     89.64,       799,
     89.66,       749,
     89.68,       813,
      89.7,       788,
     89.72,       779,
     89.74,       804,
     89.76,       773,
     89.78,       766,
      89.8,       783,
     89.82,       735,
     89.84,       800,
     89.86,       802,
     89.88,       805,
      89.9,       779,
     89.92,       780,
     89.94,       784,
     89.96,       782,
     89.98,       757,
        90,       747,
     90.02,       766,
     90.04,       817,
     90.06,       766,
     90.08,       790,
      90.1,       753,
     90.12,       702,
     90.14,       819,
     90.16,       800,
     90.18,       812,
      90.2,       767,
     90.22,       751,
     90.24,       805,
     90.26,       806,
     90.28,       761,
      90.3,       838,
     90.32,       745,
     90.34,       766,
     90.36,       766,
     90.38,       760,
      90.4,       749,
     90.42,       764,
     90.44,       767,
     90.46,       750,
     90.48,       793,
      90.5,       788,
     90.52,       780,
     90.54,       762,
     90.56,       753,
     90.58,       768,
      90.6,       825,
     90.62,       789,
     90.64,       753,
     90.66,       782,
     90.68,       742,
      90.7,       762,
     90.72,       775,
     90.74,       735,
     90.76,       816,
     90.78,       759,
      90.8,       773,
     90.82,       766,
     90.84,       770,
     90.86,       831,
     90.88,       757,
      90.9,       724,
     90.92,       747,
     90.94,       737,
     90.96,       780,
     90.98,       781,
        91,       766,
     91.02,       810,
     91.04,       800,
     91.06,       718,
     91.08,       785,
      91.1,       763,
     91.12,       766,
     91.14,       783,
     91.16,       739,
     91.18,       774,
      91.2,       758,
     91.22,       762,
     91.24,       764,
     91.26,       763,
     91.28,       741,
      91.3,       747,
     91.32,       775,
     91.34,       761,
     91.36,       782,
     91.38,       805,
      91.4,       823,
     91.42,       733,
     91.44,       780,
     91.46,       826,
     91.48,       785,
      91.5,       813,
     91.52,       818,
     91.54,       834,
     91.56,       816,
     91.58,       787,
      91.6,       815,
     91.62,       802,
     91.64,       759,
     91.66,       799,
     91.68,       782,
      91.7,       788,
     91.72,       780,
     91.74,       788,
     91.76,       774,
     91.78,       860,
      91.8,       786,
     91.82,       756,
     91.84,       812,
     91.86,       820,
     91.88,       717,
      91.9,       804,
     91.92,       762,
     91.94,       789,
     91.96,       805,
     91.98,       792,
        92,       776,
     92.02,       768,
     92.04,       780,
     92.06,       827,
     92.08,       798,
      92.1,       780,
     92.12,       762,
     92.14,       747,
     92.16,       775,
     92.18,       823,
      92.2,       799,
     92.22,       820,
     92.24,       730,
     92.26,       771,
     92.28,       755,
      92.3,       777,
     92.32,       799,
     92.34,       793,
     92.36,       807,
     92.38,       835,
      92.4,       813,
     92.42,       800,
     92.44,       825,
     92.46,       793,
     92.48,       811,
      92.5,       745,
     92.52,       769,
     92.54,       752,
     92.56,       802,
     92.58,       789,
      92.6,       782,
     92.62,       771,
     92.64,       794,
     92.66,       766,
     92.68,       815,
      92.7,       771,
     92.72,       804,
     92.74,       779,
     92.76,       792,
     92.78,       804,
      92.8,       780,
     92.82,       815,
     92.84,       777,
     92.86,       823,
     92.88,       736,
      92.9,       785,
     92.92,       793,
     92.94,       820,
     92.96,       789,
     92.98,       782,
        93,       782,
     93.02,       810,
     93.04,       795,
     93.06,       795,
     93.08,       801,
      93.1,       822,
     93.12,       768,
     93.14,       789,
     93.16,       783,
     93.18,       784,
      93.2,       771,
     93.22,       823,
     93.24,       800,
     93.26,       740,
     93.28,       805,
      93.3,       780,
     93.32,       839,
     93.34,       862,
     93.36,       778,
     93.38,       789,
      93.4,       807,
     93.42,       776,
     93.44,       817,
     93.46,       755,
     93.48,       798,
      93.5,       798,
     93.52,       775,
     93.54,       799,
     93.56,       788,
     93.58,       828,
      93.6,       739,
     93.62,       780,
     93.64,       761,
     93.66,       763,
     93.68,       814,
      93.7,       804,
     93.72,       830,
     93.74,       791,
     93.76,       815,
     93.78,       835,
      93.8,       863,
     93.82,       812,
     93.84,       792,
     93.86,       801,
     93.88,       824,
      93.9,       828,
     93.92,       808,
     93.94,       848,
     93.96,       739,
     93.98,       818,
        94,       792,
     94.02,       820,
     94.04,       845,
     94.06,       778,
     94.08,       798,
      94.1,       851,
     94.12,       862,
     94.14,       781,
     94.16,       799,
     94.18,       816,
      94.2,       836,
     94.22,       838,
     94.24,       799,
     94.26,       835,
     94.28,       839,
      94.3,       838,
     94.32,       805,
     94.34,       830,
     94.36,       796,
     94.38,       822,
      94.4,       797,
     94.42,       824,
     94.44,       818,
     94.46,       842,
     94.48,       864,
      94.5,       779,
     94.52,       870,
     94.54,       797,
     94.56,       854,
     94.58,       830,
      94.6,       854,
     94.62,       843,
     94.64,       825,
     94.66,       836,
     94.68,       860,
      94.7,       830,
     94.72,       856,
     94.74,       870,
     94.76,       869,
     94.78,       881,
      94.8,       805,
     94.82,       892,
     94.84,       917,
     94.86,       855,
     94.88,       865,
      94.9,       830,
     94.92,       921,
     94.94,       853,
     94.96,       912,
     94.98,       904,
        95,       896,
     95.02,       868,
     95.04,       876,
     95.06,       888,
     95.08,       904,
      95.1,       880,
     95.12,       881,
     95.14,       935,
     95.16,       912,
     95.18,       889,
      95.2,       959,
     95.22,       907,
     95.24,       954,
     95.26,       910,
     95.28,       965,
      95.3,       918,
     95.32,       973,
     95.34,       909,
     95.36,       945,
     95.38,      1008,
      95.4,      1000,
     95.42,       975,
     95.44,       985,
     95.46,      1018,
     95.48,      1022,
      95.5,      1041,
     95.52,      1056,
     95.54,      1014,
     95.56,       988,
     95.58,      1077,
      95.6,      1026,
     95.62,      1061,
     95.64,      1043,
     95.66,      1098,
     95.68,      1092,
      95.7,      1097,
     95.72,      1070,
     95.74,      1185,
     95.76,      1104,
     95.78,      1143,
      95.8,      1175,
     95.82,      1187,
     95.84,      1153,
     95.86,      1168,
     95.88,      1261,
      95.9,      1237,
     95.92,      1283,
     95.94,      1266,
     95.96,      1285,
     95.98,      1287,
        96,      1303,
     96.02,      1433,
     96.04,      1351,
     96.06,      1440,
     96.08,      1481,
      96.1,      1476,
     96.12,      1539,
     96.14,      1539,
     96.16,      1662,
     96.18,      1664,
      96.2,      1758,
     96.22,      1753,
     96.24,      1809,
     96.26,      1869,
     96.28,      1976,
      96.3,      2010,
     96.32,      2096,
     96.34,      2206,
     96.36,      2237,
     96.38,      2416,
      96.4,      2492,
     96.42,      2488,
     96.44,      2469,
     96.46,      2578,
     96.48,      2611,
      96.5,      2604,
     96.52,      2691,
     96.54,      2574,
     96.56,      2741,
     96.58,      2735,
      96.6,      2724,
     96.62,      2845,
     96.64,      2809,
     96.66,      2914,
     96.68,      2943,
      96.7,      3082,
     96.72,      3104,
     96.74,      3079,
     96.76,      3240,
     96.78,      3241,
      96.8,      3280,
     96.82,      3207,
     96.84,      3185,
     96.86,      3192,
     96.88,      3207,
      96.9,      3070,
     96.92,      3104,
     96.94,      2913,
     96.96,      2825,
     96.98,      2812,
        97,      2640,
     97.02,      2621,
     97.04,      2584,
     97.06,      2439,
     97.08,      2554,
      97.1,      2468,
     97.12,      2338,
     97.14,      2350,
     97.16,      2367,
     97.18,      2355,
      97.2,      2197,
     97.22,      2151,
     97.24,      2091,
     97.26,      2071,
     97.28,      1879,
      97.3,      1902,
     97.32,      1831,
     97.34,      1792,
     97.36,      1752,
     97.38,      1674,
      97.4,      1622,
     97.42,      1604,
     97.44,      1569,
     97.46,      1564,
     97.48,      1563,
      97.5,      1416,
     97.52,      1323,
     97.54,      1336,
     97.56,      1299,
     97.58,      1271,
      97.6,      1332,
     97.62,      1265,
     97.64,      1236,
     97.66,      1285,
     97.68,      1225,
      97.7,      1221,
     97.72,      1222,
     97.74,      1189,
     97.76,      1220,
     97.78,      1251,
      97.8,      1148,
     97.82,      1107,
     97.84,      1139,
     97.86,      1063,
     97.88,      1143,
      97.9,      1116,
     97.92,      1098,
     97.94,      1077,
     97.96,      1090,
     97.98,      1023,
        98,      1071,
     98.02,      1068,
     98.04,       998,
     98.06,      1111,
     98.08,      1059,
      98.1,      1038,
     98.12,      1027,
     98.14,      1023,
     98.16,      1027,
     98.18,      1019,
      98.2,       994,
     98.22,      1033,
     98.24,       999,
     98.26,       981,
     98.28,       956,
      98.3,       994,
     98.32,       981,
     98.34,       994,
     98.36,      1000,
     98.38,       968,
      98.4,       939,
     98.42,       959,
     98.44,       941,
     98.46,       995,
     98.48,       988,
      98.5,      1000,
     98.52,      1007,
     98.54,       994,
     98.56,      1026,
     98.58,       999,
      98.6,       973,
     98.62,      1013,
     98.64,       975,
     98.66,       955,
     98.68,       990,
      98.7,       949,
     98.72,       965,
     98.74,       960,
     98.76,       941,
     98.78,       995,
      98.8,       956,
     98.82,      1029,
     98.84,       992,
     98.86,       998,
     98.88,       955,
      98.9,       980,
     98.92,       964,
     98.94,       892,
     98.96,       919,
     98.98,       911,
        99,       935,
     99.02,       931,
     99.04,       914,
     99.06,       970,
     99.08,       949,
      99.1,       932,
     99.12,       967,
     99.14,       896,
     99.16,       947,
     99.18,       984,
      99.2,       892,
     99.22,       925,
     99.24,       892,
     99.26,       882,
     99.28,       934,
      99.3,       925,
     99.32,       982,
     99.34,       902,
     99.36,       916,
     99.38,       883,
      99.4,       866,
     99.42,       930,
     99.44,       879,
     99.46,       887,
     99.48,       882,
      99.5,       841,
     99.52,       896,
     99.54,       871,
     99.56,       894,
     99.58,       880,
      99.6,       901,
     99.62,       876,
     99.64,       903,
     99.66,       860,
     99.68,       865,
      99.7,       822,
     99.72,       896,
     99.74,       817,
     99.76,       851,
     99.78,       877,
      99.8,       924,
     99.82,       863,
     99.84,       841,
     99.86,       860,
     99.88,       868,
      99.9,       882,
     99.92,       868,
     99.94,       893,
     99.96,       843,
     99.98,       859,
       100,       889,
    100.02,       854,
    100.04,       869,
    100.06,       829,
    100.08,       831,
     100.1,       871,
    100.12,       865,
    100.14,       836,
    100.16,       877,
    100.18,       867,
     100.2,       867,
    100.22,       883,
    100.24,       852,
    100.26,       862,
    100.28,       892,
     100.3,       872,
    100.32,       841,
    100.34,       849,
    100.36,       855,
    100.38,       854,
     100.4,       881,
    100.42,       819,
    100.44,       864,
    100.46,       899,
    100.48,       847,
     100.5,       878,
    100.52,       904,
    100.54,       856,
    100.56,       847,
    100.58,       881,
     100.6,       897,
    100.62,       877,
    100.64,       899,
    100.66,       859,
    100.68,       913,
     100.7,       903,
    100.72,       878,
    100.74,       921,
    100.76,       901,
    100.78,       932,
     100.8,       952,
    100.82,       947,
    100.84,       937,
    100.86,       929,
    100.88,       975,
     100.9,       921,
    100.92,       911,
    100.94,       995,
    100.96,       986,
    100.98,       917,
       101,       911,
    101.02,       997,
    101.04,       920,
    101.06,       979,
    101.08,       920,
     101.1,       942,
    101.12,       972,
    101.14,       930,
    101.16,       878,
    101.18,       882,
     101.2,       913,
    101.22,       875,
    101.24,       922,
    101.26,       867,
    101.28,       878,
     101.3,       892,
    101.32,       909,
    101.34,       946,
    101.36,       935,
    101.38,       912,
     101.4,       940,
    101.42,       869,
    101.44,       878,
    101.46,       844,
    101.48,       831,
     101.5,       833,
    101.52,       833,
    101.54,       838,
    101.56,       862,
    101.58,       822,
     101.6,       870,
    101.62,       840,
    101.64,       860,
    101.66,       868,
    101.68,       850,
     101.7,       895,
    101.72,       860,
    101.74,       861,
    101.76,       899,
    101.78,       861,
     101.8,       789,
    101.82,       815,
    101.84,       834,
    101.86,       872,
    101.88,       802,
     101.9,       807,
    101.92,       858,
    101.94,       862,
    101.96,       830,
    101.98,       827,
       102,       822,
    102.02,       830,
    102.04,       801,
    102.06,       866,
    102.08,       845,
     102.1,       871,
    102.12,       851,
    102.14,       856,
    102.16,       862,
    102.18,       854,
     102.2,       831,
    102.22,       833,
    102.24,       852,
    102.26,       851,
    102.28,       852,
     102.3,       850,
    102.32,       839,
    102.34,       867,
    102.36,       810,
    102.38,       870,
     102.4,       803,
    102.42,       884,
    102.44,       810,
    102.46,       845,
    102.48,       885,
     102.5,       795,
    102.52,       825,
    102.54,       835,
    102.56,       856,
    102.58,       860,
     102.6,       882,
    102.62,       862,
    102.64,       860,
    102.66,       924,
    102.68,       865,
     102.7,       902,
    102.72,       847,
    102.74,       840,
    102.76,       829,
    102.78,       869,
     102.8,       904,
    102.82,       886,
    102.84,       892,
    102.86,       935,
    102.88,       926,
     102.9,       895,
    102.92,       874,
    102.94,       856,
    102.96,       907,
    102.98,       866,
       103,       846,
    103.02,       893,
    103.04,       867,
    103.06,       826,
    103.08,       900,
     103.1,       869,
    103.12,       868,
    103.14,       867,
    103.16,       796,
    103.18,       897,
     103.2,       837,
    103.22,       837,
    103.24,       866,
    103.26,       864,
    103.28,       806,
     103.3,       833,
    103.32,       818,
    103.34,       867,
    103.36,       822,
    103.38,       899,
     103.4,       837,
    103.42,       849,
    103.44,       843,
    103.46,       814,
    103.48,       870,
     103.5,       874,
    103.52,       844,
    103.54,       853,
    103.56,       846,
    103.58,       866,
     103.6,       890,
    103.62,       830,
    103.64,       828,
    103.66,       850,
    103.68,       838,
     103.7,       800,
    103.72,       830,
    103.74,       785,
    103.76,       810,
    103.78,       862,
     103.8,       869,
    103.82,       814,
    103.84,       845,
    103.86,       818,
    103.88,       781,
     103.9,       799,
    103.92,       762,
    103.94,       820,
    103.96,       823,
    103.98,       804,
       104,       856,
    104.02,       814,
    104.04,       825,
    104.06,       775,
    104.08,       805,
     104.1,       803,
    104.12,       813,
    104.14,       814,
    104.16,       789,
    104.18,       792,
     104.2,       843,
    104.22,       838,
    104.24,       831,
    104.26,       892,
    104.28,       823,
     104.3,       809,
    104.32,       844,
    104.34,       846,
    104.36,       855,
    104.38,       840,
     104.4,       788,
    104.42,       815,
    104.44,       831,
    104.46,       774,
    104.48,       845,
     104.5,       854,
    104.52,       834,
    104.54,       850,
    104.56,       775,
    104.58,       822,
     104.6,       842,
    104.62,       762,
    104.64,       798,
    104.66,       820,
    104.68,       849,
     104.7,       820,
    104.72,       820,
    104.74,       833,
    104.76,       798,
    104.78,       776,
     104.8,       781,
    104.82,       874,
    104.84,       771,
    104.86,       845,
    104.88,       813,
     104.9,       855,
    104.92,       787,
    104.94,       812,
    104.96,       858,
    104.98,       801,
       105,       824,
    105.02,       803,
    105.04,       888,
    105.06,       849,
    105.08,       861,
     105.1,       850,
    105.12,       858,
    105.14,       823,
    105.16,       872,
    105.18,       801,
     105.2,       801,
    105.22,       822,
    105.24,       798,
    105.26,       767,
    105.28,       746,
     105.3,       797,
    105.32,       767,
    105.34,       821,
    105.36,       775,
    105.38,       825,
     105.4,       787,
    105.42,       864,
    105.44,       868,
    105.46,       844,
    105.48,       833,
     105.5,       823,
    105.52,       847,
    105.54,       843,
    105.56,       850,
    105.58,       846,
     105.6,       838,
    105.62,       826,
    105.64,       837,
    105.66,       876,
    105.68,       871,
     105.7,       837,
    105.72,       831,
    105.74,       809,
    105.76,       863,
    105.78,       868,
     105.8,       845,
    105.82,       867,
    105.84,       808,
    105.86,       866,
    105.88,       812,
     105.9,       821,
    105.92,       843,
    105.94,       803,
    105.96,       799,
    105.98,       852,
       106,       827,
    106.02,       865,
    106.04,       829,
    106.06,       837,
    106.08,       812,
     106.1,       886,
    106.12,       835,
    106.14,       879,
    106.16,       853,
    106.18,       837,
     106.2,       868,
    106.22,       807,
    106.24,       834,
    106.26,       858,
    106.28,       816,
     106.3,       819,
    106.32,       872,
    106.34,       846,
    106.36,       782,
    106.38,       882,
     106.4,       845,
    106.42,       859,
    106.44,       832,
    106.46,       840,
    106.48,       832,
     106.5,       824,
    106.52,       810,
    106.54,       833,
    106.56,       851,
    106.58,       891,
     106.6,       832,
    106.62,       865,
    106.64,       848,
    106.66,       826,
    106.68,       817,
     106.7,       846,
    106.72,       885,
    106.74,       790,
    106.76,       891,
    106.78,       803,
     106.8,       804,
    106.82,       860,
    106.84,       858,
    106.86,       794,
    106.88,       836,
     106.9,       861,
    106.92,       857,
    106.94,       854,
    106.96,       820,
    106.98,       866,
       107,       861,
    107.02,       848,
    107.04,       856,
    107.06,       856,
    107.08,       822,
     107.1,       834,
    107.12,       893,
    107.14,       830,
    107.16,       840,
    107.18,       796,
     107.2,       854,
    107.22,       829,
    107.24,       829,
    107.26,       829,
    107.28,       833,
     107.3,       826,
    107.32,       827,
    107.34,       875,
    107.36,       823,
    107.38,       842,
     107.4,       864,
    107.42,       876,
    107.44,       830,
    107.46,       841,
    107.48,       831,
     107.5,       807,
    107.52,       881,
    107.54,       848,
    107.56,       862,
    107.58,       811,
     107.6,       853,
    107.62,       843,
    107.64,       874,
    107.66,       816,
    107.68,       850,
     107.7,       813,
    107.72,       795,
    107.74,       848,
    107.76,       846,
    107.78,       872,
     107.8,       812,
    107.82,       821,
    107.84,       832,
    107.86,       844,
    107.88,       828,
     107.9,       845,
    107.92,       863,
    107.94,       851,
    107.96,       827,
    107.98,       884,
       108,       827,
    108.02,       870,
    108.04,       882,
    108.06,       802,
    108.08,       852,
     108.1,       859,
    108.12,       858,
    108.14,       858,
    108.16,       897,
    108.18,       857,
     108.2,       846,
    108.22,       865,
    108.24,       838,
    108.26,       874,
    108.28,       862,
     108.3,       849,
    108.32,       867,
    108.34,       886,
    108.36,       854,
    108.38,       869,
     108.4,       893,
    108.42,       841,
    108.44,       867,
    108.46,       903,
    108.48,       876,
     108.5,       884,
    108.52,       853,
    108.54,       915,
    108.56,       900,
    108.58,       905,
     108.6,       895,
    108.62,       870,
    108.64,       843,
    108.66,       870,
    108.68,       949,
     108.7,       927,
    108.72,       928,
    108.74,       963,
    108.76,       888,
    108.78,       914,
     108.8,       938,
    108.82,       929,
    108.84,       906,
    108.86,       932,
    108.88,       948,
     108.9,       989,
    108.92,       928,
    108.94,       902,
    108.96,       995,
    108.98,       931,
       109,      1018,
    109.02,       941,
    109.04,       982,
    109.06,       973,
    109.08,      1029,
     109.1,       957,
    109.12,       972,
    109.14,       999,
    109.16,      1024,
    109.18,       983,
     109.2,       994,
    109.22,      1077,
    109.24,      1080,
    109.26,       983,
    109.28,      1028,
     109.3,      1093,
    109.32,      1038,
    109.34,      1094,
    109.36,      1101,
    109.38,      1077,
     109.4,      1116,
    109.42,      1098,
    109.44,      1105,
    109.46,      1090,
    109.48,      1107,
     109.5,      1136,
    109.52,      1152,
    109.54,      1211,
    109.56,      1157,
    109.58,      1236,
     109.6,      1220,
    109.62,      1200,
    109.64,      1174,
    109.66,      1165,
    109.68,      1248,
     109.7,      1323,
    109.72,      1253,
    109.74,      1248,
    109.76,      1252,
    109.78,      1333,
     109.8,      1188,
    109.82,      1207,
    109.84,      1209,
    109.86,      1291,
    109.88,      1285,
     109.9,      1309,
    109.92,      1288,
    109.94,      1237,
    109.96,      1295,
    109.98,      1299,
       110,      1255,
    110.02,      1345,
    110.04,      1377,
    110.06,      1338,
    110.08,      1330,
     110.1,      1324,
    110.12,      1261,
    110.14,      1222,
    110.16,      1138,
    110.18,      1231,
     110.2,      1216,
    110.22,      1227,
    110.24,      1183,
    110.26,      1139,
    110.28,      1153,
     110.3,      1194,
    110.32,      1176,
    110.34,      1168,
    110.36,      1136,
    110.38,      1181,
     110.4,      1099,
    110.42,      1186,
    110.44,      1171,
    110.46,      1118,
    110.48,      1125,
     110.5,      1148,
    110.52,      1140,
    110.54,      1126,
    110.56,      1043,
    110.58,      1021,
     110.6,      1058,
    110.62,      1016,
    110.64,      1049,
    110.66,      1035,
    110.68,      1054,
     110.7,      1023,
    110.72,      1010,
    110.74,       969,
    110.76,       999,
    110.78,      1009,
     110.8,       950,
    110.82,       970,
    110.84,       977,
    110.86,       942,
    110.88,       983,
     110.9,       919,
    110.92,       986,
    110.94,       910,
    110.96,       908,
    110.98,       945,
       111,       904,
    111.02,       930,
    111.04,       951,
    111.06,      1000,
    111.08,       952,
     111.1,       930,
    111.12,       919,
    111.14,       895,
    111.16,       894,
    111.18,       844,
     111.2,       930,
    111.22,       894,
    111.24,       858,
    111.26,       853,
    111.28,       897,
     111.3,       964,
    111.32,       886,
    111.34,       897,
    111.36,       895,
    111.38,       881,
     111.4,       872,
    111.42,       901,
    111.44,       893,
    111.46,       900,
    111.48,       886,
     111.5,       929,
    111.52,       862,
    111.54,       900,
    111.56,       886,
    111.58,       862,
     111.6,       944,
    111.62,       854,
    111.64,       949,
    111.66,       901,
    111.68,       855,
     111.7,       925,
    111.72,       875,
    111.74,       848,
    111.76,       912,
    111.78,       881,
     111.8,       850,
    111.82,       835,
    111.84,       932,
    111.86,       894,
    111.88,       872,
     111.9,       842,
    111.92,       900,
    111.94,       849,
    111.96,       870,
    111.98,       848,
       112,       903,
    112.02,       876,
    112.04,       932,
    112.06,       877,
    112.08,       935,
     112.1,       928,
    112.12,       854,
    112.14,       856,
    112.16,       843,
    112.18,       883,
     112.2,       876,
    112.22,       895,
    112.24,       896,
    112.26,       864,
    112.28,       902,
     112.3,       840,
    112.32,       861,
    112.34,       900,
    112.36,       863,
    112.38,       861,
     112.4,       848,
    112.42,       840,
    112.44,       842,
    112.46,       893,
    112.48,       894,
     112.5,       861,
    112.52,       876,
    112.54,       839,
    112.56,       838,
    112.58,       875,
     112.6,       832,
    112.62,       789,
    112.64,       917,
    112.66,       881,
    112.68,       829,
     112.7,       824,
    112.72,       805,
    112.74,       881,
    112.76,       849,
    112.78,       883,
     112.8,       862,
    112.82,       845,
    112.84,       828,
    112.86,       931,
    112.88,       865,
     112.9,       844,
    112.92,       910,
    112.94,       832,
    112.96,       836,
    112.98,       859,
       113,       856,
    113.02,       900,
    113.04,       844,
    113.06,       890,
    113.08,       879,
     113.1,       933,
    113.12,       843,
    113.14,       892,
    113.16,       843,
    113.18,       852,
     113.2,       903,
    113.22,       859,
    113.24,       868,
    113.26,       914,
    113.28,       852,
     113.3,       901,
    113.32,       925,
    113.34,       904,
    113.36,       907,
    113.38,       927,
     113.4,       919,
    113.42,       935,
    113.44,       897,
    113.46,       900,
    113.48,       903,
     113.5,       906,
    113.52,       958,
    113.54,       902,
    113.56,       952,
    113.58,       916,
     113.6,       926,
    113.62,       969,
    113.64,       918,
    113.66,       952,
    113.68,       956,
     113.7,       893,
    113.72,       874,
    113.74,       943,
    113.76,       896,
    113.78,       957,
     113.8,       930,
    113.82,       936,
    113.84,       905,
    113.86,       923,
    113.88,       869,
     113.9,       888,
    113.92,       912,
    113.94,       888,
    113.96,       965,
    113.98,       858,
       114,       914,
    114.02,       846,
    114.04,       954,
    114.06,       936,
    114.08,       889,
     114.1,       933,
    114.12,       891,
    114.14,       913,
    114.16,       905,
    114.18,       938,
     114.2,       927,
    114.22,       900,
    114.24,       973,
    114.26,       937,
    114.28,       867,
     114.3,       916,
    114.32,       827,
    114.34,       887,
    114.36,       875,
    114.38,       883,
     114.4,       908,
    114.42,       858,
    114.44,       884,
    114.46,       876,
    114.48,       851,
     114.5,       839,
    114.52,       941,
    114.54,       879,
    114.56,       855,
    114.58,       887,
     114.6,       826,
    114.62,       872,
    114.64,       830,
    114.66,       824,
    114.68,       875,
     114.7,       886,
    114.72,       873,
    114.74,       894,
    114.76,       850,
    114.78,       921,
     114.8,       863,
    114.82,       884,
    114.84,       907,
    114.86,       856,
    114.88,       900,
     114.9,       851,
    114.92,       868,
    114.94,       908,
    114.96,       810,
    114.98,       916,
       115,       893,
    115.02,       870,
    115.04,       868,
    115.06,       893,
    115.08,       809,
     115.1,       889,
    115.12,       847,
    115.14,       884,
    115.16,       891,
    115.18,       858,
     115.2,       883,
    115.22,       843,
    115.24,       847,
    115.26,       833,
    115.28,       783,
     115.3,       826,
    115.32,       857,
    115.34,       839,
    115.36,       892,
    115.38,       876,
     115.4,       869,
    115.42,       840,
    115.44,       857,
    115.46,       849,
    115.48,       873,
     115.5,       837,
    115.52,       894,
    115.54,       820,
    115.56,       866,
    115.58,       860,
     115.6,       868,
    115.62,       860,
    115.64,       807,
    115.66,       829,
    115.68,       852,
     115.7,       852,
    115.72,       836,
    115.74,       891,
    115.76,       865,
    115.78,       900,
     115.8,       892,
    115.82,       856,
    115.84,       837,
    115.86,       871,
    115.88,       879,
     115.9,       907,
    115.92,       853,
    115.94,       901,
    115.96,       905,
    115.98,       869,
       116,       908,
    116.02,       816,
    116.04,       884,
    116.06,       854,
    116.08,       823,
     116.1,       896,
    116.12,       852,
    116.14,       857,
    116.16,       849,
    116.18,       865,
     116.2,       839,
    116.22,       923,
    116.24,       875,
    116.26,       897,
    116.28,       897,
     116.3,       881,
    116.32,       886,
    116.34,       884,
    116.36,       859,
    116.38,       875,
     116.4,       883,
    116.42,       860,
    116.44,       876,
    116.46,       860,
    116.48,       876,
     116.5,       881,
    116.52,       936,
    116.54,       856,
    116.56,       920,
    116.58,       878,
     116.6,       869,
    116.62,       948,
    116.64,       871,
    116.66,       889,
    116.68,       947,
     116.7,       876,
    116.72,       862,
    116.74,       877,
    116.76,       896,
    116.78,       866,
     116.8,       812,
    116.82,       885,
    116.84,       823,
    116.86,       832,
    116.88,       862,
     116.9,       886,
    116.92,       889,
    116.94,       873,
    116.96,       830,
    116.98,       880,
       117,       882,
    117.02,       925,
    117.04,       892,
    117.06,       911,
    117.08,       830,
     117.1,       890,
    117.12,       900,
    117.14,       851,
    117.16,       906,
    117.18,       892,
     117.2,       873,
    117.22,       803,
    117.24,       881,
    117.26,       891,
    117.28,       889,
     117.3,       932,
    117.32,       905,
    117.34,       882,
    117.36,       815,
    117.38,       871,
     117.4,       840,
    117.42,       874,
    117.44,       895,
    117.46,       886,
    117.48,       905,
     117.5,       852,
    117.52,       934,
    117.54,       893,
    117.56,       845,
    117.58,       913,
     117.6,       855,
    117.62,       864,
    117.64,       877,
    117.66,       864,
    117.68,       833,
     117.7,       820,
    117.72,       883,
    117.74,       886,
    117.76,       876,
    117.78,       890,
     117.8,       958,
    117.82,       895,
    117.84,       892,
    117.86,       879,
    117.88,       907,
     117.9,       898,
    117.92,       874,
    117.94,       870,
    117.96,       874,
    117.98,       914,
       118,       892,
    118.02,       886,
    118.04,       836,
    118.06,       870,
    118.08,       861,
     118.1,       914,
    118.12,       841,
    118.14,       847,
    118.16,       897,
    118.18,       897,
     118.2,       863,
    118.22,       852,
    118.24,       932,
    118.26,       883,
    118.28,       900,
     118.3,       947,
    118.32,       912,
    118.34,       911,
    118.36,       890,
    118.38,       876,
     118.4,       893,
    118.42,       816,
    118.44,       876,
    118.46,       928,
    118.48,       913,
     118.5,       868,
    118.52,       902,
    118.54,       884,
    118.56,       862,
    118.58,       925,
     118.6,       880,
    118.62,       900,
    118.64,       923,
    118.66,       902,
    118.68,       821,
     118.7,       858,
    118.72,       906,
    118.74,       898,
    118.76,       933,
    118.78,       945,
     118.8,       874,
    118.82,       902,
    118.84,       908,
    118.86,       899,
    118.88,       901,
     118.9,       870,
    118.92,       855,
    118.94,       892,
    118.96,       894,
    118.98,       882,
       119,       850,
    119.02,       943,
    119.04,       910,
    119.06,       867,
    119.08,       966,
     119.1,       877,
    119.12,       869,
    119.14,       940,
    119.16,       884,
    119.18,       884,
     119.2,       922,
    119.22,       884,
    119.24,       926,
    119.26,       946,
    119.28,       899,
     119.3,       907,
    119.32,       953,
    119.34,       910,
    119.36,       930,
    119.38,       918,
     119.4,       980,
    119.42,       919,
    119.44,       900,
    119.46,       867,
    119.48,       949,
     119.5,       970,
    119.52,       958,
    119.54,       922,
    119.56,       930,
    119.58,       927,
     119.6,       915,
    119.62,       926,
    119.64,       946,
    119.66,       865,
    119.68,       922,
     119.7,       928,
    119.72,       948,
    119.74,       967,
    119.76,       899,
    119.78,       947,
     119.8,       945,
    119.82,       873,
    119.84,       896,
    119.86,       918,
    119.88,       974,
     119.9,       918,
    119.92,       921,
    119.94,       911,
    119.96,       992,
    119.98,       941,
       120,       964,
