;RAW4.00
[RawHeader]
Date=04/29/2026
EstimatedTotalTime=0
FurtherDQLReading=0
HardwareIndicator=65519
MeasuredTotalTime=0
MeasurementFlag=1
NumberOfMeasuredRanges=1
NumberOfRanges=1
Time=18:00:33

[HardwareConfiguration]
AbsorptionFactor=0
ActivateAbsorber=0
Alpha1=0
Alpha2=0
AlphaAverage=0
AlphaRatio=0
Analyzer=1
Anode=Cu
AntiScatteringSlit=2
BeamOpticsFlags=59
Beta=0
BetaRelativeIntensity=0
DeactivateAbsorber=0
DetectorSlit=0.05
DivergenceSlit=2
GoniometerControl=9999
GoniometerDiameter=435
GoniometerModel=264
GoniometerStage=0
Monochromator=0
NearSampleSlit=1
PrimarySollerSlit=1
SampleChanger=0
SecondSollerSlit=2
SynchronousAxis=0
ThinFilmAttachment=0.46
WaveUnit=A

[VarInfo]
Type=OSUSER
Flags=0
Value=D500

[VarInfo]
Type=USER
Flags=0
Value=James Hamlin

[VarInfo]
Type=SITE
Flags=0
Value=Gainseville, FL

[VarInfo]
Type=CREATOR
Flags=0
Value=XRD Commander

[VarInfo]
Type=SAMPLEID
Flags=0
Value=0568_HM_Cu5GePd6

[RangeHeader]
ActuallyUsedLambda=0
AdditionalDetectorMask=0
DataRecordLength=4
DelayTime=0
DisplayPlaneNumber=0
EstimatedScanTime=0
ExtraParametersMask=0
GeneratorCurrent=9999
GeneratorVoltage=9999
Increment=0.02
Increment3=0
NumberOfCompletedData=5751
NumberOfCounts=1
NumberOfDetectors=1
NumberOfDrives=2
NumberOfEncoderDrives=0
NumberOfMeasuredData=5751
NumberOfVaryingParameters=0
RangeStartTime=1322509567
RotationSpeed=0
ScanMode=1
ScanType=Locked Coupled
SimulatedMeasConditions=0
SlitChangerIn=9999
SmootingWidth=0
Start=5
Steps=5751
SynchronousRotation=0
Time=10

[Drive]
DriveFlags=1
DriveName=Theta
DriveNumber=1
DriveOffset=0
OffsetIndex=0
OscillationAmplitude=0
OscillationSpeed=0
StartPosition=2.5

[Drive]
DriveFlags=1
DriveName=2Theta
DriveNumber=2
DriveOffset=0
OffsetIndex=0
OscillationAmplitude=0
OscillationSpeed=0
StartPosition=5

[Detector]
AmplifierGain=0
ConstantDeadTime=0
DetectorFlags=256
DetectorName=Detector 1
DetectorNumber=1
DetectorType=1
Discriminator1LowerLevel=0
Discriminator1WindowWidth=0
Discriminator2LowerLevel=0
Discriminator2WindowWidth=0
HighVoltage=0
PileUpTime=0
PulseShaping=9999
TTLDetectorName=

[Data]
     Angle, Det1Disc1,
         5,      3130,
      5.02,      3043,
      5.04,      3150,
      5.06,      2978,
      5.08,      3066,
       5.1,      3046,
      5.12,      3042,
      5.14,      3098,
      5.16,      3101,
      5.18,      3115,
       5.2,      3069,
      5.22,      3070,
      5.24,      3051,
      5.26,      3110,
      5.28,      3199,
       5.3,      3102,
      5.32,      2991,
      5.34,      3053,
      5.36,      3044,
      5.38,      3084,
       5.4,      3027,
      5.42,      3097,
      5.44,      3136,
      5.46,      3112,
      5.48,      3081,
       5.5,      2945,
      5.52,      3224,
      5.54,      3142,
      5.56,      3111,
      5.58,      3201,
       5.6,      3117,
      5.62,      3258,
      5.64,      3114,
      5.66,      3178,
      5.68,      3094,
       5.7,      3110,
      5.72,      3182,
      5.74,      3172,
      5.76,      3067,
      5.78,      3133,
       5.8,      3175,
      5.82,      3111,
      5.84,      3027,
      5.86,      3189,
      5.88,      3154,
       5.9,      3151,
      5.92,      3117,
      5.94,      3214,
      5.96,      3274,
      5.98,      3174,
         6,      3267,
      6.02,      3208,
      6.04,      3176,
      6.06,      3264,
      6.08,      3249,
       6.1,      3172,
      6.12,      3287,
      6.14,      3192,
      6.16,      3162,
      6.18,      3215,
       6.2,      3287,
      6.22,      3211,
      6.24,      3206,
      6.26,      3340,
      6.28,      3344,
       6.3,      3152,
      6.32,      3298,
      6.34,      3312,
      6.36,      3339,
      6.38,      3263,
       6.4,      3297,
      6.42,      3342,
      6.44,      3336,
      6.46,      3264,
      6.48,      3384,
       6.5,      3243,
      6.52,      3306,
      6.54,      3431,
      6.56,      3448,
      6.58,      3432,
       6.6,      3354,
      6.62,      3393,
      6.64,      3361,
      6.66,      3402,
      6.68,      3384,
       6.7,      3415,
      6.72,      3406,
      6.74,      3467,
      6.76,      3386,
      6.78,      3446,
       6.8,      3541,
      6.82,      3488,
      6.84,      3496,
      6.86,      3504,
      6.88,      3415,
       6.9,      3554,
      6.92,      3385,
      6.94,      3394,
      6.96,      3447,
      6.98,      3519,
         7,      3494,
      7.02,      3448,
      7.04,      3500,
      7.06,      3509,
      7.08,      3490,
       7.1,      3504,
      7.12,      3483,
      7.14,      3432,
      7.16,      3425,
      7.18,      3437,
       7.2,      3583,
      7.22,      3507,
      7.24,      3584,
      7.26,      3534,
      7.28,      3492,
       7.3,      3476,
      7.32,      3523,
      7.34,      3419,
      7.36,      3469,
      7.38,      3437,
       7.4,      3526,
      7.42,      3556,
      7.44,      3624,
      7.46,      3561,
      7.48,      3366,
       7.5,      3474,
      7.52,      3489,
      7.54,      3561,
      7.56,      3524,
      7.58,      3601,
       7.6,      3574,
      7.62,      3675,
      7.64,      3636,
      7.66,      3585,
      7.68,      3598,
       7.7,      3514,
      7.72,      3558,
      7.74,      3646,
      7.76,      3480,
      7.78,      3573,
       7.8,      3558,
      7.82,      3526,
      7.84,      3442,
      7.86,      3501,
      7.88,      3649,
       7.9,      3683,
      7.92,      3589,
      7.94,      3495,
      7.96,      3653,
      7.98,      3632,
         8,      3569,
      8.02,      3488,
      8.04,      3506,
      8.06,      3546,
      8.08,      3628,
       8.1,      3709,
      8.12,      3542,
      8.14,      3700,
      8.16,      3585,
      8.18,      3574,
       8.2,      3599,
      8.22,      3717,
      8.24,      3744,
      8.26,      3552,
      8.28,      3621,
       8.3,      3652,
      8.32,      3557,
      8.34,      3764,
      8.36,      3681,
      8.38,      3617,
       8.4,      3624,
      8.42,      3726,
      8.44,      3539,
      8.46,      3569,
      8.48,      3716,
       8.5,      3673,
      8.52,      3728,
      8.54,      3664,
      8.56,      3615,
      8.58,      3737,
       8.6,      3720,
      8.62,      3809,
      8.64,      3635,
      8.66,      3519,
      8.68,      3508,
       8.7,      3719,
      8.72,      3823,
      8.74,      3718,
      8.76,      3657,
      8.78,      3684,
       8.8,      3693,
      8.82,      3731,
      8.84,      3657,
      8.86,      3621,
      8.88,      3729,
       8.9,      3742,
      8.92,      3786,
      8.94,      3607,
      8.96,      3848,
      8.98,      3750,
         9,      3731,
      9.02,      3698,
      9.04,      3764,
      9.06,      3779,
      9.08,      3856,
       9.1,      3686,
      9.12,      3870,
      9.14,      3749,
      9.16,      3825,
      9.18,      3824,
       9.2,      3835,
      9.22,      3865,
      9.24,      3915,
      9.26,      3894,
      9.28,      3801,
       9.3,      3802,
      9.32,      3836,
      9.34,      3844,
      9.36,      3900,
      9.38,      3904,
       9.4,      3760,
      9.42,      3805,
      9.44,      3934,
      9.46,      3865,
      9.48,      3888,
       9.5,      3883,
      9.52,      3812,
      9.54,      3997,
      9.56,      3914,
      9.58,      3851,
       9.6,      3959,
      9.62,      3978,
      9.64,      4002,
      9.66,      3889,
      9.68,      4008,
       9.7,      4058,
      9.72,      4009,
      9.74,      3881,
      9.76,      4015,
      9.78,      3937,
       9.8,      4039,
      9.82,      4101,
      9.84,      4003,
      9.86,      4015,
      9.88,      4105,
       9.9,      4178,
      9.92,      4148,
      9.94,      4180,
      9.96,      4244,
      9.98,      4204,
        10,      4112,
     10.02,      4231,
     10.04,      4288,
     10.06,      4284,
     10.08,      4335,
      10.1,      4222,
     10.12,      4218,
     10.14,      4334,
     10.16,      4411,
     10.18,      4302,
      10.2,      4511,
     10.22,      4419,
     10.24,      4395,
     10.26,      4471,
     10.28,      4454,
      10.3,      4509,
     10.32,      4521,
     10.34,      4594,
     10.36,      4416,
     10.38,      4472,
      10.4,      4526,
     10.42,      4669,
     10.44,      4588,
     10.46,      4621,
     10.48,      4665,
      10.5,      4646,
     10.52,      4852,
     10.54,      4769,
     10.56,      4859,
     10.58,      4769,
      10.6,      4916,
     10.62,      4878,
     10.64,      4930,
     10.66,      4900,
     10.68,      4940,
      10.7,      4952,
     10.72,      5106,
     10.74,      4980,
     10.76,      5084,
     10.78,      5051,
      10.8,      5127,
     10.82,      5230,
     10.84,      5105,
     10.86,      5252,
     10.88,      5205,
      10.9,      5117,
     10.92,      5146,
     10.94,      5477,
     10.96,      5319,
     10.98,      5343,
        11,      5275,
     11.02,      5508,
     11.04,      5378,
     11.06,      5361,
     11.08,      5635,
      11.1,      5600,
     11.12,      5579,
     11.14,      5591,
     11.16,      5524,
     11.18,      5612,
      11.2,      5568,
     11.22,      5707,
     11.24,      5728,
     11.26,      5600,
     11.28,      5797,
      11.3,      5909,
     11.32,      5777,
     11.34,      5886,
     11.36,      5992,
     11.38,      5793,
      11.4,      5946,
     11.42,      5869,
     11.44,      5904,
     11.46,      5903,
     11.48,      6052,
      11.5,      5914,
     11.52,      6198,
     11.54,      6039,
     11.56,      6104,
     11.58,      6088,
      11.6,      6058,
     11.62,      6006,
     11.64,      6089,
     11.66,      6239,
     11.68,      6153,
      11.7,      6128,
     11.72,      6128,
     11.74,      6216,
     11.76,      6178,
     11.78,      6102,
      11.8,      6139,
     11.82,      6191,
     11.84,      6257,
     11.86,      6015,
     11.88,      6243,
      11.9,      6083,
     11.92,      6169,
     11.94,      6132,
     11.96,      6128,
     11.98,      6172,
        12,      6230,
     12.02,      6137,
     12.04,      6222,
     12.06,      6100,
     12.08,      6013,
      12.1,      6164,
     12.12,      6239,
     12.14,      6182,
     12.16,      6203,
     12.18,      6247,
      12.2,      6066,
     12.22,      5979,
     12.24,      6010,
     12.26,      6030,
     12.28,      6118,
      12.3,      6260,
     12.32,      5980,
     12.34,      6104,
     12.36,      5954,
     12.38,      6211,
      12.4,      5915,
     12.42,      5942,
     12.44,      5988,
     12.46,      5823,
     12.48,      5908,
      12.5,      5702,
     12.52,      5953,
     12.54,      5907,
     12.56,      5863,
     12.58,      5875,
      12.6,      5785,
     12.62,      5824,
     12.64,      5765,
     12.66,      5749,
     12.68,      5897,
      12.7,      5719,
     12.72,      5743,
     12.74,      5743,
     12.76,      5753,
     12.78,      5597,
      12.8,      5569,
     12.82,      5606,
     12.84,      5674,
     12.86,      5566,
     12.88,      5617,
      12.9,      5459,
     12.92,      5439,
     12.94,      5532,
     12.96,      5541,
     12.98,      5368,
        13,      5333,
     13.02,      5371,
     13.04,      5388,
     13.06,      5252,
     13.08,      5329,
      13.1,      5440,
     13.12,      5360,
     13.14,      5287,
     13.16,      5362,
     13.18,      5243,
      13.2,      5076,
     13.22,      5340,
     13.24,      5279,
     13.26,      5233,
     13.28,      5175,
      13.3,      5067,
     13.32,      5008,
     13.34,      5017,
     13.36,      5078,
     13.38,      5003,
      13.4,      5089,
     13.42,      5112,
     13.44,      4972,
     13.46,      5024,
     13.48,      4939,
      13.5,      5063,
     13.52,      4854,
     13.54,      4918,
     13.56,      4872,
     13.58,      4817,
      13.6,      4726,
     13.62,      4762,
     13.64,      4862,
     13.66,      4897,
     13.68,      4689,
      13.7,      4830,
     13.72,      4765,
     13.74,      4683,
     13.76,      4786,
     13.78,      4573,
      13.8,      4736,
     13.82,      4633,
     13.84,      4522,
     13.86,      4559,
     13.88,      4548,
      13.9,      4694,
     13.92,      4660,
     13.94,      4664,
     13.96,      4629,
     13.98,      4643,
        14,      4508,
     14.02,      4493,
     14.04,      4466,
     14.06,      4378,
     14.08,      4405,
      14.1,      4518,
     14.12,      4447,
     14.14,      4335,
     14.16,      4434,
     14.18,      4455,
      14.2,      4334,
     14.22,      4410,
     14.24,      4432,
     14.26,      4311,
     14.28,      4362,
      14.3,      4270,
     14.32,      4333,
     14.34,      4252,
     14.36,      4325,
     14.38,      4363,
      14.4,      4369,
     14.42,      4134,
     14.44,      4183,
     14.46,      4371,
     14.48,      4310,
      14.5,      4290,
     14.52,      4218,
     14.54,      4217,
     14.56,      4160,
     14.58,      4189,
      14.6,      4276,
     14.62,      4122,
     14.64,      4251,
     14.66,      4116,
     14.68,      4041,
      14.7,      4147,
     14.72,      4101,
     14.74,      4121,
     14.76,      4071,
     14.78,      4161,
      14.8,      4087,
     14.82,      3912,
     14.84,      3945,
     14.86,      3970,
     14.88,      3998,
      14.9,      3983,
     14.92,      4016,
     14.94,      3986,
     14.96,      4040,
     14.98,      4048,
        15,      4011,
     15.02,      3942,
     15.04,      3920,
     15.06,      3996,
     15.08,      3861,
      15.1,      3766,
     15.12,      3920,
     15.14,      4002,
     15.16,      3860,
     15.18,      3755,
      15.2,      3892,
     15.22,      3993,
     15.24,      3886,
     15.26,      3854,
     15.28,      3860,
      15.3,      3773,
     15.32,      3912,
     15.34,      3891,
     15.36,      3831,
     15.38,      3764,
      15.4,      3820,
     15.42,      3810,
     15.44,      3755,
     15.46,      3805,
     15.48,      3812,
      15.5,      3807,
     15.52,      3757,
     15.54,      3665,
     15.56,      3765,
     15.58,      3612,
      15.6,      3613,
     15.62,      3659,
     15.64,      3681,
     15.66,      3649,
     15.68,      3667,
      15.7,      3685,
     15.72,      3655,
     15.74,      3688,
     15.76,      3686,
     15.78,      3629,
      15.8,      3572,
     15.82,      3685,
     15.84,      3602,
     15.86,      3560,
     15.88,      3542,
      15.9,      3485,
     15.92,      3667,
     15.94,      3545,
     15.96,      3440,
     15.98,      3527,
        16,      3511,
     16.02,      3475,
     16.04,      3468,
     16.06,      3540,
     16.08,      3496,
      16.1,      3465,
     16.12,      3430,
     16.14,      3434,
     16.16,      3516,
     16.18,      3406,
      16.2,      3481,
     16.22,      3477,
     16.24,      3400,
     16.26,      3464,
     16.28,      3339,
      16.3,      3431,
     16.32,      3357,
     16.34,      3397,
     16.36,      3333,
     16.38,      3317,
      16.4,      3481,
     16.42,      3401,
     16.44,      3453,
     16.46,      3308,
     16.48,      3293,
      16.5,      3398,
     16.52,      3330,
     16.54,      3389,
     16.56,      3240,
     16.58,      3407,
      16.6,      3278,
     16.62,      3294,
     16.64,      3248,
     16.66,      3177,
     16.68,      3283,
      16.7,      3301,
     16.72,      3267,
     16.74,      3188,
     16.76,      3300,
     16.78,      3100,
      16.8,      3189,
     16.82,      3233,
     16.84,      3209,
     16.86,      3236,
     16.88,      3222,
      16.9,      3143,
     16.92,      3106,
     16.94,      3120,
     16.96,      3201,
     16.98,      3175,
        17,      3153,
     17.02,      3197,
     17.04,      3136,
     17.06,      3143,
     17.08,      3085,
      17.1,      3114,
     17.12,      3080,
     17.14,      3141,
     17.16,      3080,
     17.18,      3124,
      17.2,      2996,
     17.22,      3078,
     17.24,      3019,
     17.26,      3143,
     17.28,      3115,
      17.3,      3038,
     17.32,      3047,
     17.34,      3044,
     17.36,      3094,
     17.38,      2978,
      17.4,      3018,
     17.42,      3027,
     17.44,      3088,
     17.46,      2979,
     17.48,      2972,
      17.5,      2893,
     17.52,      2971,
     17.54,      3019,
     17.56,      2969,
     17.58,      3017,
      17.6,      3017,
     17.62,      2987,
     17.64,      2883,
     17.66,      3087,
     17.68,      2959,
      17.7,      2976,
     17.72,      3052,
     17.74,      2952,
     17.76,      3059,
     17.78,      3041,
      17.8,      3060,
     17.82,      3003,
     17.84,      2979,
     17.86,      2913,
     17.88,      2978,
      17.9,      2944,
     17.92,      2978,
     17.94,      2886,
     17.96,      2909,
     17.98,      2961,
        18,      2972,
     18.02,      2927,
     18.04,      2955,
     18.06,      2963,
     18.08,      2982,
      18.1,      2884,
     18.12,      2901,
     18.14,      2908,
     18.16,      2804,
     18.18,      2893,
      18.2,      2933,
     18.22,      2860,
     18.24,      2887,
     18.26,      2888,
     18.28,      2924,
      18.3,      2899,
     18.32,      2914,
     18.34,      2956,
     18.36,      3013,
     18.38,      2985,
      18.4,      2950,
     18.42,      2943,
     18.44,      2913,
     18.46,      2984,
     18.48,      2918,
      18.5,      2883,
     18.52,      2934,
     18.54,      2943,
     18.56,      2910,
     18.58,      2930,
      18.6,      2982,
     18.62,      2868,
     18.64,      2956,
     18.66,      2907,
     18.68,      2873,
      18.7,      2886,
     18.72,      2882,
     18.74,      2906,
     18.76,      2891,
     18.78,      3008,
      18.8,      2811,
     18.82,      2910,
     18.84,      2841,
     18.86,      2824,
     18.88,      2952,
      18.9,      2901,
     18.92,      2886,
     18.94,      2915,
     18.96,      2761,
     18.98,      2815,
        19,      2912,
     19.02,      2845,
     19.04,      2823,
     19.06,      2942,
     19.08,      2892,
      19.1,      2881,
     19.12,      2878,
     19.14,      2830,
     19.16,      2831,
     19.18,      2828,
      19.2,      2837,
     19.22,      2873,
     19.24,      2974,
     19.26,      2865,
     19.28,      2884,
      19.3,      2848,
     19.32,      2943,
     19.34,      2917,
     19.36,      2908,
     19.38,      2878,
      19.4,      2858,
     19.42,      2900,
     19.44,      2883,
     19.46,      2945,
     19.48,      2989,
      19.5,      2863,
     19.52,      2863,
     19.54,      2913,
     19.56,      2848,
     19.58,      2724,
      19.6,      2846,
     19.62,      2843,
     19.64,      2909,
     19.66,      2904,
     19.68,      2892,
      19.7,      2891,
     19.72,      2824,
     19.74,      2900,
     19.76,      2905,
     19.78,      2831,
      19.8,      2900,
     19.82,      2892,
     19.84,      2922,
     19.86,      2947,
     19.88,      2965,
      19.9,      2919,
     19.92,      2916,
     19.94,      2880,
     19.96,      2956,
     19.98,      2854,
        20,      2857,
     20.02,      2916,
     20.04,      2862,
     20.06,      2870,
     20.08,      2896,
      20.1,      2723,
     20.12,      2805,
     20.14,      2989,
     20.16,      2761,
     20.18,      2973,
      20.2,      3016,
     20.22,      2892,
     20.24,      2885,
     20.26,      2961,
     20.28,      2877,
      20.3,      2946,
     20.32,      2948,
     20.34,      2893,
     20.36,      2963,
     20.38,      2958,
      20.4,      2911,
     20.42,      2842,
     20.44,      2933,
     20.46,      2927,
     20.48,      2885,
      20.5,      2964,
     20.52,      2928,
     20.54,      3011,
     20.56,      2963,
     20.58,      2859,
      20.6,      2920,
     20.62,      2850,
     20.64,      2817,
     20.66,      2942,
     20.68,      2920,
      20.7,      2938,
     20.72,      2973,
     20.74,      2963,
     20.76,      2973,
     20.78,      2965,
      20.8,      2994,
     20.82,      2954,
     20.84,      2934,
     20.86,      2967,
     20.88,      2937,
      20.9,      3022,
     20.92,      2955,
     20.94,      2983,
     20.96,      2928,
     20.98,      3003,
        21,      2902,
     21.02,      2968,
     21.04,      2908,
     21.06,      3055,
     21.08,      2979,
      21.1,      2868,
     21.12,      2962,
     21.14,      2855,
     21.16,      2930,
     21.18,      2868,
      21.2,      2952,
     21.22,      2934,
     21.24,      2996,
     21.26,      3017,
     21.28,      2957,
      21.3,      2923,
     21.32,      2878,
     21.34,      2972,
     21.36,      2946,
     21.38,      3001,
      21.4,      2860,
     21.42,      2980,
     21.44,      2880,
     21.46,      2775,
     21.48,      2924,
      21.5,      2908,
     21.52,      2943,
     21.54,      2922,
     21.56,      2798,
     21.58,      2933,
      21.6,      2893,
     21.62,      2850,
     21.64,      2902,
     21.66,      2998,
     21.68,      2999,
      21.7,      2911,
     21.72,      2916,
     21.74,      2959,
     21.76,      2961,
     21.78,      2912,
      21.8,      2961,
     21.82,      2951,
     21.84,      2917,
     21.86,      2879,
     21.88,      2951,
      21.9,      2997,
     21.92,      2923,
     21.94,      2887,
     21.96,      2913,
     21.98,      2864,
        22,      2952,
     22.02,      2856,
     22.04,      2877,
     22.06,      2920,
     22.08,      3018,
      22.1,      2955,
     22.12,      2828,
     22.14,      2878,
     22.16,      2834,
     22.18,      2796,
      22.2,      2800,
     22.22,      2902,
     22.24,      2900,
     22.26,      2921,
     22.28,      2911,
      22.3,      2914,
     22.32,      2951,
     22.34,      2828,
     22.36,      2895,
     22.38,      2891,
      22.4,      2875,
     22.42,      2967,
     22.44,      2946,
     22.46,      2906,
     22.48,      2784,
      22.5,      2890,
     22.52,      2775,
     22.54,      2824,
     22.56,      2932,
     22.58,      2874,
      22.6,      2790,
     22.62,      2824,
     22.64,      2840,
     22.66,      2919,
     22.68,      2908,
      22.7,      2910,
     22.72,      2921,
     22.74,      2851,
     22.76,      2928,
     22.78,      2885,
      22.8,      2852,
     22.82,      2969,
     22.84,      2837,
     22.86,      2891,
     22.88,      2798,
      22.9,      2806,
     22.92,      2812,
     22.94,      2862,
     22.96,      2861,
     22.98,      2784,
        23,      2821,
     23.02,      2838,
     23.04,      2859,
     23.06,      2805,
     23.08,      2822,
      23.1,      2805,
     23.12,      2819,
     23.14,      2757,
     23.16,      2813,
     23.18,      2847,
      23.2,      2813,
     23.22,      2723,
     23.24,      2842,
     23.26,      2713,
     23.28,      2746,
      23.3,      2743,
     23.32,      2807,
     23.34,      2739,
     23.36,      2837,
     23.38,      2707,
      23.4,      2748,
     23.42,      2820,
     23.44,      2732,
     23.46,      2784,
     23.48,      2804,
      23.5,      2827,
     23.52,      2754,
     23.54,      2713,
     23.56,      2755,
     23.58,      2800,
      23.6,      2677,
     23.62,      2711,
     23.64,      2656,
     23.66,      2776,
     23.68,      2744,
      23.7,      2700,
     23.72,      2790,
     23.74,      2752,
     23.76,      2814,
     23.78,      2820,
      23.8,      2697,
     23.82,      2746,
     23.84,      2750,
     23.86,      2727,
     23.88,      2803,
      23.9,      2553,
     23.92,      2659,
     23.94,      2734,
     23.96,      2692,
     23.98,      2660,
        24,      2698,
     24.02,      2717,
     24.04,      2690,
     24.06,      2731,
     24.08,      2674,
      24.1,      2697,
     24.12,      2791,
     24.14,      2709,
     24.16,      2695,
     24.18,      2627,
      24.2,      2692,
     24.22,      2724,
     24.24,      2615,
     24.26,      2702,
     24.28,      2659,
      24.3,      2545,
     24.32,      2653,
     24.34,      2535,
     24.36,      2662,
     24.38,      2649,
      24.4,      2649,
     24.42,      2728,
     24.44,      2626,
     24.46,      2601,
     24.48,      2612,
      24.5,      2632,
     24.52,      2682,
     24.54,      2731,
     24.56,      2541,
     24.58,      2570,
      24.6,      2622,
     24.62,      2557,
     24.64,      2696,
     24.66,      2559,
     24.68,      2540,
      24.7,      2647,
     24.72,      2618,
     24.74,      2581,
     24.76,      2588,
     24.78,      2699,
      24.8,      2622,
     24.82,      2655,
     24.84,      2453,
     24.86,      2594,
     24.88,      2684,
      24.9,      2488,
     24.92,      2558,
     24.94,      2569,
     24.96,      2541,
     24.98,      2594,
        25,      2564,
     25.02,      2494,
     25.04,      2600,
     25.06,      2621,
     25.08,      2621,
      25.1,      2476,
     25.12,      2511,
     25.14,      2590,
     25.16,      2590,
     25.18,      2598,
      25.2,      2515,
     25.22,      2552,
     25.24,      2518,
     25.26,      2590,
     25.28,      2480,
      25.3,      2508,
     25.32,      2449,
     25.34,      2600,
     25.36,      2593,
     25.38,      2472,
      25.4,      2489,
     25.42,      2417,
     25.44,      2590,
     25.46,      2516,
     25.48,      2459,
      25.5,      2525,
     25.52,      2577,
     25.54,      2456,
     25.56,      2482,
     25.58,      2379,
      25.6,      2462,
     25.62,      2534,
     25.64,      2392,
     25.66,      2553,
     25.68,      2446,
      25.7,      2535,
     25.72,      2470,
     25.74,      2506,
     25.76,      2496,
     25.78,      2440,
      25.8,      2466,
     25.82,      2510,
     25.84,      2474,
     25.86,      2447,
     25.88,      2423,
      25.9,      2429,
     25.92,      2447,
     25.94,      2454,
     25.96,      2521,
     25.98,      2428,
        26,      2451,
     26.02,      2421,
     26.04,      2441,
     26.06,      2379,
     26.08,      2419,
      26.1,      2472,
     26.12,      2482,
     26.14,      2357,
     26.16,      2453,
     26.18,      2392,
      26.2,      2379,
     26.22,      2452,
     26.24,      2378,
     26.26,      2291,
     26.28,      2469,
      26.3,      2421,
     26.32,      2390,
     26.34,      2409,
     26.36,      2389,
     26.38,      2434,
      26.4,      2404,
     26.42,      2408,
     26.44,      2406,
     26.46,      2372,
     26.48,      2298,
      26.5,      2444,
     26.52,      2343,
     26.54,      2301,
     26.56,      2474,
     26.58,      2286,
      26.6,      2360,
     26.62,      2336,
     26.64,      2419,
     26.66,      2386,
     26.68,      2384,
      26.7,      2500,
     26.72,      2346,
     26.74,      2368,
     26.76,      2295,
     26.78,      2411,
      26.8,      2320,
     26.82,      2362,
     26.84,      2322,
     26.86,      2363,
     26.88,      2269,
      26.9,      2347,
     26.92,      2303,
     26.94,      2323,
     26.96,      2321,
     26.98,      2248,
        27,      2270,
     27.02,      2319,
     27.04,      2371,
     27.06,      2332,
     27.08,      2316,
      27.1,      2293,
     27.12,      2301,
     27.14,      2236,
     27.16,      2231,
     27.18,      2365,
      27.2,      2348,
     27.22,      2322,
     27.24,      2363,
     27.26,      2356,
     27.28,      2258,
      27.3,      2325,
     27.32,      2198,
     27.34,      2259,
     27.36,      2178,
     27.38,      2155,
      27.4,      2372,
     27.42,      2250,
     27.44,      2212,
     27.46,      2306,
     27.48,      2283,
      27.5,      2314,
     27.52,      2277,
     27.54,      2245,
     27.56,      2194,
     27.58,      2357,
      27.6,      2274,
     27.62,      2166,
     27.64,      2154,
     27.66,      2218,
     27.68,      2262,
      27.7,      2293,
     27.72,      2234,
     27.74,      2255,
     27.76,      2229,
     27.78,      2234,
      27.8,      2281,
     27.82,      2255,
     27.84,      2163,
     27.86,      2246,
     27.88,      2237,
      27.9,      2231,
     27.92,      2256,
     27.94,      2312,
     27.96,      2287,
     27.98,      2273,
        28,      2390,
     28.02,      2406,
     28.04,      2325,
     28.06,      2396,
     28.08,      2364,
      28.1,      2362,
     28.12,      2319,
     28.14,      2346,
     28.16,      2268,
     28.18,      2237,
      28.2,      2295,
     28.22,      2239,
     28.24,      2164,
     28.26,      2289,
     28.28,      2179,
      28.3,      2234,
     28.32,      2164,
     28.34,      2192,
     28.36,      2295,
     28.38,      2221,
      28.4,      2150,
     28.42,      2206,
     28.44,      2157,
     28.46,      2196,
     28.48,      2222,
      28.5,      2181,
     28.52,      2151,
     28.54,      2123,
     28.56,      2150,
     28.58,      2195,
      28.6,      2116,
     28.62,      2101,
     28.64,      2211,
     28.66,      2204,
     28.68,      2145,
      28.7,      2197,
     28.72,      2180,
     28.74,      2176,
     28.76,      2164,
     28.78,      2184,
      28.8,      2138,
     28.82,      2137,
     28.84,      2202,
     28.86,      2107,
     28.88,      2179,
      28.9,      2144,
     28.92,      2215,
     28.94,      2117,
     28.96,      2238,
     28.98,      2149,
        29,      2197,
     29.02,      2102,
     29.04,      2229,
     29.06,      2193,
     29.08,      2218,
      29.1,      2128,
     29.12,      2271,
     29.14,      2191,
     29.16,      2191,
     29.18,      2169,
      29.2,      2187,
     29.22,      2180,
     29.24,      2096,
     29.26,      2180,
     29.28,      2157,
      29.3,      2123,
     29.32,      2219,
     29.34,      2156,
     29.36,      2174,
     29.38,      2186,
      29.4,      2221,
     29.42,      2139,
     29.44,      2123,
     29.46,      2118,
     29.48,      2092,
      29.5,      2283,
     29.52,      2172,
     29.54,      2213,
     29.56,      2195,
     29.58,      2200,
      29.6,      2099,
     29.62,      2153,
     29.64,      2146,
     29.66,      2114,
     29.68,      2226,
      29.7,      2146,
     29.72,      2171,
     29.74,      2208,
     29.76,      2218,
     29.78,      2148,
      29.8,      2131,
     29.82,      2154,
     29.84,      2095,
     29.86,      2161,
     29.88,      2197,
      29.9,      2195,
     29.92,      2153,
     29.94,      2199,
     29.96,      2138,
     29.98,      2147,
        30,      2136,
     30.02,      2173,
     30.04,      2217,
     30.06,      2185,
     30.08,      2064,
      30.1,      2057,
     30.12,      2138,
     30.14,      2143,
     30.16,      2176,
     30.18,      2113,
      30.2,      2100,
     30.22,      2170,
     30.24,      2173,
     30.26,      2168,
     30.28,      2143,
      30.3,      2156,
     30.32,      2098,
     30.34,      2132,
     30.36,      2095,
     30.38,      2061,
      30.4,      2074,
     30.42,      2155,
     30.44,      2170,
     30.46,      2218,
     30.48,      2113,
      30.5,      2094,
     30.52,      2128,
     30.54,      2124,
     30.56,      2125,
     30.58,      2089,
      30.6,      2042,
     30.62,      2121,
     30.64,      2171,
     30.66,      2092,
     30.68,      2143,
      30.7,      2066,
     30.72,      2070,
     30.74,      2035,
     30.76,      2138,
     30.78,      2086,
      30.8,      2096,
     30.82,      2068,
     30.84,      2158,
     30.86,      2038,
     30.88,      2053,
      30.9,      2118,
     30.92,      2175,
     30.94,      2098,
     30.96,      2044,
     30.98,      2055,
        31,      2022,
     31.02,      2119,
     31.04,      2072,
     31.06,      2006,
     31.08,      2047,
      31.1,      1976,
     31.12,      2111,
     31.14,      2004,
     31.16,      2034,
     31.18,      2050,
      31.2,      1950,
     31.22,      1993,
     31.24,      2040,
     31.26,      2022,
     31.28,      2086,
      31.3,      2072,
     31.32,      2038,
     31.34,      1978,
     31.36,      2013,
     31.38,      2014,
      31.4,      1974,
     31.42,      1965,
     31.44,      2073,
     31.46,      1972,
     31.48,      2017,
      31.5,      2027,
     31.52,      1963,
     31.54,      1988,
     31.56,      1994,
     31.58,      1967,
      31.6,      2059,
     31.62,      2074,
     31.64,      2002,
     31.66,      1983,
     31.68,      1997,
      31.7,      1911,
     31.72,      2017,
     31.74,      1983,
     31.76,      2078,
     31.78,      1937,
      31.8,      2036,
     31.82,      1920,
     31.84,      2081,
     31.86,      1998,
     31.88,      1917,
      31.9,      1958,
     31.92,      1974,
     31.94,      1925,
     31.96,      1956,
     31.98,      1988,
        32,      2027,
     32.02,      1980,
     32.04,      1969,
     32.06,      1967,
     32.08,      1943,
      32.1,      2038,
     32.12,      2000,
     32.14,      1896,
     32.16,      1941,
     32.18,      1947,
      32.2,      2051,
     32.22,      2001,
     32.24,      1991,
     32.26,      1963,
     32.28,      1916,
      32.3,      1961,
     32.32,      1985,
     32.34,      1995,
     32.36,      1999,
     32.38,      1927,
      32.4,      1948,
     32.42,      1955,
     32.44,      1937,
     32.46,      1960,
     32.48,      1974,
      32.5,      1996,
     32.52,      1964,
     32.54,      1883,
     32.56,      1909,
     32.58,      1984,
      32.6,      1922,
     32.62,      2001,
     32.64,      1978,
     32.66,      1898,
     32.68,      1949,
      32.7,      1967,
     32.72,      1897,
     32.74,      2001,
     32.76,      1902,
     32.78,      1942,
      32.8,      1925,
     32.82,      1941,
     32.84,      2000,
     32.86,      1879,
     32.88,      1932,
      32.9,      1949,
     32.92,      1944,
     32.94,      1887,
     32.96,      1944,
     32.98,      2013,
        33,      1974,
     33.02,      1940,
     33.04,      1895,
     33.06,      1945,
     33.08,      1924,
      33.1,      1958,
     33.12,      1948,
     33.14,      1929,
     33.16,      1867,
     33.18,      1945,
      33.2,      1951,
     33.22,      1899,
     33.24,      2006,
     33.26,      1904,
     33.28,      1882,
      33.3,      1902,
     33.32,      1923,
     33.34,      1955,
     33.36,      1985,
     33.38,      1985,
      33.4,      1921,
     33.42,      1942,
     33.44,      1898,
     33.46,      1879,
     33.48,      1863,
      33.5,      1950,
     33.52,      1961,
     33.54,      1903,
     33.56,      1895,
     33.58,      1913,
      33.6,      1862,
     33.62,      1944,
     33.64,      1886,
     33.66,      1848,
     33.68,      1831,
      33.7,      1972,
     33.72,      1844,
     33.74,      1911,
     33.76,      1873,
     33.78,      1951,
      33.8,      1915,
     33.82,      1822,
     33.84,      1906,
     33.86,      1903,
     33.88,      1957,
      33.9,      1931,
     33.92,      1923,
     33.94,      1883,
     33.96,      1889,
     33.98,      1954,
        34,      2005,
     34.02,      1986,
     34.04,      1821,
     34.06,      1834,
     34.08,      1895,
      34.1,      1920,
     34.12,      1870,
     34.14,      1872,
     34.16,      1839,
     34.18,      1858,
      34.2,      1874,
     34.22,      1886,
     34.24,      1832,
     34.26,      1815,
     34.28,      1914,
      34.3,      1908,
     34.32,      1921,
     34.34,      1810,
     34.36,      1901,
     34.38,      1867,
      34.4,      1899,
     34.42,      1895,
     34.44,      1857,
     34.46,      1896,
     34.48,      1887,
      34.5,      1892,
     34.52,      1900,
     34.54,      1897,
     34.56,      1941,
     34.58,      1906,
      34.6,      1854,
     34.62,      1888,
     34.64,      1859,
     34.66,      1845,
     34.68,      1879,
      34.7,      1899,
     34.72,      1905,
     34.74,      1875,
     34.76,      1921,
     34.78,      1874,
      34.8,      1929,
     34.82,      1828,
     34.84,      1896,
     34.86,      1814,
     34.88,      1889,
      34.9,      1801,
     34.92,      1868,
     34.94,      1958,
     34.96,      1881,
     34.98,      1893,
        35,      1902,
     35.02,      1846,
     35.04,      1796,
     35.06,      1824,
     35.08,      1831,
      35.1,      1880,
     35.12,      1883,
     35.14,      1926,
     35.16,      1718,
     35.18,      1844,
      35.2,      1848,
     35.22,      1926,
     35.24,      1889,
     35.26,      1936,
     35.28,      1859,
      35.3,      1878,
     35.32,      1874,
     35.34,      1831,
     35.36,      1849,
     35.38,      1737,
      35.4,      1851,
     35.42,      1817,
     35.44,      1844,
     35.46,      1854,
     35.48,      1911,
      35.5,      1847,
     35.52,      1787,
     35.54,      1858,
     35.56,      1872,
     35.58,      1878,
      35.6,      1841,
     35.62,      1834,
     35.64,      1856,
     35.66,      1850,
     35.68,      1896,
      35.7,      1866,
     35.72,      1738,
     35.74,      1875,
     35.76,      1810,
     35.78,      1859,
      35.8,      1790,
     35.82,      1860,
     35.84,      1817,
     35.86,      1844,
     35.88,      1851,
      35.9,      1862,
     35.92,      1928,
     35.94,      1918,
     35.96,      1872,
     35.98,      1795,
        36,      1806,
     36.02,      1820,
     36.04,      1891,
     36.06,      1771,
     36.08,      1865,
      36.1,      1834,
     36.12,      1810,
     36.14,      1920,
     36.16,      1883,
     36.18,      1888,
      36.2,      1871,
     36.22,      1841,
     36.24,      1851,
     36.26,      1856,
     36.28,      1791,
      36.3,      1826,
     36.32,      1807,
     36.34,      1863,
     36.36,      1925,
     36.38,      1829,
      36.4,      1874,
     36.42,      1854,
     36.44,      1880,
     36.46,      1839,
     36.48,      1856,
      36.5,      1906,
     36.52,      1822,
     36.54,      1887,
     36.56,      1817,
     36.58,      1892,
      36.6,      1830,
     36.62,      1889,
     36.64,      1913,
     36.66,      1847,
     36.68,      1806,
      36.7,      1906,
     36.72,      1810,
     36.74,      1848,
     36.76,      1818,
     36.78,      1834,
      36.8,      1892,
     36.82,      1881,
     36.84,      1873,
     36.86,      1796,
     36.88,      1824,
      36.9,      1870,
     36.92,      1792,
     36.94,      1856,
     36.96,      1874,
     36.98,      1844,
        37,      1859,
     37.02,      1840,
     37.04,      1828,
     37.06,      1891,
     37.08,      1858,
      37.1,      1890,
     37.12,      1880,
     37.14,      1924,
     37.16,      1872,
     37.18,      1884,
      37.2,      1828,
     37.22,      1862,
     37.24,      1917,
     37.26,      1949,
     37.28,      1829,
      37.3,      1804,
     37.32,      1837,
     37.34,      1939,
     37.36,      1847,
     37.38,      1931,
      37.4,      1913,
     37.42,      1880,
     37.44,      1880,
     37.46,      1951,
     37.48,      1835,
      37.5,      1824,
     37.52,      1849,
     37.54,      1816,
     37.56,      1902,
     37.58,      1941,
      37.6,      2007,
     37.62,      1792,
     37.64,      1817,
     37.66,      1863,
     37.68,      1809,
      37.7,      1960,
     37.72,      1855,
     37.74,      1868,
     37.76,      1855,
     37.78,      1896,
      37.8,      1861,
     37.82,      1923,
     37.84,      1966,
     37.86,      1878,
     37.88,      1905,
      37.9,      1848,
     37.92,      1834,
     37.94,      1916,
     37.96,      1888,
     37.98,      1902,
        38,      1868,
     38.02,      1935,
     38.04,      1991,
     38.06,      1890,
     38.08,      1885,
      38.1,      1886,
     38.12,      1873,
     38.14,      1974,
     38.16,      1869,
     38.18,      1923,
      38.2,      1963,
     38.22,      1907,
     38.24,      1956,
     38.26,      1949,
     38.28,      1993,
      38.3,      1923,
     38.32,      1936,
     38.34,      1947,
     38.36,      2016,
     38.38,      1933,
      38.4,      1895,
     38.42,      2051,
     38.44,      2051,
     38.46,      2002,
     38.48,      1921,
      38.5,      1959,
     38.52,      2002,
     38.54,      1987,
     38.56,      2003,
     38.58,      1995,
      38.6,      2122,
     38.62,      1982,
     38.64,      1987,
     38.66,      1981,
     38.68,      1907,
      38.7,      1979,
     38.72,      1942,
     38.74,      2025,
     38.76,      1990,
     38.78,      1870,
      38.8,      2028,
     38.82,      1965,
     38.84,      1891,
     38.86,      1923,
     38.88,      1891,
      38.9,      1959,
     38.92,      1913,
     38.94,      1916,
     38.96,      1956,
     38.98,      1928,
        39,      1936,
     39.02,      1865,
     39.04,      1989,
     39.06,      2001,
     39.08,      1906,
      39.1,      1966,
     39.12,      1849,
     39.14,      1893,
     39.16,      1882,
     39.18,      1970,
      39.2,      1957,
     39.22,      1903,
     39.24,      1935,
     39.26,      1906,
     39.28,      1975,
      39.3,      1935,
     39.32,      1940,
     39.34,      2012,
     39.36,      2020,
     39.38,      1897,
      39.4,      2076,
     39.42,      1982,
     39.44,      1949,
     39.46,      2026,
     39.48,      1980,
      39.5,      1941,
     39.52,      1916,
     39.54,      1975,
     39.56,      2046,
     39.58,      2044,
      39.6,      1945,
     39.62,      1934,
     39.64,      2039,
     39.66,      1967,
     39.68,      1965,
      39.7,      2032,
     39.72,      2082,
     39.74,      2038,
     39.76,      1994,
     39.78,      1996,
      39.8,      1958,
     39.82,      2051,
     39.84,      2111,
     39.86,      2020,
     39.88,      2068,
      39.9,      2175,
     39.92,      2089,
     39.94,      2112,
     39.96,      1992,
     39.98,      2225,
        40,      2170,
     40.02,      2176,
     40.04,      2092,
     40.06,      2168,
     40.08,      2151,
      40.1,      2229,
     40.12,      2206,
     40.14,      2228,
     40.16,      2211,
     40.18,      2212,
      40.2,      2164,
     40.22,      2230,
     40.24,      2277,
     40.26,      2299,
     40.28,      2198,
      40.3,      2272,
     40.32,      2320,
     40.34,      2366,
     40.36,      2380,
     40.38,      2354,
      40.4,      2426,
     40.42,      2395,
     40.44,      2388,
     40.46,      2555,
     40.48,      2525,
      40.5,      2606,
     40.52,      2619,
     40.54,      2737,
     40.56,      2678,
     40.58,      2682,
      40.6,      2630,
     40.62,      2778,
     40.64,      2866,
     40.66,      2767,
     40.68,      2877,
      40.7,      2977,
     40.72,      3010,
     40.74,      3010,
     40.76,      3097,
     40.78,      3254,
      40.8,      3417,
     40.82,      3476,
     40.84,      3544,
     40.86,      3607,
     40.88,      3668,
      40.9,      3792,
     40.92,      4044,
     40.94,      4116,
     40.96,      4253,
     40.98,      4230,
        41,      4512,
     41.02,      4676,
     41.04,      4873,
     41.06,      5113,
     41.08,      4967,
      41.1,      5343,
     41.12,      5544,
     41.14,      5597,
     41.16,      6026,
     41.18,      6056,
      41.2,      6270,
     41.22,      6535,
     41.24,      6744,
     41.26,      6762,
     41.28,      7052,
      41.3,      7226,
     41.32,      7355,
     41.34,      7521,
     41.36,      7366,
     41.38,      7713,
      41.4,      7672,
     41.42,      7853,
     41.44,      7912,
     41.46,      7853,
     41.48,      7965,
      41.5,      7761,
     41.52,      7775,
     41.54,      7809,
     41.56,      7418,
     41.58,      7461,
      41.6,      7404,
     41.62,      7376,
     41.64,      7165,
     41.66,      7143,
     41.68,      6820,
      41.7,      6664,
     41.72,      6665,
     41.74,      6374,
     41.76,      6334,
     41.78,      6080,
      41.8,      5937,
     41.82,      5706,
     41.84,      5844,
     41.86,      5483,
     41.88,      5304,
      41.9,      5404,
     41.92,      5275,
     41.94,      5248,
     41.96,      5145,
     41.98,      4927,
        42,      4845,
     42.02,      4856,
     42.04,      4867,
     42.06,      4724,
     42.08,      4575,
      42.1,      4631,
     42.12,      4552,
     42.14,      4568,
     42.16,      4512,
     42.18,      4437,
      42.2,      4419,
     42.22,      4378,
     42.24,      4304,
     42.26,      4376,
     42.28,      4377,
      42.3,      4322,
     42.32,      4340,
     42.34,      4304,
     42.36,      4274,
     42.38,      4273,
      42.4,      4312,
     42.42,      4308,
     42.44,      4434,
     42.46,      4247,
     42.48,      4290,
      42.5,      4371,
     42.52,      4324,
     42.54,      4337,
     42.56,      4238,
     42.58,      4347,
      42.6,      4317,
     42.62,      4306,
     42.64,      4298,
     42.66,      4176,
     42.68,      4316,
      42.7,      4168,
     42.72,      4238,
     42.74,      4220,
     42.76,      4165,
     42.78,      4178,
      42.8,      4085,
     42.82,      4102,
     42.84,      4009,
     42.86,      4052,
     42.88,      3957,
      42.9,      3991,
     42.92,      3897,
     42.94,      3871,
     42.96,      3869,
     42.98,      3875,
        43,      3726,
     43.02,      3724,
     43.04,      3683,
     43.06,      3607,
     43.08,      3560,
      43.1,      3627,
     43.12,      3502,
     43.14,      3455,
     43.16,      3499,
     43.18,      3343,
      43.2,      3360,
     43.22,      3390,
     43.24,      3266,
     43.26,      3226,
     43.28,      3281,
      43.3,      3208,
     43.32,      3016,
     43.34,      3159,
     43.36,      3025,
     43.38,      3033,
      43.4,      3074,
     43.42,      2889,
     43.44,      2981,
     43.46,      2911,
     43.48,      2967,
      43.5,      2856,
     43.52,      2745,
     43.54,      2755,
     43.56,      2809,
     43.58,      2679,
      43.6,      2657,
     43.62,      2720,
     43.64,      2707,
     43.66,      2764,
     43.68,      2671,
      43.7,      2650,
     43.72,      2659,
     43.74,      2661,
     43.76,      2587,
     43.78,      2680,
      43.8,      2586,
     43.82,      2574,
     43.84,      2560,
     43.86,      2660,
     43.88,      2539,
      43.9,      2499,
     43.92,      2522,
     43.94,      2495,
     43.96,      2515,
     43.98,      2535,
        44,      2365,
     44.02,      2470,
     44.04,      2420,
     44.06,      2520,
     44.08,      2500,
      44.1,      2508,
     44.12,      2507,
     44.14,      2355,
     44.16,      2465,
     44.18,      2405,
      44.2,      2460,
     44.22,      2406,
     44.24,      2405,
     44.26,      2396,
     44.28,      2463,
      44.3,      2420,
     44.32,      2492,
     44.34,      2363,
     44.36,      2337,
     44.38,      2518,
      44.4,      2394,
     44.42,      2362,
     44.44,      2382,
     44.46,      2457,
     44.48,      2399,
      44.5,      2322,
     44.52,      2364,
     44.54,      2401,
     44.56,      2420,
     44.58,      2413,
      44.6,      2395,
     44.62,      2385,
     44.64,      2436,
     44.66,      2431,
     44.68,      2380,
      44.7,      2465,
     44.72,      2340,
     44.74,      2433,
     44.76,      2363,
     44.78,      2379,
      44.8,      2376,
     44.82,      2367,
     44.84,      2373,
     44.86,      2234,
     44.88,      2294,
      44.9,      2273,
     44.92,      2241,
     44.94,      2281,
     44.96,      2299,
     44.98,      2291,
        45,      2257,
     45.02,      2244,
     45.04,      2213,
     45.06,      2172,
     45.08,      2241,
      45.1,      2233,
     45.12,      2062,
     45.14,      2222,
     45.16,      2169,
     45.18,      2137,
      45.2,      2089,
     45.22,      2186,
     45.24,      2135,
     45.26,      2070,
     45.28,      2147,
      45.3,      2159,
     45.32,      2159,
     45.34,      2132,
     45.36,      2021,
     45.38,      2095,
      45.4,      2077,
     45.42,      2160,
     45.44,      2118,
     45.46,      2103,
     45.48,      2161,
      45.5,      2079,
     45.52,      2175,
     45.54,      2071,
     45.56,      2139,
     45.58,      2199,
      45.6,      2028,
     45.62,      2151,
     45.64,      2162,
     45.66,      2055,
     45.68,      2107,
      45.7,      2033,
     45.72,      2063,
     45.74,      2043,
     45.76,      2052,
     45.78,      2094,
      45.8,      2133,
     45.82,      2108,
     45.84,      2107,
     45.86,      2152,
     45.88,      2074,
      45.9,      2089,
     45.92,      2115,
     45.94,      2083,
     45.96,      2039,
     45.98,      2111,
        46,      2042,
     46.02,      2134,
     46.04,      2089,
     46.06,      2127,
     46.08,      2131,
      46.1,      2125,
     46.12,      2079,
     46.14,      2059,
     46.16,      2013,
     46.18,      2110,
      46.2,      2151,
     46.22,      2157,
     46.24,      2063,
     46.26,      2164,
     46.28,      2081,
      46.3,      2135,
     46.32,      2173,
     46.34,      2110,
     46.36,      2076,
     46.38,      2166,
      46.4,      2119,
     46.42,      2165,
     46.44,      2061,
     46.46,      2167,
     46.48,      2158,
      46.5,      2074,
     46.52,      2137,
     46.54,      2127,
     46.56,      2106,
     46.58,      2099,
      46.6,      2150,
     46.62,      2116,
     46.64,      2164,
     46.66,      2206,
     46.68,      2173,
      46.7,      2144,
     46.72,      2281,
     46.74,      2212,
     46.76,      2236,
     46.78,      2270,
      46.8,      2239,
     46.82,      2217,
     46.84,      2209,
     46.86,      2282,
     46.88,      2249,
      46.9,      2269,
     46.92,      2292,
     46.94,      2219,
     46.96,      2232,
     46.98,      2330,
        47,      2296,
     47.02,      2259,
     47.04,      2287,
     47.06,      2322,
     47.08,      2292,
      47.1,      2279,
     47.12,      2363,
     47.14,      2340,
     47.16,      2471,
     47.18,      2305,
      47.2,      2367,
     47.22,      2426,
     47.24,      2499,
     47.26,      2464,
     47.28,      2509,
      47.3,      2438,
     47.32,      2486,
     47.34,      2500,
     47.36,      2466,
     47.38,      2510,
      47.4,      2531,
     47.42,      2560,
     47.44,      2670,
     47.46,      2614,
     47.48,      2610,
      47.5,      2696,
     47.52,      2630,
     47.54,      2638,
     47.56,      2691,
     47.58,      2670,
      47.6,      2711,
     47.62,      2802,
     47.64,      2664,
     47.66,      2779,
     47.68,      2703,
      47.7,      2811,
     47.72,      2843,
     47.74,      2730,
     47.76,      2770,
     47.78,      2840,
      47.8,      2729,
     47.82,      2863,
     47.84,      2788,
     47.86,      2932,
     47.88,      2794,
      47.9,      2958,
     47.92,      2864,
     47.94,      2968,
     47.96,      2834,
     47.98,      2858,
        48,      2953,
     48.02,      2835,
     48.04,      3016,
     48.06,      2887,
     48.08,      2877,
      48.1,      2848,
     48.12,      2871,
     48.14,      2873,
     48.16,      2778,
     48.18,      2829,
      48.2,      2802,
     48.22,      2801,
     48.24,      2823,
     48.26,      2848,
     48.28,      2803,
      48.3,      2756,
     48.32,      2780,
     48.34,      2727,
     48.36,      2656,
     48.38,      2704,
      48.4,      2694,
     48.42,      2741,
     48.44,      2688,
     48.46,      2652,
     48.48,      2647,
      48.5,      2655,
     48.52,      2580,
     48.54,      2574,
     48.56,      2594,
     48.58,      2518,
      48.6,      2517,
     48.62,      2525,
     48.64,      2505,
     48.66,      2509,
     48.68,      2390,
      48.7,      2385,
     48.72,      2345,
     48.74,      2424,
     48.76,      2381,
     48.78,      2250,
      48.8,      2343,
     48.82,      2225,
     48.84,      2368,
     48.86,      2341,
     48.88,      2323,
      48.9,      2222,
     48.92,      2281,
     48.94,      2304,
     48.96,      2230,
     48.98,      2246,
        49,      2159,
     49.02,      2180,
     49.04,      2199,
     49.06,      2090,
     49.08,      2116,
      49.1,      2108,
     49.12,      2095,
     49.14,      2080,
     49.16,      1987,
     49.18,      2057,
      49.2,      2031,
     49.22,      1996,
     49.24,      2117,
     49.26,      2032,
     49.28,      2046,
      49.3,      2033,
     49.32,      2028,
     49.34,      2042,
     49.36,      2015,
     49.38,      2057,
      49.4,      1969,
     49.42,      1959,
     49.44,      1903,
     49.46,      1916,
     49.48,      1954,
      49.5,      1946,
     49.52,      1867,
     49.54,      1867,
     49.56,      1961,
     49.58,      1993,
      49.6,      1995,
     49.62,      1951,
     49.64,      1943,
     49.66,      1843,
     49.68,      1922,
      49.7,      1910,
     49.72,      1859,
     49.74,      1914,
     49.76,      1917,
     49.78,      1938,
      49.8,      1863,
     49.82,      1922,
     49.84,      1832,
     49.86,      1915,
     49.88,      1857,
      49.9,      1788,
     49.92,      1796,
     49.94,      1820,
     49.96,      1844,
     49.98,      1841,
        50,      1824,
     50.02,      1828,
     50.04,      1950,
     50.06,      1844,
     50.08,      1808,
      50.1,      1818,
     50.12,      1859,
     50.14,      1780,
     50.16,      1821,
     50.18,      1827,
      50.2,      1810,
     50.22,      1761,
     50.24,      1812,
     50.26,      1811,
     50.28,      1806,
      50.3,      1830,
     50.32,      1827,
     50.34,      1798,
     50.36,      1766,
     50.38,      1809,
      50.4,      1796,
     50.42,      1801,
     50.44,      1727,
     50.46,      1732,
     50.48,      1730,
      50.5,      1758,
     50.52,      1764,
     50.54,      1814,
     50.56,      1771,
     50.58,      1820,
      50.6,      1814,
     50.62,      1769,
     50.64,      1844,
     50.66,      1774,
     50.68,      1719,
      50.7,      1775,
     50.72,      1789,
     50.74,      1750,
     50.76,      1731,
     50.78,      1733,
      50.8,      1780,
     50.82,      1790,
     50.84,      1637,
     50.86,      1819,
     50.88,      1754,
      50.9,      1753,
     50.92,      1747,
     50.94,      1785,
     50.96,      1697,
     50.98,      1772,
        51,      1767,
     51.02,      1745,
     51.04,      1686,
     51.06,      1640,
     51.08,      1718,
      51.1,      1709,
     51.12,      1769,
     51.14,      1737,
     51.16,      1739,
     51.18,      1716,
      51.2,      1687,
     51.22,      1768,
     51.24,      1727,
     51.26,      1731,
     51.28,      1743,
      51.3,      1670,
     51.32,      1692,
     51.34,      1721,
     51.36,      1780,
     51.38,      1713,
      51.4,      1708,
     51.42,      1766,
     51.44,      1739,
     51.46,      1776,
     51.48,      1726,
      51.5,      1732,
     51.52,      1689,
     51.54,      1698,
     51.56,      1728,
     51.58,      1763,
      51.6,      1754,
     51.62,      1704,
     51.64,      1696,
     51.66,      1708,
     51.68,      1719,
      51.7,      1693,
     51.72,      1741,
     51.74,      1685,
     51.76,      1677,
     51.78,      1721,
      51.8,      1702,
     51.82,      1761,
     51.84,      1715,
     51.86,      1802,
     51.88,      1776,
      51.9,      1739,
     51.92,      1715,
     51.94,      1746,
     51.96,      1758,
     51.98,      1779,
        52,      1698,
     52.02,      1789,
     52.04,      1712,
     52.06,      1789,
     52.08,      1798,
      52.1,      1770,
     52.12,      1753,
     52.14,      1708,
     52.16,      1700,
     52.18,      1733,
      52.2,      1694,
     52.22,      1715,
     52.24,      1672,
     52.26,      1731,
     52.28,      1706,
      52.3,      1727,
     52.32,      1688,
     52.34,      1656,
     52.36,      1753,
     52.38,      1742,
      52.4,      1750,
     52.42,      1744,
     52.44,      1770,
     52.46,      1824,
     52.48,      1764,
      52.5,      1747,
     52.52,      1755,
     52.54,      1702,
     52.56,      1688,
     52.58,      1655,
      52.6,      1717,
     52.62,      1674,
     52.64,      1715,
     52.66,      1690,
     52.68,      1748,
      52.7,      1712,
     52.72,      1730,
     52.74,      1746,
     52.76,      1701,
     52.78,      1705,
      52.8,      1685,
     52.82,      1764,
     52.84,      1751,
     52.86,      1758,
     52.88,      1746,
      52.9,      1720,
     52.92,      1720,
     52.94,      1786,
     52.96,      1764,
     52.98,      1747,
        53,      1833,
     53.02,      1745,
     53.04,      1735,
     53.06,      1745,
     53.08,      1743,
      53.1,      1828,
     53.12,      1730,
     53.14,      1834,
     53.16,      1833,
     53.18,      1723,
      53.2,      1714,
     53.22,      1734,
     53.24,      1687,
     53.26,      1713,
     53.28,      1706,
      53.3,      1660,
     53.32,      1696,
     53.34,      1695,
     53.36,      1674,
     53.38,      1699,
      53.4,      1714,
     53.42,      1694,
     53.44,      1783,
     53.46,      1750,
     53.48,      1710,
      53.5,      1745,
     53.52,      1739,
     53.54,      1717,
     53.56,      1712,
     53.58,      1668,
      53.6,      1746,
     53.62,      1597,
     53.64,      1729,
     53.66,      1756,
     53.68,      1722,
      53.7,      1710,
     53.72,      1690,
     53.74,      1753,
     53.76,      1738,
     53.78,      1693,
      53.8,      1719,
     53.82,      1718,
     53.84,      1736,
     53.86,      1679,
     53.88,      1690,
      53.9,      1700,
     53.92,      1639,
     53.94,      1653,
     53.96,      1679,
     53.98,      1733,
        54,      1765,
     54.02,      1723,
     54.04,      1707,
     54.06,      1675,
     54.08,      1617,
      54.1,      1650,
     54.12,      1613,
     54.14,      1751,
     54.16,      1647,
     54.18,      1701,
      54.2,      1708,
     54.22,      1693,
     54.24,      1745,
     54.26,      1610,
     54.28,      1678,
      54.3,      1768,
     54.32,      1760,
     54.34,      1647,
     54.36,      1623,
     54.38,      1646,
      54.4,      1734,
     54.42,      1668,
     54.44,      1690,
     54.46,      1665,
     54.48,      1626,
      54.5,      1622,
     54.52,      1783,
     54.54,      1652,
     54.56,      1729,
     54.58,      1612,
      54.6,      1640,
     54.62,      1636,
     54.64,      1774,
     54.66,      1699,
     54.68,      1597,
      54.7,      1634,
     54.72,      1709,
     54.74,      1671,
     54.76,      1655,
     54.78,      1612,
      54.8,      1609,
     54.82,      1678,
     54.84,      1623,
     54.86,      1636,
     54.88,      1721,
      54.9,      1675,
     54.92,      1607,
     54.94,      1691,
     54.96,      1647,
     54.98,      1664,
        55,      1681,
     55.02,      1660,
     55.04,      1759,
     55.06,      1697,
     55.08,      1681,
      55.1,      1682,
     55.12,      1685,
     55.14,      1718,
     55.16,      1698,
     55.18,      1627,
      55.2,      1707,
     55.22,      1672,
     55.24,      1712,
     55.26,      1614,
     55.28,      1608,
      55.3,      1651,
     55.32,      1666,
     55.34,      1666,
     55.36,      1689,
     55.38,      1662,
      55.4,      1627,
     55.42,      1706,
     55.44,      1586,
     55.46,      1696,
     55.48,      1651,
      55.5,      1702,
     55.52,      1645,
     55.54,      1663,
     55.56,      1657,
     55.58,      1721,
      55.6,      1741,
     55.62,      1669,
     55.64,      1707,
     55.66,      1670,
     55.68,      1718,
      55.7,      1729,
     55.72,      1669,
     55.74,      1721,
     55.76,      1670,
     55.78,      1689,
      55.8,      1676,
     55.82,      1643,
     55.84,      1683,
     55.86,      1722,
     55.88,      1685,
      55.9,      1591,
     55.92,      1625,
     55.94,      1695,
     55.96,      1731,
     55.98,      1630,
        56,      1732,
     56.02,      1611,
     56.04,      1694,
     56.06,      1710,
     56.08,      1645,
      56.1,      1628,
     56.12,      1694,
     56.14,      1661,
     56.16,      1642,
     56.18,      1670,
      56.2,      1696,
     56.22,      1619,
     56.24,      1725,
     56.26,      1661,
     56.28,      1664,
      56.3,      1660,
     56.32,      1653,
     56.34,      1733,
     56.36,      1666,
     56.38,      1631,
      56.4,      1701,
     56.42,      1665,
     56.44,      1700,
     56.46,      1651,
     56.48,      1634,
      56.5,      1670,
     56.52,      1575,
     56.54,      1714,
     56.56,      1672,
     56.58,      1710,
      56.6,      1666,
     56.62,      1648,
     56.64,      1640,
     56.66,      1630,
     56.68,      1709,
      56.7,      1559,
     56.72,      1674,
     56.74,      1655,
     56.76,      1696,
     56.78,      1563,
      56.8,      1649,
     56.82,      1669,
     56.84,      1693,
     56.86,      1565,
     56.88,      1676,
      56.9,      1676,
     56.92,      1667,
     56.94,      1704,
     56.96,      1655,
     56.98,      1602,
        57,      1716,
     57.02,      1634,
     57.04,      1695,
     57.06,      1625,
     57.08,      1652,
      57.1,      1639,
     57.12,      1632,
     57.14,      1715,
     57.16,      1664,
     57.18,      1661,
      57.2,      1696,
     57.22,      1713,
     57.24,      1676,
     57.26,      1703,
     57.28,      1676,
      57.3,      1708,
     57.32,      1631,
     57.34,      1639,
     57.36,      1728,
     57.38,      1649,
      57.4,      1611,
     57.42,      1783,
     57.44,      1624,
     57.46,      1625,
     57.48,      1716,
      57.5,      1667,
     57.52,      1709,
     57.54,      1695,
     57.56,      1672,
     57.58,      1744,
      57.6,      1600,
     57.62,      1613,
     57.64,      1762,
     57.66,      1678,
     57.68,      1757,
      57.7,      1706,
     57.72,      1711,
     57.74,      1700,
     57.76,      1645,
     57.78,      1678,
      57.8,      1658,
     57.82,      1721,
     57.84,      1700,
     57.86,      1735,
     57.88,      1679,
      57.9,      1699,
     57.92,      1687,
     57.94,      1622,
     57.96,      1687,
     57.98,      1677,
        58,      1681,
     58.02,      1661,
     58.04,      1636,
     58.06,      1705,
     58.08,      1689,
      58.1,      1623,
     58.12,      1655,
     58.14,      1701,
     58.16,      1653,
     58.18,      1692,
      58.2,      1648,
     58.22,      1650,
     58.24,      1792,
     58.26,      1748,
     58.28,      1677,
      58.3,      1602,
     58.32,      1720,
     58.34,      1671,
     58.36,      1681,
     58.38,      1640,
      58.4,      1659,
     58.42,      1608,
     58.44,      1611,
     58.46,      1662,
     58.48,      1652,
      58.5,      1614,
     58.52,      1663,
     58.54,      1648,
     58.56,      1664,
     58.58,      1693,
      58.6,      1739,
     58.62,      1610,
     58.64,      1678,
     58.66,      1664,
     58.68,      1648,
      58.7,      1650,
     58.72,      1703,
     58.74,      1683,
     58.76,      1615,
     58.78,      1653,
      58.8,      1766,
     58.82,      1710,
     58.84,      1699,
     58.86,      1744,
     58.88,      1681,
      58.9,      1676,
     58.92,      1713,
     58.94,      1734,
     58.96,      1657,
     58.98,      1664,
        59,      1640,
     59.02,      1651,
     59.04,      1709,
     59.06,      1708,
     59.08,      1705,
      59.1,      1642,
     59.12,      1597,
     59.14,      1655,
     59.16,      1703,
     59.18,      1712,
      59.2,      1691,
     59.22,      1770,
     59.24,      1707,
     59.26,      1644,
     59.28,      1714,
      59.3,      1673,
     59.32,      1700,
     59.34,      1710,
     59.36,      1666,
     59.38,      1679,
      59.4,      1650,
     59.42,      1679,
     59.44,      1658,
     59.46,      1767,
     59.48,      1718,
      59.5,      1690,
     59.52,      1737,
     59.54,      1664,
     59.56,      1645,
     59.58,      1674,
      59.6,      1718,
     59.62,      1687,
     59.64,      1616,
     59.66,      1691,
     59.68,      1670,
      59.7,      1644,
     59.72,      1741,
     59.74,      1686,
     59.76,      1620,
     59.78,      1676,
      59.8,      1659,
     59.82,      1710,
     59.84,      1591,
     59.86,      1692,
     59.88,      1626,
      59.9,      1650,
     59.92,      1694,
     59.94,      1680,
     59.96,      1685,
     59.98,      1681,
        60,      1626,
     60.02,      1664,
     60.04,      1657,
     60.06,      1677,
     60.08,      1761,
      60.1,      1727,
     60.12,      1676,
     60.14,      1675,
     60.16,      1732,
     60.18,      1669,
      60.2,      1713,
     60.22,      1687,
     60.24,      1711,
     60.26,      1698,
     60.28,      1735,
      60.3,      1661,
     60.32,      1703,
     60.34,      1647,
     60.36,      1653,
     60.38,      1759,
      60.4,      1737,
     60.42,      1664,
     60.44,      1721,
     60.46,      1714,
     60.48,      1742,
      60.5,      1750,
     60.52,      1663,
     60.54,      1672,
     60.56,      1742,
     60.58,      1670,
      60.6,      1703,
     60.62,      1700,
     60.64,      1621,
     60.66,      1753,
     60.68,      1693,
      60.7,      1669,
     60.72,      1713,
     60.74,      1714,
     60.76,      1761,
     60.78,      1749,
      60.8,      1705,
     60.82,      1674,
     60.84,      1743,
     60.86,      1743,
     60.88,      1688,
      60.9,      1661,
     60.92,      1667,
     60.94,      1764,
     60.96,      1736,
     60.98,      1641,
        61,      1702,
     61.02,      1712,
     61.04,      1734,
     61.06,      1756,
     61.08,      1794,
      61.1,      1758,
     61.12,      1749,
     61.14,      1763,
     61.16,      1698,
     61.18,      1730,
      61.2,      1718,
     61.22,      1731,
     61.24,      1741,
     61.26,      1682,
     61.28,      1722,
      61.3,      1680,
     61.32,      1736,
     61.34,      1726,
     61.36,      1745,
     61.38,      1658,
      61.4,      1756,
     61.42,      1845,
     61.44,      1755,
     61.46,      1703,
     61.48,      1687,
      61.5,      1701,
     61.52,      1755,
     61.54,      1692,
     61.56,      1762,
     61.58,      1805,
      61.6,      1748,
     61.62,      1799,
     61.64,      1807,
     61.66,      1831,
     61.68,      1804,
      61.7,      1797,
     61.72,      1738,
     61.74,      1740,
     61.76,      1713,
     61.78,      1740,
      61.8,      1706,
     61.82,      1761,
     61.84,      1786,
     61.86,      1771,
     61.88,      1761,
      61.9,      1712,
     61.92,      1699,
     61.94,      1710,
     61.96,      1749,
     61.98,      1762,
        62,      1740,
     62.02,      1738,
     62.04,      1789,
     62.06,      1768,
     62.08,      1760,
      62.1,      1733,
     62.12,      1823,
     62.14,      1863,
     62.16,      1800,
     62.18,      1800,
      62.2,      1746,
     62.22,      1777,
     62.24,      1826,
     62.26,      1774,
     62.28,      1753,
      62.3,      1847,
     62.32,      1777,
     62.34,      1756,
     62.36,      1824,
     62.38,      1787,
      62.4,      1791,
     62.42,      1854,
     62.44,      1698,
     62.46,      1776,
     62.48,      1723,
      62.5,      1761,
     62.52,      1759,
     62.54,      1766,
     62.56,      1754,
     62.58,      1810,
      62.6,      1746,
     62.62,      1847,
     62.64,      1824,
     62.66,      1792,
     62.68,      1816,
      62.7,      1777,
     62.72,      1758,
     62.74,      1808,
     62.76,      1881,
     62.78,      1746,
      62.8,      1713,
     62.82,      1755,
     62.84,      1765,
     62.86,      1734,
     62.88,      1862,
      62.9,      1802,
     62.92,      1773,
     62.94,      1799,
     62.96,      1766,
     62.98,      1831,
        63,      1772,
     63.02,      1693,
     63.04,      1847,
     63.06,      1783,
     63.08,      1814,
      63.1,      1776,
     63.12,      1757,
     63.14,      1798,
     63.16,      1844,
     63.18,      1777,
      63.2,      1817,
     63.22,      1886,
     63.24,      1794,
     63.26,      1792,
     63.28,      1810,
      63.3,      1800,
     63.32,      1737,
     63.34,      1785,
     63.36,      1722,
     63.38,      1833,
      63.4,      1765,
     63.42,      1828,
     63.44,      1770,
     63.46,      1755,
     63.48,      1799,
      63.5,      1806,
     63.52,      1742,
     63.54,      1756,
     63.56,      1762,
     63.58,      1809,
      63.6,      1780,
     63.62,      1828,
     63.64,      1864,
     63.66,      1804,
     63.68,      1885,
      63.7,      1772,
     63.72,      1783,
     63.74,      1870,
     63.76,      1734,
     63.78,      1810,
      63.8,      1811,
     63.82,      1800,
     63.84,      1733,
     63.86,      1811,
     63.88,      1818,
      63.9,      1813,
     63.92,      1756,
     63.94,      1762,
     63.96,      1784,
     63.98,      1766,
        64,      1790,
     64.02,      1761,
     64.04,      1748,
     64.06,      1791,
     64.08,      1818,
      64.1,      1824,
     64.12,      1813,
     64.14,      1690,
     64.16,      1825,
     64.18,      1836,
      64.2,      1784,
     64.22,      1742,
     64.24,      1735,
     64.26,      1779,
     64.28,      1784,
      64.3,      1822,
     64.32,      1762,
     64.34,      1685,
     64.36,      1767,
     64.38,      1761,
      64.4,      1724,
     64.42,      1747,
     64.44,      1700,
     64.46,      1761,
     64.48,      1771,
      64.5,      1851,
     64.52,      1720,
     64.54,      1742,
     64.56,      1766,
     64.58,      1721,
      64.6,      1778,
     64.62,      1730,
     64.64,      1783,
     64.66,      1761,
     64.68,      1792,
      64.7,      1830,
     64.72,      1828,
     64.74,      1812,
     64.76,      1756,
     64.78,      1762,
      64.8,      1750,
     64.82,      1711,
     64.84,      1727,
     64.86,      1770,
     64.88,      1735,
      64.9,      1720,
     64.92,      1795,
     64.94,      1812,
     64.96,      1786,
     64.98,      1788,
        65,      1637,
     65.02,      1828,
     65.04,      1734,
     65.06,      1778,
     65.08,      1865,
      65.1,      1816,
     65.12,      1764,
     65.14,      1801,
     65.16,      1797,
     65.18,      1712,
      65.2,      1734,
     65.22,      1734,
     65.24,      1755,
     65.26,      1759,
     65.28,      1757,
      65.3,      1794,
     65.32,      1763,
     65.34,      1716,
     65.36,      1755,
     65.38,      1714,
      65.4,      1774,
     65.42,      1711,
     65.44,      1713,
     65.46,      1692,
     65.48,      1682,
      65.5,      1802,
     65.52,      1783,
     65.54,      1696,
     65.56,      1715,
     65.58,      1720,
      65.6,      1720,
     65.62,      1742,
     65.64,      1745,
     65.66,      1710,
     65.68,      1729,
      65.7,      1712,
     65.72,      1710,
     65.74,      1733,
     65.76,      1760,
     65.78,      1748,
      65.8,      1744,
     65.82,      1673,
     65.84,      1753,
     65.86,      1775,
     65.88,      1691,
      65.9,      1743,
     65.92,      1675,
     65.94,      1716,
     65.96,      1841,
     65.98,      1803,
        66,      1759,
     66.02,      1727,
     66.04,      1798,
     66.06,      1689,
     66.08,      1720,
      66.1,      1748,
     66.12,      1753,
     66.14,      1775,
     66.16,      1727,
     66.18,      1736,
      66.2,      1732,
     66.22,      1680,
     66.24,      1769,
     66.26,      1768,
     66.28,      1697,
      66.3,      1732,
     66.32,      1738,
     66.34,      1738,
     66.36,      1690,
     66.38,      1770,
      66.4,      1773,
     66.42,      1735,
     66.44,      1750,
     66.46,      1782,
     66.48,      1691,
      66.5,      1676,
     66.52,      1683,
     66.54,      1774,
     66.56,      1641,
     66.58,      1771,
      66.6,      1785,
     66.62,      1734,
     66.64,      1726,
     66.66,      1785,
     66.68,      1775,
      66.7,      1714,
     66.72,      1728,
     66.74,      1761,
     66.76,      1700,
     66.78,      1765,
      66.8,      1727,
     66.82,      1818,
     66.84,      1761,
     66.86,      1772,
     66.88,      1764,
      66.9,      1681,
     66.92,      1807,
     66.94,      1765,
     66.96,      1768,
     66.98,      1700,
        67,      1826,
     67.02,      1779,
     67.04,      1760,
     67.06,      1691,
     67.08,      1758,
      67.1,      1750,
     67.12,      1752,
     67.14,      1633,
     67.16,      1751,
     67.18,      1683,
      67.2,      1786,
     67.22,      1733,
     67.24,      1742,
     67.26,      1730,
     67.28,      1737,
      67.3,      1758,
     67.32,      1774,
     67.34,      1789,
     67.36,      1748,
     67.38,      1861,
      67.4,      1771,
     67.42,      1740,
     67.44,      1828,
     67.46,      1687,
     67.48,      1731,
      67.5,      1670,
     67.52,      1748,
     67.54,      1774,
     67.56,      1776,
     67.58,      1739,
      67.6,      1752,
     67.62,      1761,
     67.64,      1805,
     67.66,      1753,
     67.68,      1659,
      67.7,      1777,
     67.72,      1854,
     67.74,      1700,
     67.76,      1774,
     67.78,      1832,
      67.8,      1780,
     67.82,      1833,
     67.84,      1789,
     67.86,      1736,
     67.88,      1769,
      67.9,      1723,
     67.92,      1779,
     67.94,      1792,
     67.96,      1692,
     67.98,      1848,
        68,      1762,
     68.02,      1891,
     68.04,      1780,
     68.06,      1805,
     68.08,      1849,
      68.1,      1760,
     68.12,      1890,
     68.14,      1784,
     68.16,      1780,
     68.18,      1734,
      68.2,      1798,
     68.22,      1791,
     68.24,      1761,
     68.26,      1740,
     68.28,      1758,
      68.3,      1772,
     68.32,      1877,
     68.34,      1811,
     68.36,      1784,
     68.38,      1827,
      68.4,      1845,
     68.42,      1818,
     68.44,      1823,
     68.46,      1680,
     68.48,      1796,
      68.5,      1754,
     68.52,      1813,
     68.54,      1785,
     68.56,      1837,
     68.58,      1869,
      68.6,      1853,
     68.62,      1830,
     68.64,      1844,
     68.66,      1878,
     68.68,      1896,
      68.7,      1811,
     68.72,      1805,
     68.74,      1826,
     68.76,      1862,
     68.78,      1736,
      68.8,      1816,
     68.82,      1915,
     68.84,      1862,
     68.86,      1844,
     68.88,      1809,
      68.9,      1873,
     68.92,      1856,
     68.94,      1832,
     68.96,      1897,
     68.98,      1882,
        69,      1938,
     69.02,      1934,
     69.04,      1851,
     69.06,      1927,
     69.08,      1971,
      69.1,      1898,
     69.12,      1902,
     69.14,      1854,
     69.16,      1995,
     69.18,      1885,
      69.2,      1890,
     69.22,      1999,
     69.24,      1915,
     69.26,      1984,
     69.28,      2034,
      69.3,      2013,
     69.32,      1972,
     69.34,      1919,
     69.36,      2007,
     69.38,      1998,
      69.4,      1985,
     69.42,      2031,
     69.44,      2001,
     69.46,      1971,
     69.48,      2112,
      69.5,      1995,
     69.52,      2030,
     69.54,      2026,
     69.56,      1981,
     69.58,      2112,
      69.6,      2041,
     69.62,      2096,
     69.64,      2101,
     69.66,      2106,
     69.68,      2108,
      69.7,      2019,
     69.72,      2191,
     69.74,      2117,
     69.76,      2028,
     69.78,      2170,
      69.8,      2100,
     69.82,      2095,
     69.84,      2217,
     69.86,      2181,
     69.88,      2312,
      69.9,      2238,
     69.92,      2189,
     69.94,      2206,
     69.96,      2194,
     69.98,      2172,
        70,      2304,
     70.02,      2334,
     70.04,      2287,
     70.06,      2341,
     70.08,      2306,
      70.1,      2359,
     70.12,      2285,
     70.14,      2227,
     70.16,      2290,
     70.18,      2322,
      70.2,      2310,
     70.22,      2316,
     70.24,      2328,
     70.26,      2453,
     70.28,      2460,
      70.3,      2382,
     70.32,      2350,
     70.34,      2443,
     70.36,      2388,
     70.38,      2356,
      70.4,      2316,
     70.42,      2377,
     70.44,      2385,
     70.46,      2445,
     70.48,      2397,
      70.5,      2391,
     70.52,      2355,
     70.54,      2332,
     70.56,      2370,
     70.58,      2279,
      70.6,      2259,
     70.62,      2426,
     70.64,      2441,
     70.66,      2427,
     70.68,      2258,
      70.7,      2410,
     70.72,      2349,
     70.74,      2358,
     70.76,      2395,
     70.78,      2392,
      70.8,      2353,
     70.82,      2295,
     70.84,      2363,
     70.86,      2364,
     70.88,      2329,
      70.9,      2296,
     70.92,      2266,
     70.94,      2304,
     70.96,      2291,
     70.98,      2277,
        71,      2256,
     71.02,      2295,
     71.04,      2320,
     71.06,      2173,
     71.08,      2228,
      71.1,      2176,
     71.12,      2240,
     71.14,      2200,
     71.16,      2167,
     71.18,      2127,
      71.2,      2186,
     71.22,      2197,
     71.24,      2086,
     71.26,      2216,
     71.28,      2157,
      71.3,      2150,
     71.32,      2077,
     71.34,      2090,
     71.36,      2038,
     71.38,      2017,
      71.4,      2088,
     71.42,      1972,
     71.44,      2079,
     71.46,      2102,
     71.48,      2034,
      71.5,      1971,
     71.52,      2024,
     71.54,      1978,
     71.56,      1962,
     71.58,      1984,
      71.6,      2061,
     71.62,      1961,
     71.64,      2025,
     71.66,      1991,
     71.68,      1967,
      71.7,      1985,
     71.72,      1958,
     71.74,      1968,
     71.76,      1981,
     71.78,      1940,
      71.8,      1910,
     71.82,      1899,
     71.84,      1990,
     71.86,      1951,
     71.88,      1985,
      71.9,      2019,
     71.92,      1914,
     71.94,      1842,
     71.96,      1940,
     71.98,      1915,
        72,      1938,
     72.02,      1876,
     72.04,      1882,
     72.06,      1843,
     72.08,      1925,
      72.1,      1907,
     72.12,      1845,
     72.14,      1883,
     72.16,      1868,
     72.18,      1793,
      72.2,      1885,
     72.22,      1841,
     72.24,      1796,
     72.26,      1880,
     72.28,      1882,
      72.3,      1862,
     72.32,      1824,
     72.34,      1862,
     72.36,      1859,
     72.38,      1863,
      72.4,      1831,
     72.42,      1905,
     72.44,      1811,
     72.46,      1735,
     72.48,      1756,
      72.5,      1846,
     72.52,      1770,
     72.54,      1865,
     72.56,      1817,
     72.58,      1832,
      72.6,      1844,
     72.62,      1805,
     72.64,      1812,
     72.66,      1862,
     72.68,      1880,
      72.7,      1775,
     72.72,      1834,
     72.74,      1858,
     72.76,      1800,
     72.78,      1807,
      72.8,      1791,
     72.82,      1786,
     72.84,      1803,
     72.86,      1800,
     72.88,      1874,
      72.9,      1751,
     72.92,      1833,
     72.94,      1806,
     72.96,      1752,
     72.98,      1780,
        73,      1751,
     73.02,      1717,
     73.04,      1825,
     73.06,      1751,
     73.08,      1794,
      73.1,      1787,
     73.12,      1888,
     73.14,      1760,
     73.16,      1818,
     73.18,      1724,
      73.2,      1775,
     73.22,      1804,
     73.24,      1703,
     73.26,      1837,
     73.28,      1714,
      73.3,      1783,
     73.32,      1705,
     73.34,      1858,
     73.36,      1801,
     73.38,      1698,
      73.4,      1818,
     73.42,      1770,
     73.44,      1742,
     73.46,      1752,
     73.48,      1774,
      73.5,      1766,
     73.52,      1832,
     73.54,      1824,
     73.56,      1819,
     73.58,      1785,
      73.6,      1827,
     73.62,      1755,
     73.64,      1724,
     73.66,      1729,
     73.68,      1740,
      73.7,      1770,
     73.72,      1854,
     73.74,      1840,
     73.76,      1767,
     73.78,      1773,
      73.8,      1839,
     73.82,      1743,
     73.84,      1774,
     73.86,      1807,
     73.88,      1832,
      73.9,      1795,
     73.92,      1765,
     73.94,      1802,
     73.96,      1816,
     73.98,      1724,
        74,      1817,
     74.02,      1713,
     74.04,      1740,
     74.06,      1773,
     74.08,      1812,
      74.1,      1792,
     74.12,      1780,
     74.14,      1812,
     74.16,      1809,
     74.18,      1814,
      74.2,      1804,
     74.22,      1705,
     74.24,      1751,
     74.26,      1743,
     74.28,      1786,
      74.3,      1770,
     74.32,      1753,
     74.34,      1693,
     74.36,      1769,
     74.38,      1803,
      74.4,      1786,
     74.42,      1784,
     74.44,      1746,
     74.46,      1694,
     74.48,      1820,
      74.5,      1830,
     74.52,      1777,
     74.54,      1732,
     74.56,      1808,
     74.58,      1811,
      74.6,      1785,
     74.62,      1740,
     74.64,      1705,
     74.66,      1768,
     74.68,      1726,
      74.7,      1741,
     74.72,      1761,
     74.74,      1856,
     74.76,      1739,
     74.78,      1737,
      74.8,      1734,
     74.82,      1766,
     74.84,      1761,
     74.86,      1804,
     74.88,      1735,
      74.9,      1703,
     74.92,      1755,
     74.94,      1758,
     74.96,      1758,
     74.98,      1815,
        75,      1797,
     75.02,      1790,
     75.04,      1846,
     75.06,      1765,
     75.08,      1721,
      75.1,      1772,
     75.12,      1770,
     75.14,      1752,
     75.16,      1771,
     75.18,      1787,
      75.2,      1825,
     75.22,      1760,
     75.24,      1771,
     75.26,      1756,
     75.28,      1750,
      75.3,      1815,
     75.32,      1700,
     75.34,      1795,
     75.36,      1842,
     75.38,      1777,
      75.4,      1837,
     75.42,      1858,
     75.44,      1723,
     75.46,      1790,
     75.48,      1741,
      75.5,      1768,
     75.52,      1683,
     75.54,      1833,
     75.56,      1693,
     75.58,      1634,
      75.6,      1730,
     75.62,      1794,
     75.64,      1822,
     75.66,      1757,
     75.68,      1789,
      75.7,      1750,
     75.72,      1724,
     75.74,      1801,
     75.76,      1801,
     75.78,      1751,
      75.8,      1697,
     75.82,      1733,
     75.84,      1806,
     75.86,      1708,
     75.88,      1790,
      75.9,      1799,
     75.92,      1687,
     75.94,      1749,
     75.96,      1785,
     75.98,      1749,
        76,      1774,
     76.02,      1734,
     76.04,      1790,
     76.06,      1777,
     76.08,      1854,
      76.1,      1776,
     76.12,      1810,
     76.14,      1826,
     76.16,      1873,
     76.18,      1843,
      76.2,      1782,
     76.22,      1794,
     76.24,      1706,
     76.26,      1755,
     76.28,      1810,
      76.3,      1794,
     76.32,      1780,
     76.34,      1864,
     76.36,      1833,
     76.38,      1779,
      76.4,      1727,
     76.42,      1845,
     76.44,      1763,
     76.46,      1798,
     76.48,      1780,
      76.5,      1794,
     76.52,      1780,
     76.54,      1817,
     76.56,      1719,
     76.58,      1838,
      76.6,      1771,
     76.62,      1811,
     76.64,      1797,
     76.66,      1815,
     76.68,      1884,
      76.7,      1845,
     76.72,      1791,
     76.74,      1797,
     76.76,      1872,
     76.78,      1815,
      76.8,      1799,
     76.82,      1771,
     76.84,      1792,
     76.86,      1798,
     76.88,      1859,
      76.9,      1873,
     76.92,      1878,
     76.94,      1885,
     76.96,      1780,
     76.98,      1699,
        77,      1894,
     77.02,      1848,
     77.04,      1805,
     77.06,      1815,
     77.08,      1855,
      77.1,      1789,
     77.12,      1878,
     77.14,      1776,
     77.16,      1794,
     77.18,      1757,
      77.2,      1830,
     77.22,      1832,
     77.24,      1924,
     77.26,      1866,
     77.28,      1888,
      77.3,      1927,
     77.32,      1884,
     77.34,      1902,
     77.36,      1886,
     77.38,      1927,
      77.4,      1908,
     77.42,      1845,
     77.44,      1828,
     77.46,      1864,
     77.48,      1906,
      77.5,      1827,
     77.52,      1890,
     77.54,      1965,
     77.56,      1848,
     77.58,      1928,
      77.6,      1947,
     77.62,      1916,
     77.64,      1926,
     77.66,      1941,
     77.68,      1905,
      77.7,      1969,
     77.72,      1913,
     77.74,      1918,
     77.76,      1892,
     77.78,      1931,
      77.8,      1855,
     77.82,      1913,
     77.84,      1956,
     77.86,      1943,
     77.88,      1927,
      77.9,      1958,
     77.92,      1863,
     77.94,      1900,
     77.96,      1913,
     77.98,      1934,
        78,      2034,
     78.02,      1932,
     78.04,      2009,
     78.06,      1945,
     78.08,      1891,
      78.1,      2054,
     78.12,      1971,
     78.14,      1986,
     78.16,      1924,
     78.18,      2005,
      78.2,      1979,
     78.22,      1980,
     78.24,      1949,
     78.26,      2014,
     78.28,      2014,
      78.3,      2067,
     78.32,      2072,
     78.34,      2036,
     78.36,      2012,
     78.38,      2004,
      78.4,      1960,
     78.42,      2044,
     78.44,      2037,
     78.46,      2069,
     78.48,      2119,
      78.5,      2045,
     78.52,      1990,
     78.54,      2063,
     78.56,      2042,
     78.58,      1926,
      78.6,      2073,
     78.62,      2028,
     78.64,      2077,
     78.66,      2034,
     78.68,      2047,
      78.7,      2064,
     78.72,      1883,
     78.74,      1954,
     78.76,      2069,
     78.78,      2046,
      78.8,      1994,
     78.82,      2072,
     78.84,      2018,
     78.86,      1977,
     78.88,      2034,
      78.9,      2026,
     78.92,      2058,
     78.94,      2060,
     78.96,      2026,
     78.98,      2115,
        79,      2019,
     79.02,      2068,
     79.04,      2040,
     79.06,      2008,
     79.08,      2059,
      79.1,      2036,
     79.12,      1994,
     79.14,      1986,
     79.16,      2013,
     79.18,      2030,
      79.2,      2022,
     79.22,      1958,
     79.24,      1990,
     79.26,      1936,
     79.28,      1936,
      79.3,      2045,
     79.32,      2060,
     79.34,      2058,
     79.36,      2043,
     79.38,      1915,
      79.4,      2089,
     79.42,      1986,
     79.44,      2001,
     79.46,      1987,
     79.48,      1944,
      79.5,      1970,
     79.52,      1946,
     79.54,      1982,
     79.56,      2069,
     79.58,      1869,
      79.6,      1848,
     79.62,      1971,
     79.64,      1992,
     79.66,      1931,
     79.68,      1952,
      79.7,      1911,
     79.72,      1965,
     79.74,      1937,
     79.76,      1925,
     79.78,      1915,
      79.8,      1890,
     79.82,      1940,
     79.84,      1997,
     79.86,      1893,
     79.88,      1945,
      79.9,      1961,
     79.92,      1988,
     79.94,      1813,
     79.96,      1921,
     79.98,      1927,
        80,      1921,
     80.02,      1830,
     80.04,      1889,
     80.06,      1863,
     80.08,      1858,
      80.1,      1956,
     80.12,      1959,
     80.14,      1932,
     80.16,      1953,
     80.18,      1868,
      80.2,      1797,
     80.22,      1843,
     80.24,      1878,
     80.26,      1933,
     80.28,      1842,
      80.3,      1838,
     80.32,      1919,
     80.34,      1857,
     80.36,      1889,
     80.38,      1816,
      80.4,      1940,
     80.42,      1888,
     80.44,      1846,
     80.46,      1799,
     80.48,      1772,
      80.5,      1806,
     80.52,      1874,
     80.54,      1803,
     80.56,      1860,
     80.58,      1890,
      80.6,      1830,
     80.62,      1907,
     80.64,      1854,
     80.66,      1800,
     80.68,      1853,
      80.7,      1787,
     80.72,      1818,
     80.74,      1794,
     80.76,      1858,
     80.78,      1854,
      80.8,      1846,
     80.82,      1901,
     80.84,      1757,
     80.86,      1820,
     80.88,      1771,
      80.9,      1740,
     80.92,      1764,
     80.94,      1860,
     80.96,      1851,
     80.98,      1861,
        81,      1865,
     81.02,      1916,
     81.04,      1706,
     81.06,      1854,
     81.08,      1791,
      81.1,      1833,
     81.12,      1767,
     81.14,      1831,
     81.16,      1798,
     81.18,      1848,
      81.2,      1873,
     81.22,      1719,
     81.24,      1774,
     81.26,      1815,
     81.28,      1794,
      81.3,      1889,
     81.32,      1767,
     81.34,      1895,
     81.36,      1800,
     81.38,      1861,
      81.4,      1823,
     81.42,      1897,
     81.44,      1781,
     81.46,      1757,
     81.48,      1829,
      81.5,      1781,
     81.52,      1768,
     81.54,      1782,
     81.56,      1789,
     81.58,      1795,
      81.6,      1730,
     81.62,      1807,
     81.64,      1808,
     81.66,      1779,
     81.68,      1816,
      81.7,      1753,
     81.72,      1801,
     81.74,      1870,
     81.76,      1781,
     81.78,      1791,
      81.8,      1802,
     81.82,      1776,
     81.84,      1827,
     81.86,      1725,
     81.88,      1754,
      81.9,      1755,
     81.92,      1764,
     81.94,      1747,
     81.96,      1846,
     81.98,      1834,
        82,      1882,
     82.02,      1700,
     82.04,      1791,
     82.06,      1817,
     82.08,      1770,
      82.1,      1743,
     82.12,      1797,
     82.14,      1792,
     82.16,      1819,
     82.18,      1855,
      82.2,      1747,
     82.22,      1759,
     82.24,      1767,
     82.26,      1777,
     82.28,      1819,
      82.3,      1848,
     82.32,      1764,
     82.34,      1771,
     82.36,      1816,
     82.38,      1794,
      82.4,      1761,
     82.42,      1816,
     82.44,      1812,
     82.46,      1835,
     82.48,      1762,
      82.5,      1786,
     82.52,      1799,
     82.54,      1840,
     82.56,      1839,
     82.58,      1789,
      82.6,      1859,
     82.62,      1868,
     82.64,      1785,
     82.66,      1782,
     82.68,      1809,
      82.7,      1921,
     82.72,      1806,
     82.74,      1777,
     82.76,      1776,
     82.78,      1773,
      82.8,      1789,
     82.82,      1808,
     82.84,      1811,
     82.86,      1775,
     82.88,      1844,
      82.9,      1810,
     82.92,      1898,
     82.94,      1812,
     82.96,      1788,
     82.98,      1793,
        83,      1816,
     83.02,      1851,
     83.04,      1824,
     83.06,      1891,
     83.08,      1795,
      83.1,      1833,
     83.12,      1856,
     83.14,      1806,
     83.16,      1906,
     83.18,      1823,
      83.2,      1789,
     83.22,      1899,
     83.24,      1840,
     83.26,      1788,
     83.28,      1866,
      83.3,      1805,
     83.32,      1805,
     83.34,      1950,
     83.36,      1903,
     83.38,      1840,
      83.4,      1853,
     83.42,      1954,
     83.44,      1859,
     83.46,      1873,
     83.48,      1846,
      83.5,      1912,
     83.52,      1913,
     83.54,      1909,
     83.56,      1845,
     83.58,      1894,
      83.6,      1866,
     83.62,      1863,
     83.64,      1961,
     83.66,      1869,
     83.68,      1926,
      83.7,      1839,
     83.72,      1944,
     83.74,      1873,
     83.76,      1999,
     83.78,      1967,
      83.8,      1920,
     83.82,      1901,
     83.84,      1961,
     83.86,      1976,
     83.88,      1881,
      83.9,      1855,
     83.92,      1978,
     83.94,      1969,
     83.96,      2004,
     83.98,      2054,
        84,      1928,
     84.02,      1935,
     84.04,      1934,
     84.06,      1944,
     84.08,      2005,
      84.1,      1995,
     84.12,      1992,
     84.14,      2001,
     84.16,      1965,
     84.18,      2007,
      84.2,      1980,
     84.22,      1996,
     84.24,      2041,
     84.26,      2008,
     84.28,      1958,
      84.3,      2074,
     84.32,      2051,
     84.34,      2046,
     84.36,      1957,
     84.38,      2040,
      84.4,      2074,
     84.42,      2093,
     84.44,      1968,
     84.46,      2052,
     84.48,      2105,
      84.5,      2093,
     84.52,      2016,
     84.54,      2086,
     84.56,      2102,
     84.58,      2024,
      84.6,      2150,
     84.62,      2157,
     84.64,      2115,
     84.66,      2114,
     84.68,      2076,
      84.7,      2069,
     84.72,      2258,
     84.74,      2093,
     84.76,      2036,
     84.78,      2036,
      84.8,      2106,
     84.82,      2125,
     84.84,      2102,
     84.86,      2171,
     84.88,      2106,
      84.9,      2129,
     84.92,      2029,
     84.94,      2133,
     84.96,      2095,
     84.98,      2126,
        85,      2170,
     85.02,      2131,
     85.04,      2156,
     85.06,      2167,
     85.08,      2132,
      85.1,      2086,
     85.12,      2146,
     85.14,      2154,
     85.16,      2093,
     85.18,      2109,
      85.2,      2057,
     85.22,      2099,
     85.24,      2098,
     85.26,      2035,
     85.28,      2073,
      85.3,      2070,
     85.32,      2072,
     85.34,      2009,
     85.36,      2111,
     85.38,      2094,
      85.4,      2027,
     85.42,      2133,
     85.44,      1961,
     85.46,      2054,
     85.48,      1972,
      85.5,      2049,
     85.52,      1997,
     85.54,      1952,
     85.56,      1966,
     85.58,      1971,
      85.6,      2040,
     85.62,      2028,
     85.64,      2000,
     85.66,      1918,
     85.68,      2005,
      85.7,      1977,
     85.72,      1944,
     85.74,      1979,
     85.76,      1904,
     85.78,      1904,
      85.8,      1957,
     85.82,      2036,
     85.84,      1946,
     85.86,      1942,
     85.88,      1913,
      85.9,      1963,
     85.92,      1881,
     85.94,      1882,
     85.96,      1959,
     85.98,      1902,
        86,      1927,
     86.02,      1806,
     86.04,      1840,
     86.06,      1864,
     86.08,      1866,
      86.1,      1820,
     86.12,      1894,
     86.14,      1883,
     86.16,      1895,
     86.18,      1809,
      86.2,      1811,
     86.22,      1890,
     86.24,      1909,
     86.26,      1910,
     86.28,      1807,
      86.3,      1814,
     86.32,      1850,
     86.34,      1756,
     86.36,      1805,
     86.38,      1841,
      86.4,      1874,
     86.42,      1752,
     86.44,      1836,
     86.46,      1741,
     86.48,      1769,
      86.5,      1783,
     86.52,      1816,
     86.54,      1865,
     86.56,      1814,
     86.58,      1793,
      86.6,      1812,
     86.62,      1730,
     86.64,      1756,
     86.66,      1664,
     86.68,      1736,
      86.7,      1763,
     86.72,      1725,
     86.74,      1780,
     86.76,      1705,
     86.78,      1705,
      86.8,      1696,
     86.82,      1707,
     86.84,      1733,
     86.86,      1703,
     86.88,      1672,
      86.9,      1705,
     86.92,      1633,
     86.94,      1707,
     86.96,      1749,
     86.98,      1674,
        87,      1742,
     87.02,      1687,
     87.04,      1680,
     87.06,      1702,
     87.08,      1738,
      87.1,      1699,
     87.12,      1679,
     87.14,      1655,
     87.16,      1681,
     87.18,      1693,
      87.2,      1651,
     87.22,      1679,
     87.24,      1644,
     87.26,      1689,
     87.28,      1659,
      87.3,      1685,
     87.32,      1707,
     87.34,      1719,
     87.36,      1615,
     87.38,      1606,
      87.4,      1579,
     87.42,      1652,
     87.44,      1578,
     87.46,      1685,
     87.48,      1712,
      87.5,      1681,
     87.52,      1650,
     87.54,      1689,
     87.56,      1602,
     87.58,      1648,
      87.6,      1647,
     87.62,      1678,
     87.64,      1657,
     87.66,      1674,
     87.68,      1651,
      87.7,      1675,
     87.72,      1657,
     87.74,      1658,
     87.76,      1580,
     87.78,      1601,
      87.8,      1636,
     87.82,      1657,
     87.84,      1634,
     87.86,      1694,
     87.88,      1696,
      87.9,      1630,
     87.92,      1625,
     87.94,      1528,
     87.96,      1609,
     87.98,      1651,
        88,      1613,
     88.02,      1746,
     88.04,      1655,
     88.06,      1650,
     88.08,      1726,
      88.1,      1697,
     88.12,      1632,
     88.14,      1670,
     88.16,      1611,
     88.18,      1610,
      88.2,      1631,
     88.22,      1641,
     88.24,      1665,
     88.26,      1604,
     88.28,      1691,
      88.3,      1611,
     88.32,      1644,
     88.34,      1693,
     88.36,      1639,
     88.38,      1635,
      88.4,      1670,
     88.42,      1679,
     88.44,      1590,
     88.46,      1657,
     88.48,      1696,
      88.5,      1524,
     88.52,      1676,
     88.54,      1635,
     88.56,      1564,
     88.58,      1668,
      88.6,      1724,
     88.62,      1714,
     88.64,      1621,
     88.66,      1720,
     88.68,      1670,
      88.7,      1628,
     88.72,      1649,
     88.74,      1644,
     88.76,      1601,
     88.78,      1608,
      88.8,      1710,
     88.82,      1611,
     88.84,      1690,
     88.86,      1687,
     88.88,      1649,
      88.9,      1697,
     88.92,      1665,
     88.94,      1793,
     88.96,      1700,
     88.98,      1678,
        89,      1662,
     89.02,      1669,
     89.04,      1764,
     89.06,      1720,
     89.08,      1701,
      89.1,      1736,
     89.12,      1768,
     89.14,      1777,
     89.16,      1674,
     89.18,      1784,
      89.2,      1691,
     89.22,      1644,
     89.24,      1723,
     89.26,      1727,
     89.28,      1708,
      89.3,      1767,
     89.32,      1756,
     89.34,      1757,
     89.36,      1779,
     89.38,      1765,
      89.4,      1782,
     89.42,      1733,
     89.44,      1775,
     89.46,      1816,
     89.48,      1848,
      89.5,      1719,
     89.52,      1780,
     89.54,      1764,
     89.56,      1715,
     89.58,      1710,
      89.6,      1793,
     89.62,      1798,
     89.64,      1808,
     89.66,      1839,
     89.68,      1806,
      89.7,      1819,
     89.72,      1816,
     89.74,      1721,
     89.76,      1796,
     89.78,      1762,
      89.8,      1807,
     89.82,      1804,
     89.84,      1814,
     89.86,      1827,
     89.88,      1846,
      89.9,      1869,
     89.92,      1817,
     89.94,      1838,
     89.96,      1874,
     89.98,      1765,
        90,      1805,
     90.02,      1764,
     90.04,      1846,
     90.06,      1832,
     90.08,      1907,
      90.1,      1820,
     90.12,      1797,
     90.14,      1790,
     90.16,      1849,
     90.18,      1830,
      90.2,      1758,
     90.22,      1736,
     90.24,      1807,
     90.26,      1772,
     90.28,      1822,
      90.3,      1774,
     90.32,      1832,
     90.34,      1858,
     90.36,      1767,
     90.38,      1807,
      90.4,      1781,
     90.42,      1833,
     90.44,      1763,
     90.46,      1716,
     90.48,      1812,
      90.5,      1822,
     90.52,      1770,
     90.54,      1721,
     90.56,      1783,
     90.58,      1740,
      90.6,      1770,
     90.62,      1691,
     90.64,      1715,
     90.66,      1642,
     90.68,      1705,
      90.7,      1773,
     90.72,      1691,
     90.74,      1777,
     90.76,      1797,
     90.78,      1726,
      90.8,      1664,
     90.82,      1717,
     90.84,      1710,
     90.86,      1694,
     90.88,      1692,
      90.9,      1704,
     90.92,      1598,
     90.94,      1636,
     90.96,      1616,
     90.98,      1684,
        91,      1683,
     91.02,      1664,
     91.04,      1766,
     91.06,      1685,
     91.08,      1737,
      91.1,      1647,
     91.12,      1576,
     91.14,      1609,
     91.16,      1600,
     91.18,      1718,
      91.2,      1668,
     91.22,      1688,
     91.24,      1705,
     91.26,      1671,
     91.28,      1620,
      91.3,      1617,
     91.32,      1661,
     91.34,      1592,
     91.36,      1624,
     91.38,      1607,
      91.4,      1672,
     91.42,      1629,
     91.44,      1598,
     91.46,      1671,
     91.48,      1622,
      91.5,      1604,
     91.52,      1683,
     91.54,      1638,
     91.56,      1672,
     91.58,      1649,
      91.6,      1624,
     91.62,      1651,
     91.64,      1673,
     91.66,      1584,
     91.68,      1651,
      91.7,      1615,
     91.72,      1708,
     91.74,      1663,
     91.76,      1663,
     91.78,      1632,
      91.8,      1600,
     91.82,      1580,
     91.84,      1616,
     91.86,      1644,
     91.88,      1630,
      91.9,      1721,
     91.92,      1688,
     91.94,      1641,
     91.96,      1614,
     91.98,      1614,
        92,      1635,
     92.02,      1591,
     92.04,      1651,
     92.06,      1612,
     92.08,      1694,
      92.1,      1650,
     92.12,      1617,
     92.14,      1654,
     92.16,      1664,
     92.18,      1605,
      92.2,      1676,
     92.22,      1595,
     92.24,      1650,
     92.26,      1653,
     92.28,      1624,
      92.3,      1661,
     92.32,      1626,
     92.34,      1661,
     92.36,      1599,
     92.38,      1670,
      92.4,      1655,
     92.42,      1601,
     92.44,      1642,
     92.46,      1654,
     92.48,      1615,
      92.5,      1589,
     92.52,      1625,
     92.54,      1634,
     92.56,      1623,
     92.58,      1580,
      92.6,      1728,
     92.62,      1623,
     92.64,      1620,
     92.66,      1600,
     92.68,      1653,
      92.7,      1620,
     92.72,      1700,
     92.74,      1563,
     92.76,      1664,
     92.78,      1700,
      92.8,      1625,
     92.82,      1609,
     92.84,      1669,
     92.86,      1562,
     92.88,      1611,
      92.9,      1634,
     92.92,      1650,
     92.94,      1622,
     92.96,      1681,
     92.98,      1652,
        93,      1585,
     93.02,      1619,
     93.04,      1639,
     93.06,      1599,
     93.08,      1652,
      93.1,      1658,
     93.12,      1691,
     93.14,      1640,
     93.16,      1639,
     93.18,      1631,
      93.2,      1638,
     93.22,      1569,
     93.24,      1616,
     93.26,      1655,
     93.28,      1647,
      93.3,      1574,
     93.32,      1564,
     93.34,      1566,
     93.36,      1683,
     93.38,      1632,
      93.4,      1629,
     93.42,      1590,
     93.44,      1626,
     93.46,      1612,
     93.48,      1577,
      93.5,      1547,
     93.52,      1594,
     93.54,      1672,
     93.56,      1616,
     93.58,      1625,
      93.6,      1676,
     93.62,      1609,
     93.64,      1613,
     93.66,      1598,
     93.68,      1622,
      93.7,      1612,
     93.72,      1652,
     93.74,      1664,
     93.76,      1601,
     93.78,      1664,
      93.8,      1716,
     93.82,      1621,
     93.84,      1675,
     93.86,      1627,
     93.88,      1584,
      93.9,      1605,
     93.92,      1611,
     93.94,      1570,
     93.96,      1614,
     93.98,      1607,
        94,      1585,
     94.02,      1590,
     94.04,      1589,
     94.06,      1601,
     94.08,      1639,
      94.1,      1614,
     94.12,      1582,
     94.14,      1584,
     94.16,      1567,
     94.18,      1632,
      94.2,      1598,
     94.22,      1613,
     94.24,      1613,
     94.26,      1611,
     94.28,      1534,
      94.3,      1538,
     94.32,      1540,
     94.34,      1635,
     94.36,      1659,
     94.38,      1628,
      94.4,      1578,
     94.42,      1632,
     94.44,      1600,
     94.46,      1551,
     94.48,      1549,
      94.5,      1537,
     94.52,      1600,
     94.54,      1576,
     94.56,      1640,
     94.58,      1551,
      94.6,      1570,
     94.62,      1615,
     94.64,      1637,
     94.66,      1603,
     94.68,      1693,
      94.7,      1540,
     94.72,      1599,
     94.74,      1593,
     94.76,      1593,
     94.78,      1638,
      94.8,      1624,
     94.82,      1603,
     94.84,      1569,
     94.86,      1573,
     94.88,      1563,
      94.9,      1569,
     94.92,      1636,
     94.94,      1562,
     94.96,      1591,
     94.98,      1530,
        95,      1590,
     95.02,      1587,
     95.04,      1529,
     95.06,      1589,
     95.08,      1595,
      95.1,      1556,
     95.12,      1581,
     95.14,      1613,
     95.16,      1498,
     95.18,      1525,
      95.2,      1607,
     95.22,      1575,
     95.24,      1579,
     95.26,      1657,
     95.28,      1528,
      95.3,      1543,
     95.32,      1627,
     95.34,      1637,
     95.36,      1583,
     95.38,      1537,
      95.4,      1532,
     95.42,      1617,
     95.44,      1573,
     95.46,      1523,
     95.48,      1546,
      95.5,      1568,
     95.52,      1539,
     95.54,      1576,
     95.56,      1599,
     95.58,      1549,
      95.6,      1634,
     95.62,      1622,
     95.64,      1532,
     95.66,      1570,
     95.68,      1513,
      95.7,      1579,
     95.72,      1529,
     95.74,      1569,
     95.76,      1611,
     95.78,      1482,
      95.8,      1560,
     95.82,      1507,
     95.84,      1504,
     95.86,      1560,
     95.88,      1572,
      95.9,      1505,
     95.92,      1550,
     95.94,      1511,
     95.96,      1585,
     95.98,      1547,
        96,      1563,
     96.02,      1599,
     96.04,      1565,
     96.06,      1531,
     96.08,      1575,
      96.1,      1571,
     96.12,      1636,
     96.14,      1542,
     96.16,      1464,
     96.18,      1551,
      96.2,      1542,
     96.22,      1535,
     96.24,      1527,
     96.26,      1567,
     96.28,      1609,
      96.3,      1495,
     96.32,      1544,
     96.34,      1534,
     96.36,      1570,
     96.38,      1592,
      96.4,      1526,
     96.42,      1637,
     96.44,      1565,
     96.46,      1542,
     96.48,      1607,
      96.5,      1569,
     96.52,      1546,
     96.54,      1561,
     96.56,      1490,
     96.58,      1615,
      96.6,      1531,
     96.62,      1572,
     96.64,      1521,
     96.66,      1554,
     96.68,      1562,
      96.7,      1600,
     96.72,      1592,
     96.74,      1510,
     96.76,      1508,
     96.78,      1588,
      96.8,      1544,
     96.82,      1568,
     96.84,      1518,
     96.86,      1519,
     96.88,      1500,
      96.9,      1508,
     96.92,      1563,
     96.94,      1526,
     96.96,      1589,
     96.98,      1554,
        97,      1502,
     97.02,      1509,
     97.04,      1528,
     97.06,      1592,
     97.08,      1576,
      97.1,      1625,
     97.12,      1613,
     97.14,      1555,
     97.16,      1516,
     97.18,      1562,
      97.2,      1488,
     97.22,      1501,
     97.24,      1607,
     97.26,      1529,
     97.28,      1557,
      97.3,      1594,
     97.32,      1587,
     97.34,      1599,
     97.36,      1514,
     97.38,      1564,
      97.4,      1619,
     97.42,      1549,
     97.44,      1578,
     97.46,      1499,
     97.48,      1604,
      97.5,      1615,
     97.52,      1592,
     97.54,      1519,
     97.56,      1555,
     97.58,      1591,
      97.6,      1594,
     97.62,      1494,
     97.64,      1557,
     97.66,      1531,
     97.68,      1629,
      97.7,      1539,
     97.72,      1595,
     97.74,      1602,
     97.76,      1584,
     97.78,      1572,
      97.8,      1491,
     97.82,      1552,
     97.84,      1520,
     97.86,      1554,
     97.88,      1623,
      97.9,      1594,
     97.92,      1552,
     97.94,      1582,
     97.96,      1565,
     97.98,      1528,
        98,      1538,
     98.02,      1534,
     98.04,      1605,
     98.06,      1538,
     98.08,      1630,
      98.1,      1531,
     98.12,      1514,
     98.14,      1561,
     98.16,      1514,
     98.18,      1502,
      98.2,      1599,
     98.22,      1567,
     98.24,      1517,
     98.26,      1618,
     98.28,      1459,
      98.3,      1542,
     98.32,      1600,
     98.34,      1561,
     98.36,      1587,
     98.38,      1587,
      98.4,      1515,
     98.42,      1540,
     98.44,      1532,
     98.46,      1546,
     98.48,      1543,
      98.5,      1550,
     98.52,      1537,
     98.54,      1452,
     98.56,      1531,
     98.58,      1545,
      98.6,      1522,
     98.62,      1563,
     98.64,      1580,
     98.66,      1556,
     98.68,      1542,
      98.7,      1561,
     98.72,      1540,
     98.74,      1485,
     98.76,      1552,
     98.78,      1542,
      98.8,      1570,
     98.82,      1541,
     98.84,      1616,
     98.86,      1528,
     98.88,      1561,
      98.9,      1531,
     98.92,      1523,
     98.94,      1534,
     98.96,      1558,
     98.98,      1473,
        99,      1576,
     99.02,      1509,
     99.04,      1571,
     99.06,      1484,
     99.08,      1534,
      99.1,      1554,
     99.12,      1571,
     99.14,      1568,
     99.16,      1579,
     99.18,      1502,
      99.2,      1534,
     99.22,      1570,
     99.24,      1604,
     99.26,      1566,
     99.28,      1563,
      99.3,      1552,
     99.32,      1516,
     99.34,      1587,
     99.36,      1555,
     99.38,      1621,
      99.4,      1520,
     99.42,      1577,
     99.44,      1549,
     99.46,      1587,
     99.48,      1588,
      99.5,      1632,
     99.52,      1613,
     99.54,      1594,
     99.56,      1565,
     99.58,      1496,
      99.6,      1567,
     99.62,      1546,
     99.64,      1575,
     99.66,      1494,
     99.68,      1574,
      99.7,      1567,
     99.72,      1503,
     99.74,      1581,
     99.76,      1570,
     99.78,      1602,
      99.8,      1477,
     99.82,      1533,
     99.84,      1548,
     99.86,      1595,
     99.88,      1582,
      99.9,      1593,
     99.92,      1513,
     99.94,      1503,
     99.96,      1577,
     99.98,      1557,
       100,      1596,
    100.02,      1538,
    100.04,      1563,
    100.06,      1506,
    100.08,      1535,
     100.1,      1505,
    100.12,      1532,
    100.14,      1470,
    100.16,      1591,
    100.18,      1574,
     100.2,      1511,
    100.22,      1546,
    100.24,      1501,
    100.26,      1572,
    100.28,      1533,
     100.3,      1525,
    100.32,      1593,
    100.34,      1605,
    100.36,      1535,
    100.38,      1578,
     100.4,      1565,
    100.42,      1547,
    100.44,      1552,
    100.46,      1526,
    100.48,      1506,
     100.5,      1516,
    100.52,      1569,
    100.54,      1550,
    100.56,      1514,
    100.58,      1535,
     100.6,      1553,
    100.62,      1543,
    100.64,      1491,
    100.66,      1598,
    100.68,      1538,
     100.7,      1582,
    100.72,      1583,
    100.74,      1577,
    100.76,      1570,
    100.78,      1588,
     100.8,      1600,
    100.82,      1537,
    100.84,      1570,
    100.86,      1565,
    100.88,      1476,
     100.9,      1552,
    100.92,      1530,
    100.94,      1537,
    100.96,      1597,
    100.98,      1496,
       101,      1593,
    101.02,      1619,
    101.04,      1604,
    101.06,      1560,
    101.08,      1580,
     101.1,      1587,
    101.12,      1493,
    101.14,      1564,
    101.16,      1542,
    101.18,      1582,
     101.2,      1636,
    101.22,      1565,
    101.24,      1541,
    101.26,      1544,
    101.28,      1552,
     101.3,      1529,
    101.32,      1586,
    101.34,      1612,
    101.36,      1597,
    101.38,      1574,
     101.4,      1519,
    101.42,      1532,
    101.44,      1555,
    101.46,      1553,
    101.48,      1536,
     101.5,      1537,
    101.52,      1521,
    101.54,      1609,
    101.56,      1529,
    101.58,      1532,
     101.6,      1540,
    101.62,      1555,
    101.64,      1574,
    101.66,      1547,
    101.68,      1544,
     101.7,      1542,
    101.72,      1538,
    101.74,      1616,
    101.76,      1568,
    101.78,      1542,
     101.8,      1536,
    101.82,      1572,
    101.84,      1591,
    101.86,      1547,
    101.88,      1608,
     101.9,      1613,
    101.92,      1598,
    101.94,      1587,
    101.96,      1575,
    101.98,      1599,
       102,      1542,
    102.02,      1548,
    102.04,      1550,
    102.06,      1588,
    102.08,      1585,
     102.1,      1563,
    102.12,      1530,
    102.14,      1469,
    102.16,      1539,
    102.18,      1560,
     102.2,      1603,
    102.22,      1542,
    102.24,      1542,
    102.26,      1575,
    102.28,      1575,
     102.3,      1538,
    102.32,      1608,
    102.34,      1587,
    102.36,      1514,
    102.38,      1522,
     102.4,      1586,
    102.42,      1644,
    102.44,      1613,
    102.46,      1590,
    102.48,      1546,
     102.5,      1517,
    102.52,      1607,
    102.54,      1528,
    102.56,      1689,
    102.58,      1526,
     102.6,      1581,
    102.62,      1521,
    102.64,      1542,
    102.66,      1592,
    102.68,      1540,
     102.7,      1582,
    102.72,      1571,
    102.74,      1610,
    102.76,      1532,
    102.78,      1528,
     102.8,      1655,
    102.82,      1524,
    102.84,      1556,
    102.86,      1597,
    102.88,      1499,
     102.9,      1577,
    102.92,      1529,
    102.94,      1600,
    102.96,      1589,
    102.98,      1564,
       103,      1605,
    103.02,      1547,
    103.04,      1592,
    103.06,      1546,
    103.08,      1579,
     103.1,      1615,
    103.12,      1550,
    103.14,      1570,
    103.16,      1532,
    103.18,      1602,
     103.2,      1538,
    103.22,      1548,
    103.24,      1602,
    103.26,      1487,
    103.28,      1537,
     103.3,      1612,
    103.32,      1617,
    103.34,      1661,
    103.36,      1516,
    103.38,      1539,
     103.4,      1594,
    103.42,      1555,
    103.44,      1555,
    103.46,      1571,
    103.48,      1528,
     103.5,      1586,
    103.52,      1567,
    103.54,      1563,
    103.56,      1589,
    103.58,      1553,
     103.6,      1554,
    103.62,      1538,
    103.64,      1556,
    103.66,      1518,
    103.68,      1581,
     103.7,      1529,
    103.72,      1612,
    103.74,      1575,
    103.76,      1599,
    103.78,      1594,
     103.8,      1592,
    103.82,      1531,
    103.84,      1563,
    103.86,      1541,
    103.88,      1533,
     103.9,      1554,
    103.92,      1563,
    103.94,      1492,
    103.96,      1537,
    103.98,      1554,
       104,      1609,
    104.02,      1526,
    104.04,      1571,
    104.06,      1574,
    104.08,      1562,
     104.1,      1597,
    104.12,      1528,
    104.14,      1534,
    104.16,      1595,
    104.18,      1506,
     104.2,      1509,
    104.22,      1577,
    104.24,      1534,
    104.26,      1554,
    104.28,      1610,
     104.3,      1518,
    104.32,      1508,
    104.34,      1523,
    104.36,      1621,
    104.38,      1568,
     104.4,      1592,
    104.42,      1616,
    104.44,      1430,
    104.46,      1539,
    104.48,      1541,
     104.5,      1546,
    104.52,      1573,
    104.54,      1471,
    104.56,      1591,
    104.58,      1568,
     104.6,      1609,
    104.62,      1517,
    104.64,      1552,
    104.66,      1518,
    104.68,      1583,
     104.7,      1544,
    104.72,      1627,
    104.74,      1636,
    104.76,      1580,
    104.78,      1616,
     104.8,      1546,
    104.82,      1575,
    104.84,      1510,
    104.86,      1558,
    104.88,      1583,
     104.9,      1595,
    104.92,      1580,
    104.94,      1575,
    104.96,      1602,
    104.98,      1670,
       105,      1540,
    105.02,      1580,
    105.04,      1596,
    105.06,      1594,
    105.08,      1551,
     105.1,      1588,
    105.12,      1609,
    105.14,      1581,
    105.16,      1611,
    105.18,      1579,
     105.2,      1578,
    105.22,      1602,
    105.24,      1572,
    105.26,      1607,
    105.28,      1685,
     105.3,      1646,
    105.32,      1588,
    105.34,      1592,
    105.36,      1619,
    105.38,      1600,
     105.4,      1587,
    105.42,      1612,
    105.44,      1569,
    105.46,      1590,
    105.48,      1629,
     105.5,      1580,
    105.52,      1606,
    105.54,      1541,
    105.56,      1568,
    105.58,      1612,
     105.6,      1602,
    105.62,      1566,
    105.64,      1572,
    105.66,      1656,
    105.68,      1532,
     105.7,      1592,
    105.72,      1590,
    105.74,      1594,
    105.76,      1553,
    105.78,      1581,
     105.8,      1587,
    105.82,      1561,
    105.84,      1641,
    105.86,      1634,
    105.88,      1580,
     105.9,      1634,
    105.92,      1594,
    105.94,      1620,
    105.96,      1617,
    105.98,      1589,
       106,      1617,
    106.02,      1600,
    106.04,      1586,
    106.06,      1528,
    106.08,      1562,
     106.1,      1667,
    106.12,      1569,
    106.14,      1618,
    106.16,      1619,
    106.18,      1530,
     106.2,      1666,
    106.22,      1639,
    106.24,      1594,
    106.26,      1586,
    106.28,      1535,
     106.3,      1614,
    106.32,      1563,
    106.34,      1591,
    106.36,      1522,
    106.38,      1544,
     106.4,      1537,
    106.42,      1556,
    106.44,      1558,
    106.46,      1627,
    106.48,      1547,
     106.5,      1520,
    106.52,      1654,
    106.54,      1541,
    106.56,      1635,
    106.58,      1656,
     106.6,      1614,
    106.62,      1582,
    106.64,      1678,
    106.66,      1638,
    106.68,      1618,
     106.7,      1600,
    106.72,      1518,
    106.74,      1565,
    106.76,      1642,
    106.78,      1565,
     106.8,      1634,
    106.82,      1646,
    106.84,      1638,
    106.86,      1604,
    106.88,      1618,
     106.9,      1605,
    106.92,      1641,
    106.94,      1633,
    106.96,      1537,
    106.98,      1679,
       107,      1634,
    107.02,      1581,
    107.04,      1641,
    107.06,      1597,
    107.08,      1686,
     107.1,      1588,
    107.12,      1643,
    107.14,      1663,
    107.16,      1565,
    107.18,      1591,
     107.2,      1597,
    107.22,      1536,
    107.24,      1636,
    107.26,      1612,
    107.28,      1603,
     107.3,      1553,
    107.32,      1613,
    107.34,      1628,
    107.36,      1631,
    107.38,      1624,
     107.4,      1610,
    107.42,      1674,
    107.44,      1535,
    107.46,      1624,
    107.48,      1589,
     107.5,      1592,
    107.52,      1613,
    107.54,      1590,
    107.56,      1579,
    107.58,      1656,
     107.6,      1649,
    107.62,      1616,
    107.64,      1652,
    107.66,      1658,
    107.68,      1656,
     107.7,      1622,
    107.72,      1709,
    107.74,      1600,
    107.76,      1625,
    107.78,      1607,
     107.8,      1579,
    107.82,      1671,
    107.84,      1671,
    107.86,      1651,
    107.88,      1697,
     107.9,      1652,
    107.92,      1645,
    107.94,      1642,
    107.96,      1706,
    107.98,      1600,
       108,      1649,
    108.02,      1582,
    108.04,      1631,
    108.06,      1669,
    108.08,      1706,
     108.1,      1613,
    108.12,      1599,
    108.14,      1671,
    108.16,      1587,
    108.18,      1666,
     108.2,      1619,
    108.22,      1636,
    108.24,      1684,
    108.26,      1598,
    108.28,      1665,
     108.3,      1652,
    108.32,      1669,
    108.34,      1646,
    108.36,      1697,
    108.38,      1610,
     108.4,      1641,
    108.42,      1666,
    108.44,      1649,
    108.46,      1597,
    108.48,      1631,
     108.5,      1714,
    108.52,      1743,
    108.54,      1699,
    108.56,      1589,
    108.58,      1692,
     108.6,      1646,
    108.62,      1652,
    108.64,      1646,
    108.66,      1660,
    108.68,      1710,
     108.7,      1659,
    108.72,      1732,
    108.74,      1637,
    108.76,      1623,
    108.78,      1665,
     108.8,      1701,
    108.82,      1677,
    108.84,      1667,
    108.86,      1718,
    108.88,      1691,
     108.9,      1590,
    108.92,      1675,
    108.94,      1725,
    108.96,      1701,
    108.98,      1646,
       109,      1700,
    109.02,      1663,
    109.04,      1726,
    109.06,      1675,
    109.08,      1708,
     109.1,      1687,
    109.12,      1709,
    109.14,      1618,
    109.16,      1690,
    109.18,      1649,
     109.2,      1652,
    109.22,      1663,
    109.24,      1710,
    109.26,      1636,
    109.28,      1625,
     109.3,      1759,
    109.32,      1657,
    109.34,      1692,
    109.36,      1753,
    109.38,      1651,
     109.4,      1571,
    109.42,      1689,
    109.44,      1637,
    109.46,      1670,
    109.48,      1610,
     109.5,      1675,
    109.52,      1710,
    109.54,      1667,
    109.56,      1645,
    109.58,      1744,
     109.6,      1682,
    109.62,      1685,
    109.64,      1729,
    109.66,      1717,
    109.68,      1661,
     109.7,      1717,
    109.72,      1764,
    109.74,      1706,
    109.76,      1651,
    109.78,      1692,
     109.8,      1648,
    109.82,      1763,
    109.84,      1684,
    109.86,      1692,
    109.88,      1727,
     109.9,      1727,
    109.92,      1676,
    109.94,      1692,
    109.96,      1653,
    109.98,      1759,
       110,      1699,
    110.02,      1651,
    110.04,      1725,
    110.06,      1623,
    110.08,      1704,
     110.1,      1668,
    110.12,      1626,
    110.14,      1655,
    110.16,      1687,
    110.18,      1608,
     110.2,      1629,
    110.22,      1722,
    110.24,      1734,
    110.26,      1689,
    110.28,      1686,
     110.3,      1695,
    110.32,      1671,
    110.34,      1712,
    110.36,      1695,
    110.38,      1659,
     110.4,      1633,
    110.42,      1728,
    110.44,      1726,
    110.46,      1717,
    110.48,      1679,
     110.5,      1687,
    110.52,      1597,
    110.54,      1611,
    110.56,      1709,
    110.58,      1681,
     110.6,      1689,
    110.62,      1605,
    110.64,      1661,
    110.66,      1780,
    110.68,      1622,
     110.7,      1592,
    110.72,      1679,
    110.74,      1667,
    110.76,      1736,
    110.78,      1659,
     110.8,      1649,
    110.82,      1750,
    110.84,      1720,
    110.86,      1655,
    110.88,      1716,
     110.9,      1674,
    110.92,      1671,
    110.94,      1604,
    110.96,      1685,
    110.98,      1706,
       111,      1670,
    111.02,      1645,
    111.04,      1681,
    111.06,      1698,
    111.08,      1701,
     111.1,      1581,
    111.12,      1630,
    111.14,      1661,
    111.16,      1614,
    111.18,      1695,
     111.2,      1674,
    111.22,      1700,
    111.24,      1683,
    111.26,      1735,
    111.28,      1686,
     111.3,      1617,
    111.32,      1645,
    111.34,      1671,
    111.36,      1687,
    111.38,      1613,
     111.4,      1681,
    111.42,      1702,
    111.44,      1730,
    111.46,      1700,
    111.48,      1666,
     111.5,      1754,
    111.52,      1707,
    111.54,      1571,
    111.56,      1578,
    111.58,      1703,
     111.6,      1668,
    111.62,      1634,
    111.64,      1660,
    111.66,      1691,
    111.68,      1622,
     111.7,      1707,
    111.72,      1615,
    111.74,      1710,
    111.76,      1637,
    111.78,      1704,
     111.8,      1629,
    111.82,      1761,
    111.84,      1591,
    111.86,      1573,
    111.88,      1655,
     111.9,      1742,
    111.92,      1680,
    111.94,      1691,
    111.96,      1642,
    111.98,      1687,
       112,      1703,
    112.02,      1632,
    112.04,      1716,
    112.06,      1617,
    112.08,      1681,
     112.1,      1656,
    112.12,      1683,
    112.14,      1643,
    112.16,      1664,
    112.18,      1645,
     112.2,      1751,
    112.22,      1688,
    112.24,      1710,
    112.26,      1656,
    112.28,      1642,
     112.3,      1643,
    112.32,      1665,
    112.34,      1679,
    112.36,      1663,
    112.38,      1664,
     112.4,      1690,
    112.42,      1630,
    112.44,      1638,
    112.46,      1637,
    112.48,      1675,
     112.5,      1632,
    112.52,      1635,
    112.54,      1699,
    112.56,      1674,
    112.58,      1674,
     112.6,      1748,
    112.62,      1651,
    112.64,      1632,
    112.66,      1757,
    112.68,      1681,
     112.7,      1657,
    112.72,      1673,
    112.74,      1624,
    112.76,      1665,
    112.78,      1699,
     112.8,      1670,
    112.82,      1658,
    112.84,      1647,
    112.86,      1675,
    112.88,      1759,
     112.9,      1716,
    112.92,      1767,
    112.94,      1764,
    112.96,      1675,
    112.98,      1710,
       113,      1695,
    113.02,      1672,
    113.04,      1715,
    113.06,      1698,
    113.08,      1661,
     113.1,      1677,
    113.12,      1645,
    113.14,      1649,
    113.16,      1698,
    113.18,      1682,
     113.2,      1736,
    113.22,      1658,
    113.24,      1640,
    113.26,      1677,
    113.28,      1656,
     113.3,      1714,
    113.32,      1652,
    113.34,      1651,
    113.36,      1733,
    113.38,      1627,
     113.4,      1588,
    113.42,      1571,
    113.44,      1643,
    113.46,      1598,
    113.48,      1621,
     113.5,      1617,
    113.52,      1671,
    113.54,      1654,
    113.56,      1676,
    113.58,      1599,
     113.6,      1680,
    113.62,      1638,
    113.64,      1687,
    113.66,      1631,
    113.68,      1669,
     113.7,      1583,
    113.72,      1636,
    113.74,      1620,
    113.76,      1657,
    113.78,      1655,
     113.8,      1609,
    113.82,      1673,
    113.84,      1684,
    113.86,      1672,
    113.88,      1629,
     113.9,      1636,
    113.92,      1605,
    113.94,      1648,
    113.96,      1608,
    113.98,      1668,
       114,      1735,
    114.02,      1669,
    114.04,      1672,
    114.06,      1679,
    114.08,      1681,
     114.1,      1655,
    114.12,      1587,
    114.14,      1644,
    114.16,      1608,
    114.18,      1620,
     114.2,      1690,
    114.22,      1685,
    114.24,      1644,
    114.26,      1710,
    114.28,      1622,
     114.3,      1655,
    114.32,      1615,
    114.34,      1670,
    114.36,      1725,
    114.38,      1676,
     114.4,      1637,
    114.42,      1577,
    114.44,      1660,
    114.46,      1733,
    114.48,      1657,
     114.5,      1639,
    114.52,      1661,
    114.54,      1676,
    114.56,      1679,
    114.58,      1699,
     114.6,      1698,
    114.62,      1667,
    114.64,      1695,
    114.66,      1710,
    114.68,      1694,
     114.7,      1649,
    114.72,      1601,
    114.74,      1629,
    114.76,      1606,
    114.78,      1668,
     114.8,      1689,
    114.82,      1644,
    114.84,      1659,
    114.86,      1666,
    114.88,      1640,
     114.9,      1645,
    114.92,      1660,
    114.94,      1618,
    114.96,      1681,
    114.98,      1655,
       115,      1639,
    115.02,      1718,
    115.04,      1617,
    115.06,      1685,
    115.08,      1607,
     115.1,      1642,
    115.12,      1673,
    115.14,      1660,
    115.16,      1613,
    115.18,      1694,
     115.2,      1741,
    115.22,      1647,
    115.24,      1706,
    115.26,      1614,
    115.28,      1610,
     115.3,      1626,
    115.32,      1649,
    115.34,      1744,
    115.36,      1646,
    115.38,      1686,
     115.4,      1674,
    115.42,      1672,
    115.44,      1601,
    115.46,      1747,
    115.48,      1607,
     115.5,      1639,
    115.52,      1728,
    115.54,      1692,
    115.56,      1650,
    115.58,      1626,
     115.6,      1580,
    115.62,      1594,
    115.64,      1673,
    115.66,      1704,
    115.68,      1668,
     115.7,      1693,
    115.72,      1646,
    115.74,      1551,
    115.76,      1774,
    115.78,      1701,
     115.8,      1624,
    115.82,      1621,
    115.84,      1651,
    115.86,      1607,
    115.88,      1666,
     115.9,      1611,
    115.92,      1627,
    115.94,      1671,
    115.96,      1629,
    115.98,      1596,
       116,      1697,
    116.02,      1722,
    116.04,      1610,
    116.06,      1628,
    116.08,      1656,
     116.1,      1688,
    116.12,      1619,
    116.14,      1780,
    116.16,      1641,
    116.18,      1670,
     116.2,      1712,
    116.22,      1723,
    116.24,      1660,
    116.26,      1696,
    116.28,      1707,
     116.3,      1646,
    116.32,      1650,
    116.34,      1703,
    116.36,      1657,
    116.38,      1654,
     116.4,      1700,
    116.42,      1656,
    116.44,      1640,
    116.46,      1609,
    116.48,      1665,
     116.5,      1607,
    116.52,      1723,
    116.54,      1635,
    116.56,      1627,
    116.58,      1731,
     116.6,      1688,
    116.62,      1667,
    116.64,      1642,
    116.66,      1744,
    116.68,      1623,
     116.7,      1615,
    116.72,      1735,
    116.74,      1714,
    116.76,      1678,
    116.78,      1608,
     116.8,      1696,
    116.82,      1634,
    116.84,      1630,
    116.86,      1666,
    116.88,      1648,
     116.9,      1722,
    116.92,      1678,
    116.94,      1681,
    116.96,      1723,
    116.98,      1609,
       117,      1668,
    117.02,      1755,
    117.04,      1675,
    117.06,      1713,
    117.08,      1623,
     117.1,      1640,
    117.12,      1632,
    117.14,      1699,
    117.16,      1687,
    117.18,      1694,
     117.2,      1658,
    117.22,      1632,
    117.24,      1667,
    117.26,      1714,
    117.28,      1741,
     117.3,      1678,
    117.32,      1738,
    117.34,      1688,
    117.36,      1631,
    117.38,      1680,
     117.4,      1627,
    117.42,      1621,
    117.44,      1673,
    117.46,      1691,
    117.48,      1718,
     117.5,      1719,
    117.52,      1732,
    117.54,      1633,
    117.56,      1710,
    117.58,      1672,
     117.6,      1706,
    117.62,      1723,
    117.64,      1611,
    117.66,      1666,
    117.68,      1712,
     117.7,      1726,
    117.72,      1669,
    117.74,      1671,
    117.76,      1711,
    117.78,      1667,
     117.8,      1768,
    117.82,      1640,
    117.84,      1662,
    117.86,      1655,
    117.88,      1636,
     117.9,      1754,
    117.92,      1704,
    117.94,      1662,
    117.96,      1601,
    117.98,      1636,
       118,      1767,
    118.02,      1730,
    118.04,      1703,
    118.06,      1588,
    118.08,      1675,
     118.1,      1663,
    118.12,      1611,
    118.14,      1708,
    118.16,      1662,
    118.18,      1721,
     118.2,      1702,
    118.22,      1705,
    118.24,      1679,
    118.26,      1675,
    118.28,      1712,
     118.3,      1779,
    118.32,      1666,
    118.34,      1708,
    118.36,      1650,
    118.38,      1777,
     118.4,      1676,
    118.42,      1768,
    118.44,      1645,
    118.46,      1627,
    118.48,      1688,
     118.5,      1731,
    118.52,      1689,
    118.54,      1667,
    118.56,      1698,
    118.58,      1734,
     118.6,      1766,
    118.62,      1629,
    118.64,      1663,
    118.66,      1714,
    118.68,      1672,
     118.7,      1677,
    118.72,      1640,
    118.74,      1677,
    118.76,      1661,
    118.78,      1703,
     118.8,      1724,
    118.82,      1664,
    118.84,      1696,
    118.86,      1683,
    118.88,      1728,
     118.9,      1713,
    118.92,      1762,
    118.94,      1717,
    118.96,      1702,
    118.98,      1766,
       119,      1696,
    119.02,      1627,
    119.04,      1674,
    119.06,      1678,
    119.08,      1722,
     119.1,      1692,
    119.12,      1647,
    119.14,      1694,
    119.16,      1725,
    119.18,      1716,
     119.2,      1738,
    119.22,      1665,
    119.24,      1668,
    119.26,      1635,
    119.28,      1710,
     119.3,      1603,
    119.32,      1645,
    119.34,      1733,
    119.36,      1755,
    119.38,      1629,
     119.4,      1696,
    119.42,      1698,
    119.44,      1621,
    119.46,      1732,
    119.48,      1635,
     119.5,      1677,
    119.52,      1640,
    119.54,      1742,
    119.56,      1730,
    119.58,      1630,
     119.6,      1700,
    119.62,      1670,
    119.64,      1659,
    119.66,      1716,
    119.68,      1699,
     119.7,      1781,
    119.72,      1633,
    119.74,      1649,
    119.76,      1635,
    119.78,      1687,
     119.8,      1672,
    119.82,      1731,
    119.84,      1649,
    119.86,      1714,
    119.88,      1693,
     119.9,      1755,
    119.92,      1710,
    119.94,      1764,
    119.96,      1730,
    119.98,      1663,
       120,      1743,
