HardwareIndicator=65519
Wavelength = 1.54059Å, !5.0°/120.0°/0.02°/1(s), I(p)=10341/886, Cu, Wednesday, June 17, 2026, 2:45 PM
Angle	I(o)	I(c)	I(d)	I(b)
5.0	2831	2827	4	2827
5.02	2787	2835	-48	2835
5.04	2789	2842	-53	2842
5.06	2774	2850	-76	2850
5.08	2954	2857	97	2857
5.1	2937	2865	72	2865
5.12	2896	2873	23	2873
5.14	2853	2880	-27	2880
5.16	2846	2888	-42	2888
5.18	2832	2895	-63	2895
5.2	2813	2903	-90	2903
5.22	2893	2910	-17	2910
5.24	2786	2918	-132	2918
5.26	2885	2925	-40	2925
5.28	2961	2933	28	2933
5.3	2988	2940	48	2940
5.32	2864	2947	-83	2947
5.34	2901	2955	-54	2955
5.36	2903	2962	-59	2962
5.38	2918	2969	-51	2969
5.4	2975	2976	-1	2976
5.42	2959	2984	-25	2984
5.44	3038	2991	47	2991
5.46	2929	2998	-69	2998
5.48	2959	3005	-46	3005
5.5	2971	3012	-41	3012
5.52	3007	3019	-12	3019
5.54	3002	3026	-24	3026
5.56	2936	3032	-96	3032
5.58	2933	3039	-106	3039
5.6	2986	3046	-60	3046
5.62	2968	3053	-85	3053
5.64	3056	3059	-3	3059
5.66	2972	3066	-94	3066
5.68	2949	3072	-123	3072
5.7	3072	3078	-6	3078
5.72	2983	3085	-102	3085
5.74	3071	3091	-20	3091
5.76	3034	3097	-63	3097
5.78	2939	3103	-164	3103
5.8	2954	3109	-155	3109
5.82	3115	3115	0	3115
5.84	3047	3121	-74	3121
5.86	3124	3127	-3	3127
5.88	3003	3132	-129	3132
5.9	3068	3138	-70	3138
5.92	3142	3143	-1	3143
5.94	3182	3148	34	3148
5.96	3049	3154	-105	3154
5.98	3004	3159	-155	3159
6.0	3077	3164	-87	3164
6.02	3062	3169	-107	3169
6.04	3141	3174	-33	3174
6.06	3242	3178	64	3178
6.08	3121	3183	-62	3183
6.1	3167	3188	-21	3188
6.12	3146	3192	-46	3192
6.14	3150	3196	-46	3196
6.16	3250	3200	50	3200
6.18	3249	3204	45	3204
6.2	3225	3208	17	3208
6.22	3150	3212	-62	3212
6.24	3140	3216	-76	3216
6.26	3131	3219	-88	3219
6.28	3195	3223	-28	3223
6.3	3219	3226	-7	3226
6.32	3183	3229	-46	3229
6.34	3208	3232	-24	3232
6.36	3180	3235	-55	3235
6.38	3213	3237	-24	3237
6.4	3164	3240	-76	3240
6.42	3181	3242	-61	3242
6.44	3257	3245	12	3245
6.46	3234	3247	-13	3247
6.48	3236	3249	-13	3249
6.5	3286	3250	36	3250
6.52	3280	3252	28	3252
6.54	3224	3253	-29	3253
6.56	3222	3255	-33	3255
6.58	3235	3256	-21	3256
6.6	3214	3257	-43	3257
6.62	3220	3258	-38	3258
6.64	3248	3258	-10	3258
6.66	3375	3259	116	3259
6.68	3255	3259	-4	3259
6.7	3222	3259	-37	3259
6.72	3355	3259	96	3259
6.74	3383	3259	124	3259
6.76	3255	3258	-3	3258
6.78	3336	3258	78	3258
6.8	3269	3257	12	3257
6.82	3297	3256	41	3256
6.84	3285	3255	30	3255
6.86	3249	3254	-5	3254
6.88	3224	3252	-28	3252
6.9	3294	3250	44	3250
6.92	3216	3248	-32	3248
6.94	3321	3246	75	3246
6.96	3232	3244	-12	3244
6.98	3270	3241	29	3241
7.0	3268	3238	30	3238
7.02	3343	3235	108	3235
7.04	3346	3232	114	3232
7.06	3274	3229	45	3229
7.08	3283	3225	58	3225
7.1	3326	3221	105	3221
7.12	3223	3217	6	3217
7.14	3320	3213	107	3213
7.16	3253	3209	44	3209
7.18	3273	3205	68	3205
7.2	3335	3200	135	3200
7.22	3207	3195	12	3195
7.24	3300	3190	110	3190
7.26	3305	3185	120	3185
7.28	3138	3180	-42	3180
7.3	3280	3174	106	3174
7.32	3233	3169	64	3169
7.34	3305	3163	142	3163
7.36	3211	3157	54	3157
7.38	3222	3151	71	3151
7.4	3241	3145	96	3145
7.42	3241	3139	102	3139
7.44	3225	3132	93	3132
7.46	3154	3126	28	3126
7.48	3242	3119	123	3119
7.5	3186	3112	74	3112
7.52	3153	3105	48	3105
7.54	3113	3098	15	3098
7.56	3116	3091	25	3091
7.58	3196	3084	112	3084
7.6	3089	3077	12	3077
7.62	3140	3070	70	3070
7.64	3112	3062	50	3062
7.66	3038	3055	-17	3055
7.68	3132	3047	85	3047
7.7	3165	3040	125	3040
7.72	3077	3032	45	3032
7.74	3158	3024	134	3024
7.76	3041	3016	25	3016
7.78	3076	3008	68	3008
7.8	3022	3001	21	3001
7.82	3049	2993	56	2993
7.84	3062	2985	77	2985
7.86	3092	2976	116	2976
7.88	3077	2968	109	2968
7.9	2991	2960	31	2960
7.92	3057	2952	105	2952
7.94	3112	2944	168	2944
7.96	3011	2936	75	2936
7.98	3104	2927	177	2927
8.0	3000	2919	81	2919
8.02	3040	2911	129	2911
8.04	3050	2903	147	2903
8.06	3017	2894	123	2894
8.08	3045	2886	159	2886
8.1	2999	2878	121	2878
8.12	2986	2870	116	2870
8.14	2988	2862	126	2862
8.16	2987	2854	133	2853
8.18	2871	2845	26	2845
8.2	3036	2837	199	2837
8.22	2874	2829	45	2829
8.24	2869	2821	48	2821
8.26	2930	2813	117	2813
8.28	2922	2805	117	2805
8.3	2906	2797	109	2797
8.32	2935	2789	146	2789
8.34	2894	2781	113	2781
8.36	2872	2774	98	2773
8.38	2910	2766	144	2766
8.4	2832	2758	74	2758
8.42	2832	2751	81	2750
8.44	2922	2743	179	2743
8.46	2765	2736	29	2735
8.48	2820	2728	92	2728
8.5	2853	2721	132	2721
8.52	2831	2714	117	2714
8.54	2759	2707	52	2707
8.56	2817	2700	117	2700
8.58	2813	2693	120	2693
8.6	2813	2686	127	2686
8.62	2783	2679	104	2679
8.64	2821	2673	148	2673
8.66	2701	2666	35	2666
8.68	2764	2660	104	2660
8.7	2624	2654	-30	2654
8.72	2672	2648	24	2648
8.74	2768	2642	126	2642
8.76	2712	2636	76	2636
8.78	2736	2631	105	2630
8.8	2639	2625	14	2625
8.82	2722	2620	102	2619
8.84	2782	2614	168	2614
8.86	2687	2609	78	2609
8.88	2669	2605	64	2604
8.9	2713	2600	113	2600
8.92	2616	2595	21	2595
8.94	2750	2591	159	2591
8.96	2749	2587	162	2586
8.98	2702	2583	119	2582
9.0	2696	2579	117	2579
9.02	2586	2575	11	2575
9.04	2683	2572	111	2571
9.06	2657	2568	89	2568
9.08	2551	2565	-14	2565
9.1	2563	2563	0	2562
9.12	2600	2560	40	2560
9.14	2607	2557	50	2557
9.16	2543	2555	-12	2555
9.18	2514	2553	-39	2553
9.2	2601	2551	50	2551
9.22	2608	2550	58	2550
9.24	2548	2549	-1	2548
9.26	2584	2548	36	2547
9.28	2591	2547	44	2546
9.3	2594	2547	47	2546
9.32	2536	2546	-10	2545
9.34	2552	2546	6	2545
9.36	2463	2547	-84	2545
9.38	2538	2547	-9	2546
9.4	2644	2548	96	2547
9.42	2563	2549	14	2548
9.44	2480	2550	-70	2549
9.46	2602	2551	51	2550
9.48	2609	2553	56	2552
9.5	2504	2555	-51	2554
9.52	2556	2557	-1	2556
9.54	2550	2560	-10	2559
9.56	2556	2563	-7	2562
9.58	2579	2566	13	2565
9.6	2516	2570	-54	2569
9.62	2482	2574	-92	2573
9.64	2625	2578	47	2577
9.66	2469	2582	-113	2581
9.68	2603	2587	16	2586
9.7	2490	2592	-102	2591
9.72	2596	2597	-1	2596
9.74	2523	2603	-80	2602
9.76	2542	2609	-67	2608
9.78	2635	2615	20	2614
9.8	2518	2621	-103	2620
9.82	2499	2628	-129	2627
9.84	2588	2635	-47	2634
9.86	2481	2642	-161	2641
9.88	2481	2649	-168	2648
9.9	2535	2657	-122	2656
9.92	2550	2665	-115	2663
9.94	2571	2673	-102	2671
9.96	2531	2681	-150	2680
9.98	2584	2689	-105	2688
10.0	2586	2698	-112	2697
10.02	2611	2707	-96	2706
10.04	2636	2716	-80	2715
10.06	2636	2725	-89	2724
10.08	2617	2735	-118	2733
10.1	2625	2744	-119	2743
10.12	2677	2754	-77	2753
10.14	2569	2764	-195	2763
10.16	2691	2774	-83	2773
10.18	2611	2784	-173	2783
10.2	2704	2795	-91	2794
10.22	2656	2805	-149	2804
10.24	2656	2816	-160	2815
10.26	2683	2827	-144	2826
10.28	2746	2838	-92	2837
10.3	2674	2849	-175	2848
10.32	2676	2860	-184	2859
10.34	2712	2871	-159	2870
10.36	2663	2883	-220	2881
10.38	2707	2894	-187	2893
10.4	2768	2906	-138	2905
10.42	2717	2917	-200	2916
10.44	2718	2929	-211	2928
10.46	2728	2941	-213	2940
10.48	2771	2953	-182	2952
10.5	2833	2965	-132	2964
10.52	2844	2977	-133	2976
10.54	2806	2989	-183	2988
10.56	2857	3001	-144	3000
10.58	2678	3013	-335	3012
10.6	2842	3026	-184	3024
10.62	2763	3038	-275	3037
10.64	2885	3050	-165	3049
10.66	2957	3063	-106	3061
10.68	2930	3075	-145	3074
10.7	2922	3087	-165	3086
10.72	2898	3100	-202	3098
10.74	2962	3112	-150	3111
10.76	2983	3124	-141	3123
10.78	2981	3137	-156	3135
10.8	3026	3149	-123	3148
10.82	3109	3161	-52	3160
10.84	3041	3173	-132	3172
10.86	3028	3186	-158	3185
10.88	3168	3198	-30	3197
10.9	3092	3210	-118	3209
10.92	3118	3222	-104	3221
10.94	3072	3234	-162	3233
10.96	3092	3246	-154	3245
10.98	3201	3258	-57	3257
11.0	3205	3270	-65	3269
11.02	3241	3282	-41	3281
11.04	3150	3293	-143	3292
11.06	3163	3305	-142	3304
11.08	3183	3317	-134	3315
11.1	3234	3328	-94	3327
11.12	3261	3339	-78	3338
11.14	3259	3350	-91	3349
11.16	3348	3362	-14	3360
11.18	3339	3372	-33	3371
11.2	3281	3383	-102	3382
11.22	3326	3394	-68	3393
11.24	3405	3405	0	3403
11.26	3354	3415	-61	3414
11.28	3498	3425	73	3424
11.3	3444	3435	9	3434
11.32	3515	3445	70	3444
11.34	3524	3455	69	3454
11.36	3413	3465	-52	3463
11.38	3513	3474	39	3473
11.4	3622	3483	139	3482
11.42	3598	3492	106	3491
11.44	3606	3501	105	3500
11.46	3547	3510	37	3509
11.48	3656	3518	138	3517
11.5	3588	3527	61	3525
11.52	3557	3535	22	3533
11.54	3533	3543	-10	3541
11.56	3595	3550	45	3549
11.58	3625	3557	68	3556
11.6	3537	3565	-28	3563
11.62	3575	3571	4	3570
11.64	3712	3578	134	3577
11.66	3622	3584	38	3583
11.68	3549	3591	-42	3589
11.7	3719	3596	123	3595
11.72	3643	3602	41	3601
11.74	3694	3607	87	3606
11.76	3685	3612	73	3611
11.78	3615	3617	-2	3616
11.8	3611	3622	-11	3620
11.82	3796	3626	170	3624
11.84	3684	3630	54	3628
11.86	3628	3633	-5	3632
11.88	3752	3636	116	3635
11.9	3604	3639	-35	3638
11.92	3540	3642	-102	3640
11.94	3581	3644	-63	3643
11.96	3774	3646	128	3645
11.98	3678	3647	31	3646
12.0	3668	3649	19	3647
12.02	3667	3649	18	3648
12.04	3734	3650	84	3649
12.06	3632	3650	-18	3649
12.08	3698	3650	48	3649
12.1	3700	3649	51	3648
12.12	3819	3648	171	3647
12.14	3609	3647	-38	3646
12.16	3697	3645	52	3644
12.18	3586	3643	-57	3642
12.2	3741	3640	101	3639
12.22	3622	3637	-15	3636
12.24	3638	3634	4	3633
12.26	3684	3630	54	3629
12.28	3655	3626	29	3625
12.3	3563	3622	-59	3621
12.32	3539	3617	-78	3616
12.34	3624	3612	12	3611
12.36	3609	3607	2	3606
12.38	3638	3601	37	3600
12.4	3480	3595	-115	3594
12.42	3601	3589	12	3587
12.44	3452	3582	-130	3581
12.46	3524	3575	-51	3574
12.48	3488	3568	-80	3566
12.5	3505	3560	-55	3559
12.52	3545	3552	-7	3551
12.54	3466	3544	-78	3543
12.56	3414	3536	-122	3534
12.58	3438	3527	-89	3526
12.6	3376	3518	-142	3517
12.62	3515	3509	6	3507
12.64	3458	3499	-41	3498
12.66	3340	3490	-150	3488
12.68	3457	3480	-23	3478
12.7	3329	3469	-140	3468
12.72	3375	3459	-84	3458
12.74	3309	3448	-139	3447
12.76	3282	3438	-156	3436
12.78	3456	3426	30	3425
12.8	3337	3415	-78	3414
12.82	3221	3404	-183	3402
12.84	3212	3392	-180	3391
12.86	3320	3380	-60	3379
12.88	3282	3368	-86	3367
12.9	3145	3356	-211	3355
12.92	3173	3344	-171	3342
12.94	3230	3331	-101	3330
12.96	3196	3319	-123	3317
12.98	3093	3306	-213	3304
13.0	3188	3293	-105	3291
13.02	3081	3280	-199	3278
13.04	3087	3267	-180	3265
13.06	3121	3253	-132	3252
13.08	3153	3240	-87	3238
13.1	3189	3226	-37	3225
13.12	3052	3213	-161	3211
13.14	2993	3199	-206	3197
13.16	3093	3185	-92	3184
13.18	3012	3171	-159	3170
13.2	3095	3157	-62	3156
13.22	3031	3143	-112	3142
13.24	2953	3129	-176	3127
13.26	2867	3115	-248	3113
13.28	2985	3100	-115	3099
13.3	2928	3086	-158	3085
13.32	2938	3072	-134	3070
13.34	2987	3057	-70	3056
13.36	2865	3043	-178	3041
13.38	2933	3028	-95	3027
13.4	2938	3014	-76	3012
13.42	2938	2999	-61	2998
13.44	2815	2985	-170	2983
13.46	2878	2970	-92	2969
13.48	2883	2956	-73	2954
13.5	2919	2941	-22	2940
13.52	2810	2927	-117	2926
13.54	2768	2913	-145	2911
13.56	2882	2898	-16	2897
13.58	2788	2884	-96	2882
13.6	2794	2869	-75	2868
13.62	2791	2855	-64	2854
13.64	2744	2841	-97	2839
13.66	2766	2827	-61	2825
13.68	2850	2813	37	2811
13.7	2820	2799	21	2797
13.72	2639	2785	-146	2783
13.74	2636	2771	-135	2769
13.76	2778	2757	21	2756
13.78	2748	2743	5	2742
13.8	2750	2730	20	2728
13.82	2674	2717	-43	2715
13.84	2718	2703	15	2702
13.86	2652	2690	-38	2688
13.88	2563	2677	-114	2675
13.9	2687	2664	23	2662
13.92	2522	2651	-129	2649
13.94	2591	2639	-48	2637
13.96	2581	2626	-45	2624
13.98	2565	2614	-49	2612
14.0	2722	2601	121	2600
14.02	2560	2589	-29	2588
14.04	2595	2577	18	2576
14.06	2600	2566	34	2564
14.08	2486	2554	-68	2552
14.1	2493	2543	-50	2541
14.12	2561	2532	29	2530
14.14	2535	2520	15	2519
14.16	2527	2509	18	2508
14.18	2520	2499	21	2497
14.2	2481	2488	-7	2486
14.22	2490	2478	12	2476
14.24	2513	2467	46	2465
14.26	2419	2457	-38	2455
14.28	2451	2447	4	2445
14.3	2496	2437	59	2435
14.32	2451	2427	24	2426
14.34	2552	2418	134	2416
14.36	2396	2408	-12	2406
14.38	2480	2399	81	2397
14.4	2459	2390	69	2388
14.42	2455	2381	74	2379
14.44	2420	2372	48	2370
14.46	2473	2363	110	2361
14.48	2363	2355	8	2353
14.5	2402	2346	56	2344
14.52	2411	2338	73	2336
14.54	2359	2329	30	2328
14.56	2314	2321	-7	2319
14.58	2274	2313	-39	2312
14.6	2379	2306	73	2304
14.62	2348	2298	50	2296
14.64	2292	2290	2	2288
14.66	2323	2283	40	2281
14.68	2359	2276	83	2274
14.7	2327	2269	58	2267
14.72	2341	2261	80	2260
14.74	2254	2255	-1	2253
14.76	2373	2248	125	2246
14.78	2278	2241	37	2239
14.8	2319	2235	84	2233
14.82	2311	2228	83	2226
14.84	2330	2222	108	2220
14.86	2373	2216	157	2214
14.88	2309	2210	99	2208
14.9	2294	2204	90	2202
14.92	2311	2198	113	2196
14.94	2255	2192	63	2190
14.96	2285	2186	99	2184
14.98	2257	2181	76	2179
15.0	2267	2175	92	2173
15.02	2141	2170	-29	2168
15.04	2312	2165	147	2163
15.06	2242	2160	82	2158
15.08	2175	2155	20	2153
15.1	2182	2150	32	2148
15.12	2326	2145	181	2143
15.14	2208	2141	67	2139
15.16	2229	2136	93	2134
15.18	2234	2132	102	2130
15.2	2224	2127	97	2125
15.22	2115	2123	-8	2121
15.24	2266	2119	147	2117
15.26	2230	2115	115	2113
15.28	2277	2111	166	2109
15.3	2143	2107	36	2105
15.32	2229	2103	126	2101
15.34	2236	2100	136	2098
15.36	2154	2096	58	2094
15.38	2219	2093	126	2091
15.4	2189	2089	100	2087
15.42	2043	2086	-43	2084
15.44	2144	2083	61	2081
15.46	2108	2080	28	2078
15.48	2127	2077	50	2075
15.5	2158	2074	84	2072
15.52	2079	2071	8	2069
15.54	2144	2068	76	2066
15.56	2155	2065	90	2063
15.58	2138	2063	75	2061
15.6	2145	2060	85	2058
15.62	2081	2058	23	2056
15.64	2101	2055	46	2053
15.66	2131	2053	78	2051
15.68	2128	2051	77	2049
15.7	2136	2049	87	2047
15.72	2115	2047	68	2044
15.74	2126	2045	81	2042
15.76	2078	2043	35	2040
15.78	2067	2041	26	2039
15.8	2029	2039	-10	2037
15.82	2145	2037	108	2035
15.84	2040	2036	4	2033
15.86	2145	2034	111	2032
15.88	2113	2033	80	2030
15.9	2118	2031	87	2029
15.92	2056	2030	26	2027
15.94	2071	2028	43	2026
15.96	2070	2027	43	2025
15.98	1996	2026	-30	2024
16.0	2011	2025	-14	2023
16.02	2040	2024	16	2021
16.04	2020	2023	-3	2020
16.06	2054	2022	32	2019
16.08	2129	2021	108	2019
16.1	2041	2020	21	2018
16.12	2039	2019	20	2017
16.14	2078	2018	60	2016
16.16	2053	2018	35	2015
16.18	2086	2017	69	2015
16.2	2047	2016	31	2014
16.22	2029	2016	13	2014
16.24	2054	2015	39	2013
16.26	1972	2015	-43	2013
16.28	2081	2015	66	2012
16.3	2022	2014	8	2012
16.32	2013	2014	-1	2012
16.34	1988	2014	-26	2011
16.36	2001	2013	-12	2011
16.38	2077	2013	64	2011
16.4	2039	2013	26	2011
16.42	2055	2013	42	2010
16.44	1946	2013	-67	2010
16.46	2037	2013	24	2010
16.48	2010	2013	-3	2010
16.5	2056	2013	43	2010
16.52	1992	2013	-21	2010
16.54	1945	2013	-68	2011
16.56	2054	2013	41	2011
16.58	2030	2013	17	2011
16.6	2048	2013	35	2011
16.62	1948	2014	-66	2011
16.64	2043	2014	29	2011
16.66	2012	2014	-2	2012
16.68	1992	2014	-22	2012
16.7	2021	2015	6	2012
16.72	1940	2015	-75	2013
16.74	2081	2015	66	2013
16.76	2013	2016	-3	2013
16.78	1966	2016	-50	2014
16.8	2015	2017	-2	2014
16.82	1983	2017	-34	2015
16.84	1976	2018	-42	2015
16.86	1934	2018	-84	2015
16.88	2008	2019	-11	2016
16.9	2021	2019	2	2016
16.92	1975	2020	-45	2017
16.94	1902	2020	-118	2018
16.96	1997	2021	-24	2018
16.98	1911	2021	-110	2019
17.0	1981	2022	-41	2019
17.02	1981	2022	-41	2020
17.04	2034	2023	11	2020
17.06	1966	2023	-57	2021
17.08	1977	2024	-47	2021
17.1	2012	2025	-13	2022
17.12	1993	2025	-32	2023
17.14	1990	2026	-36	2023
17.16	1921	2027	-106	2024
17.18	1957	2027	-70	2025
17.2	1976	2028	-52	2025
17.22	1974	2029	-55	2026
17.24	2005	2029	-24	2027
17.26	1974	2030	-56	2027
17.28	2001	2031	-30	2028
17.3	1940	2032	-92	2029
17.32	1949	2032	-83	2030
17.34	1960	2033	-73	2030
17.36	2011	2034	-23	2031
17.38	1945	2035	-90	2032
17.4	2019	2035	-16	2033
17.42	2031	2036	-5	2033
17.44	1935	2037	-102	2034
17.46	1955	2038	-83	2035
17.48	1924	2038	-114	2036
17.5	2004	2039	-35	2037
17.52	1960	2040	-80	2037
17.54	2060	2041	19	2038
17.56	1987	2042	-55	2039
17.58	2008	2043	-35	2040
17.6	1955	2044	-89	2041
17.62	2066	2044	22	2042
17.64	1955	2045	-90	2042
17.66	2064	2046	18	2043
17.68	2039	2047	-8	2044
17.7	1935	2048	-113	2045
17.72	2059	2049	10	2046
17.74	1929	2050	-121	2047
17.76	2013	2051	-38	2048
17.78	1946	2052	-106	2049
17.8	2088	2052	36	2050
17.82	1962	2053	-91	2051
17.84	1981	2054	-73	2051
17.86	1999	2055	-56	2052
17.88	1988	2056	-68	2053
17.9	1964	2057	-93	2054
17.92	1967	2058	-91	2055
17.94	2062	2059	3	2056
17.96	2000	2060	-60	2057
17.98	2023	2061	-38	2058
18.0	2045	2062	-17	2059
18.02	1992	2063	-71	2060
18.04	1975	2064	-89	2061
18.06	1967	2065	-98	2062
18.08	2002	2066	-64	2063
18.1	2097	2067	30	2064
18.12	1986	2068	-82	2065
18.14	2020	2069	-49	2066
18.16	1943	2070	-127	2067
18.18	2013	2071	-58	2068
18.2	2061	2072	-11	2069
18.22	2114	2073	41	2070
18.24	1964	2074	-110	2071
18.26	1985	2075	-90	2072
18.28	2073	2076	-3	2073
18.3	1978	2077	-99	2074
18.32	2064	2078	-14	2075
18.34	2043	2079	-36	2076
18.36	2021	2080	-59	2077
18.38	1929	2082	-153	2078
18.4	1988	2083	-95	2079
18.42	1989	2084	-95	2080
18.44	2011	2085	-74	2082
18.46	2089	2086	3	2083
18.48	2005	2087	-82	2084
18.5	2045	2088	-43	2085
18.52	2017	2089	-72	2086
18.54	2018	2090	-72	2087
18.56	1989	2091	-102	2088
18.58	2120	2092	28	2089
18.6	2051	2093	-42	2090
18.62	2039	2094	-55	2091
18.64	2076	2095	-19	2092
18.66	2075	2096	-21	2093
18.68	2036	2097	-61	2094
18.7	1981	2099	-118	2095
18.72	2116	2100	16	2096
18.74	2087	2101	-14	2097
18.76	2010	2102	-92	2098
18.78	2053	2103	-50	2099
18.8	2016	2104	-88	2101
18.82	2103	2105	-2	2102
18.84	2005	2106	-101	2103
18.86	2134	2107	27	2104
18.88	2045	2108	-63	2105
18.9	2108	2109	-1	2106
18.92	2137	2110	27	2107
18.94	2086	2111	-25	2108
18.96	2135	2112	23	2109
18.98	2174	2113	61	2110
19.0	2100	2114	-14	2111
19.02	2070	2116	-46	2112
19.04	2098	2117	-19	2113
19.06	2065	2118	-53	2114
19.08	2044	2119	-75	2115
19.1	2065	2120	-55	2116
19.12	2058	2121	-63	2117
19.14	2166	2122	44	2118
19.16	2086	2123	-37	2119
19.18	2200	2124	76	2120
19.2	2116	2125	-9	2121
19.22	2136	2126	10	2122
19.24	2117	2127	-10	2123
19.26	2194	2128	66	2124
19.28	2150	2129	21	2125
19.3	2184	2130	54	2126
19.32	2111	2131	-20	2127
19.34	2167	2132	35	2128
19.36	2132	2133	-1	2129
19.38	2246	2134	112	2130
19.4	2114	2135	-21	2131
19.42	2177	2136	41	2132
19.44	2087	2137	-50	2133
19.46	2165	2138	27	2134
19.48	2148	2139	9	2135
19.5	2116	2140	-24	2136
19.52	2060	2141	-81	2137
19.54	2183	2142	41	2138
19.56	2108	2143	-35	2139
19.58	2177	2144	33	2140
19.6	2153	2144	9	2141
19.62	2177	2145	32	2142
19.64	2142	2146	-4	2142
19.66	2160	2147	13	2143
19.68	2262	2148	114	2144
19.7	2236	2149	87	2145
19.72	2227	2150	77	2146
19.74	2183	2151	32	2147
19.76	2149	2152	-3	2148
19.78	2203	2153	50	2149
19.8	2175	2153	22	2149
19.82	2242	2154	88	2150
19.84	2160	2155	5	2151
19.86	2276	2156	120	2152
19.88	2139	2157	-18	2153
19.9	2153	2158	-5	2154
19.92	2233	2158	75	2154
19.94	2247	2159	88	2155
19.96	2191	2160	31	2156
19.98	2132	2161	-29	2157
20.0	2186	2162	24	2157
20.02	2101	2162	-61	2158
20.04	2215	2163	52	2159
20.06	2275	2164	111	2160
20.08	2180	2165	15	2160
20.1	2119	2165	-46	2161
20.12	2169	2166	3	2162
20.14	2179	2167	12	2162
20.16	2131	2167	-36	2163
20.18	2176	2168	8	2164
20.2	2199	2169	30	2165
20.22	2168	2169	-1	2165
20.24	2245	2170	75	2166
20.26	2279	2171	108	2166
20.28	2144	2171	-27	2167
20.3	2065	2172	-107	2168
20.32	2193	2173	20	2168
20.34	2160	2173	-13	2169
20.36	2200	2174	26	2169
20.38	2190	2174	16	2170
20.4	2233	2175	58	2171
20.42	2235	2176	59	2171
20.44	2221	2176	45	2172
20.46	2193	2177	16	2172
20.48	2206	2177	29	2173
20.5	2269	2178	91	2173
20.52	2164	2178	-14	2174
20.54	2163	2179	-16	2174
20.56	2229	2179	50	2175
20.58	2141	2180	-39	2175
20.6	2171	2180	-9	2175
20.62	2208	2180	28	2176
20.64	2186	2181	5	2176
20.66	2315	2181	134	2177
20.68	2187	2182	5	2177
20.7	2242	2182	60	2177
20.72	2321	2182	139	2178
20.74	2231	2183	48	2178
20.76	2283	2183	100	2178
20.78	2141	2183	-42	2179
20.8	2143	2184	-41	2179
20.82	2164	2184	-20	2179
20.84	2320	2184	136	2179
20.86	2161	2185	-24	2180
20.88	2268	2185	83	2180
20.9	2122	2185	-63	2180
20.92	2192	2185	7	2180
20.94	2209	2185	24	2180
20.96	2198	2186	12	2181
20.98	2082	2186	-104	2181
21.0	2202	2186	16	2181
21.02	2168	2186	-18	2181
21.04	2221	2186	35	2181
21.06	2150	2186	-36	2181
21.08	2259	2186	73	2181
21.1	2183	2187	-4	2181
21.12	2203	2187	16	2181
21.14	2247	2187	60	2181
21.16	2262	2187	75	2181
21.18	2130	2187	-57	2181
21.2	2224	2187	37	2181
21.22	2186	2187	-1	2181
21.24	2217	2187	30	2181
21.26	2239	2187	52	2181
21.28	2172	2187	-15	2181
21.3	2233	2187	46	2181
21.32	2167	2187	-20	2181
21.34	2230	2186	44	2181
21.36	2241	2186	55	2181
21.38	2213	2186	27	2181
21.4	2174	2186	-12	2180
21.42	2255	2186	69	2180
21.44	2288	2186	102	2180
21.46	2274	2186	88	2180
21.48	2333	2185	148	2180
21.5	2222	2185	37	2179
21.52	2238	2185	53	2179
21.54	2172	2185	-13	2179
21.56	2185	2185	0	2179
21.58	2192	2184	8	2178
21.6	2159	2184	-25	2178
21.62	2229	2184	45	2178
21.64	2245	2183	62	2178
21.66	2254	2183	71	2177
21.68	2111	2183	-72	2177
21.7	2272	2182	90	2176
21.72	2162	2182	-20	2176
21.74	2178	2182	-4	2176
21.76	2273	2181	92	2175
21.78	2212	2181	31	2175
21.8	2219	2181	38	2174
21.82	2188	2180	8	2174
21.84	2212	2180	32	2174
21.86	2204	2179	25	2173
21.88	2265	2179	86	2173
21.9	2233	2178	55	2172
21.92	2205	2178	27	2172
21.94	2100	2177	-77	2171
21.96	2198	2177	21	2171
21.98	2271	2176	95	2170
22.0	2219	2176	43	2169
22.02	2238	2175	63	2169
22.04	2152	2175	-23	2168
22.06	2165	2174	-9	2168
22.08	2202	2174	28	2167
22.1	2205	2173	32	2166
22.12	2121	2173	-52	2166
22.14	2187	2172	15	2165
22.16	2255	2171	84	2165
22.18	2193	2171	22	2164
22.2	2227	2170	57	2163
22.22	2164	2169	-5	2163
22.24	2250	2169	81	2162
22.26	2145	2168	-23	2161
22.28	2207	2167	40	2160
22.3	2166	2167	-1	2160
22.32	2215	2166	49	2159
22.34	2179	2165	14	2158
22.36	2243	2165	78	2157
22.38	2085	2164	-79	2157
22.4	2113	2163	-50	2156
22.42	2152	2162	-10	2155
22.44	2254	2162	92	2154
22.46	2234	2161	73	2153
22.48	2204	2160	44	2152
22.5	2217	2159	58	2152
22.52	2200	2158	42	2151
22.54	2274	2157	117	2150
22.56	2194	2157	37	2149
22.58	2115	2156	-41	2148
22.6	2178	2155	23	2147
22.62	2189	2154	35	2146
22.64	2208	2153	55	2145
22.66	2206	2152	54	2144
22.68	2155	2151	4	2143
22.7	2264	2150	114	2142
22.72	2129	2150	-21	2141
22.74	2163	2149	14	2140
22.76	2164	2148	16	2139
22.78	2322	2147	175	2138
22.8	2081	2146	-65	2137
22.82	2159	2145	14	2136
22.84	2228	2144	84	2135
22.86	2120	2143	-23	2134
22.88	2119	2142	-23	2133
22.9	2135	2141	-6	2132
22.92	2092	2140	-48	2131
22.94	2214	2139	75	2130
22.96	2151	2138	13	2129
22.98	2184	2137	47	2128
23.0	2109	2136	-27	2127
23.02	2116	2134	-18	2126
23.04	2184	2133	51	2124
23.06	2125	2132	-7	2123
23.08	2188	2131	57	2122
23.1	2156	2130	26	2121
23.12	2085	2129	-44	2120
23.14	2157	2128	29	2118
23.16	2196	2127	69	2117
23.18	2167	2126	41	2116
23.2	2099	2124	-25	2115
23.22	2227	2123	104	2114
23.24	2162	2122	40	2112
23.26	2100	2121	-21	2111
23.28	2069	2120	-51	2110
23.3	2090	2119	-29	2109
23.32	2168	2117	51	2107
23.34	2044	2116	-72	2106
23.36	2148	2115	33	2105
23.38	2131	2114	17	2103
23.4	2233	2112	121	2102
23.42	2132	2111	21	2101
23.44	2150	2110	40	2099
23.46	2125	2109	16	2098
23.48	2144	2107	37	2097
23.5	2095	2106	-11	2095
23.52	2055	2105	-50	2094
23.54	2149	2104	45	2093
23.56	2112	2102	10	2091
23.58	2145	2101	44	2090
23.6	2112	2100	12	2089
23.62	2103	2098	5	2087
23.64	2144	2097	47	2086
23.66	2175	2096	79	2084
23.68	2077	2094	-17	2083
23.7	2091	2093	-2	2081
23.72	2026	2092	-66	2080
23.74	2033	2090	-57	2078
23.76	2140	2089	51	2077
23.78	2053	2088	-35	2076
23.8	2089	2086	3	2074
23.82	2141	2085	56	2073
23.84	2112	2083	29	2071
23.86	2147	2082	65	2070
23.88	2050	2081	-31	2068
23.9	2055	2079	-24	2066
23.92	2060	2078	-18	2065
23.94	2097	2076	21	2063
23.96	2075	2075	0	2062
23.98	2026	2074	-48	2060
24.0	2080	2072	8	2059
24.02	2033	2071	-38	2057
24.04	2081	2069	12	2056
24.06	2027	2068	-41	2054
24.08	2031	2066	-35	2052
24.1	2093	2065	28	2051
24.12	2061	2063	-2	2049
24.14	2059	2062	-3	2048
24.16	2024	2060	-36	2046
24.18	2027	2059	-32	2044
24.2	2040	2057	-17	2043
24.22	2025	2056	-31	2041
24.24	2063	2054	9	2039
24.26	1992	2053	-61	2038
24.28	2023	2051	-28	2036
24.3	1977	2050	-73	2034
24.32	2028	2048	-20	2033
24.34	2114	2047	67	2031
24.36	1952	2045	-93	2029
24.38	2060	2044	16	2028
24.4	2023	2042	-19	2026
24.42	1984	2041	-57	2024
24.44	1984	2039	-55	2023
24.46	1976	2038	-62	2021
24.48	2053	2036	17	2019
24.5	2029	2035	-6	2017
24.52	2033	2033	0	2016
24.54	1991	2032	-41	2014
24.56	2015	2030	-15	2012
24.58	2040	2029	11	2010
24.6	2065	2027	38	2009
24.62	2017	2025	-8	2007
24.64	1963	2024	-61	2005
24.66	2015	2022	-7	2003
24.68	2048	2021	27	2001
24.7	1998	2019	-21	2000
24.72	2007	2018	-11	1998
24.74	1968	2016	-48	1996
24.76	1951	2015	-64	1994
24.78	2058	2013	45	1992
24.8	1892	2012	-120	1991
24.82	2021	2010	11	1989
24.84	1990	2008	-18	1987
24.86	1965	2007	-42	1985
24.88	1961	2005	-44	1983
24.9	2006	2004	2	1981
24.92	1972	2002	-30	1979
24.94	1926	2001	-75	1978
24.96	1931	1999	-68	1976
24.98	1990	1998	-8	1974
25.0	1975	1996	-21	1972
25.02	2027	1995	32	1970
25.04	1966	1993	-27	1968
25.06	1979	1992	-13	1966
25.08	1984	1990	-6	1964
25.1	1961	1988	-27	1963
25.12	1871	1987	-116	1961
25.14	1969	1985	-16	1959
25.16	1934	1984	-50	1957
25.18	1918	1982	-64	1955
25.2	1961	1981	-20	1953
25.22	1886	1980	-94	1951
25.24	1961	1978	-17	1949
25.26	1995	1977	18	1947
25.28	1884	1975	-91	1945
25.3	1917	1974	-57	1943
25.32	1868	1972	-104	1941
25.34	1872	1971	-99	1939
25.36	1896	1969	-73	1937
25.38	1894	1968	-74	1935
25.4	1885	1967	-82	1933
25.42	1979	1965	14	1931
25.44	1965	1964	1	1929
25.46	1904	1963	-59	1927
25.48	1877	1961	-84	1925
25.5	1891	1960	-69	1924
25.52	1919	1959	-40	1922
25.54	1847	1957	-110	1920
25.56	1917	1956	-39	1918
25.58	1899	1955	-56	1916
25.6	1897	1954	-57	1913
25.62	1777	1953	-176	1911
25.64	1859	1951	-92	1909
25.66	1998	1950	48	1907
25.68	1934	1949	-15	1905
25.7	1865	1948	-83	1903
25.72	1917	1947	-30	1901
25.74	1926	1946	-20	1899
25.76	1877	1945	-68	1897
25.78	1968	1945	23	1895
25.8	1970	1944	26	1893
25.82	1876	1943	-67	1891
25.84	1956	1943	13	1889
25.86	1889	1942	-53	1887
25.88	1820	1942	-122	1885
25.9	1861	1942	-81	1883
25.92	1880	1942	-62	1881
25.94	1917	1942	-25	1879
25.96	1959	1942	17	1877
25.98	1852	1942	-90	1875
26.0	1878	1943	-65	1873
26.02	1906	1943	-37	1871
26.04	1833	1944	-111	1869
26.06	1827	1946	-119	1866
26.08	1829	1947	-118	1864
26.1	1893	1949	-56	1862
26.12	1939	1952	-13	1860
26.14	1889	1954	-65	1858
26.16	1870	1957	-87	1856
26.18	1880	1961	-81	1854
26.2	1848	1965	-117	1852
26.22	1850	1970	-120	1850
26.24	1847	1975	-128	1848
26.26	1851	1981	-130	1846
26.28	1891	1988	-97	1843
26.3	1889	1996	-107	1841
26.32	1905	2004	-99	1839
26.34	1860	2014	-154	1837
26.36	1926	2024	-98	1835
26.38	1939	2035	-96	1833
26.4	1864	2048	-184	1831
26.42	1882	2061	-179	1829
26.44	1910	2076	-166	1827
26.46	1995	2092	-97	1824
26.48	1886	2110	-224	1822
26.5	1963	2129	-166	1820
26.52	1903	2149	-246	1818
26.54	1989	2171	-182	1816
26.56	1920	2194	-274	1814
26.58	2018	2219	-201	1812
26.6	2053	2246	-193	1810
26.62	2000	2274	-274	1808
26.64	1965	2304	-339	1805
26.66	2046	2336	-290	1803
26.68	2065	2369	-304	1801
26.7	2052	2404	-352	1799
26.72	2142	2440	-298	1797
26.74	2042	2478	-436	1795
26.76	2096	2517	-421	1793
26.78	2167	2558	-391	1791
26.8	2125	2600	-475	1788
26.82	2202	2643	-441	1786
26.84	2247	2687	-440	1784
26.86	2329	2733	-404	1782
26.88	2324	2779	-455	1780
26.9	2320	2825	-505	1778
26.92	2338	2872	-534	1776
26.94	2363	2920	-557	1773
26.96	2460	2967	-507	1771
26.98	2430	3014	-584	1769
27.0	2549	3060	-511	1767
27.02	2563	3106	-543	1765
27.04	2594	3150	-556	1763
27.06	2581	3193	-612	1761
27.08	2618	3235	-617	1759
27.1	2640	3274	-634	1756
27.12	2741	3312	-571	1754
27.14	2748	3346	-598	1752
27.16	2747	3378	-631	1750
27.18	2706	3406	-700	1748
27.2	2859	3430	-571	1746
27.22	2877	3451	-574	1744
27.24	2877	3468	-591	1741
27.26	2837	3480	-643	1739
27.28	2879	3488	-609	1737
27.3	2809	3491	-682	1735
27.32	3019	3490	-471	1733
27.34	2955	3484	-529	1731
27.36	2900	3473	-573	1729
27.38	2906	3458	-552	1727
27.4	2868	3438	-570	1724
27.42	2868	3414	-546	1722
27.44	2768	3386	-618	1720
27.46	2682	3354	-672	1718
27.48	2777	3319	-542	1716
27.5	2659	3281	-622	1714
27.52	2723	3240	-517	1712
27.54	2523	3196	-673	1710
27.56	2589	3151	-562	1707
27.58	2454	3103	-649	1705
27.6	2537	3054	-517	1703
27.62	2394	3004	-610	1701
27.64	2387	2953	-566	1699
27.66	2360	2902	-542	1697
27.68	2322	2850	-528	1695
27.7	2298	2798	-500	1693
27.72	2299	2746	-447	1691
27.74	2184	2695	-511	1689
27.76	2201	2644	-443	1686
27.78	2227	2594	-367	1684
27.8	2084	2545	-461	1682
27.82	2104	2497	-393	1680
27.84	2062	2451	-389	1678
27.86	2048	2405	-357	1676
27.88	1962	2361	-399	1674
27.9	1973	2319	-346	1672
27.92	1923	2278	-355	1670
27.94	1920	2238	-318	1668
27.96	1841	2201	-360	1666
27.98	1865	2165	-300	1663
28.0	1832	2130	-298	1661
28.02	1900	2097	-197	1659
28.04	1876	2066	-190	1657
28.06	1806	2037	-231	1655
28.08	1883	2009	-126	1653
28.1	1813	1983	-170	1651
28.12	1804	1958	-154	1649
28.14	1766	1935	-169	1647
28.16	1818	1913	-95	1645
28.18	1782	1893	-111	1643
28.2	1770	1874	-104	1641
28.22	1785	1856	-71	1639
28.24	1723	1840	-117	1637
28.26	1662	1824	-162	1635
28.28	1730	1810	-80	1633
28.3	1635	1796	-161	1631
28.32	1662	1784	-122	1629
28.34	1706	1772	-66	1627
28.36	1681	1761	-80	1625
28.38	1660	1751	-91	1623
28.4	1665	1742	-77	1621
28.42	1659	1733	-74	1619
28.44	1631	1725	-94	1617
28.46	1626	1717	-91	1615
28.48	1653	1710	-57	1613
28.5	1636	1703	-67	1611
28.52	1664	1697	-33	1609
28.54	1624	1691	-67	1607
28.56	1629	1685	-56	1605
28.58	1587	1680	-93	1603
28.6	1679	1675	4	1601
28.62	1597	1670	-73	1599
28.64	1659	1666	-7	1597
28.66	1548	1662	-114	1595
28.68	1708	1657	51	1593
28.7	1538	1653	-115	1591
28.72	1583	1650	-67	1589
28.74	1579	1646	-67	1587
28.76	1670	1642	28	1585
28.78	1548	1639	-91	1583
28.8	1602	1636	-34	1581
28.82	1706	1632	74	1579
28.84	1572	1629	-57	1577
28.86	1574	1626	-52	1575
28.88	1549	1623	-74	1573
28.9	1639	1620	19	1571
28.92	1468	1617	-149	1570
28.94	1580	1614	-34	1568
28.96	1612	1611	1	1566
28.98	1600	1609	-9	1564
29.0	1542	1606	-64	1562
29.02	1548	1603	-55	1560
29.04	1592	1601	-9	1558
29.06	1521	1598	-77	1556
29.08	1631	1595	36	1555
29.1	1553	1593	-40	1553
29.12	1537	1590	-53	1551
29.14	1604	1588	16	1549
29.16	1500	1585	-85	1547
29.18	1546	1583	-37	1545
29.2	1514	1581	-67	1543
29.22	1564	1578	-14	1542
29.24	1539	1576	-37	1540
29.26	1622	1573	49	1538
29.28	1516	1571	-55	1536
29.3	1568	1569	-1	1534
29.32	1544	1567	-23	1533
29.34	1526	1564	-38	1531
29.36	1563	1562	1	1529
29.38	1550	1560	-10	1527
29.4	1635	1558	77	1525
29.42	1514	1556	-42	1524
29.44	1567	1553	14	1522
29.46	1516	1551	-35	1520
29.48	1503	1549	-46	1518
29.5	1524	1547	-23	1517
29.52	1514	1545	-31	1515
29.54	1534	1543	-9	1513
29.56	1544	1541	3	1511
29.58	1527	1539	-12	1510
29.6	1512	1537	-25	1508
29.62	1512	1535	-23	1506
29.64	1511	1533	-22	1505
29.66	1558	1531	27	1503
29.68	1542	1529	13	1501
29.7	1510	1527	-17	1499
29.72	1460	1525	-65	1498
29.74	1489	1523	-34	1496
29.76	1502	1521	-19	1494
29.78	1449	1519	-70	1493
29.8	1436	1517	-81	1491
29.82	1550	1515	35	1490
29.84	1434	1513	-79	1488
29.86	1497	1512	-15	1486
29.88	1480	1510	-30	1485
29.9	1556	1508	48	1483
29.92	1488	1506	-18	1481
29.94	1433	1504	-71	1480
29.96	1445	1503	-58	1478
29.98	1474	1501	-27	1477
30.0	1529	1499	30	1475
30.02	1497	1497	0	1474
30.04	1526	1496	30	1472
30.06	1498	1494	4	1470
30.08	1475	1492	-17	1469
30.1	1450	1491	-41	1467
30.12	1570	1489	81	1466
30.14	1472	1487	-15	1464
30.16	1538	1486	52	1463
30.18	1525	1484	41	1461
30.2	1503	1482	21	1460
30.22	1493	1481	12	1458
30.24	1498	1479	19	1457
30.26	1443	1477	-34	1455
30.28	1479	1476	3	1454
30.3	1502	1474	28	1452
30.32	1481	1473	8	1451
30.34	1471	1471	0	1450
30.36	1417	1470	-53	1448
30.38	1413	1468	-55	1447
30.4	1490	1467	23	1445
30.42	1405	1465	-60	1444
30.44	1439	1464	-25	1442
30.46	1525	1462	63	1441
30.48	1453	1461	-8	1440
30.5	1496	1459	37	1438
30.52	1461	1458	3	1437
30.54	1408	1456	-48	1436
30.56	1426	1455	-29	1434
30.58	1430	1453	-23	1433
30.6	1449	1452	-3	1432
30.62	1381	1451	-70	1430
30.64	1430	1449	-19	1429
30.66	1463	1448	15	1428
30.68	1467	1447	20	1426
30.7	1430	1445	-15	1425
30.72	1412	1444	-32	1424
30.74	1456	1443	13	1423
30.76	1409	1441	-32	1421
30.78	1511	1440	71	1420
30.8	1478	1439	39	1419
30.82	1521	1437	84	1418
30.84	1394	1436	-42	1416
30.86	1409	1435	-26	1415
30.88	1433	1434	-1	1414
30.9	1447	1432	15	1413
30.92	1436	1431	5	1412
30.94	1350	1430	-80	1410
30.96	1393	1429	-36	1409
30.98	1426	1428	-2	1408
31.0	1396	1426	-30	1407
31.02	1427	1425	2	1406
31.04	1385	1424	-39	1405
31.06	1426	1423	3	1404
31.08	1449	1422	27	1402
31.1	1485	1421	64	1401
31.12	1422	1420	2	1400
31.14	1401	1419	-18	1399
31.16	1373	1418	-45	1398
31.18	1409	1416	-7	1397
31.2	1410	1415	-5	1396
31.22	1415	1414	1	1395
31.24	1462	1413	49	1394
31.26	1423	1412	11	1393
31.28	1411	1411	0	1392
31.3	1412	1410	2	1391
31.32	1430	1409	21	1390
31.34	1489	1408	81	1389
31.36	1433	1407	26	1388
31.38	1442	1406	36	1387
31.4	1483	1405	78	1386
31.42	1463	1404	59	1385
31.44	1514	1404	110	1384
31.46	1418	1403	15	1383
31.48	1452	1402	50	1382
31.5	1474	1401	73	1382
31.52	1422	1400	22	1381
31.54	1409	1399	10	1380
31.56	1360	1398	-38	1379
31.58	1443	1397	46	1378
31.6	1372	1396	-24	1377
31.62	1483	1396	87	1376
31.64	1444	1395	49	1375
31.66	1407	1394	13	1375
31.68	1404	1393	11	1374
31.7	1375	1392	-17	1373
31.72	1426	1392	34	1372
31.74	1485	1391	94	1371
31.76	1458	1390	68	1370
31.78	1404	1389	15	1370
31.8	1378	1388	-10	1369
31.82	1354	1388	-34	1368
31.84	1370	1387	-17	1367
31.86	1398	1386	12	1367
31.88	1398	1386	12	1366
31.9	1370	1385	-15	1365
31.92	1467	1384	83	1364
31.94	1411	1383	28	1364
31.96	1368	1383	-15	1363
31.98	1406	1382	24	1362
32.0	1440	1381	59	1362
32.02	1381	1381	0	1361
32.04	1358	1380	-22	1360
32.06	1362	1379	-17	1359
32.08	1435	1379	56	1359
32.1	1388	1378	10	1358
32.12	1393	1378	15	1357
32.14	1432	1377	55	1357
32.16	1367	1376	-9	1356
32.18	1431	1376	55	1355
32.2	1363	1375	-12	1355
32.22	1322	1375	-53	1354
32.24	1429	1374	55	1354
32.26	1314	1374	-60	1353
32.28	1357	1373	-16	1352
32.3	1317	1372	-55	1352
32.32	1394	1372	22	1351
32.34	1308	1371	-63	1351
32.36	1358	1371	-13	1350
32.38	1352	1370	-18	1349
32.4	1331	1370	-39	1349
32.42	1340	1369	-29	1348
32.44	1385	1369	16	1348
32.46	1376	1369	7	1347
32.48	1337	1368	-31	1347
32.5	1354	1368	-14	1346
32.52	1381	1367	14	1346
32.54	1386	1367	19	1345
32.56	1374	1366	8	1345
32.58	1364	1366	-2	1344
32.6	1271	1366	-95	1344
32.62	1382	1365	17	1343
32.64	1322	1365	-43	1343
32.66	1285	1364	-79	1342
32.68	1394	1364	30	1342
32.7	1408	1364	44	1341
32.72	1369	1363	6	1341
32.74	1361	1363	-2	1340
32.76	1310	1362	-52	1340
32.78	1391	1362	29	1339
32.8	1278	1362	-84	1339
32.82	1395	1361	34	1338
32.84	1357	1361	-4	1338
32.86	1352	1361	-9	1338
32.88	1336	1360	-24	1337
32.9	1392	1360	32	1337
32.92	1329	1360	-31	1336
32.94	1302	1360	-58	1336
32.96	1358	1359	-1	1336
32.98	1328	1359	-31	1335
33.0	1369	1359	10	1335
33.02	1276	1358	-82	1334
33.04	1344	1358	-14	1334
33.06	1405	1358	47	1334
33.08	1329	1358	-29	1333
33.1	1287	1357	-70	1333
33.12	1328	1357	-29	1333
33.14	1407	1357	50	1332
33.16	1405	1357	48	1332
33.18	1373	1357	16	1332
33.2	1386	1356	30	1331
33.22	1386	1356	30	1331
33.24	1375	1356	19	1331
33.26	1370	1356	14	1330
33.28	1328	1356	-28	1330
33.3	1308	1355	-47	1330
33.32	1358	1355	3	1329
33.34	1260	1355	-95	1329
33.36	1330	1355	-25	1329
33.38	1408	1355	53	1328
33.4	1366	1355	11	1328
33.42	1299	1354	-55	1328
33.44	1374	1354	20	1328
33.46	1372	1354	18	1327
33.48	1399	1354	45	1327
33.5	1347	1354	-7	1327
33.52	1358	1354	4	1326
33.54	1358	1354	4	1326
33.56	1328	1354	-26	1326
33.58	1320	1354	-34	1326
33.6	1389	1353	36	1325
33.62	1399	1353	46	1325
33.64	1290	1353	-63	1325
33.66	1341	1353	-12	1325
33.68	1395	1353	42	1324
33.7	1320	1353	-33	1324
33.72	1371	1353	18	1324
33.74	1347	1353	-6	1324
33.76	1404	1353	51	1324
33.78	1289	1353	-64	1323
33.8	1343	1353	-10	1323
33.82	1303	1353	-50	1323
33.84	1332	1353	-21	1323
33.86	1395	1353	42	1323
33.88	1342	1353	-11	1322
33.9	1388	1353	35	1322
33.92	1349	1353	-4	1322
33.94	1447	1353	94	1322
33.96	1317	1353	-36	1322
33.98	1316	1353	-37	1321
34.0	1380	1353	27	1321
34.02	1340	1353	-13	1321
34.04	1343	1353	-10	1321
34.06	1365	1353	12	1321
34.08	1429	1353	76	1321
34.1	1289	1353	-64	1320
34.12	1370	1353	17	1320
34.14	1326	1354	-28	1320
34.16	1412	1354	58	1320
34.18	1362	1354	8	1320
34.2	1286	1354	-68	1320
34.22	1310	1354	-44	1319
34.24	1383	1354	29	1319
34.26	1382	1354	28	1319
34.28	1349	1354	-5	1319
34.3	1333	1354	-21	1319
34.32	1390	1355	35	1319
34.34	1356	1355	1	1319
34.36	1402	1355	47	1319
34.38	1337	1355	-18	1318
34.4	1292	1355	-63	1318
34.42	1328	1355	-27	1318
34.44	1304	1355	-51	1318
34.46	1336	1356	-20	1318
34.48	1396	1356	40	1318
34.5	1391	1356	35	1318
34.52	1421	1356	65	1318
34.54	1310	1356	-46	1317
34.56	1336	1357	-21	1317
34.58	1342	1357	-15	1317
34.6	1284	1357	-73	1317
34.62	1363	1357	6	1317
34.64	1390	1358	32	1317
34.66	1332	1358	-26	1317
34.68	1363	1358	5	1317
34.7	1299	1358	-59	1317
34.72	1318	1359	-41	1317
34.74	1335	1359	-24	1316
34.76	1335	1359	-24	1316
34.78	1289	1359	-70	1316
34.8	1345	1360	-15	1316
34.82	1339	1360	-21	1316
34.84	1332	1360	-28	1316
34.86	1316	1361	-45	1316
34.88	1359	1361	-2	1316
34.9	1321	1361	-40	1316
34.92	1363	1362	1	1316
34.94	1306	1362	-56	1316
34.96	1377	1362	15	1315
34.98	1412	1363	49	1315
35.0	1361	1363	-2	1315
35.02	1331	1363	-32	1315
35.04	1328	1364	-36	1315
35.06	1309	1364	-55	1315
35.08	1359	1365	-6	1315
35.1	1323	1365	-42	1315
35.12	1358	1365	-7	1315
35.14	1290	1366	-76	1315
35.16	1359	1366	-7	1315
35.18	1312	1367	-55	1315
35.2	1334	1367	-33	1315
35.22	1350	1368	-18	1314
35.24	1329	1368	-39	1314
35.26	1357	1368	-11	1314
35.28	1344	1369	-25	1314
35.3	1384	1369	15	1314
35.32	1338	1370	-32	1314
35.34	1405	1370	35	1314
35.36	1294	1371	-77	1314
35.38	1356	1371	-15	1314
35.4	1320	1372	-52	1314
35.42	1307	1372	-65	1314
35.44	1313	1373	-60	1314
35.46	1341	1374	-33	1314
35.48	1302	1374	-72	1313
35.5	1376	1375	1	1313
35.52	1407	1375	32	1313
35.54	1323	1376	-53	1313
35.56	1362	1377	-15	1313
35.58	1318	1377	-59	1313
35.6	1362	1378	-16	1313
35.62	1304	1378	-74	1313
35.64	1342	1379	-37	1313
35.66	1323	1380	-57	1313
35.68	1290	1381	-91	1313
35.7	1321	1381	-60	1313
35.72	1306	1382	-76	1313
35.74	1366	1383	-17	1312
35.76	1336	1383	-47	1312
35.78	1353	1384	-31	1312
35.8	1350	1385	-35	1312
35.82	1380	1386	-6	1312
35.84	1291	1387	-96	1312
35.86	1362	1387	-25	1312
35.88	1282	1388	-106	1312
35.9	1329	1389	-60	1312
35.92	1369	1390	-21	1312
35.94	1363	1391	-28	1312
35.96	1351	1392	-41	1312
35.98	1304	1393	-89	1311
36.0	1362	1394	-32	1311
36.02	1349	1394	-45	1311
36.04	1300	1395	-95	1311
36.06	1323	1396	-73	1311
36.08	1426	1397	29	1311
36.1	1323	1399	-76	1311
36.12	1379	1400	-21	1311
36.14	1339	1401	-62	1311
36.16	1388	1402	-14	1311
36.18	1330	1403	-73	1310
36.2	1237	1404	-167	1310
36.22	1366	1405	-39	1310
36.24	1277	1406	-129	1310
36.26	1391	1408	-17	1310
36.28	1362	1409	-47	1310
36.3	1346	1410	-64	1310
36.32	1396	1412	-16	1310
36.34	1339	1413	-74	1309
36.36	1279	1414	-135	1309
36.38	1391	1416	-25	1309
36.4	1360	1417	-57	1309
36.42	1363	1419	-56	1309
36.44	1385	1420	-35	1309
36.46	1313	1422	-109	1309
36.48	1355	1423	-68	1309
36.5	1384	1425	-41	1308
36.52	1344	1426	-82	1308
36.54	1387	1428	-41	1308
36.56	1363	1430	-67	1308
36.58	1387	1432	-45	1308
36.6	1423	1434	-11	1308
36.62	1410	1435	-25	1308
36.64	1378	1437	-59	1307
36.66	1359	1439	-80	1307
36.68	1407	1441	-34	1307
36.7	1355	1443	-88	1307
36.72	1354	1446	-92	1307
36.74	1373	1448	-75	1307
36.76	1440	1450	-10	1306
36.78	1391	1452	-61	1306
36.8	1359	1455	-96	1306
36.82	1385	1457	-72	1306
36.84	1412	1460	-48	1306
36.86	1396	1462	-66	1306
36.88	1422	1465	-43	1305
36.9	1355	1468	-113	1305
36.92	1403	1470	-67	1305
36.94	1483	1473	10	1305
36.96	1470	1476	-6	1305
36.98	1513	1479	34	1305
37.0	1480	1482	-2	1304
37.02	1448	1486	-38	1304
37.04	1452	1489	-37	1304
37.06	1428	1492	-64	1304
37.08	1452	1496	-44	1304
37.1	1460	1500	-40	1303
37.12	1431	1504	-73	1303
37.14	1469	1507	-38	1303
37.16	1458	1512	-54	1303
37.18	1478	1516	-38	1303
37.2	1570	1520	50	1302
37.22	1507	1525	-18	1302
37.24	1569	1530	39	1302
37.26	1555	1535	20	1302
37.28	1520	1540	-20	1302
37.3	1490	1545	-55	1301
37.32	1502	1551	-49	1301
37.34	1489	1557	-68	1301
37.36	1528	1563	-35	1301
37.38	1545	1569	-24	1301
37.4	1591	1576	15	1300
37.42	1571	1583	-12	1300
37.44	1552	1591	-39	1300
37.46	1554	1599	-45	1300
37.48	1677	1608	69	1300
37.5	1608	1617	-9	1299
37.52	1623	1626	-3	1299
37.54	1665	1636	29	1299
37.56	1689	1647	42	1299
37.58	1625	1659	-34	1298
37.6	1679	1672	7	1298
37.62	1648	1685	-37	1298
37.64	1737	1700	37	1298
37.66	1738	1715	23	1297
37.68	1797	1732	65	1297
37.7	1710	1750	-40	1297
37.72	1815	1769	46	1297
37.74	1936	1790	146	1297
37.76	1905	1813	92	1296
37.78	1843	1838	5	1296
37.8	1854	1865	-11	1296
37.82	1968	1893	75	1296
37.84	2018	1925	93	1295
37.86	2012	1958	54	1295
37.88	2112	1995	117	1295
37.9	2101	2034	67	1295
37.92	2128	2077	51	1294
37.94	2193	2123	70	1294
37.96	2243	2172	71	1294
37.98	2277	2226	51	1294
38.0	2309	2283	26	1293
38.02	2343	2345	-2	1293
38.04	2472	2411	61	1293
38.06	2576	2482	94	1293
38.08	2480	2557	-77	1292
38.1	2696	2638	58	1292
38.12	2655	2725	-70	1292
38.14	2839	2817	22	1292
38.16	2815	2915	-100	1291
38.18	2964	3018	-54	1291
38.2	3029	3128	-99	1291
38.22	3211	3244	-33	1290
38.24	3267	3366	-99	1290
38.26	3353	3495	-142	1290
38.28	3597	3630	-33	1290
38.3	3705	3772	-67	1289
38.32	3849	3920	-71	1289
38.34	4055	4074	-19	1289
38.36	3988	4234	-246	1289
38.38	4303	4401	-98	1288
38.4	4395	4573	-178	1288
38.42	4600	4751	-151	1288
38.44	4979	4934	45	1287
38.46	5107	5122	-15	1287
38.48	5351	5315	36	1287
38.5	5478	5511	-33	1287
38.52	5856	5711	145	1286
38.54	6005	5914	91	1286
38.56	6195	6118	77	1286
38.58	6507	6324	183	1285
38.6	7040	6531	509	1285
38.62	7036	6737	299	1285
38.64	7161	6941	220	1285
38.66	7649	7144	505	1284
38.68	7628	7342	286	1284
38.7	7936	7536	400	1284
38.72	8307	7724	583	1283
38.74	8489	7905	584	1283
38.76	8810	8077	733	1283
38.78	9065	8239	826	1283
38.8	9424	8390	1034	1282
38.82	9539	8529	1010	1282
38.84	9638	8653	985	1282
38.86	9918	8762	1156	1281
38.88	9837	8855	982	1281
38.9	10089	8931	1158	1281
38.92	10072	8989	1083	1280
38.94	10225	9028	1197	1280
38.96	10341	9048	1293	1280
38.98	10263	9050	1213	1279
39.0	10104	9033	1071	1279
39.02	10295	8997	1298	1279
39.04	10073	8943	1130	1279
39.06	9875	8872	1003	1278
39.08	9878	8785	1093	1278
39.1	9846	8682	1164	1278
39.12	9657	8564	1093	1277
39.14	9188	8433	755	1277
39.16	9158	8290	868	1277
39.18	8909	8135	774	1276
39.2	8704	7970	734	1276
39.22	8488	7797	691	1276
39.24	8139	7617	522	1275
39.26	8000	7430	570	1275
39.28	7849	7238	611	1275
39.3	7495	7042	453	1274
39.32	7222	6844	378	1274
39.34	6879	6643	236	1274
39.36	6757	6442	315	1273
39.38	6337	6240	97	1273
39.4	6226	6040	186	1273
39.42	5936	5840	96	1272
39.44	5674	5643	31	1272
39.46	5360	5449	-89	1272
39.48	5158	5258	-100	1271
39.5	4986	5071	-85	1271
39.52	4723	4888	-165	1271
39.54	4500	4710	-210	1270
39.56	4435	4537	-102	1270
39.58	4375	4369	6	1270
39.6	3993	4207	-214	1269
39.62	4068	4051	17	1269
39.64	3917	3900	17	1269
39.66	3666	3755	-89	1268
39.68	3459	3617	-158	1268
39.7	3422	3484	-62	1268
39.72	3285	3358	-73	1267
39.74	3101	3237	-136	1267
39.76	3055	3123	-68	1267
39.78	2876	3014	-138	1266
39.8	2920	2912	8	1266
39.82	2775	2815	-40	1266
39.84	2694	2723	-29	1265
39.86	2603	2637	-34	1265
39.88	2585	2556	29	1265
39.9	2457	2480	-23	1264
39.92	2385	2409	-24	1264
39.94	2415	2342	73	1264
39.96	2250	2279	-29	1263
39.98	2256	2221	35	1263
40.0	2208	2167	41	1263
40.02	2244	2116	128	1262
40.04	2115	2069	46	1262
40.06	2170	2025	145	1262
40.08	2065	1985	80	1261
40.1	1973	1947	26	1261
40.12	2018	1912	106	1260
40.14	1908	1879	29	1260
40.16	1889	1849	40	1260
40.18	1855	1821	34	1259
40.2	1919	1795	124	1259
40.22	1775	1771	4	1259
40.24	1712	1749	-37	1258
40.26	1816	1728	88	1258
40.28	1662	1708	-46	1258
40.3	1667	1690	-23	1257
40.32	1708	1674	34	1257
40.34	1769	1658	111	1257
40.36	1655	1643	12	1256
40.38	1699	1630	69	1256
40.4	1668	1617	51	1255
40.42	1601	1605	-4	1255
40.44	1597	1594	3	1255
40.46	1596	1583	13	1254
40.48	1562	1573	-11	1254
40.5	1518	1564	-46	1254
40.52	1587	1555	32	1253
40.54	1590	1546	44	1253
40.56	1583	1538	45	1253
40.58	1517	1531	-14	1252
40.6	1433	1523	-90	1252
40.62	1492	1516	-24	1251
40.64	1482	1510	-28	1251
40.66	1430	1503	-73	1251
40.68	1440	1497	-57	1250
40.7	1506	1491	15	1250
40.72	1384	1486	-102	1250
40.74	1504	1480	24	1249
40.76	1393	1475	-82	1249
40.78	1463	1470	-7	1249
40.8	1417	1465	-48	1248
40.82	1376	1460	-84	1248
40.84	1483	1455	28	1247
40.86	1399	1451	-52	1247
40.88	1414	1446	-32	1247
40.9	1431	1442	-11	1246
40.92	1366	1438	-72	1246
40.94	1321	1434	-113	1246
40.96	1433	1430	3	1245
40.98	1410	1426	-16	1245
41.0	1407	1423	-16	1244
41.02	1308	1419	-111	1244
41.04	1412	1415	-3	1244
41.06	1358	1412	-54	1243
41.08	1357	1409	-52	1243
41.1	1383	1405	-22	1243
41.12	1345	1402	-57	1242
41.14	1369	1399	-30	1242
41.16	1276	1396	-120	1241
41.18	1318	1393	-75	1241
41.2	1344	1390	-46	1241
41.22	1326	1387	-61	1240
41.24	1355	1385	-30	1240
41.26	1296	1382	-86	1240
41.28	1331	1379	-48	1239
41.3	1335	1377	-42	1239
41.32	1296	1374	-78	1238
41.34	1330	1372	-42	1238
41.36	1276	1369	-93	1238
41.38	1313	1367	-54	1237
41.4	1241	1364	-123	1237
41.42	1335	1362	-27	1237
41.44	1278	1360	-82	1236
41.46	1237	1358	-121	1236
41.48	1360	1355	5	1235
41.5	1342	1353	-11	1235
41.52	1353	1351	2	1235
41.54	1267	1349	-82	1234
41.56	1324	1347	-23	1234
41.58	1240	1345	-105	1234
41.6	1286	1343	-57	1233
41.62	1257	1341	-84	1233
41.64	1255	1339	-84	1232
41.66	1295	1337	-42	1232
41.68	1307	1336	-29	1232
41.7	1216	1334	-118	1231
41.72	1309	1332	-23	1231
41.74	1296	1330	-34	1231
41.76	1209	1329	-120	1230
41.78	1242	1327	-85	1230
41.8	1259	1325	-66	1229
41.82	1270	1324	-54	1229
41.84	1250	1322	-72	1229
41.86	1250	1320	-70	1228
41.88	1225	1319	-94	1228
41.9	1262	1317	-55	1228
41.92	1230	1316	-86	1227
41.94	1297	1314	-17	1227
41.96	1281	1313	-32	1226
41.98	1219	1311	-92	1226
42.0	1277	1310	-33	1226
42.02	1259	1309	-50	1225
42.04	1245	1307	-62	1225
42.06	1255	1306	-51	1224
42.08	1178	1305	-127	1224
42.1	1218	1303	-85	1224
42.12	1184	1302	-118	1223
42.14	1217	1301	-84	1223
42.16	1247	1299	-52	1223
42.18	1202	1298	-96	1222
42.2	1255	1297	-42	1222
42.22	1222	1296	-74	1221
42.24	1268	1294	-26	1221
42.26	1232	1293	-61	1221
42.28	1247	1292	-45	1220
42.3	1258	1291	-33	1220
42.32	1259	1290	-31	1220
42.34	1252	1289	-37	1219
42.36	1220	1287	-67	1219
42.38	1274	1286	-12	1218
42.4	1272	1285	-13	1218
42.42	1225	1284	-59	1218
42.44	1214	1283	-69	1217
42.46	1207	1282	-75	1217
42.48	1238	1281	-43	1217
42.5	1265	1280	-15	1216
42.52	1244	1279	-35	1216
42.54	1216	1278	-62	1215
42.56	1266	1277	-11	1215
42.58	1273	1276	-3	1215
42.6	1223	1275	-52	1214
42.62	1232	1274	-42	1214
42.64	1212	1273	-61	1214
42.66	1130	1272	-142	1213
42.68	1245	1271	-26	1213
42.7	1247	1270	-23	1212
42.72	1213	1269	-56	1212
42.74	1202	1268	-66	1212
42.76	1203	1267	-64	1211
42.78	1250	1266	-16	1211
42.8	1268	1266	2	1211
42.82	1202	1265	-63	1210
42.84	1188	1264	-76	1210
42.86	1200	1263	-63	1209
42.88	1201	1262	-61	1209
42.9	1197	1261	-64	1209
42.92	1244	1260	-16	1208
42.94	1210	1260	-50	1208
42.96	1224	1259	-35	1208
42.98	1221	1258	-37	1207
43.0	1199	1257	-58	1207
43.02	1208	1256	-48	1207
43.04	1224	1256	-32	1206
43.06	1187	1255	-68	1206
43.08	1271	1254	17	1205
43.1	1216	1253	-37	1205
43.12	1194	1252	-58	1205
43.14	1146	1252	-106	1204
43.16	1138	1251	-113	1204
43.18	1231	1250	-19	1204
43.2	1135	1250	-115	1203
43.22	1255	1249	6	1203
43.24	1151	1248	-97	1202
43.26	1186	1247	-61	1202
43.28	1200	1247	-47	1202
43.3	1233	1246	-13	1201
43.32	1200	1245	-45	1201
43.34	1211	1245	-34	1201
43.36	1188	1244	-56	1200
43.38	1136	1243	-107	1200
43.4	1133	1243	-110	1200
43.42	1216	1242	-26	1199
43.44	1228	1241	-13	1199
43.46	1177	1241	-64	1198
43.48	1206	1240	-34	1198
43.5	1192	1239	-47	1198
43.52	1194	1239	-45	1197
43.54	1213	1238	-25	1197
43.56	1225	1237	-12	1197
43.58	1143	1237	-94	1196
43.6	1178	1236	-58	1196
43.62	1244	1235	9	1196
43.64	1237	1235	2	1195
43.66	1210	1234	-24	1195
43.68	1222	1233	-11	1195
43.7	1264	1233	31	1194
43.72	1273	1232	41	1194
43.74	1185	1232	-47	1193
43.76	1261	1231	30	1193
43.78	1199	1230	-31	1193
43.8	1226	1230	-4	1192
43.82	1204	1229	-25	1192
43.84	1181	1229	-48	1192
43.86	1200	1228	-28	1191
43.88	1171	1227	-56	1191
43.9	1156	1227	-71	1191
43.92	1169	1226	-57	1190
43.94	1172	1226	-54	1190
43.96	1208	1225	-17	1190
43.98	1241	1225	16	1189
44.0	1251	1224	27	1189
44.02	1185	1224	-39	1189
44.04	1284	1223	61	1188
44.06	1243	1222	21	1188
44.08	1176	1222	-46	1187
44.1	1200	1221	-21	1187
44.12	1254	1221	33	1187
44.14	1211	1220	-9	1186
44.16	1229	1220	9	1186
44.18	1264	1219	45	1186
44.2	1182	1219	-37	1185
44.22	1190	1218	-28	1185
44.24	1187	1218	-31	1185
44.26	1140	1217	-77	1184
44.28	1235	1217	18	1184
44.3	1211	1216	-5	1184
44.32	1248	1216	32	1183
44.34	1208	1215	-7	1183
44.36	1167	1215	-48	1183
44.38	1215	1214	1	1182
44.4	1211	1214	-3	1182
44.42	1187	1213	-26	1182
44.44	1257	1213	44	1181
44.46	1195	1212	-17	1181
44.48	1161	1212	-51	1181
44.5	1195	1211	-16	1180
44.52	1268	1211	57	1180
44.54	1210	1210	0	1180
44.56	1230	1210	20	1179
44.58	1226	1209	17	1179
44.6	1226	1209	17	1178
44.62	1230	1208	22	1178
44.64	1223	1208	15	1178
44.66	1202	1208	-6	1177
44.68	1226	1207	19	1177
44.7	1205	1207	-2	1177
44.72	1179	1206	-27	1176
44.74	1222	1206	16	1176
44.76	1261	1205	56	1176
44.78	1235	1205	30	1175
44.8	1200	1204	-4	1175
44.82	1239	1204	35	1175
44.84	1225	1204	21	1174
44.86	1274	1203	71	1174
44.88	1282	1203	79	1174
44.9	1239	1202	37	1173
44.92	1180	1202	-22	1173
44.94	1172	1202	-30	1173
44.96	1206	1201	5	1172
44.98	1230	1201	29	1172
45.0	1165	1201	-36	1172
45.02	1222	1200	22	1171
45.04	1168	1200	-32	1171
45.06	1228	1199	29	1171
45.08	1192	1199	-7	1170
45.1	1224	1199	25	1170
45.12	1180	1198	-18	1170
45.14	1183	1198	-15	1169
45.16	1143	1197	-54	1169
45.18	1141	1197	-56	1169
45.2	1191	1197	-6	1168
45.22	1206	1196	10	1168
45.24	1256	1196	60	1168
45.26	1195	1196	-1	1168
45.28	1188	1195	-7	1167
45.3	1199	1195	4	1167
45.32	1161	1195	-34	1167
45.34	1181	1194	-13	1166
45.36	1189	1194	-5	1166
45.38	1181	1194	-13	1166
45.4	1149	1193	-44	1165
45.42	1128	1193	-65	1165
45.44	1201	1193	8	1165
45.46	1147	1192	-45	1164
45.48	1164	1192	-28	1164
45.5	1163	1192	-29	1164
45.52	1118	1191	-73	1163
45.54	1191	1191	0	1163
45.56	1135	1191	-56	1163
45.58	1160	1190	-30	1162
45.6	1180	1190	-10	1162
45.62	1205	1190	15	1162
45.64	1161	1189	-28	1161
45.66	1100	1189	-89	1161
45.68	1194	1189	5	1161
45.7	1154	1189	-35	1160
45.72	1185	1188	-3	1160
45.74	1118	1188	-70	1160
45.76	1263	1188	75	1160
45.78	1193	1188	5	1159
45.8	1156	1187	-31	1159
45.82	1178	1187	-9	1159
45.84	1098	1187	-89	1158
45.86	1129	1187	-58	1158
45.88	1173	1186	-13	1158
45.9	1105	1186	-81	1157
45.92	1103	1186	-83	1157
45.94	1116	1186	-70	1157
45.96	1131	1185	-54	1156
45.98	1153	1185	-32	1156
46.0	1186	1185	1	1156
46.02	1157	1185	-28	1156
46.04	1217	1185	32	1155
46.06	1131	1184	-53	1155
46.08	1192	1184	8	1155
46.1	1112	1184	-72	1154
46.12	1152	1184	-32	1154
46.14	1106	1184	-78	1154
46.16	1110	1184	-74	1153
46.18	1168	1183	-15	1153
46.2	1221	1183	38	1153
46.22	1249	1183	66	1152
46.24	1122	1183	-61	1152
46.26	1212	1183	29	1152
46.28	1103	1183	-80	1152
46.3	1182	1183	-1	1151
46.32	1140	1183	-43	1151
46.34	1180	1182	-2	1151
46.36	1122	1182	-60	1150
46.38	1178	1182	-4	1150
46.4	1172	1182	-10	1150
46.42	1102	1182	-80	1149
46.44	1109	1182	-73	1149
46.46	1197	1182	15	1149
46.48	1189	1182	7	1149
46.5	1161	1182	-21	1148
46.52	1205	1182	23	1148
46.54	1173	1183	-10	1148
46.56	1175	1183	-8	1147
46.58	1173	1183	-10	1147
46.6	1125	1183	-58	1147
46.62	1132	1183	-51	1147
46.64	1227	1183	44	1146
46.66	1209	1183	26	1146
46.68	1176	1184	-8	1146
46.7	1183	1184	-1	1145
46.72	1189	1184	5	1145
46.74	1216	1185	31	1145
46.76	1162	1185	-23	1145
46.78	1164	1186	-22	1144
46.8	1211	1186	25	1144
46.82	1227	1187	40	1144
46.84	1161	1187	-26	1143
46.86	1133	1188	-55	1143
46.88	1179	1189	-10	1143
46.9	1154	1190	-36	1143
46.92	1193	1191	2	1142
46.94	1172	1192	-20	1142
46.96	1241	1193	48	1142
46.98	1177	1194	-17	1141
47.0	1107	1195	-88	1141
47.02	1175	1197	-22	1141
47.04	1223	1198	25	1141
47.06	1213	1200	13	1140
47.08	1236	1202	34	1140
47.1	1137	1204	-67	1140
47.12	1216	1206	10	1140
47.14	1253	1208	45	1139
47.16	1200	1211	-11	1139
47.18	1258	1213	45	1139
47.2	1205	1216	-11	1138
47.22	1271	1219	52	1138
47.24	1207	1223	-16	1138
47.26	1159	1226	-67	1138
47.28	1229	1230	-1	1137
47.3	1239	1234	5	1137
47.32	1250	1239	11	1137
47.34	1207	1243	-36	1137
47.36	1235	1248	-13	1136
47.38	1229	1253	-24	1136
47.4	1258	1259	-1	1136
47.42	1248	1265	-17	1136
47.44	1277	1271	6	1135
47.46	1209	1277	-68	1135
47.48	1211	1284	-73	1135
47.5	1266	1291	-25	1134
47.52	1236	1299	-63	1134
47.54	1277	1307	-30	1134
47.56	1286	1315	-29	1134
47.58	1259	1323	-64	1133
47.6	1254	1332	-78	1133
47.62	1244	1341	-97	1133
47.64	1297	1350	-53	1133
47.66	1314	1359	-45	1132
47.68	1329	1369	-40	1132
47.7	1368	1379	-11	1132
47.72	1339	1389	-50	1132
47.74	1366	1400	-34	1131
47.76	1291	1410	-119	1131
47.78	1324	1421	-97	1131
47.8	1393	1432	-39	1131
47.82	1406	1442	-36	1130
47.84	1385	1453	-68	1130
47.86	1349	1464	-115	1130
47.88	1347	1474	-127	1130
47.9	1426	1485	-59	1129
47.92	1400	1495	-95	1129
47.94	1409	1505	-96	1129
47.96	1428	1514	-86	1129
47.98	1419	1524	-105	1128
48.0	1485	1532	-47	1128
48.02	1369	1540	-171	1128
48.04	1397	1548	-151	1128
48.06	1432	1554	-122	1127
48.08	1505	1560	-55	1127
48.1	1502	1565	-63	1127
48.12	1438	1570	-132	1127
48.14	1474	1573	-99	1126
48.16	1515	1575	-60	1126
48.18	1533	1577	-44	1126
48.2	1453	1577	-124	1126
48.22	1478	1577	-99	1125
48.24	1455	1575	-120	1125
48.26	1485	1573	-88	1125
48.28	1472	1570	-98	1125
48.3	1544	1566	-22	1125
48.32	1501	1561	-60	1124
48.34	1444	1555	-111	1124
48.36	1473	1549	-76	1124
48.38	1437	1542	-105	1124
48.4	1530	1534	-4	1123
48.42	1460	1526	-66	1123
48.44	1474	1517	-43	1123
48.46	1465	1508	-43	1123
48.48	1496	1498	-2	1122
48.5	1459	1488	-29	1122
48.52	1465	1478	-13	1122
48.54	1427	1468	-41	1122
48.56	1369	1457	-88	1122
48.58	1411	1447	-36	1121
48.6	1349	1436	-87	1121
48.62	1332	1426	-94	1121
48.64	1296	1415	-119	1121
48.66	1351	1404	-53	1120
48.68	1328	1394	-66	1120
48.7	1371	1384	-13	1120
48.72	1353	1373	-20	1120
48.74	1258	1363	-105	1120
48.76	1283	1353	-70	1119
48.78	1346	1344	2	1119
48.8	1307	1334	-27	1119
48.82	1251	1325	-74	1119
48.84	1273	1316	-43	1119
48.86	1259	1307	-48	1118
48.88	1275	1299	-24	1118
48.9	1226	1291	-65	1118
48.92	1254	1283	-29	1118
48.94	1169	1275	-106	1117
48.96	1263	1268	-5	1117
48.98	1244	1261	-17	1117
49.0	1262	1254	8	1117
49.02	1173	1248	-75	1117
49.04	1206	1241	-35	1116
49.06	1266	1236	30	1116
49.08	1223	1230	-7	1116
49.1	1189	1225	-36	1116
49.12	1178	1219	-41	1116
49.14	1109	1215	-106	1115
49.16	1141	1210	-69	1115
49.18	1234	1206	28	1115
49.2	1155	1202	-47	1115
49.22	1171	1198	-27	1115
49.24	1207	1194	13	1114
49.26	1148	1190	-42	1114
49.28	1207	1187	20	1114
49.3	1200	1184	16	1114
49.32	1168	1181	-13	1114
49.34	1170	1178	-8	1113
49.36	1151	1176	-25	1113
49.38	1167	1173	-6	1113
49.4	1203	1171	32	1113
49.42	1135	1169	-34	1113
49.44	1158	1167	-9	1112
49.46	1198	1165	33	1112
49.48	1199	1163	36	1112
49.5	1162	1161	1	1112
49.52	1163	1160	3	1112
49.54	1187	1158	29	1112
49.56	1123	1157	-34	1111
49.58	1151	1155	-4	1111
49.6	1129	1154	-25	1111
49.62	1137	1153	-16	1111
49.64	1125	1152	-27	1111
49.66	1179	1150	29	1110
49.68	1176	1149	27	1110
49.7	1156	1148	8	1110
49.72	1187	1147	40	1110
49.74	1144	1147	-3	1110
49.76	1142	1146	-4	1110
49.78	1166	1145	21	1109
49.8	1142	1144	-2	1109
49.82	1109	1143	-34	1109
49.84	1107	1143	-36	1109
49.86	1148	1142	6	1109
49.88	1127	1141	-14	1108
49.9	1122	1140	-18	1108
49.92	1155	1140	15	1108
49.94	1101	1139	-38	1108
49.96	1179	1139	40	1108
49.98	1162	1138	24	1108
50.0	1160	1138	22	1107
50.02	1151	1137	14	1107
50.04	1203	1136	67	1107
50.06	1120	1136	-16	1107
50.08	1123	1135	-12	1107
50.1	1139	1135	4	1107
50.12	1183	1135	48	1107
50.14	1124	1134	-10	1106
50.16	1140	1134	6	1106
50.18	1125	1133	-8	1106
50.2	1174	1133	41	1106
50.22	1181	1132	49	1106
50.24	1124	1132	-8	1106
50.26	1118	1132	-14	1105
50.28	1077	1131	-54	1105
50.3	1101	1131	-30	1105
50.32	1116	1130	-14	1105
50.34	1165	1130	35	1105
50.36	1135	1130	5	1105
50.38	1154	1129	25	1104
50.4	1123	1129	-6	1104
50.42	1096	1129	-33	1104
50.44	1119	1128	-9	1104
50.46	1062	1128	-66	1104
50.48	1150	1128	22	1104
50.5	1105	1127	-22	1104
50.52	1072	1127	-55	1103
50.54	1092	1127	-35	1103
50.56	1086	1126	-40	1103
50.58	1126	1126	0	1103
50.6	1091	1126	-35	1103
50.62	1123	1126	-3	1103
50.64	1164	1126	38	1103
50.66	1072	1125	-53	1102
50.68	1141	1125	16	1102
50.7	1160	1125	35	1102
50.72	1139	1125	14	1102
50.74	1094	1124	-30	1102
50.76	1127	1124	3	1102
50.78	1145	1124	21	1102
50.8	1119	1124	-5	1102
50.82	1197	1123	74	1101
50.84	1110	1123	-13	1101
50.86	1168	1123	45	1101
50.88	1113	1123	-10	1101
50.9	1153	1122	31	1101
50.92	1155	1122	33	1101
50.94	1116	1122	-6	1101
50.96	1073	1122	-49	1101
50.98	1187	1122	65	1100
51.0	1155	1121	34	1100
51.02	1098	1121	-23	1100
51.04	1164	1121	43	1100
51.06	1104	1121	-17	1100
51.08	1063	1121	-58	1100
51.1	1141	1121	20	1100
51.12	1205	1120	85	1100
51.14	1125	1120	5	1099
51.16	1130	1120	10	1099
51.18	1171	1120	51	1099
51.2	1167	1120	47	1099
51.22	1115	1120	-5	1099
51.24	1081	1119	-38	1099
51.26	1109	1119	-10	1099
51.28	1068	1119	-51	1099
51.3	1154	1119	35	1099
51.32	1123	1119	4	1098
51.34	1152	1119	33	1098
51.36	1102	1119	-17	1098
51.38	1160	1118	42	1098
51.4	1131	1118	13	1098
51.42	1154	1118	36	1098
51.44	1098	1118	-20	1098
51.46	1156	1118	38	1098
51.48	1106	1118	-12	1098
51.5	1126	1118	8	1098
51.52	1129	1118	11	1097
51.54	1100	1117	-17	1097
51.56	1154	1117	37	1097
51.58	1129	1117	12	1097
51.6	1151	1117	34	1097
51.62	1125	1117	8	1097
51.64	1155	1117	38	1097
51.66	1120	1117	3	1097
51.68	1157	1117	40	1097
51.7	1116	1117	-1	1097
51.72	1132	1117	15	1096
51.74	1106	1116	-10	1096
51.76	1122	1116	6	1096
51.78	1123	1116	7	1096
51.8	1088	1116	-28	1096
51.82	1130	1116	14	1096
51.84	1114	1116	-2	1096
51.86	1196	1116	80	1096
51.88	1113	1116	-3	1096
51.9	1133	1116	17	1096
51.92	1127	1116	11	1096
51.94	1065	1116	-51	1096
51.96	1182	1116	66	1095
51.98	1103	1116	-13	1095
52.0	1090	1116	-26	1095
52.02	1154	1116	38	1095
52.04	1133	1116	17	1095
52.06	1136	1116	20	1095
52.08	1132	1116	16	1095
52.1	1131	1116	15	1095
52.12	1121	1115	6	1095
52.14	1070	1115	-45	1095
52.16	1134	1115	19	1095
52.18	1186	1115	71	1095
52.2	1201	1115	86	1095
52.22	1196	1115	81	1094
52.24	1109	1115	-6	1094
52.26	1112	1115	-3	1094
52.28	1106	1115	-9	1094
52.3	1147	1115	32	1094
52.32	1137	1115	22	1094
52.34	1137	1115	22	1094
52.36	1144	1115	29	1094
52.38	1137	1115	22	1094
52.4	1057	1115	-58	1094
52.42	1116	1115	1	1094
52.44	1159	1115	44	1094
52.46	1171	1115	56	1094
52.48	1149	1115	34	1094
52.5	1145	1116	29	1094
52.52	1140	1116	24	1093
52.54	1106	1116	-10	1093
52.56	1192	1116	76	1093
52.58	1159	1116	43	1093
52.6	1100	1116	-16	1093
52.62	1171	1116	55	1093
52.64	1107	1116	-9	1093
52.66	1155	1116	39	1093
52.68	1175	1116	59	1093
52.7	1115	1116	-1	1093
52.72	1110	1116	-6	1093
52.74	1161	1116	45	1093
52.76	1182	1116	66	1093
52.78	1158	1116	42	1093
52.8	1115	1116	-1	1093
52.82	1121	1116	5	1093
52.84	1079	1117	-38	1093
52.86	1130	1117	13	1093
52.88	1107	1117	-10	1093
52.9	1091	1117	-26	1092
52.92	1161	1117	44	1092
52.94	1111	1117	-6	1092
52.96	1147	1117	30	1092
52.98	1129	1117	12	1092
53.0	1081	1117	-36	1092
53.02	1180	1118	62	1092
53.04	1077	1118	-41	1092
53.06	1086	1118	-32	1092
53.08	1143	1118	25	1092
53.1	1113	1118	-5	1092
53.12	1123	1118	5	1092
53.14	1122	1118	4	1092
53.16	1123	1119	4	1092
53.18	1199	1119	80	1092
53.2	1110	1119	-9	1092
53.22	1154	1119	35	1092
53.24	1138	1119	19	1092
53.26	1079	1119	-40	1092
53.28	1080	1120	-40	1092
53.3	1144	1120	24	1092
53.32	1142	1120	22	1092
53.34	1132	1120	12	1092
53.36	1145	1121	24	1092
53.38	1135	1121	14	1092
53.4	1134	1121	13	1092
53.42	1139	1121	18	1092
53.44	1122	1121	1	1092
53.46	1120	1122	-2	1092
53.48	1077	1122	-45	1092
53.5	1117	1122	-5	1091
53.52	1141	1123	18	1091
53.54	1131	1123	8	1091
53.56	1091	1123	-32	1091
53.58	1138	1123	15	1091
53.6	1166	1124	42	1091
53.62	1136	1124	12	1091
53.64	1147	1124	23	1091
53.66	1125	1125	0	1091
53.68	1191	1125	66	1091
53.7	1130	1125	5	1091
53.72	1133	1126	7	1091
53.74	1121	1126	-5	1091
53.76	1143	1126	17	1091
53.78	1137	1127	10	1091
53.8	1114	1127	-13	1091
53.82	1087	1128	-41	1091
53.84	1156	1128	28	1091
53.86	1105	1129	-24	1091
53.88	1172	1129	43	1091
53.9	1133	1129	4	1091
53.92	1169	1130	39	1091
53.94	1137	1130	7	1091
53.96	1128	1131	-3	1091
53.98	1161	1131	30	1091
54.0	1122	1132	-10	1091
54.02	1194	1132	62	1091
54.04	1159	1133	26	1091
54.06	1160	1134	26	1091
54.08	1055	1134	-79	1091
54.1	1152	1135	17	1091
54.12	1122	1135	-13	1091
54.14	1141	1136	5	1091
54.16	1168	1137	31	1091
54.18	1136	1137	-1	1091
54.2	1151	1138	13	1091
54.22	1134	1139	-5	1091
54.24	1200	1140	60	1091
54.26	1138	1140	-2	1091
54.28	1136	1141	-5	1091
54.3	1126	1142	-16	1091
54.32	1171	1143	28	1091
54.34	1193	1144	49	1091
54.36	1182	1145	37	1091
54.38	1189	1145	44	1091
54.4	1144	1146	-2	1091
54.42	1183	1147	36	1091
54.44	1224	1148	76	1091
54.46	1152	1149	3	1091
54.48	1227	1151	76	1091
54.5	1180	1152	28	1091
54.52	1196	1153	43	1091
54.54	1223	1154	69	1091
54.56	1168	1155	13	1091
54.58	1224	1157	67	1091
54.6	1225	1158	67	1091
54.62	1226	1160	66	1091
54.64	1184	1161	23	1091
54.66	1192	1163	29	1091
54.68	1223	1165	58	1091
54.7	1262	1166	96	1091
54.72	1216	1168	48	1091
54.74	1230	1170	60	1091
54.76	1204	1172	32	1091
54.78	1227	1174	53	1091
54.8	1222	1177	45	1091
54.82	1328	1179	149	1092
54.84	1196	1182	14	1092
54.86	1287	1184	103	1092
54.88	1220	1187	33	1092
54.9	1325	1190	135	1092
54.92	1299	1193	106	1092
54.94	1234	1197	37	1092
54.96	1262	1200	62	1092
54.98	1303	1204	99	1092
55.0	1250	1208	42	1092
55.02	1280	1212	68	1092
55.04	1351	1217	134	1092
55.06	1316	1222	94	1092
55.08	1251	1227	24	1092
55.1	1290	1233	57	1092
55.12	1308	1238	70	1092
55.14	1338	1245	93	1092
55.16	1370	1251	119	1092
55.18	1394	1258	136	1092
55.2	1390	1266	124	1092
55.22	1436	1273	163	1092
55.24	1344	1282	62	1092
55.26	1337	1291	46	1092
55.28	1371	1300	71	1092
55.3	1357	1310	47	1092
55.32	1467	1320	147	1092
55.34	1426	1331	95	1092
55.36	1361	1343	18	1092
55.38	1466	1355	111	1092
55.4	1419	1368	51	1092
55.42	1402	1381	21	1092
55.44	1439	1395	44	1092
55.46	1431	1410	21	1093
55.48	1433	1425	8	1093
55.5	1521	1442	79	1093
55.52	1489	1458	31	1093
55.54	1527	1476	51	1093
55.56	1523	1494	29	1093
55.58	1504	1513	-9	1093
55.6	1605	1532	73	1093
55.62	1593	1552	41	1093
55.64	1577	1573	4	1093
55.66	1616	1595	21	1093
55.68	1633	1617	16	1093
55.7	1650	1639	11	1093
55.72	1609	1662	-53	1093
55.74	1681	1686	-5	1093
55.76	1600	1710	-110	1093
55.78	1653	1734	-81	1093
55.8	1696	1759	-63	1093
55.82	1685	1784	-99	1093
55.84	1644	1809	-165	1093
55.86	1767	1835	-68	1093
55.88	1783	1860	-77	1094
55.9	1702	1885	-183	1094
55.92	1747	1910	-163	1094
55.94	1803	1934	-131	1094
55.96	1828	1959	-131	1094
55.98	1844	1982	-138	1094
56.0	1888	2005	-117	1094
56.02	1773	2026	-253	1094
56.04	1821	2047	-226	1094
56.06	1861	2066	-205	1094
56.08	1841	2084	-243	1094
56.1	1942	2100	-158	1094
56.12	1867	2115	-248	1094
56.14	1799	2128	-329	1094
56.16	1857	2139	-282	1094
56.18	1925	2147	-222	1094
56.2	1990	2154	-164	1094
56.22	1895	2159	-264	1095
56.24	1992	2161	-169	1095
56.26	1904	2162	-258	1095
56.28	1927	2160	-233	1095
56.3	1865	2157	-292	1095
56.32	1947	2151	-204	1095
56.34	1880	2144	-264	1095
56.36	1880	2134	-254	1095
56.38	1894	2123	-229	1095
56.4	1888	2110	-222	1095
56.42	1945	2096	-151	1095
56.44	1897	2081	-184	1095
56.46	1956	2064	-108	1095
56.48	1865	2046	-181	1095
56.5	1839	2027	-188	1095
56.52	1832	2007	-175	1096
56.54	1887	1987	-100	1096
56.56	1904	1966	-62	1096
56.58	1823	1944	-121	1096
56.6	1909	1922	-13	1096
56.62	1940	1899	41	1096
56.64	1900	1876	24	1096
56.66	1765	1853	-88	1096
56.68	1772	1830	-58	1096
56.7	1748	1807	-59	1096
56.72	1721	1784	-63	1096
56.74	1815	1761	54	1096
56.76	1712	1739	-27	1096
56.78	1712	1716	-4	1097
56.8	1706	1694	12	1097
56.82	1625	1673	-48	1097
56.84	1687	1652	35	1097
56.86	1720	1631	89	1097
56.88	1655	1611	44	1097
56.9	1693	1591	102	1097
56.92	1679	1571	108	1097
56.94	1641	1553	88	1097
56.96	1674	1534	140	1097
56.98	1631	1517	114	1097
57.0	1515	1500	15	1097
57.02	1605	1483	122	1097
57.04	1536	1467	69	1098
57.06	1565	1452	113	1098
57.08	1492	1437	55	1098
57.1	1516	1423	93	1098
57.12	1498	1409	89	1098
57.14	1572	1396	176	1098
57.16	1501	1383	118	1098
57.18	1451	1371	80	1098
57.2	1400	1360	40	1098
57.22	1368	1349	19	1098
57.24	1530	1338	192	1098
57.26	1338	1328	10	1099
57.28	1412	1319	93	1099
57.3	1436	1310	126	1099
57.32	1433	1301	132	1099
57.34	1389	1293	96	1099
57.36	1443	1285	158	1099
57.38	1380	1278	102	1099
57.4	1393	1271	122	1099
57.42	1335	1265	70	1099
57.44	1377	1258	119	1099
57.46	1315	1253	62	1099
57.48	1319	1247	72	1100
57.5	1299	1242	57	1100
57.52	1222	1237	-15	1100
57.54	1346	1232	114	1100
57.56	1288	1228	60	1100
57.58	1261	1224	37	1100
57.6	1337	1220	117	1100
57.62	1272	1216	56	1100
57.64	1352	1213	139	1100
57.66	1231	1209	22	1100
57.68	1232	1206	26	1101
57.7	1227	1203	24	1101
57.72	1179	1200	-21	1101
57.74	1246	1198	48	1101
57.76	1228	1195	33	1101
57.78	1231	1193	38	1101
57.8	1259	1191	68	1101
57.82	1266	1189	77	1101
57.84	1228	1187	41	1101
57.86	1228	1185	43	1101
57.88	1234	1183	51	1102
57.9	1280	1181	99	1102
57.92	1205	1179	26	1102
57.94	1270	1178	92	1102
57.96	1184	1176	8	1102
57.98	1211	1175	36	1102
58.0	1201	1174	27	1102
58.02	1168	1172	-4	1102
58.04	1111	1171	-60	1102
58.06	1151	1170	-19	1103
58.08	1221	1169	52	1103
58.1	1189	1168	21	1103
58.12	1204	1167	37	1103
58.14	1230	1166	64	1103
58.16	1146	1165	-19	1103
58.18	1150	1164	-14	1103
58.2	1192	1163	29	1103
58.22	1161	1162	-1	1103
58.24	1131	1161	-30	1103
58.26	1137	1161	-24	1104
58.28	1171	1160	11	1104
58.3	1180	1159	21	1104
58.32	1136	1158	-22	1104
58.34	1166	1158	8	1104
58.36	1183	1157	26	1104
58.38	1195	1156	39	1104
58.4	1093	1156	-63	1104
58.42	1131	1155	-24	1105
58.44	1104	1155	-51	1105
58.46	1152	1154	-2	1105
58.48	1164	1154	10	1105
58.5	1177	1153	24	1105
58.52	1165	1153	12	1105
58.54	1128	1152	-24	1105
58.56	1138	1152	-14	1105
58.58	1185	1152	33	1105
58.6	1131	1151	-20	1106
58.62	1124	1151	-27	1106
58.64	1141	1150	-9	1106
58.66	1175	1150	25	1106
58.68	1148	1150	-2	1106
58.7	1130	1149	-19	1106
58.72	1166	1149	17	1106
58.74	1158	1149	9	1106
58.76	1127	1148	-21	1107
58.78	1148	1148	0	1107
58.8	1179	1148	31	1107
58.82	1157	1147	10	1107
58.84	1177	1147	30	1107
58.86	1199	1147	52	1107
58.88	1079	1147	-68	1107
58.9	1192	1146	46	1107
58.92	1126	1146	-20	1108
58.94	1145	1146	-1	1108
58.96	1091	1146	-55	1108
58.98	1143	1145	-2	1108
59.0	1143	1145	-2	1108
59.02	1081	1145	-64	1108
59.04	1123	1145	-22	1108
59.06	1096	1145	-49	1108
59.08	1062	1145	-83	1109
59.1	1124	1144	-20	1109
59.12	1120	1144	-24	1109
59.14	1111	1144	-33	1109
59.16	1133	1144	-11	1109
59.18	1141	1144	-3	1109
59.2	1121	1144	-23	1109
59.22	1098	1144	-46	1109
59.24	1114	1144	-30	1110
59.26	1099	1143	-44	1110
59.28	1143	1143	0	1110
59.3	1105	1143	-38	1110
59.32	1109	1143	-34	1110
59.34	1102	1143	-41	1110
59.36	1092	1143	-51	1110
59.38	1118	1143	-25	1110
59.4	1219	1143	76	1111
59.42	1118	1143	-25	1111
59.44	1111	1143	-32	1111
59.46	1109	1143	-34	1111
59.48	1166	1143	23	1111
59.5	1150	1143	7	1111
59.52	1100	1143	-43	1111
59.54	1158	1143	15	1112
59.56	1145	1143	2	1112
59.58	1122	1143	-21	1112
59.6	1139	1143	-4	1112
59.62	1139	1143	-4	1112
59.64	1106	1143	-37	1112
59.66	1135	1143	-8	1112
59.68	1114	1143	-29	1112
59.7	1179	1143	36	1113
59.72	1153	1143	10	1113
59.74	1126	1143	-17	1113
59.76	1087	1143	-56	1113
59.78	1108	1143	-35	1113
59.8	1151	1143	8	1113
59.82	1097	1143	-46	1113
59.84	1147	1143	4	1114
59.86	1155	1143	12	1114
59.88	1123	1143	-20	1114
59.9	1109	1143	-34	1114
59.92	1119	1143	-24	1114
59.94	1134	1143	-9	1114
59.96	1106	1143	-37	1114
59.98	1141	1144	-3	1115
60.0	1133	1144	-11	1115
60.02	1110	1144	-34	1115
60.04	1111	1144	-33	1115
60.06	1072	1144	-72	1115
60.08	1092	1144	-52	1115
60.1	1097	1144	-47	1115
60.12	1198	1144	54	1115
60.14	1177	1144	33	1116
60.16	1116	1144	-28	1116
60.18	1116	1145	-29	1116
60.2	1117	1145	-28	1116
60.22	1178	1145	33	1116
60.24	1063	1145	-82	1116
60.26	1115	1145	-30	1116
60.28	1124	1145	-21	1117
60.3	1157	1145	12	1117
60.32	1114	1146	-32	1117
60.34	1152	1146	6	1117
60.36	1123	1146	-23	1117
60.38	1142	1146	-4	1117
60.4	1150	1146	4	1117
60.42	1146	1146	0	1118
60.44	1157	1146	11	1118
60.46	1182	1147	35	1118
60.48	1127	1147	-20	1118
60.5	1116	1147	-31	1118
60.52	1150	1147	3	1118
60.54	1121	1147	-26	1118
60.56	1115	1148	-33	1119
60.58	1134	1148	-14	1119
60.6	1163	1148	15	1119
60.62	1252	1148	104	1119
60.64	1113	1148	-35	1119
60.66	1120	1149	-29	1119
60.68	1111	1149	-38	1119
60.7	1054	1149	-95	1119
60.72	1114	1149	-35	1120
60.74	1116	1150	-34	1120
60.76	1138	1150	-12	1120
60.78	1096	1150	-54	1120
60.8	1126	1150	-24	1120
60.82	1193	1151	42	1120
60.84	1135	1151	-16	1120
60.86	1182	1151	31	1121
60.88	1151	1151	0	1121
60.9	1142	1152	-10	1121
60.92	1157	1152	5	1121
60.94	1157	1152	5	1121
60.96	1122	1152	-30	1121
60.98	1157	1153	4	1121
61.0	1155	1153	2	1122
61.02	1155	1153	2	1122
61.04	1168	1154	14	1122
61.06	1144	1154	-10	1122
61.08	1152	1154	-2	1122
61.1	1122	1155	-33	1122
61.12	1138	1155	-17	1122
61.14	1146	1155	-9	1123
61.16	1145	1156	-11	1123
61.18	1111	1156	-45	1123
61.2	1150	1156	-6	1123
61.22	1074	1157	-83	1123
61.24	1164	1157	7	1123
61.26	1192	1158	34	1123
61.28	1172	1158	14	1124
61.3	1125	1158	-33	1124
61.32	1107	1159	-52	1124
61.34	1131	1159	-28	1124
61.36	1152	1160	-8	1124
61.38	1113	1160	-47	1124
61.4	1166	1161	5	1124
61.42	1119	1161	-42	1124
61.44	1103	1161	-58	1125
61.46	1182	1162	20	1125
61.48	1166	1162	4	1125
61.5	1238	1163	75	1125
61.52	1105	1163	-58	1125
61.54	1157	1164	-7	1125
61.56	1172	1165	7	1125
61.58	1175	1165	10	1126
61.6	1190	1166	24	1126
61.62	1087	1166	-79	1126
61.64	1184	1167	17	1126
61.66	1159	1167	-8	1126
61.68	1141	1168	-27	1126
61.7	1137	1169	-32	1126
61.72	1194	1169	25	1127
61.74	1148	1170	-22	1127
61.76	1182	1171	11	1127
61.78	1131	1172	-41	1127
61.8	1146	1172	-26	1127
61.82	1132	1173	-41	1127
61.84	1165	1174	-9	1127
61.86	1162	1175	-13	1127
61.88	1141	1176	-35	1128
61.9	1156	1176	-20	1128
61.92	1176	1177	-1	1128
61.94	1159	1178	-19	1128
61.96	1152	1179	-27	1128
61.98	1201	1180	21	1128
62.0	1181	1181	0	1128
62.02	1152	1182	-30	1129
62.04	1207	1184	23	1129
62.06	1217	1185	32	1129
62.08	1183	1186	-3	1129
62.1	1159	1187	-28	1129
62.12	1135	1189	-54	1129
62.14	1175	1190	-15	1129
62.16	1177	1192	-15	1129
62.18	1181	1193	-12	1130
62.2	1230	1195	35	1130
62.22	1230	1196	34	1130
62.24	1166	1198	-32	1130
62.26	1119	1200	-81	1130
62.28	1267	1202	65	1130
62.3	1173	1204	-31	1130
62.32	1204	1206	-2	1131
62.34	1207	1209	-2	1131
62.36	1175	1211	-36	1131
62.38	1201	1214	-13	1131
62.4	1212	1216	-4	1131
62.42	1250	1219	31	1131
62.44	1260	1222	38	1131
62.46	1154	1225	-71	1131
62.48	1186	1228	-42	1132
62.5	1246	1232	14	1132
62.52	1205	1236	-31	1132
62.54	1256	1239	17	1132
62.56	1318	1244	74	1132
62.58	1225	1248	-23	1132
62.6	1185	1252	-67	1132
62.62	1196	1257	-61	1132
62.64	1264	1262	2	1133
62.66	1236	1267	-31	1133
62.68	1259	1272	-13	1133
62.7	1231	1278	-47	1133
62.72	1251	1284	-33	1133
62.74	1288	1290	-2	1133
62.76	1237	1297	-60	1133
62.78	1305	1303	2	1133
62.8	1232	1310	-78	1134
62.82	1231	1318	-87	1134
62.84	1251	1325	-74	1134
62.86	1365	1333	32	1134
62.88	1295	1341	-46	1134
62.9	1317	1350	-33	1134
62.92	1263	1359	-96	1134
62.94	1299	1368	-69	1134
62.96	1331	1377	-46	1134
62.98	1300	1387	-87	1135
63.0	1301	1396	-95	1135
63.02	1329	1407	-78	1135
63.04	1323	1417	-94	1135
63.06	1325	1428	-103	1135
63.08	1286	1438	-152	1135
63.1	1315	1449	-134	1135
63.12	1295	1460	-165	1135
63.14	1348	1472	-124	1136
63.16	1379	1483	-104	1136
63.18	1359	1495	-136	1136
63.2	1359	1506	-147	1136
63.22	1371	1518	-147	1136
63.24	1395	1529	-134	1136
63.26	1451	1541	-90	1136
63.28	1422	1552	-130	1136
63.3	1335	1563	-228	1136
63.32	1414	1573	-159	1137
63.34	1396	1584	-188	1137
63.36	1393	1594	-201	1137
63.38	1366	1603	-237	1137
63.4	1418	1612	-194	1137
63.42	1373	1621	-248	1137
63.44	1416	1628	-212	1137
63.46	1418	1635	-217	1137
63.48	1358	1641	-283	1137
63.5	1422	1646	-224	1138
63.52	1434	1651	-217	1138
63.54	1538	1654	-116	1138
63.56	1383	1656	-273	1138
63.58	1404	1658	-254	1138
63.6	1479	1659	-180	1138
63.62	1511	1659	-148	1138
63.64	1430	1658	-228	1138
63.66	1395	1656	-261	1138
63.68	1440	1653	-213	1138
63.7	1413	1650	-237	1139
63.72	1480	1645	-165	1139
63.74	1418	1640	-222	1139
63.76	1445	1634	-189	1139
63.78	1433	1628	-195	1139
63.8	1413	1621	-208	1139
63.82	1403	1614	-211	1139
63.84	1372	1606	-234	1139
63.86	1425	1598	-173	1139
63.88	1442	1589	-147	1139
63.9	1397	1580	-183	1140
63.92	1378	1571	-193	1140
63.94	1424	1561	-137	1140
63.96	1325	1552	-227	1140
63.98	1319	1542	-223	1140
64.0	1383	1532	-149	1140
64.02	1335	1522	-187	1140
64.04	1345	1512	-167	1140
64.06	1315	1502	-187	1140
64.08	1383	1492	-109	1140
64.1	1317	1482	-165	1141
64.12	1263	1472	-209	1141
64.14	1371	1462	-91	1141
64.16	1301	1453	-152	1141
64.18	1315	1443	-128	1141
64.2	1325	1434	-109	1141
64.22	1403	1425	-22	1141
64.24	1333	1416	-83	1141
64.26	1286	1407	-121	1141
64.28	1324	1399	-75	1141
64.3	1325	1390	-65	1141
64.32	1273	1382	-109	1142
64.34	1284	1374	-90	1142
64.36	1335	1366	-31	1142
64.38	1242	1359	-117	1142
64.4	1277	1352	-75	1142
64.42	1259	1345	-86	1142
64.44	1331	1338	-7	1142
64.46	1293	1331	-38	1142
64.48	1325	1325	0	1142
64.5	1210	1319	-109	1142
64.52	1262	1313	-51	1142
64.54	1220	1307	-87	1142
64.56	1218	1302	-84	1142
64.58	1281	1297	-16	1143
64.6	1262	1292	-30	1143
64.62	1260	1287	-27	1143
64.64	1281	1282	-1	1143
64.66	1221	1278	-57	1143
64.68	1253	1274	-21	1143
64.7	1259	1270	-11	1143
64.72	1274	1266	8	1143
64.74	1235	1262	-27	1143
64.76	1309	1259	50	1143
64.78	1221	1255	-34	1143
64.8	1321	1252	69	1143
64.82	1216	1249	-33	1143
64.84	1213	1246	-33	1143
64.86	1233	1244	-11	1144
64.88	1128	1241	-113	1144
64.9	1178	1238	-60	1144
64.92	1174	1236	-62	1144
64.94	1198	1234	-36	1144
64.96	1207	1232	-25	1144
64.98	1172	1230	-58	1144
65.0	1210	1228	-18	1144
65.02	1184	1226	-42	1144
65.04	1224	1224	0	1144
65.06	1174	1223	-49	1144
65.08	1214	1221	-7	1144
65.1	1236	1220	16	1144
65.12	1256	1218	38	1144
65.14	1228	1217	11	1144
65.16	1198	1216	-18	1144
65.18	1255	1214	41	1145
65.2	1207	1213	-6	1145
65.22	1255	1212	43	1145
65.24	1221	1211	10	1145
65.26	1262	1210	52	1145
65.28	1174	1209	-35	1145
65.3	1179	1209	-30	1145
65.32	1225	1208	17	1145
65.34	1213	1207	6	1145
65.36	1178	1206	-28	1145
65.38	1245	1205	40	1145
65.4	1162	1205	-43	1145
65.42	1262	1204	58	1145
65.44	1179	1204	-25	1145
65.46	1141	1203	-62	1145
65.48	1165	1202	-37	1145
65.5	1198	1202	-4	1145
65.52	1151	1201	-50	1145
65.54	1084	1201	-117	1145
65.56	1136	1200	-64	1145
65.58	1202	1200	2	1145
65.6	1111	1200	-89	1146
65.62	1125	1199	-74	1146
65.64	1169	1199	-30	1146
65.66	1101	1198	-97	1146
65.68	1173	1198	-25	1146
65.7	1091	1198	-107	1146
65.72	1167	1197	-30	1146
65.74	1136	1197	-61	1146
65.76	1136	1197	-61	1146
65.78	1112	1197	-85	1146
65.8	1205	1196	9	1146
65.82	1129	1196	-67	1146
65.84	1200	1196	4	1146
65.86	1170	1196	-26	1146
65.88	1156	1196	-40	1146
65.9	1135	1195	-60	1146
65.92	1231	1195	36	1146
65.94	1183	1195	-12	1146
65.96	1202	1195	7	1146
65.98	1180	1195	-15	1146
66.0	1193	1195	-2	1146
66.02	1157	1194	-37	1146
66.04	1175	1195	-20	1146
66.06	1201	1194	7	1146
66.08	1146	1194	-48	1146
66.1	1124	1194	-70	1146
66.12	1241	1194	47	1146
66.14	1162	1194	-32	1146
66.16	1211	1194	17	1146
66.18	1148	1194	-46	1146
66.2	1100	1194	-94	1146
66.22	1192	1194	-2	1146
66.24	1177	1194	-17	1146
66.26	1181	1194	-13	1146
66.28	1169	1194	-25	1146
66.3	1185	1194	-9	1146
66.32	1177	1194	-17	1146
66.34	1193	1194	-1	1146
66.36	1198	1194	4	1146
66.38	1111	1194	-83	1146
66.4	1163	1194	-31	1146
66.42	1128	1194	-66	1146
66.44	1133	1194	-61	1146
66.46	1153	1194	-41	1146
66.48	1161	1194	-33	1146
66.5	1171	1194	-23	1146
66.52	1157	1194	-37	1146
66.54	1187	1194	-7	1146
66.56	1174	1194	-20	1146
66.58	1200	1195	5	1146
66.6	1181	1195	-14	1146
66.62	1132	1195	-63	1146
66.64	1175	1195	-20	1146
66.66	1189	1195	-6	1146
66.68	1201	1195	6	1146
66.7	1218	1195	23	1146
66.72	1233	1196	37	1146
66.74	1173	1196	-23	1146
66.76	1176	1196	-20	1146
66.78	1178	1196	-18	1146
66.8	1171	1196	-25	1146
66.82	1116	1196	-80	1146
66.84	1141	1197	-56	1146
66.86	1216	1197	19	1146
66.88	1185	1197	-12	1146
66.9	1258	1197	61	1146
66.92	1153	1197	-44	1146
66.94	1161	1198	-37	1146
66.96	1144	1198	-54	1146
66.98	1216	1198	18	1146
67.0	1260	1198	62	1146
67.02	1205	1199	6	1146
67.04	1167	1199	-32	1146
67.06	1205	1199	6	1146
67.08	1152	1200	-48	1146
67.1	1151	1200	-49	1146
67.12	1139	1200	-61	1146
67.14	1156	1200	-44	1146
67.16	1153	1201	-48	1146
67.18	1130	1201	-71	1146
67.2	1223	1202	21	1146
67.22	1124	1202	-78	1146
67.24	1244	1202	42	1146
67.26	1168	1203	-35	1146
67.28	1199	1203	-4	1146
67.3	1149	1203	-54	1146
67.32	1202	1204	-2	1146
67.34	1198	1204	-6	1146
67.36	1182	1205	-23	1146
67.38	1203	1205	-2	1146
67.4	1222	1206	16	1146
67.42	1132	1206	-74	1146
67.44	1193	1206	-13	1146
67.46	1169	1207	-38	1146
67.48	1166	1207	-41	1146
67.5	1174	1208	-34	1146
67.52	1198	1209	-11	1146
67.54	1200	1209	-9	1146
67.56	1151	1210	-59	1145
67.58	1190	1210	-20	1145
67.6	1142	1211	-69	1145
67.62	1197	1211	-14	1145
67.64	1238	1212	26	1145
67.66	1236	1213	23	1145
67.68	1197	1213	-16	1145
67.7	1194	1214	-20	1145
67.72	1160	1215	-55	1145
67.74	1207	1215	-8	1145
67.76	1168	1216	-48	1145
67.78	1191	1217	-26	1145
67.8	1221	1217	4	1145
67.82	1274	1218	56	1145
67.84	1217	1219	-2	1145
67.86	1203	1220	-17	1145
67.88	1238	1221	17	1145
67.9	1228	1221	7	1145
67.92	1263	1222	41	1145
67.94	1227	1223	4	1145
67.96	1160	1224	-64	1145
67.98	1219	1225	-6	1145
68.0	1233	1226	7	1144
68.02	1160	1227	-67	1144
68.04	1235	1228	7	1144
68.06	1270	1229	41	1144
68.08	1271	1230	41	1144
68.1	1209	1231	-22	1144
68.12	1208	1232	-24	1144
68.14	1180	1233	-53	1144
68.16	1296	1235	61	1144
68.18	1255	1236	19	1144
68.2	1224	1237	-13	1144
68.22	1255	1238	17	1144
68.24	1246	1240	6	1144
68.26	1242	1241	1	1144
68.28	1296	1242	54	1144
68.3	1255	1244	11	1144
68.32	1248	1245	3	1144
68.34	1267	1247	20	1143
68.36	1272	1248	24	1143
68.38	1297	1250	47	1143
68.4	1267	1251	16	1143
68.42	1294	1253	41	1143
68.44	1299	1255	44	1143
68.46	1305	1257	48	1143
68.48	1247	1258	-11	1143
68.5	1295	1260	35	1143
68.52	1353	1262	91	1143
68.54	1316	1264	52	1143
68.56	1278	1266	12	1143
68.58	1260	1268	-8	1143
68.6	1258	1271	-13	1143
68.62	1295	1273	22	1143
68.64	1394	1275	119	1142
68.66	1384	1278	106	1142
68.68	1333	1280	53	1142
68.7	1353	1283	70	1142
68.72	1413	1286	127	1142
68.74	1385	1288	97	1142
68.76	1319	1291	28	1142
68.78	1422	1294	128	1142
68.8	1374	1298	76	1142
68.82	1345	1301	44	1142
68.84	1367	1304	63	1142
68.86	1416	1308	108	1142
68.88	1360	1311	49	1141
68.9	1365	1315	50	1141
68.92	1437	1319	118	1141
68.94	1388	1323	65	1141
68.96	1360	1328	32	1141
68.98	1514	1332	182	1141
69.0	1468	1337	131	1141
69.02	1475	1342	133	1141
69.04	1500	1347	153	1141
69.06	1489	1353	136	1141
69.08	1492	1358	134	1141
69.1	1501	1364	137	1141
69.12	1514	1371	143	1140
69.14	1539	1377	162	1140
69.16	1496	1384	112	1140
69.18	1548	1391	157	1140
69.2	1612	1399	213	1140
69.22	1620	1407	213	1140
69.24	1626	1415	211	1140
69.26	1631	1424	207	1140
69.28	1594	1433	161	1140
69.3	1690	1443	247	1140
69.32	1621	1453	168	1140
69.34	1588	1463	125	1139
69.36	1676	1474	202	1139
69.38	1691	1486	205	1139
69.4	1692	1498	194	1139
69.42	1723	1511	212	1139
69.44	1804	1524	280	1139
69.46	1758	1538	220	1139
69.48	1806	1553	253	1139
69.5	1834	1568	266	1139
69.52	1786	1584	202	1139
69.54	1862	1601	261	1138
69.56	1814	1619	195	1138
69.58	1911	1637	274	1138
69.6	1935	1656	279	1138
69.62	2064	1676	388	1138
69.64	1975	1697	278	1138
69.66	2108	1718	390	1138
69.68	1983	1741	242	1138
69.7	1918	1764	154	1138
69.72	2139	1788	351	1137
69.74	1999	1813	186	1137
69.76	2167	1839	328	1137
69.78	2094	1866	228	1137
69.8	2117	1894	223	1137
69.82	2219	1923	296	1137
69.84	2257	1952	305	1137
69.86	2310	1982	328	1137
69.88	2284	2014	270	1137
69.9	2351	2046	305	1136
69.92	2355	2079	276	1136
69.94	2365	2113	252	1136
69.96	2371	2147	224	1136
69.98	2393	2182	211	1136
70.0	2373	2218	155	1136
70.02	2373	2254	119	1136
70.04	2421	2290	131	1136
70.06	2454	2327	127	1136
70.08	2583	2365	218	1135
70.1	2619	2402	217	1135
70.12	2584	2439	145	1135
70.14	2641	2476	165	1135
70.16	2671	2513	158	1135
70.18	2775	2549	226	1135
70.2	2751	2584	167	1135
70.22	2782	2619	163	1135
70.24	2783	2652	131	1134
70.26	2742	2684	58	1134
70.28	2813	2714	99	1134
70.3	2858	2742	116	1134
70.32	2809	2769	40	1134
70.34	2806	2793	13	1134
70.36	2878	2815	63	1134
70.38	2708	2834	-126	1134
70.4	2868	2850	18	1133
70.42	2942	2863	79	1133
70.44	2948	2873	75	1133
70.46	2864	2881	-17	1133
70.48	2891	2886	5	1133
70.5	2777	2889	-112	1133
70.52	2854	2888	-34	1133
70.54	2817	2886	-69	1132
70.56	2900	2880	20	1132
70.58	2847	2872	-25	1132
70.6	2877	2861	16	1132
70.62	2939	2847	92	1132
70.64	2851	2831	20	1132
70.66	2870	2813	57	1132
70.68	2941	2793	148	1132
70.7	2894	2772	122	1131
70.72	2777	2748	29	1131
70.74	2905	2723	182	1131
70.76	2681	2697	-16	1131
70.78	2807	2670	137	1131
70.8	2687	2641	46	1131
70.82	2800	2612	188	1131
70.84	2725	2581	144	1130
70.86	2689	2550	139	1130
70.88	2577	2518	59	1130
70.9	2686	2486	200	1130
70.92	2631	2454	177	1130
70.94	2615	2421	194	1130
70.96	2556	2389	167	1130
70.98	2455	2356	99	1129
71.0	2551	2323	228	1129
71.02	2528	2291	237	1129
71.04	2475	2259	216	1129
71.06	2435	2227	208	1129
71.08	2321	2195	126	1129
71.1	2368	2164	204	1128
71.12	2313	2134	179	1128
71.14	2351	2104	247	1128
71.16	2275	2074	201	1128
71.18	2265	2045	220	1128
71.2	2247	2016	231	1128
71.22	2238	1989	249	1128
71.24	2240	1961	279	1127
71.26	2112	1935	177	1127
71.28	2269	1909	360	1127
71.3	2117	1884	233	1127
71.32	2088	1859	229	1127
71.34	2075	1836	239	1127
71.36	2033	1812	221	1127
71.38	1896	1790	106	1126
71.4	2034	1768	266	1126
71.42	1959	1747	212	1126
71.44	2003	1727	276	1126
71.46	1875	1707	168	1126
71.48	1901	1688	213	1126
71.5	1912	1669	243	1125
71.52	1848	1651	197	1125
71.54	1860	1634	226	1125
71.56	1832	1617	215	1125
71.58	1811	1601	210	1125
71.6	1852	1586	266	1125
71.62	1722	1571	151	1124
71.64	1729	1557	172	1124
71.66	1728	1543	185	1124
71.68	1659	1529	130	1124
71.7	1677	1517	160	1124
71.72	1751	1504	247	1124
71.74	1664	1493	171	1123
71.76	1653	1481	172	1123
71.78	1562	1470	92	1123
71.8	1539	1460	79	1123
71.82	1526	1450	76	1123
71.84	1640	1440	200	1123
71.86	1608	1431	177	1122
71.88	1593	1422	171	1122
71.9	1558	1413	145	1122
71.92	1514	1405	109	1122
71.94	1528	1397	131	1122
71.96	1524	1389	135	1122
71.98	1532	1382	150	1121
72.0	1468	1375	93	1121
72.02	1409	1368	41	1121
72.04	1437	1362	75	1121
72.06	1397	1355	42	1121
72.08	1479	1349	130	1121
72.1	1405	1343	62	1120
72.12	1412	1338	74	1120
72.14	1436	1333	103	1120
72.16	1446	1327	119	1120
72.18	1419	1322	97	1120
72.2	1381	1318	63	1119
72.22	1416	1313	103	1119
72.24	1391	1309	82	1119
72.26	1342	1304	38	1119
72.28	1313	1300	13	1119
72.3	1345	1296	49	1119
72.32	1341	1292	49	1118
72.34	1344	1288	56	1118
72.36	1305	1285	20	1118
72.38	1391	1281	110	1118
72.4	1201	1278	-77	1118
72.42	1342	1275	67	1118
72.44	1324	1271	53	1117
72.46	1343	1268	75	1117
72.48	1384	1265	119	1117
72.5	1282	1262	20	1117
72.52	1268	1260	8	1117
72.54	1256	1257	-1	1116
72.56	1313	1254	59	1116
72.58	1292	1252	40	1116
72.6	1215	1249	-34	1116
72.62	1299	1247	52	1116
72.64	1281	1244	37	1115
72.66	1254	1242	12	1115
72.68	1291	1239	52	1115
72.7	1305	1237	68	1115
72.72	1227	1235	-8	1115
72.74	1254	1233	21	1115
72.76	1239	1231	8	1114
72.78	1225	1229	-4	1114
72.8	1254	1227	27	1114
72.82	1149	1225	-76	1114
72.84	1217	1223	-6	1114
72.86	1238	1221	17	1113
72.88	1201	1219	-18	1113
72.9	1240	1218	22	1113
72.92	1235	1216	19	1113
72.94	1181	1214	-33	1113
72.96	1186	1212	-26	1112
72.98	1184	1211	-27	1112
73.0	1217	1209	8	1112
73.02	1210	1208	2	1112
73.04	1216	1206	10	1112
73.06	1222	1205	17	1111
73.08	1207	1203	4	1111
73.1	1173	1202	-29	1111
73.12	1180	1200	-20	1111
73.14	1163	1199	-36	1111
73.16	1195	1197	-2	1110
73.18	1099	1196	-97	1110
73.2	1199	1195	4	1110
73.22	1203	1193	10	1110
73.24	1155	1192	-37	1110
73.26	1187	1191	-4	1109
73.28	1187	1190	-3	1109
73.3	1191	1189	2	1109
73.32	1185	1187	-2	1109
73.34	1169	1186	-17	1109
73.36	1159	1185	-26	1108
73.38	1220	1184	36	1108
73.4	1211	1183	28	1108
73.42	1141	1182	-41	1108
73.44	1204	1181	23	1108
73.46	1072	1179	-107	1107
73.48	1139	1178	-39	1107
73.5	1227	1177	50	1107
73.52	1178	1176	2	1107
73.54	1138	1175	-37	1107
73.56	1126	1174	-48	1106
73.58	1129	1173	-44	1106
73.6	1174	1172	2	1106
73.62	1138	1171	-33	1106
73.64	1194	1170	24	1106
73.66	1226	1170	56	1105
73.68	1144	1169	-25	1105
73.7	1140	1168	-28	1105
73.72	1166	1167	-1	1105
73.74	1178	1166	12	1104
73.76	1155	1165	-10	1104
73.78	1092	1164	-72	1104
73.8	1127	1163	-36	1104
73.82	1177	1162	15	1104
73.84	1180	1162	18	1103
73.86	1133	1161	-28	1103
73.88	1193	1160	33	1103
73.9	1193	1159	34	1103
73.92	1182	1158	24	1103
73.94	1096	1158	-62	1102
73.96	1079	1157	-78	1102
73.98	1167	1156	11	1102
74.0	1086	1155	-69	1102
74.02	1145	1155	-10	1101
74.04	1115	1154	-39	1101
74.06	1121	1153	-32	1101
74.08	1114	1152	-38	1101
74.1	1132	1152	-20	1101
74.12	1117	1151	-34	1100
74.14	1097	1150	-53	1100
74.16	1156	1150	6	1100
74.18	1115	1149	-34	1100
74.2	1142	1148	-6	1100
74.22	1100	1148	-48	1099
74.24	1146	1147	-1	1099
74.26	1129	1146	-17	1099
74.28	1069	1146	-77	1099
74.3	1107	1145	-38	1098
74.32	1203	1144	59	1098
74.34	1103	1144	-41	1098
74.36	1174	1143	31	1098
74.38	1107	1143	-36	1098
74.4	1129	1142	-13	1097
74.42	1092	1141	-49	1097
74.44	1159	1141	18	1097
74.46	1175	1140	35	1097
74.48	1104	1140	-36	1096
74.5	1119	1139	-20	1096
74.52	1133	1138	-5	1096
74.54	1123	1138	-15	1096
74.56	1152	1137	15	1095
74.58	1102	1137	-35	1095
74.6	1122	1136	-14	1095
74.62	1169	1136	33	1095
74.64	1125	1135	-10	1095
74.66	1117	1134	-17	1094
74.68	1132	1134	-2	1094
74.7	1082	1133	-51	1094
74.72	1142	1133	9	1094
74.74	1157	1132	25	1093
74.76	1093	1132	-39	1093
74.78	1135	1131	4	1093
74.8	1050	1130	-80	1093
74.82	1190	1130	60	1093
74.84	1049	1129	-80	1092
74.86	1148	1129	19	1092
74.88	1097	1128	-31	1092
74.9	1107	1128	-21	1092
74.92	1099	1127	-28	1091
74.94	1202	1127	75	1091
74.96	1059	1126	-67	1091
74.98	1106	1126	-20	1091
75.0	1070	1125	-55	1090
75.02	1093	1125	-32	1090
75.04	1090	1125	-35	1090
75.06	1073	1124	-51	1090
75.08	1152	1124	28	1089
75.1	1123	1123	0	1089
75.12	1119	1123	-4	1089
75.14	1119	1122	-3	1089
75.16	1128	1122	6	1089
75.18	1104	1121	-17	1088
75.2	1122	1121	1	1088
75.22	1077	1120	-43	1088
75.24	1107	1120	-13	1088
75.26	1122	1119	3	1087
75.28	1145	1119	26	1087
75.3	1179	1119	60	1087
75.32	1136	1118	18	1087
75.34	1197	1118	79	1086
75.36	1164	1117	47	1086
75.38	1159	1117	42	1086
75.4	1175	1116	59	1086
75.42	1201	1116	85	1085
75.44	1060	1115	-55	1085
75.46	1146	1115	31	1085
75.48	1157	1115	42	1085
75.5	1062	1114	-52	1084
75.52	1123	1114	9	1084
75.54	1166	1113	53	1084
75.56	1103	1113	-10	1084
75.58	1151	1113	38	1084
75.6	1114	1112	2	1083
75.62	1124	1112	12	1083
75.64	1122	1111	11	1083
75.66	1119	1111	8	1083
75.68	1078	1111	-33	1082
75.7	1068	1110	-42	1082
75.72	1099	1110	-11	1082
75.74	1138	1109	29	1082
75.76	1081	1109	-28	1081
75.78	1073	1109	-36	1081
75.8	1196	1108	88	1081
75.82	1107	1108	-1	1081
75.84	1122	1107	15	1080
75.86	1069	1107	-38	1080
75.88	1106	1107	-1	1080
75.9	1078	1106	-28	1080
75.92	1123	1106	17	1079
75.94	1117	1105	12	1079
75.96	1098	1105	-7	1079
75.98	1061	1105	-44	1079
76.0	1109	1104	5	1078
76.02	1057	1104	-47	1078
76.04	1088	1104	-16	1078
76.06	1078	1103	-25	1078
76.08	1098	1103	-5	1077
76.1	1096	1102	-6	1077
76.12	1100	1102	-2	1077
76.14	1099	1102	-3	1077
76.16	1015	1101	-86	1076
76.18	1087	1101	-14	1076
76.2	1100	1101	-1	1076
76.22	1084	1100	-16	1076
76.24	1172	1100	72	1075
76.26	1091	1100	-9	1075
76.28	1095	1099	-4	1075
76.3	1110	1099	11	1075
76.32	1148	1098	50	1074
76.34	1131	1098	33	1074
76.36	1033	1098	-65	1074
76.38	1085	1097	-12	1074
76.4	1073	1097	-24	1073
76.42	1172	1097	75	1073
76.44	1100	1096	4	1073
76.46	1117	1096	21	1073
76.48	1129	1096	33	1072
76.5	1093	1095	-2	1072
76.52	1031	1095	-64	1072
76.54	1082	1095	-13	1072
76.56	1079	1094	-15	1071
76.58	1101	1094	7	1071
76.6	1063	1094	-31	1071
76.62	1110	1093	17	1071
76.64	1016	1093	-77	1070
76.66	1080	1093	-13	1070
76.68	1067	1092	-25	1070
76.7	1148	1092	56	1070
76.72	1038	1092	-54	1069
76.74	1047	1091	-44	1069
76.76	1050	1091	-41	1069
76.78	1040	1091	-51	1069
76.8	1133	1090	43	1068
76.82	1151	1090	61	1068
76.84	1060	1090	-30	1068
76.86	1009	1089	-80	1068
76.88	1115	1089	26	1067
76.9	1059	1089	-30	1067
76.92	1062	1088	-26	1067
76.94	1083	1088	-5	1067
76.96	1073	1088	-15	1066
76.98	1116	1087	29	1066
77.0	1088	1087	1	1066
77.02	1054	1087	-33	1066
77.04	1047	1086	-39	1065
77.06	1105	1086	19	1065
77.08	1108	1086	22	1065
77.1	1041	1086	-45	1065
77.12	1059	1085	-26	1064
77.14	1065	1085	-20	1064
77.16	1014	1085	-71	1064
77.18	1163	1084	79	1063
77.2	1069	1084	-15	1063
77.22	1087	1084	3	1063
77.24	1082	1083	-1	1063
77.26	1076	1083	-7	1062
77.28	1108	1083	25	1062
77.3	1064	1082	-18	1062
77.32	1058	1082	-24	1062
77.34	1091	1082	9	1061
77.36	1062	1082	-20	1061
77.38	1084	1081	3	1061
77.4	1074	1081	-7	1061
77.42	1071	1081	-10	1060
77.44	1057	1080	-23	1060
77.46	1058	1080	-22	1060
77.48	1082	1080	2	1060
77.5	1118	1079	39	1059
77.52	1079	1079	0	1059
77.54	1095	1079	16	1059
77.56	1044	1079	-35	1059
77.58	1047	1078	-31	1058
77.6	1102	1078	24	1058
77.62	1076	1078	-2	1058
77.64	1144	1077	67	1058
77.66	1068	1077	-9	1057
77.68	1119	1077	42	1057
77.7	1099	1077	22	1057
77.72	1085	1076	9	1057
77.74	1039	1076	-37	1056
77.76	1064	1076	-12	1056
77.78	1114	1075	39	1056
77.8	1083	1075	8	1055
77.82	1070	1075	-5	1055
77.84	1075	1075	0	1055
77.86	1120	1074	46	1055
77.88	1045	1074	-29	1054
77.9	996	1074	-78	1054
77.92	1062	1073	-11	1054
77.94	1059	1073	-14	1054
77.96	1042	1073	-31	1053
77.98	1123	1073	50	1053
78.0	1079	1072	7	1053
78.02	1094	1072	22	1053
78.04	1057	1072	-15	1052
78.06	1047	1071	-24	1052
78.08	1080	1071	9	1052
78.1	1091	1071	20	1052
78.12	1133	1071	62	1051
78.14	1096	1070	26	1051
78.16	1048	1070	-22	1051
78.18	1091	1070	21	1051
78.2	1085	1070	15	1050
78.22	1050	1069	-19	1050
78.24	1011	1069	-58	1050
78.26	1059	1069	-10	1049
78.28	1090	1069	21	1049
78.3	1088	1068	20	1049
78.32	1133	1068	65	1049
78.34	1078	1068	10	1048
78.36	1078	1068	10	1048
78.38	1129	1067	62	1048
78.4	1049	1067	-18	1048
78.42	1084	1067	17	1047
78.44	1042	1066	-24	1047
78.46	1110	1066	44	1047
78.48	1099	1066	33	1047
78.5	1048	1066	-18	1046
78.52	1113	1065	48	1046
78.54	1086	1065	21	1046
78.56	1105	1065	40	1046
78.58	1114	1065	49	1045
78.6	1036	1064	-28	1045
78.62	1053	1064	-11	1045
78.64	1097	1064	33	1044
78.66	1055	1064	-9	1044
78.68	1051	1063	-12	1044
78.7	1099	1063	36	1044
78.72	1008	1063	-55	1043
78.74	1075	1063	12	1043
78.76	1023	1062	-39	1043
78.78	1027	1062	-35	1043
78.8	1035	1062	-27	1042
78.82	1055	1062	-7	1042
78.84	1041	1061	-20	1042
78.86	1056	1061	-5	1042
78.88	1054	1061	-7	1041
78.9	1017	1061	-44	1041
78.92	1049	1061	-12	1041
78.94	1040	1060	-20	1041
78.96	1041	1060	-19	1040
78.98	999	1060	-61	1040
79.0	1040	1060	-20	1040
79.02	1001	1059	-58	1039
79.04	1094	1059	35	1039
79.06	1034	1059	-25	1039
79.08	1039	1059	-20	1039
79.1	1042	1059	-17	1038
79.12	1036	1058	-22	1038
79.14	1035	1058	-23	1038
79.16	1064	1058	6	1038
79.18	1058	1058	0	1037
79.2	1005	1058	-53	1037
79.22	990	1057	-67	1037
79.24	1056	1057	-1	1037
79.26	1031	1057	-26	1036
79.28	1054	1057	-3	1036
79.3	1063	1057	6	1036
79.32	1047	1056	-9	1036
79.34	1080	1056	24	1035
79.36	1080	1056	24	1035
79.38	1053	1056	-3	1035
79.4	1093	1056	37	1034
79.42	984	1056	-72	1034
79.44	1057	1055	2	1034
79.46	1068	1055	13	1034
79.48	1067	1055	12	1033
79.5	1063	1055	8	1033
79.52	993	1055	-62	1033
79.54	1120	1054	66	1033
79.56	971	1054	-83	1032
79.58	1042	1054	-12	1032
79.6	1071	1054	17	1032
79.62	1041	1054	-13	1032
79.64	1113	1054	59	1031
79.66	1065	1053	12	1031
79.68	1053	1053	0	1031
79.7	1049	1053	-4	1031
79.72	1011	1053	-42	1030
79.74	1071	1053	18	1030
79.76	1045	1053	-8	1030
79.78	1098	1052	46	1030
79.8	1038	1052	-14	1029
79.82	1037	1052	-15	1029
79.84	984	1052	-68	1029
79.86	1040	1052	-12	1028
79.88	1022	1052	-30	1028
79.9	1117	1052	65	1028
79.92	1044	1051	-7	1028
79.94	1058	1051	7	1027
79.96	1016	1051	-35	1027
79.98	1009	1051	-42	1027
80.0	1020	1051	-31	1027
80.02	1037	1051	-14	1026
80.04	1038	1051	-13	1026
80.06	1045	1051	-6	1026
80.08	1015	1050	-35	1026
80.1	1035	1050	-15	1025
80.12	977	1050	-73	1025
80.14	1063	1050	13	1025
80.16	1024	1050	-26	1025
80.18	1071	1050	21	1024
80.2	1054	1050	4	1024
80.22	1053	1050	3	1024
80.24	1019	1050	-31	1024
80.26	1061	1050	11	1023
80.28	1055	1050	5	1023
80.3	1052	1049	3	1023
80.32	1029	1049	-20	1023
80.34	1021	1049	-28	1022
80.36	992	1049	-57	1022
80.38	1034	1049	-15	1022
80.4	1067	1049	18	1021
80.42	1035	1049	-14	1021
80.44	1103	1049	54	1021
80.46	1114	1049	65	1021
80.48	976	1049	-73	1020
80.5	1033	1049	-16	1020
80.52	1086	1049	37	1020
80.54	1041	1049	-8	1020
80.56	1037	1049	-12	1019
80.58	1067	1049	18	1019
80.6	1048	1049	-1	1019
80.62	1041	1049	-8	1019
80.64	1100	1049	51	1018
80.66	1073	1049	24	1018
80.68	1028	1049	-21	1018
80.7	1053	1049	4	1018
80.72	1056	1049	7	1017
80.74	1042	1049	-7	1017
80.76	1080	1049	31	1017
80.78	1092	1049	43	1017
80.8	1054	1049	5	1016
80.82	1085	1049	36	1016
80.84	1005	1049	-44	1016
80.86	1060	1049	11	1016
80.88	1053	1050	3	1015
80.9	1075	1050	25	1015
80.92	1088	1050	38	1015
80.94	1003	1050	-47	1015
80.96	1091	1050	41	1014
80.98	1063	1050	13	1014
81.0	1069	1050	19	1014
81.02	995	1050	-55	1014
81.04	1106	1051	55	1013
81.06	1030	1051	-21	1013
81.08	1085	1051	34	1013
81.1	1049	1051	-2	1013
81.12	1072	1051	21	1012
81.14	1003	1052	-49	1012
81.16	1040	1052	-12	1012
81.18	1013	1052	-39	1012
81.2	1055	1052	3	1011
81.22	1024	1052	-28	1011
81.24	1073	1053	20	1011
81.26	1057	1053	4	1011
81.28	1008	1053	-45	1010
81.3	1059	1054	5	1010
81.32	1090	1054	36	1010
81.34	1094	1054	40	1010
81.36	1062	1055	7	1009
81.38	1119	1055	64	1009
81.4	1099	1055	44	1009
81.42	1083	1056	27	1009
81.44	1054	1056	-2	1008
81.46	1025	1057	-32	1008
81.48	1031	1057	-26	1008
81.5	1104	1058	46	1008
81.52	1133	1058	75	1007
81.54	1045	1059	-14	1007
81.56	1029	1059	-30	1007
81.58	1090	1060	30	1007
81.6	1072	1060	12	1006
81.62	1051	1061	-10	1006
81.64	1073	1062	11	1006
81.66	1044	1062	-18	1006
81.68	1094	1063	31	1005
81.7	1146	1064	82	1005
81.72	1147	1064	83	1005
81.74	1060	1065	-5	1005
81.76	1019	1066	-47	1004
81.78	1150	1067	83	1004
81.8	1076	1068	8	1004
81.82	1100	1069	31	1004
81.84	1124	1069	55	1003
81.86	1110	1070	40	1003
81.88	1121	1071	50	1003
81.9	1076	1073	3	1003
81.92	1101	1074	27	1002
81.94	1108	1075	33	1002
81.96	1117	1076	41	1002
81.98	1174	1077	97	1002
82.0	1152	1078	74	1001
82.02	1178	1080	98	1001
82.04	1063	1081	-18	1001
82.06	1219	1083	136	1001
82.08	1149	1084	65	1000
82.1	1114	1085	29	1000
82.12	1158	1087	71	1000
82.14	1192	1089	103	1000
82.16	1127	1091	36	999
82.18	1180	1093	87	999
82.2	1116	1094	22	999
82.22	1104	1096	8	999
82.24	1187	1099	88	999
82.26	1097	1101	-4	998
82.28	1210	1103	107	998
82.3	1182	1105	77	998
82.32	1250	1108	142	998
82.34	1136	1110	26	997
82.36	1187	1113	74	997
82.38	1155	1115	40	997
82.4	1177	1118	59	997
82.42	1202	1121	81	996
82.44	1148	1124	24	996
82.46	1088	1127	-39	996
82.48	1168	1131	37	996
82.5	1177	1134	43	995
82.52	1223	1138	85	995
82.54	1249	1141	108	995
82.56	1212	1145	67	995
82.58	1268	1149	119	994
82.6	1254	1154	100	994
82.62	1259	1158	101	994
82.64	1269	1162	107	994
82.66	1285	1167	118	994
82.68	1349	1172	177	993
82.7	1251	1177	74	993
82.72	1265	1182	83	993
82.74	1261	1187	74	993
82.76	1256	1193	63	992
82.78	1308	1199	109	992
82.8	1294	1205	89	992
82.82	1284	1211	73	992
82.84	1355	1217	138	991
82.86	1309	1224	85	991
82.88	1335	1231	104	991
82.9	1258	1238	20	991
82.92	1312	1245	67	991
82.94	1303	1252	51	990
82.96	1358	1260	98	990
82.98	1347	1268	79	990
83.0	1359	1276	83	990
83.02	1331	1284	47	989
83.04	1344	1292	52	989
83.06	1385	1300	85	989
83.08	1369	1309	60	989
83.1	1371	1318	53	989
83.12	1262	1326	-64	988
83.14	1378	1335	43	988
83.16	1484	1343	141	988
83.18	1414	1352	62	988
83.2	1393	1361	32	987
83.22	1373	1369	4	987
83.24	1448	1377	71	987
83.26	1383	1385	-2	987
83.28	1369	1393	-24	987
83.3	1483	1401	82	986
83.32	1464	1408	56	986
83.34	1357	1415	-58	986
83.36	1395	1421	-26	986
83.38	1391	1427	-36	985
83.4	1499	1432	67	985
83.42	1464	1437	27	985
83.44	1459	1441	18	985
83.46	1464	1444	20	985
83.48	1461	1447	14	984
83.5	1416	1449	-33	984
83.52	1353	1451	-98	984
83.54	1402	1452	-50	984
83.56	1421	1453	-32	983
83.58	1436	1453	-17	983
83.6	1406	1452	-46	983
83.62	1441	1451	-10	983
83.64	1425	1449	-24	983
83.66	1384	1447	-63	982
83.68	1424	1444	-20	982
83.7	1409	1441	-32	982
83.72	1430	1437	-7	982
83.74	1430	1433	-3	982
83.76	1436	1428	8	981
83.78	1475	1423	52	981
83.8	1336	1417	-81	981
83.82	1387	1412	-25	981
83.84	1402	1406	-4	980
83.86	1420	1399	21	980
83.88	1472	1393	79	980
83.9	1337	1386	-49	980
83.92	1425	1379	46	980
83.94	1382	1372	10	979
83.96	1452	1365	87	979
83.98	1352	1357	-5	979
84.0	1428	1350	78	979
84.02	1381	1343	38	979
84.04	1331	1335	-4	978
84.06	1395	1328	67	978
84.08	1370	1320	50	978
84.1	1395	1313	83	978
84.12	1376	1305	71	978
84.14	1320	1298	22	977
84.16	1295	1290	5	977
84.18	1329	1283	46	977
84.2	1326	1276	50	977
84.22	1347	1269	78	977
84.24	1294	1262	32	976
84.26	1286	1255	31	976
84.28	1264	1248	16	976
84.3	1305	1242	63	976
84.32	1279	1235	44	976
84.34	1352	1229	123	975
84.36	1272	1222	50	975
84.38	1249	1216	33	975
84.4	1334	1210	124	975
84.42	1230	1204	26	975
84.44	1243	1199	44	974
84.46	1243	1193	50	974
84.48	1201	1188	13	974
84.5	1238	1182	56	974
84.52	1205	1177	28	974
84.54	1232	1172	60	973
84.56	1201	1167	34	973
84.58	1251	1162	89	973
84.6	1181	1158	23	973
84.62	1128	1153	-25	973
84.64	1164	1149	15	972
84.66	1196	1145	51	972
84.68	1256	1141	115	972
84.7	1139	1137	2	972
84.72	1142	1133	9	972
84.74	1186	1129	57	971
84.76	1138	1125	13	971
84.78	1186	1122	64	971
84.8	1165	1118	47	971
84.82	1143	1115	28	971
84.84	1122	1112	10	971
84.86	1138	1108	30	970
84.88	1112	1105	7	970
84.9	1159	1102	57	970
84.92	1139	1099	40	970
84.94	1197	1096	101	970
84.96	1135	1094	41	969
84.98	1155	1091	64	969
85.0	1151	1088	63	969
85.02	1094	1086	8	969
85.04	1126	1083	43	969
85.06	1096	1081	15	969
85.08	1096	1078	18	968
85.1	1107	1076	31	968
85.12	1071	1074	-3	968
85.14	1062	1072	-10	968
85.16	1072	1070	2	968
85.18	1098	1068	30	967
85.2	1042	1066	-24	967
85.22	1095	1064	31	967
85.24	1115	1062	53	967
85.26	1038	1060	-22	967
85.28	987	1058	-71	967
85.3	1061	1057	4	966
85.32	1077	1055	22	966
85.34	1073	1053	20	966
85.36	1042	1052	-10	966
85.38	1098	1050	48	966
85.4	1075	1048	27	966
85.42	1026	1047	-21	965
85.44	1095	1046	49	965
85.46	1032	1044	-12	965
85.48	1044	1043	1	965
85.5	1015	1041	-26	965
85.52	1032	1040	-8	965
85.54	1089	1039	50	964
85.56	1032	1038	-6	964
85.58	1039	1036	3	964
85.6	1047	1035	12	964
85.62	1079	1034	45	964
85.64	1015	1033	-18	964
85.66	1001	1032	-31	963
85.68	1039	1031	8	963
85.7	1040	1030	10	963
85.72	1024	1029	-5	963
85.74	1001	1028	-27	963
85.76	995	1027	-32	963
85.78	994	1026	-32	962
85.8	1043	1025	18	962
85.82	981	1024	-43	962
85.84	980	1023	-43	962
85.86	987	1022	-35	962
85.88	985	1021	-36	962
85.9	997	1020	-23	961
85.92	1045	1019	26	961
85.94	963	1019	-56	961
85.96	993	1018	-25	961
85.98	999	1017	-18	961
86.0	1035	1016	19	961
86.02	976	1016	-40	961
86.04	1042	1015	27	960
86.06	1057	1014	43	960
86.08	1031	1013	18	960
86.1	1003	1013	-10	960
86.12	987	1012	-25	960
86.14	1011	1011	0	960
86.16	989	1011	-22	959
86.18	947	1010	-63	959
86.2	988	1010	-22	959
86.22	1003	1009	-6	959
86.24	1037	1008	29	959
86.26	973	1008	-35	959
86.28	977	1007	-30	959
86.3	922	1007	-85	958
86.32	963	1006	-43	958
86.34	1001	1006	-5	958
86.36	1033	1005	28	958
86.38	1014	1005	9	958
86.4	1044	1004	40	958
86.42	920	1004	-84	958
86.44	976	1003	-27	957
86.46	964	1003	-39	957
86.48	1028	1002	26	957
86.5	971	1002	-31	957
86.52	1010	1001	9	957
86.54	978	1001	-23	957
86.56	1006	1001	5	957
86.58	958	1000	-42	957
86.6	886	1000	-114	956
86.62	1004	999	5	956
86.64	969	999	-30	956
86.66	981	999	-18	956
86.68	1031	998	33	956
86.7	1001	998	3	956
86.72	942	998	-56	956
86.74	987	997	-10	955
86.76	993	997	-4	955
86.78	994	997	-3	955
86.8	1007	996	11	955
86.82	991	996	-5	955
86.84	1006	996	10	955
86.86	996	995	1	955
86.88	940	995	-55	955
86.9	1006	995	11	954
86.92	995	995	0	954
86.94	998	994	4	954
86.96	944	994	-50	954
86.98	979	994	-15	954
87.0	959	994	-35	954
87.02	989	993	-4	954
87.04	973	993	-20	954
87.06	948	993	-45	954
87.08	915	993	-78	953
87.1	989	993	-4	953
87.12	972	992	-20	953
87.14	898	992	-94	953
87.16	967	992	-25	953
87.18	955	992	-37	953
87.2	939	992	-53	953
87.22	978	991	-13	953
87.24	961	991	-30	952
87.26	955	991	-36	952
87.28	1046	991	55	952
87.3	936	991	-55	952
87.32	909	991	-82	952
87.34	985	991	-6	952
87.36	1016	991	25	952
87.38	989	991	-2	952
87.4	985	990	-5	952
87.42	956	990	-34	951
87.44	967	990	-23	951
87.46	939	990	-51	951
87.48	998	990	8	951
87.5	958	990	-32	951
87.52	957	990	-33	951
87.54	940	990	-50	951
87.56	974	990	-16	951
87.58	957	990	-33	951
87.6	998	990	8	951
87.62	921	990	-69	950
87.64	954	990	-36	950
87.66	983	990	-7	950
87.68	902	990	-88	950
87.7	966	990	-24	950
87.72	888	991	-103	950
87.74	962	991	-29	950
87.76	939	991	-52	950
87.78	1005	991	14	950
87.8	927	991	-64	950
87.82	946	991	-45	949
87.84	980	991	-11	949
87.86	980	991	-11	949
87.88	1032	991	41	949
87.9	1053	992	61	949
87.92	1022	992	30	949
87.94	958	992	-34	949
87.96	1009	992	17	949
87.98	984	992	-8	949
88.0	939	992	-53	949
88.02	961	993	-32	949
88.04	986	993	-7	948
88.06	1022	993	29	948
88.08	1009	994	15	948
88.1	1010	994	16	948
88.12	1001	994	7	948
88.14	1019	994	25	948
88.16	1000	995	5	948
88.18	973	995	-22	948
88.2	976	996	-20	948
88.22	942	996	-54	948
88.24	1022	996	26	948
88.26	968	997	-29	948
88.28	984	997	-13	947
88.3	959	998	-39	947
88.32	1023	998	25	947
88.34	973	999	-26	947
88.36	969	999	-30	947
88.38	961	1000	-39	947
88.4	977	1000	-23	947
88.42	996	1001	-5	947
88.44	969	1002	-33	947
88.46	1002	1002	0	947
88.48	1018	1003	15	947
88.5	980	1004	-24	947
88.52	1003	1004	-1	947
88.54	971	1005	-34	946
88.56	1027	1006	21	946
88.58	906	1007	-101	946
88.6	1064	1008	56	946
88.62	995	1009	-14	946
88.64	1033	1010	23	946
88.66	968	1011	-43	946
88.68	938	1012	-74	946
88.7	966	1013	-47	946
88.72	1020	1014	6	946
88.74	997	1015	-18	946
88.76	1024	1016	8	946
88.78	987	1017	-30	946
88.8	989	1019	-30	946
88.82	1043	1020	23	946
88.84	1009	1021	-12	945
88.86	987	1023	-36	945
88.88	994	1024	-30	945
88.9	1009	1026	-17	945
88.92	999	1028	-29	945
88.94	1055	1029	26	945
88.96	1003	1031	-28	945
88.98	1023	1033	-10	945
89.0	975	1035	-60	945
89.02	963	1037	-74	945
89.04	982	1039	-57	945
89.06	1027	1041	-14	945
89.08	968	1043	-75	945
89.1	985	1045	-60	945
89.12	1056	1048	8	945
89.14	1003	1050	-47	945
89.16	1000	1053	-53	945
89.18	1027	1055	-28	944
89.2	978	1058	-80	944
89.22	1045	1060	-15	944
89.24	1021	1063	-42	944
89.26	1057	1066	-9	944
89.28	998	1069	-71	944
89.3	971	1072	-101	944
89.32	1070	1075	-5	944
89.34	1014	1078	-64	944
89.36	991	1082	-91	944
89.38	1063	1085	-22	944
89.4	1029	1088	-59	944
89.42	1007	1092	-85	944
89.44	1036	1095	-59	944
89.46	1012	1099	-87	944
89.48	1077	1102	-25	944
89.5	967	1105	-138	944
89.52	1064	1109	-45	944
89.54	1016	1112	-96	944
89.56	1074	1116	-42	944
89.58	1063	1119	-56	944
89.6	1065	1122	-57	943
89.62	1113	1125	-12	943
89.64	1083	1128	-45	943
89.66	1074	1131	-57	943
89.68	997	1134	-137	943
89.7	1028	1137	-109	943
89.72	1023	1139	-116	943
89.74	979	1142	-163	943
89.76	1049	1144	-95	943
89.78	1067	1145	-78	943
89.8	1033	1147	-114	943
89.82	1076	1148	-72	943
89.84	1047	1149	-102	943
89.86	1022	1150	-128	943
89.88	1025	1151	-126	943
89.9	1025	1152	-127	943
89.92	1024	1152	-128	943
89.94	1014	1152	-138	943
89.96	1137	1152	-15	943
89.98	1064	1152	-88	943
90.0	1103	1151	-48	943
90.02	1088	1151	-63	943
90.04	1025	1150	-125	943
90.06	1014	1149	-135	943
90.08	1078	1147	-69	943
90.1	1068	1146	-78	943
90.12	1057	1144	-87	943
90.14	1012	1142	-130	943
90.16	1022	1140	-118	942
90.18	1022	1139	-117	942
90.2	1033	1136	-103	942
90.22	1065	1134	-69	942
90.24	1019	1132	-113	942
90.26	1028	1129	-101	942
90.28	1091	1127	-36	942
90.3	1050	1124	-74	942
90.32	1068	1122	-54	942
90.34	1004	1119	-115	942
90.36	1001	1116	-115	942
90.38	1005	1113	-108	942
90.4	1133	1111	22	942
90.42	985	1108	-123	942
90.44	1025	1105	-80	942
90.46	1043	1102	-59	942
90.48	984	1099	-115	942
90.5	1044	1097	-53	942
90.52	991	1094	-103	942
90.54	1060	1091	-31	942
90.56	1034	1088	-54	942
90.58	1094	1086	8	942
90.6	1044	1083	-39	942
90.62	1043	1080	-37	942
90.64	1033	1078	-45	942
90.66	1072	1075	-3	942
90.68	992	1072	-80	942
90.7	999	1070	-71	942
90.72	1059	1068	-9	942
90.74	989	1065	-76	942
90.76	1034	1063	-29	942
90.78	1047	1061	-14	942
90.8	1069	1058	11	942
90.82	1057	1056	1	942
90.84	1034	1054	-20	942
90.86	1016	1052	-36	942
90.88	1076	1050	26	942
90.9	1028	1048	-20	942
90.92	1000	1046	-46	942
90.94	1025	1044	-19	942
90.96	1089	1042	47	942
90.98	1004	1040	-36	942
91.0	1017	1039	-22	942
91.02	1044	1037	7	942
91.04	988	1035	-47	942
91.06	1038	1034	4	942
91.08	956	1032	-76	942
91.1	983	1031	-48	942
91.12	1017	1029	-12	942
91.14	990	1028	-38	942
91.16	1029	1026	3	942
91.18	953	1025	-72	942
91.2	1003	1024	-21	942
91.22	967	1023	-56	942
91.24	995	1021	-26	942
91.26	958	1020	-62	942
91.28	965	1019	-54	942
91.3	993	1018	-25	942
91.32	1004	1017	-13	942
91.34	993	1016	-23	942
91.36	987	1015	-28	942
91.38	1015	1014	1	942
91.4	992	1013	-21	942
91.42	965	1012	-47	942
91.44	961	1011	-50	942
91.46	987	1010	-23	942
91.48	1040	1009	31	942
91.5	1022	1008	14	942
91.52	960	1008	-48	942
91.54	981	1007	-26	942
91.56	1012	1006	6	942
91.58	1027	1005	22	942
91.6	988	1005	-17	942
91.62	977	1004	-27	942
91.64	1012	1003	9	942
91.66	924	1003	-79	942
91.68	935	1002	-67	942
91.7	963	1002	-39	942
91.72	1055	1001	54	942
91.74	947	1000	-53	942
91.76	1022	1000	22	942
91.78	1033	999	34	942
91.8	1005	999	6	942
91.82	1006	999	7	942
91.84	1036	998	38	942
91.86	993	998	-5	942
91.88	956	997	-41	942
91.9	967	997	-30	942
91.92	911	996	-85	942
91.94	1012	996	16	942
91.96	969	996	-27	942
91.98	949	995	-46	942
92.0	889	995	-106	942
92.02	987	995	-8	942
92.04	963	994	-31	942
92.06	956	994	-38	942
92.08	996	994	2	942
92.1	1010	994	16	942
92.12	941	993	-52	942
92.14	934	993	-59	942
92.16	1017	993	24	942
92.18	1000	993	7	942
92.2	952	992	-40	942
92.22	962	992	-30	942
92.24	968	992	-24	942
92.26	1019	992	27	942
92.28	957	992	-35	942
92.3	971	992	-21	942
92.32	977	991	-14	942
92.34	977	991	-14	942
92.36	936	991	-55	942
92.38	1027	991	36	942
92.4	959	991	-32	942
92.42	928	991	-63	942
92.44	1047	991	56	942
92.46	985	991	-6	942
92.48	950	991	-41	942
92.5	986	991	-5	943
92.52	959	991	-32	943
92.54	1024	991	33	943
92.56	954	991	-37	943
92.58	987	991	-4	943
92.6	950	991	-41	943
92.62	1024	991	33	943
92.64	956	991	-35	943
92.66	961	991	-30	943
92.68	989	991	-2	943
92.7	978	991	-13	943
92.72	999	991	8	943
92.74	1035	991	44	943
92.76	983	991	-8	943
92.78	993	991	2	943
92.8	939	991	-52	943
92.82	977	992	-15	943
92.84	1007	992	15	943
92.86	999	992	7	943
92.88	1009	992	17	943
92.9	968	992	-24	943
92.92	1008	992	16	943
92.94	993	992	1	943
92.96	984	993	-9	943
92.98	1009	993	16	943
93.0	1025	993	32	943
93.02	1023	993	30	943
93.04	1014	993	21	943
93.06	1023	994	29	943
93.08	934	994	-60	943
93.1	1016	994	22	943
93.12	973	994	-21	944
93.14	1006	995	11	944
93.16	996	995	1	944
93.18	1081	995	86	944
93.2	1011	995	16	944
93.22	969	996	-27	944
93.24	1040	996	44	944
93.26	1097	996	101	944
93.28	1041	997	44	944
93.3	1058	997	61	944
93.32	1055	997	58	944
93.34	1018	998	20	944
93.36	993	998	-5	944
93.38	973	999	-26	944
93.4	1026	999	27	944
93.42	1030	999	31	944
93.44	1025	1000	25	944
93.46	1069	1000	69	944
93.48	1039	1001	38	944
93.5	995	1001	-6	944
93.52	1043	1002	41	944
93.54	1037	1002	35	944
93.56	1017	1003	14	944
93.58	948	1003	-55	945
93.6	975	1004	-29	945
93.62	1033	1004	29	945
93.64	1024	1005	19	945
93.66	1010	1005	5	945
93.68	1039	1006	33	945
93.7	1030	1007	23	945
93.72	993	1007	-14	945
93.74	1070	1008	62	945
93.76	1046	1009	37	945
93.78	972	1009	-37	945
93.8	1027	1010	17	945
93.82	1043	1011	32	945
93.84	1055	1011	44	945
93.86	1004	1012	-8	945
93.88	1018	1013	5	945
93.9	1081	1014	67	945
93.92	1083	1015	68	945
93.94	1041	1015	26	945
93.96	1033	1016	17	945
93.98	1057	1017	40	946
94.0	1038	1018	20	946
94.02	1059	1019	40	946
94.04	1084	1020	64	946
94.06	1024	1021	3	946
94.08	1094	1022	72	946
94.1	1060	1023	37	946
94.12	1054	1024	30	946
94.14	1068	1025	43	946
94.16	1123	1026	97	946
94.18	1044	1027	17	946
94.2	1047	1029	18	946
94.22	1087	1030	57	946
94.24	1043	1031	12	946
94.26	1066	1032	34	946
94.28	1065	1034	31	946
94.3	1078	1035	43	946
94.32	1113	1036	77	947
94.34	1036	1038	-2	947
94.36	1113	1039	74	947
94.38	1022	1041	-19	947
94.4	1172	1042	130	947
94.42	1071	1044	27	947
94.44	1089	1045	44	947
94.46	1092	1047	45	947
94.48	1095	1049	46	947
94.5	1056	1051	5	947
94.52	1072	1052	20	947
94.54	1105	1054	51	947
94.56	1098	1056	42	947
94.58	1114	1058	56	947
94.6	1154	1060	94	947
94.62	1099	1062	37	947
94.64	1104	1065	39	948
94.66	1133	1067	66	948
94.68	1150	1069	81	948
94.7	1141	1072	69	948
94.72	1134	1074	60	948
94.74	1112	1076	36	948
94.76	1163	1079	84	948
94.78	1156	1082	74	948
94.8	1117	1085	32	948
94.82	1140	1087	53	948
94.84	1203	1090	113	948
94.86	1150	1093	57	948
94.88	1155	1096	59	948
94.9	1183	1100	83	948
94.92	1187	1103	84	949
94.94	1185	1106	79	949
94.96	1209	1110	99	949
94.98	1200	1114	86	949
95.0	1298	1117	181	949
95.02	1225	1121	104	949
95.04	1130	1125	5	949
95.06	1208	1129	79	949
95.08	1302	1134	168	949
95.1	1189	1138	51	949
95.12	1236	1143	93	949
95.14	1199	1147	52	949
95.16	1295	1152	143	949
95.18	1284	1157	127	949
95.2	1202	1163	39	950
95.22	1243	1168	75	950
95.24	1226	1174	52	950
95.26	1259	1179	80	950
95.28	1249	1185	64	950
95.3	1300	1191	109	950
95.32	1287	1198	89	950
95.34	1275	1204	71	950
95.36	1277	1211	66	950
95.38	1275	1218	57	950
95.4	1264	1225	39	950
95.42	1305	1233	72	950
95.44	1248	1240	8	950
95.46	1259	1248	11	951
95.48	1318	1256	62	951
95.5	1279	1264	15	951
95.52	1312	1273	39	951
95.54	1290	1282	8	951
95.56	1258	1291	-33	951
95.58	1285	1300	-15	951
95.6	1329	1310	19	951
95.62	1359	1319	40	951
95.64	1317	1329	-12	951
95.66	1196	1339	-143	951
95.68	1267	1350	-83	951
95.7	1318	1360	-42	952
95.72	1288	1371	-83	952
95.74	1288	1381	-93	952
95.76	1363	1392	-29	952
95.78	1381	1403	-22	952
95.8	1265	1414	-149	952
95.82	1353	1425	-72	952
95.84	1330	1436	-106	952
95.86	1386	1447	-61	952
95.88	1369	1458	-89	952
95.9	1359	1469	-110	952
95.92	1439	1479	-40	952
95.94	1317	1490	-173	953
95.96	1385	1500	-115	953
95.98	1396	1510	-114	953
96.0	1313	1519	-206	953
96.02	1358	1528	-170	953
96.04	1397	1536	-139	953
96.06	1397	1544	-147	953
96.08	1355	1552	-197	953
96.1	1351	1559	-208	953
96.12	1362	1565	-203	953
96.14	1372	1570	-198	953
96.16	1374	1575	-201	954
96.18	1407	1579	-172	954
96.2	1390	1583	-193	954
96.22	1426	1585	-159	954
96.24	1409	1588	-179	954
96.26	1343	1590	-247	954
96.28	1402	1591	-189	954
96.3	1388	1592	-204	954
96.32	1359	1592	-233	954
96.34	1387	1592	-205	954
96.36	1380	1591	-211	954
96.38	1385	1589	-204	955
96.4	1383	1587	-204	955
96.42	1355	1584	-229	955
96.44	1369	1581	-212	955
96.46	1394	1577	-183	955
96.48	1331	1572	-241	955
96.5	1387	1567	-180	955
96.52	1376	1562	-186	955
96.54	1391	1556	-165	955
96.56	1366	1550	-184	955
96.58	1334	1544	-210	956
96.6	1364	1537	-173	956
96.62	1390	1530	-140	956
96.64	1379	1523	-144	956
96.66	1387	1515	-128	956
96.68	1287	1508	-221	956
96.7	1374	1500	-126	956
96.72	1381	1492	-111	956
96.74	1340	1484	-144	956
96.76	1365	1476	-111	956
96.78	1370	1467	-97	956
96.8	1368	1459	-91	957
96.82	1342	1450	-108	957
96.84	1301	1442	-141	957
96.86	1411	1434	-23	957
96.88	1431	1425	6	957
96.9	1350	1417	-67	957
96.92	1312	1408	-96	957
96.94	1361	1400	-39	957
96.96	1321	1391	-70	957
96.98	1366	1383	-17	957
97.0	1312	1375	-63	958
97.02	1273	1367	-94	958
97.04	1311	1359	-48	958
97.06	1339	1351	-12	958
97.08	1370	1343	27	958
97.1	1289	1336	-47	958
97.12	1333	1328	5	958
97.14	1297	1321	-24	958
97.16	1290	1313	-23	958
97.18	1297	1306	-9	959
97.2	1249	1299	-50	959
97.22	1311	1292	19	959
97.24	1282	1286	-4	959
97.26	1347	1279	68	959
97.28	1230	1272	-42	959
97.3	1336	1266	70	959
97.32	1309	1260	49	959
97.34	1241	1254	-13	959
97.36	1249	1248	1	959
97.38	1290	1242	48	960
97.4	1247	1237	10	960
97.42	1243	1231	12	960
97.44	1217	1226	-9	960
97.46	1301	1221	80	960
97.48	1247	1215	32	960
97.5	1288	1210	78	960
97.52	1214	1206	8	960
97.54	1291	1201	90	960
97.56	1217	1196	21	961
97.58	1246	1192	54	961
97.6	1195	1187	8	961
97.62	1181	1183	-2	961
97.64	1200	1179	21	961
97.66	1181	1175	6	961
97.68	1227	1171	56	961
97.7	1169	1167	2	961
97.72	1183	1163	20	961
97.74	1204	1160	44	962
97.76	1206	1156	50	962
97.78	1190	1153	37	962
97.8	1185	1149	36	962
97.82	1161	1146	15	962
97.84	1179	1143	36	962
97.86	1192	1140	52	962
97.88	1225	1137	88	962
97.9	1186	1134	52	962
97.92	1135	1131	4	963
97.94	1099	1128	-29	963
97.96	1116	1125	-9	963
97.98	1180	1122	58	963
98.0	1198	1120	78	963
98.02	1111	1117	-6	963
98.04	1169	1115	54	963
98.06	1073	1112	-39	963
98.08	1179	1110	69	963
98.1	1167	1108	59	964
98.12	1125	1106	19	964
98.14	1210	1103	107	964
98.16	1159	1101	58	964
98.18	1128	1099	29	964
98.2	1119	1097	22	964
98.22	1155	1095	60	964
98.24	1169	1093	76	964
98.26	1122	1091	31	965
98.28	1094	1090	4	965
98.3	1086	1088	-2	965
98.32	1131	1086	45	965
98.34	1129	1084	45	965
98.36	1141	1083	58	965
98.38	1120	1081	39	965
98.4	1085	1080	5	965
98.42	1041	1078	-37	965
98.44	1076	1077	-1	966
98.46	1095	1075	20	966
98.48	1086	1074	12	966
98.5	1154	1072	82	966
98.52	1140	1071	69	966
98.54	1063	1070	-7	966
98.56	1082	1068	14	966
98.58	1062	1067	-5	966
98.6	1069	1066	3	967
98.62	1064	1065	-1	967
98.64	1103	1064	39	967
98.66	1059	1062	-3	967
98.68	1057	1061	-4	967
98.7	1088	1060	28	967
98.72	1091	1059	32	967
98.74	1060	1058	2	967
98.76	1088	1057	31	968
98.78	1113	1056	57	968
98.8	1053	1055	-2	968
98.82	1067	1054	13	968
98.84	1080	1053	27	968
98.86	1106	1053	53	968
98.88	1077	1052	25	968
98.9	1042	1051	-9	968
98.92	1096	1050	46	969
98.94	1082	1049	33	969
98.96	1044	1048	-4	969
98.98	1065	1048	17	969
99.0	1075	1047	28	969
99.02	1054	1046	8	969
99.04	1016	1045	-29	969
99.06	1085	1045	40	969
99.08	1056	1044	12	970
99.1	1033	1043	-10	970
99.12	1056	1043	13	970
99.14	1028	1042	-14	970
99.16	1013	1042	-29	970
99.18	1088	1041	47	970
99.2	1018	1040	-22	970
99.22	1009	1040	-31	970
99.24	1038	1039	-1	971
99.26	953	1039	-86	971
99.28	1040	1038	2	971
99.3	1006	1038	-32	971
99.32	1051	1037	14	971
99.34	983	1037	-54	971
99.36	1007	1036	-29	971
99.38	1029	1036	-7	971
99.4	1038	1035	3	972
99.42	1041	1035	6	972
99.44	1025	1034	-9	972
99.46	932	1034	-102	972
99.48	1041	1034	7	972
99.5	1020	1033	-13	972
99.52	951	1033	-82	972
99.54	1038	1032	6	972
99.56	1039	1032	7	973
99.58	1009	1032	-23	973
99.6	1038	1031	7	973
99.62	930	1031	-101	973
99.64	1071	1031	40	973
99.66	1020	1030	-10	973
99.68	995	1030	-35	973
99.7	1018	1030	-12	974
99.72	1003	1030	-27	974
99.74	969	1029	-60	974
99.76	936	1029	-93	974
99.78	1037	1029	8	974
99.8	1023	1029	-6	974
99.82	1033	1028	5	974
99.84	1032	1028	4	974
99.86	978	1028	-50	975
99.88	976	1028	-52	975
99.9	1035	1028	7	975
99.92	983	1027	-44	975
99.94	1034	1027	7	975
99.96	980	1027	-47	975
99.98	1056	1027	29	975
100.0	1038	1027	11	976
100.02	1004	1027	-23	976
100.04	979	1027	-48	976
100.06	999	1026	-27	976
100.08	1026	1026	0	976
100.1	1042	1026	16	976
100.12	965	1026	-61	976
100.14	1004	1026	-22	976
100.16	991	1026	-35	977
100.18	981	1026	-45	977
100.2	1009	1026	-17	977
100.22	1028	1026	2	977
100.24	1019	1026	-7	977
100.26	1028	1026	2	977
100.28	1003	1026	-23	977
100.3	1012	1026	-14	978
100.32	1011	1026	-15	978
100.34	991	1026	-35	978
100.36	983	1026	-43	978
100.38	968	1026	-58	978
100.4	971	1026	-55	978
100.42	991	1026	-35	978
100.44	1069	1026	43	978
100.46	986	1026	-40	979
100.48	1012	1026	-14	979
100.5	946	1026	-80	979
100.52	1006	1026	-20	979
100.54	1035	1026	9	979
100.56	967	1026	-59	979
100.58	1008	1027	-19	979
100.6	989	1027	-38	980
100.62	1016	1027	-11	980
100.64	999	1027	-28	980
100.66	1035	1027	8	980
100.68	959	1027	-68	980
100.7	984	1027	-43	980
100.72	1008	1028	-20	980
100.74	986	1028	-42	981
100.76	1028	1028	0	981
100.78	891	1028	-137	981
100.8	1043	1028	15	981
100.82	957	1029	-72	981
100.84	996	1029	-33	981
100.86	1036	1029	7	981
100.88	959	1029	-70	982
100.9	988	1030	-41	982
100.92	1013	1030	-17	982
100.94	989	1030	-41	982
100.96	995	1030	-35	982
100.98	977	1031	-54	982
101.0	1028	1031	-3	982
101.02	942	1031	-89	982
101.04	1023	1032	-9	983
101.06	975	1032	-57	983
101.08	1005	1032	-27	983
101.1	1069	1033	36	983
101.12	994	1033	-39	983
101.14	1005	1034	-29	983
101.16	1017	1034	-17	983
101.18	993	1035	-42	984
101.2	974	1035	-61	984
101.22	1037	1036	1	984
101.24	925	1036	-111	984
101.26	984	1037	-53	984
101.28	1029	1037	-8	984
101.3	965	1038	-73	984
101.32	1057	1038	19	985
101.34	1055	1039	16	985
101.36	1009	1040	-31	985
101.38	1024	1040	-16	985
101.4	997	1041	-44	985
101.42	958	1042	-84	985
101.44	1024	1042	-18	985
101.46	990	1043	-53	985
101.48	1013	1044	-31	986
101.5	936	1045	-109	986
101.52	1005	1046	-41	986
101.54	1014	1046	-32	986
101.56	1019	1047	-28	986
101.58	1020	1048	-28	986
101.6	1031	1049	-18	986
101.62	967	1050	-83	987
101.64	1034	1051	-17	987
101.66	1025	1052	-27	987
101.68	944	1053	-109	987
101.7	977	1055	-78	987
101.72	1040	1056	-16	987
101.74	999	1057	-58	987
101.76	1019	1058	-39	988
101.78	1078	1059	19	988
101.8	962	1061	-99	988
101.82	1017	1062	-45	988
101.84	1027	1063	-36	988
101.86	966	1065	-99	988
101.88	1069	1066	3	988
101.9	1001	1068	-67	988
101.92	1023	1069	-46	989
101.94	996	1071	-75	989
101.96	995	1073	-78	989
101.98	1031	1074	-43	989
102.0	946	1076	-130	989
102.02	1037	1078	-41	989
102.04	1011	1080	-69	989
102.06	988	1081	-93	990
102.08	1031	1083	-52	990
102.1	1030	1085	-55	990
102.12	1073	1087	-14	990
102.14	964	1089	-125	990
102.16	1044	1091	-47	990
102.18	1018	1093	-75	990
102.2	1058	1095	-37	990
102.22	1006	1097	-91	991
102.24	1061	1099	-38	991
102.26	1041	1101	-60	991
102.28	996	1103	-107	991
102.3	1026	1105	-79	991
102.32	994	1107	-113	991
102.34	1070	1108	-38	991
102.36	1004	1110	-106	991
102.38	1047	1112	-65	992
102.4	1048	1114	-66	992
102.42	1034	1116	-82	992
102.44	1029	1117	-88	992
102.46	920	1119	-199	992
102.48	1017	1120	-103	992
102.5	1044	1122	-78	992
102.52	1045	1123	-78	993
102.54	991	1124	-133	993
102.56	1069	1125	-56	993
102.58	945	1126	-181	993
102.6	997	1127	-130	993
102.62	1053	1127	-74	993
102.64	1053	1128	-75	993
102.66	995	1129	-134	993
102.68	1024	1129	-105	994
102.7	997	1129	-132	994
102.72	1026	1130	-104	994
102.74	1046	1130	-84	994
102.76	1077	1130	-53	994
102.78	940	1130	-190	994
102.8	987	1130	-143	994
102.82	1034	1130	-96	994
102.84	1017	1130	-113	995
102.86	1025	1129	-104	995
102.88	989	1129	-140	995
102.9	1037	1128	-91	995
102.92	1013	1128	-115	995
102.94	1018	1127	-109	995
102.96	1037	1126	-89	995
102.98	1034	1125	-91	995
103.0	1066	1124	-58	996
103.02	1034	1123	-89	996
103.04	1074	1122	-48	996
103.06	990	1121	-131	996
103.08	1023	1120	-97	996
103.1	1005	1119	-114	996
103.12	1038	1117	-79	996
103.14	1037	1116	-79	996
103.16	1052	1115	-63	997
103.18	1006	1114	-108	997
103.2	1121	1112	9	997
103.22	1074	1111	-37	997
103.24	973	1110	-137	997
103.26	1007	1108	-101	997
103.28	1026	1107	-81	997
103.3	954	1105	-151	997
103.32	991	1104	-113	997
103.34	1041	1103	-62	998
103.36	1037	1101	-64	998
103.38	994	1100	-106	998
103.4	1039	1098	-59	998
103.42	1032	1097	-65	998
103.44	1047	1096	-49	998
103.46	978	1094	-116	998
103.48	1013	1093	-80	998
103.5	995	1091	-96	999
103.52	984	1090	-106	999
103.54	1054	1089	-35	999
103.56	1064	1087	-23	999
103.58	1016	1086	-70	999
103.6	1015	1085	-70	999
103.62	1067	1084	-17	999
103.64	1011	1082	-71	999
103.66	970	1081	-111	999
103.68	1033	1080	-47	1000
103.7	1045	1079	-34	1000
103.72	1070	1078	-8	1000
103.74	1005	1077	-72	1000
103.76	945	1075	-130	1000
103.78	1061	1074	-13	1000
103.8	1002	1073	-71	1000
103.82	987	1072	-85	1000
103.84	1033	1071	-38	1000
103.86	994	1070	-76	1001
103.88	1027	1069	-42	1001
103.9	983	1068	-85	1001
103.92	1080	1067	13	1001
103.94	1029	1066	-37	1001
103.96	1066	1065	1	1001
103.98	1017	1065	-48	1001
104.0	1043	1064	-21	1001
104.02	1081	1063	18	1001
104.04	1013	1062	-49	1001
104.06	957	1061	-104	1002
104.08	1024	1061	-37	1002
104.1	985	1060	-75	1002
104.12	1090	1059	31	1002
104.14	957	1058	-101	1002
104.16	993	1058	-65	1002
104.18	1056	1057	-1	1002
104.2	1048	1056	-8	1002
104.22	1093	1056	37	1002
104.24	1022	1055	-33	1003
104.26	1068	1054	14	1003
104.28	972	1054	-82	1003
104.3	983	1053	-70	1003
104.32	1069	1053	16	1003
104.34	1015	1052	-37	1003
104.36	965	1052	-87	1003
104.38	991	1051	-60	1003
104.4	992	1051	-59	1003
104.42	1019	1050	-31	1003
104.44	1022	1050	-28	1003
104.46	1015	1049	-34	1004
104.48	976	1049	-73	1004
104.5	938	1048	-110	1004
104.52	954	1048	-94	1004
104.54	1011	1048	-37	1004
104.56	1030	1047	-17	1004
104.58	988	1047	-59	1004
104.6	965	1046	-81	1004
104.62	936	1046	-110	1004
104.64	1048	1046	2	1004
104.66	979	1045	-66	1005
104.68	1004	1045	-41	1005
104.7	979	1045	-66	1005
104.72	951	1044	-93	1005
104.74	980	1044	-64	1005
104.76	1012	1044	-32	1005
104.78	969	1044	-75	1005
104.8	981	1043	-62	1005
104.82	1020	1043	-23	1005
104.84	976	1043	-67	1005
104.86	993	1043	-50	1005
104.88	1047	1042	5	1005
104.9	966	1042	-76	1006
104.92	1037	1042	-5	1006
104.94	1028	1042	-14	1006
104.96	1025	1041	-16	1006
104.98	1011	1041	-30	1006
105.0	935	1041	-106	1006
105.02	1010	1041	-31	1006
105.04	1010	1041	-31	1006
105.06	980	1040	-60	1006
105.08	966	1040	-74	1006
105.1	1005	1040	-35	1006
105.12	1000	1040	-40	1006
105.14	1010	1040	-30	1007
105.16	914	1040	-126	1007
105.18	1045	1039	6	1007
105.2	1067	1039	28	1007
105.22	1003	1039	-36	1007
105.24	1030	1039	-9	1007
105.26	1011	1039	-28	1007
105.28	995	1039	-44	1007
105.3	978	1038	-60	1007
105.32	964	1038	-74	1007
105.34	1011	1038	-27	1007
105.36	960	1038	-78	1007
105.38	925	1038	-113	1007
105.4	1006	1038	-32	1007
105.42	965	1038	-73	1008
105.44	982	1038	-56	1008
105.46	988	1038	-50	1008
105.48	974	1038	-64	1008
105.5	981	1038	-57	1008
105.52	1005	1038	-33	1008
105.54	945	1038	-93	1008
105.56	993	1038	-45	1008
105.58	972	1038	-66	1008
105.6	959	1037	-78	1008
105.62	1013	1037	-24	1008
105.64	995	1037	-42	1008
105.66	943	1037	-94	1008
105.68	1009	1037	-28	1008
105.7	1010	1037	-27	1008
105.72	995	1037	-42	1009
105.74	1039	1037	2	1009
105.76	1039	1037	2	1009
105.78	1001	1037	-36	1009
105.8	1011	1037	-26	1009
105.82	1054	1037	17	1009
105.84	1004	1037	-33	1009
105.86	977	1037	-60	1009
105.88	1007	1037	-30	1009
105.9	963	1037	-74	1009
105.92	1056	1037	19	1009
105.94	1037	1037	0	1009
105.96	986	1037	-51	1009
105.98	1038	1037	1	1009
106.0	1018	1037	-19	1009
106.02	1095	1037	58	1009
106.04	1026	1037	-11	1009
106.06	961	1037	-76	1010
106.08	976	1037	-61	1010
106.1	1007	1037	-30	1010
106.12	1039	1037	2	1010
106.14	1032	1038	-6	1010
106.16	1015	1038	-23	1010
106.18	964	1038	-74	1010
106.2	1022	1038	-16	1010
106.22	1046	1038	8	1010
106.24	973	1038	-65	1010
106.26	999	1038	-39	1010
106.28	981	1038	-57	1010
106.3	969	1038	-69	1010
106.32	988	1038	-50	1010
106.34	1032	1038	-6	1010
106.36	968	1038	-70	1010
106.38	1044	1038	6	1010
106.4	1020	1038	-18	1010
106.42	989	1039	-50	1010
106.44	1003	1039	-36	1010
106.46	1072	1039	33	1011
106.48	987	1039	-52	1011
106.5	998	1039	-41	1011
106.52	1035	1039	-4	1011
106.54	985	1039	-54	1011
106.56	1003	1039	-36	1011
106.58	985	1040	-55	1011
106.6	1015	1040	-25	1011
106.62	956	1040	-84	1011
106.64	974	1040	-66	1011
106.66	1036	1040	-4	1011
106.68	993	1040	-47	1011
106.7	1058	1040	18	1011
106.72	1024	1041	-17	1011
106.74	1038	1041	-3	1011
106.76	1008	1041	-33	1011
106.78	1027	1041	-14	1011
106.8	978	1041	-63	1011
106.82	1018	1042	-24	1011
106.84	1070	1042	28	1011
106.86	1043	1042	1	1011
106.88	1058	1042	16	1011
106.9	1056	1042	14	1011
106.92	1008	1043	-35	1012
106.94	989	1043	-54	1012
106.96	1038	1043	-5	1012
106.98	1008	1043	-35	1012
107.0	993	1044	-51	1012
107.02	1012	1044	-32	1012
107.04	1045	1044	1	1012
107.06	982	1044	-62	1012
107.08	1008	1045	-37	1012
107.1	1072	1045	27	1012
107.12	1035	1045	-10	1012
107.14	1021	1046	-25	1012
107.16	1007	1046	-39	1012
107.18	986	1046	-60	1012
107.2	972	1047	-75	1012
107.22	1041	1047	-6	1012
107.24	1044	1047	-3	1012
107.26	1076	1048	28	1012
107.28	1015	1048	-33	1012
107.3	1080	1048	32	1012
107.32	1050	1049	1	1012
107.34	997	1049	-52	1012
107.36	1055	1050	5	1012
107.38	1005	1050	-45	1012
107.4	1047	1051	-4	1012
107.42	1000	1051	-51	1012
107.44	1073	1052	21	1012
107.46	1036	1052	-16	1012
107.48	1011	1053	-42	1013
107.5	1054	1053	1	1013
107.52	1018	1054	-36	1013
107.54	1079	1054	25	1013
107.56	1054	1055	-1	1013
107.58	1096	1055	41	1013
107.6	1020	1056	-36	1013
107.62	1079	1056	23	1013
107.64	1041	1057	-16	1013
107.66	1025	1058	-33	1013
107.68	992	1058	-66	1013
107.7	1085	1059	26	1013
107.72	1031	1060	-29	1013
107.74	1087	1061	26	1013
107.76	1065	1061	4	1013
107.78	1076	1062	14	1013
107.8	1090	1063	27	1013
107.82	1105	1064	41	1013
107.84	1075	1064	11	1013
107.86	1068	1065	3	1013
107.88	1040	1066	-26	1013
107.9	1086	1067	19	1013
107.92	1079	1068	11	1013
107.94	1130	1069	61	1013
107.96	1117	1070	47	1013
107.98	1066	1071	-5	1013
108.0	1083	1072	11	1013
108.02	1077	1073	4	1013
108.04	1068	1074	-6	1013
108.06	1050	1076	-26	1013
108.08	1030	1077	-47	1013
108.1	1027	1078	-51	1013
108.12	1041	1079	-38	1013
108.14	1024	1081	-57	1013
108.16	1081	1082	-1	1013
108.18	1077	1083	-6	1014
108.2	1079	1085	-6	1014
108.22	1077	1086	-9	1014
108.24	1088	1088	0	1014
108.26	1094	1089	5	1014
108.28	1122	1091	31	1014
108.3	1087	1093	-6	1014
108.32	1120	1095	25	1014
108.34	1090	1096	-6	1014
108.36	1061	1098	-37	1014
108.38	1061	1100	-39	1014
108.4	1075	1102	-27	1014
108.42	1143	1104	39	1014
108.44	1102	1106	-4	1014
108.46	1083	1108	-25	1014
108.48	1168	1110	58	1014
108.5	1178	1112	66	1014
108.52	1131	1115	16	1014
108.54	1166	1117	49	1014
108.56	1125	1119	6	1014
108.58	1116	1122	-6	1014
108.6	1117	1124	-7	1014
108.62	1103	1127	-24	1014
108.64	1075	1129	-54	1014
108.66	1075	1132	-57	1014
108.68	1110	1134	-24	1014
108.7	1090	1137	-47	1014
108.72	1104	1139	-35	1014
108.74	1131	1142	-11	1014
108.76	1128	1145	-17	1014
108.78	1108	1148	-40	1014
108.8	1170	1150	20	1014
108.82	1086	1153	-67	1014
108.84	1166	1156	10	1014
108.86	1137	1158	-21	1014
108.88	1112	1161	-49	1014
108.9	1150	1164	-14	1014
108.92	1097	1166	-69	1014
108.94	1113	1169	-56	1015
108.96	1133	1171	-38	1015
108.98	1099	1174	-75	1015
109.0	1128	1176	-48	1015
109.02	1138	1178	-40	1015
109.04	1096	1180	-84	1015
109.06	1115	1182	-67	1015
109.08	1142	1184	-42	1015
109.1	1063	1186	-123	1015
109.12	1144	1188	-44	1015
109.14	1154	1189	-35	1015
109.16	1172	1190	-18	1015
109.18	1089	1191	-102	1015
109.2	1151	1192	-41	1015
109.22	1150	1193	-43	1015
109.24	1102	1194	-92	1015
109.26	1122	1195	-73	1015
109.28	1143	1195	-52	1015
109.3	1131	1196	-65	1015
109.32	1084	1196	-112	1015
109.34	1143	1196	-53	1015
109.36	1162	1197	-35	1015
109.38	1117	1197	-80	1015
109.4	1151	1197	-46	1015
109.42	1109	1196	-87	1015
109.44	1173	1196	-23	1015
109.46	1182	1196	-14	1015
109.48	1117	1195	-78	1015
109.5	1218	1194	24	1015
109.52	1147	1194	-47	1015
109.54	1169	1193	-24	1015
109.56	1232	1192	40	1015
109.58	1119	1191	-72	1015
109.6	1099	1189	-90	1015
109.62	1158	1188	-30	1015
109.64	1162	1187	-25	1015
109.66	1184	1185	-1	1015
109.68	1128	1184	-56	1016
109.7	1134	1182	-48	1016
109.72	1132	1181	-49	1016
109.74	1170	1179	-9	1016
109.76	1102	1177	-75	1016
109.78	1109	1175	-66	1016
109.8	1135	1174	-39	1016
109.82	1105	1172	-67	1016
109.84	1114	1170	-56	1016
109.86	1115	1168	-53	1016
109.88	1114	1166	-52	1016
109.9	1136	1164	-28	1016
109.92	1162	1162	0	1016
109.94	1129	1160	-31	1016
109.96	1141	1158	-17	1016
109.98	1093	1156	-63	1016
110.0	1177	1154	23	1016
110.02	1141	1152	-11	1016
110.04	1110	1150	-40	1016
110.06	1167	1148	19	1016
110.08	1122	1146	-24	1016
110.1	1124	1145	-21	1016
110.12	1050	1143	-93	1016
110.14	1130	1141	-11	1016
110.16	1129	1139	-10	1016
110.18	1082	1137	-55	1016
110.2	1124	1135	-11	1016
110.22	1108	1133	-25	1016
110.24	1047	1131	-84	1016
110.26	1102	1129	-27	1016
110.28	1131	1128	3	1016
110.3	1116	1126	-10	1017
110.32	1132	1124	8	1017
110.34	1082	1122	-40	1017
110.36	1126	1121	5	1017
110.38	1123	1119	4	1017
110.4	1136	1117	19	1017
110.42	1063	1116	-53	1017
110.44	1128	1114	14	1017
110.46	1165	1112	53	1017
110.48	1097	1111	-14	1017
110.5	1091	1109	-18	1017
110.52	1114	1108	6	1017
110.54	1124	1107	17	1017
110.56	1081	1105	-24	1017
110.58	1150	1104	46	1017
110.6	1134	1102	32	1017
110.62	1086	1101	-15	1017
110.64	1103	1100	3	1017
110.66	1091	1098	-7	1017
110.68	1119	1097	22	1017
110.7	1102	1096	6	1017
110.72	1097	1095	2	1017
110.74	1060	1093	-33	1017
110.76	1067	1092	-25	1017
110.78	1110	1091	19	1017
110.8	1126	1090	36	1017
110.82	1095	1089	6	1018
110.84	1088	1088	0	1018
110.86	1023	1087	-64	1018
110.88	1054	1086	-32	1018
110.9	1139	1085	54	1018
110.92	1026	1084	-58	1018
110.94	1083	1083	0	1018
110.96	1068	1082	-14	1018
110.98	1072	1081	-9	1018
111.0	1120	1080	40	1018
111.02	1060	1079	-19	1018
111.04	1094	1079	15	1018
111.06	1056	1078	-22	1018
111.08	1104	1077	27	1018
111.1	1052	1076	-24	1018
111.12	1100	1075	25	1018
111.14	1050	1075	-25	1018
111.16	1088	1074	14	1018
111.18	1052	1073	-21	1018
111.2	1076	1073	3	1018
111.22	1078	1072	6	1018
111.24	1110	1071	39	1018
111.26	1045	1071	-26	1019
111.28	1024	1070	-46	1019
111.3	1088	1069	19	1019
111.32	1039	1069	-30	1019
111.34	1062	1068	-6	1019
111.36	1084	1068	17	1019
111.38	1045	1067	-22	1019
111.4	980	1066	-86	1019
111.42	1060	1066	-6	1019
111.44	1016	1065	-49	1019
111.46	1080	1065	15	1019
111.48	1094	1064	30	1019
111.5	1083	1064	19	1019
111.52	1100	1063	37	1019
111.54	1080	1063	17	1019
111.56	1107	1062	45	1019
111.58	1056	1062	-6	1019
111.6	1058	1061	-3	1019
111.62	1089	1061	28	1020
111.64	1047	1061	-14	1020
111.66	1056	1060	-4	1020
111.68	1062	1060	2	1020
111.7	1032	1059	-27	1020
111.72	1094	1059	35	1020
111.74	1084	1059	25	1020
111.76	1121	1058	63	1020
111.78	1017	1058	-41	1020
111.8	1086	1058	28	1020
111.82	1065	1057	8	1020
111.84	985	1057	-72	1020
111.86	1098	1057	41	1020
111.88	1098	1056	42	1020
111.9	1079	1056	23	1020
111.92	1089	1056	33	1020
111.94	1041	1056	-15	1021
111.96	1061	1055	6	1021
111.98	1075	1055	20	1021
112.0	1034	1055	-21	1021
112.02	1066	1055	11	1021
112.04	1038	1054	-16	1021
112.06	1007	1054	-47	1021
112.08	1012	1054	-42	1021
112.1	1069	1054	15	1021
112.12	1002	1054	-52	1021
112.14	1087	1053	34	1021
112.16	1030	1053	-23	1021
112.18	1108	1053	55	1021
112.2	1067	1053	14	1021
112.22	1045	1053	-8	1022
112.24	1043	1052	-9	1022
112.26	1072	1052	20	1022
112.28	1056	1052	4	1022
112.3	1035	1052	-17	1022
112.32	1049	1052	-3	1022
112.34	1019	1052	-33	1022
112.36	1057	1052	5	1022
112.38	1082	1051	31	1022
112.4	1069	1051	18	1022
112.42	1090	1051	39	1022
112.44	1051	1051	0	1022
112.46	1059	1051	8	1022
112.48	1050	1051	-1	1023
112.5	1072	1051	21	1023
112.52	1029	1051	-22	1023
112.54	1088	1051	37	1023
112.56	1019	1051	-32	1023
112.58	1030	1050	-20	1023
112.6	1005	1050	-45	1023
112.62	1078	1050	28	1023
112.64	1054	1050	4	1023
112.66	1003	1050	-47	1023
112.68	967	1050	-83	1023
112.7	1057	1050	7	1023
112.72	1025	1050	-25	1024
112.74	1015	1050	-35	1024
112.76	1032	1050	-18	1024
112.78	957	1050	-93	1024
112.8	1090	1050	40	1024
112.82	1025	1050	-25	1024
112.84	1010	1050	-40	1024
112.86	1095	1050	45	1024
112.88	1053	1050	3	1024
112.9	1073	1050	23	1024
112.92	1055	1050	5	1024
112.94	1081	1050	31	1025
112.96	1043	1050	-7	1025
112.98	1065	1050	15	1025
113.0	1019	1050	-31	1025
113.02	1061	1050	11	1025
113.04	1015	1050	-35	1025
113.06	1107	1050	57	1025
113.08	1046	1050	-4	1025
113.1	1002	1050	-48	1025
113.12	1007	1050	-43	1025
113.14	1028	1050	-22	1026
113.16	1017	1050	-33	1026
113.18	996	1050	-54	1026
113.2	1088	1050	38	1026
113.22	1027	1050	-23	1026
113.24	1028	1051	-23	1026
113.26	1047	1051	-4	1026
113.28	1043	1051	-8	1026
113.3	994	1051	-57	1026
113.32	1058	1051	7	1026
113.34	1039	1051	-12	1027
113.36	1032	1051	-19	1027
113.38	1088	1051	37	1027
113.4	1024	1051	-27	1027
113.42	1060	1051	9	1027
113.44	1071	1051	20	1027
113.46	1059	1052	7	1027
113.48	1028	1052	-24	1027
113.5	1019	1052	-33	1027
113.52	1038	1052	-14	1028
113.54	1028	1052	-24	1028
113.56	1050	1052	-2	1028
113.58	1086	1052	34	1028
113.6	1039	1053	-14	1028
113.62	1091	1053	38	1028
113.64	1045	1053	-8	1028
113.66	1062	1053	9	1028
113.68	1071	1053	18	1028
113.7	1034	1053	-19	1029
113.72	1058	1054	4	1029
113.74	1028	1054	-26	1029
113.76	1093	1054	39	1029
113.78	1029	1054	-25	1029
113.8	1041	1054	-13	1029
113.82	1013	1055	-42	1029
113.84	1093	1055	38	1029
113.86	1110	1055	55	1030
113.88	1008	1055	-47	1030
113.9	1018	1055	-37	1030
113.92	1031	1056	-25	1030
113.94	1008	1056	-48	1030
113.96	1075	1056	19	1030
113.98	1119	1056	63	1030
114.0	1064	1056	8	1030
114.02	1032	1057	-25	1031
114.04	1040	1057	-17	1031
114.06	1057	1057	0	1031
114.08	1005	1058	-53	1031
114.1	1007	1058	-51	1031
114.12	1015	1058	-43	1031
114.14	1051	1059	-8	1031
114.16	1045	1059	-14	1031
114.18	1064	1059	5	1032
114.2	1034	1059	-25	1032
114.22	1057	1060	-3	1032
114.24	1039	1060	-21	1032
114.26	1024	1061	-37	1032
114.28	1053	1061	-8	1032
114.3	1027	1061	-34	1032
114.32	1033	1062	-29	1033
114.34	1014	1062	-48	1033
114.36	1086	1063	23	1033
114.38	1055	1063	-8	1033
114.4	1010	1063	-53	1033
114.42	1007	1064	-57	1033
114.44	1079	1064	15	1033
114.46	993	1065	-72	1033
114.48	1131	1065	66	1034
114.5	997	1066	-69	1034
114.52	1046	1066	-20	1034
114.54	1047	1067	-20	1034
114.56	1039	1067	-28	1034
114.58	1043	1068	-25	1034
114.6	1006	1068	-62	1034
114.62	1032	1069	-37	1035
114.64	989	1069	-80	1035
114.66	1091	1070	21	1035
114.68	1065	1071	-6	1035
114.7	1103	1071	32	1035
114.72	1081	1072	9	1035
114.74	1046	1073	-27	1035
114.76	1033	1073	-40	1036
114.78	1077	1074	3	1036
114.8	1077	1075	2	1036
114.82	1043	1075	-32	1036
114.84	1054	1076	-22	1036
114.86	1056	1077	-21	1036
114.88	1121	1078	43	1037
114.9	1092	1078	14	1037
114.92	1096	1079	17	1037
114.94	1072	1080	-8	1037
114.96	1066	1081	-15	1037
114.98	1075	1082	-7	1037
115.0	1074	1083	-9	1037
115.02	1079	1084	-5	1038
115.04	1030	1085	-55	1038
115.06	1091	1086	5	1038
115.08	1010	1087	-77	1038
115.1	1066	1088	-22	1038
115.12	1105	1089	16	1038
115.14	1088	1090	-2	1038
115.16	1015	1091	-76	1039
115.18	1084	1092	-8	1039
115.2	1082	1094	-12	1039
115.22	1050	1095	-45	1039
115.24	1065	1096	-31	1039
115.26	1095	1097	-2	1039
115.28	1030	1099	-69	1040
115.3	1092	1100	-8	1040
115.32	1127	1101	26	1040
115.34	1068	1103	-35	1040
115.36	1022	1104	-82	1040
115.38	1030	1106	-76	1040
115.4	1054	1107	-53	1041
115.42	1101	1108	-7	1041
115.44	1071	1110	-39	1041
115.46	1104	1112	-8	1041
115.48	1081	1113	-32	1041
115.5	1058	1115	-57	1041
115.52	1071	1116	-45	1041
115.54	1055	1118	-63	1042
115.56	1084	1120	-36	1042
115.58	1061	1121	-60	1042
115.6	1059	1123	-64	1042
115.62	1099	1125	-26	1042
115.64	1050	1126	-76	1042
115.66	1060	1128	-68	1043
115.68	1077	1130	-53	1043
115.7	1098	1131	-33	1043
115.72	1071	1133	-62	1043
115.74	1058	1135	-77	1043
115.76	1068	1136	-68	1043
115.78	1050	1138	-88	1044
115.8	1101	1140	-39	1044
115.82	1050	1141	-91	1044
115.84	1078	1143	-65	1044
115.86	1072	1144	-72	1044
115.88	1152	1145	7	1044
115.9	1076	1147	-71	1045
115.92	1035	1148	-113	1045
115.94	1105	1149	-44	1045
115.96	1092	1150	-58	1045
115.98	1078	1151	-73	1045
116.0	1085	1152	-67	1045
116.02	1090	1153	-63	1046
116.04	1073	1154	-81	1046
116.06	1054	1155	-101	1046
116.08	1094	1156	-62	1046
116.1	1137	1156	-19	1046
116.12	1070	1157	-87	1046
116.14	1042	1157	-115	1047
116.16	1156	1158	-2	1047
116.18	1099	1158	-59	1047
116.2	1076	1159	-83	1047
116.22	1168	1159	9	1047
116.24	1112	1159	-47	1048
116.26	1121	1160	-39	1048
116.28	1097	1160	-63	1048
116.3	1061	1160	-99	1048
116.32	1072	1160	-88	1048
116.34	1062	1160	-98	1048
116.36	1051	1160	-109	1049
116.38	1083	1160	-77	1049
116.4	1137	1159	-22	1049
116.42	1092	1159	-67	1049
116.44	1100	1159	-59	1049
116.46	1136	1158	-22	1049
116.48	1081	1158	-77	1050
116.5	1085	1158	-73	1050
116.52	1121	1157	-36	1050
116.54	1105	1156	-51	1050
116.56	1079	1156	-77	1050
116.58	1058	1155	-97	1051
116.6	1113	1154	-41	1051
116.62	1115	1154	-39	1051
116.64	1138	1153	-15	1051
116.66	1109	1152	-43	1051
116.68	1093	1151	-58	1051
116.7	1113	1151	-38	1052
116.72	1094	1150	-56	1052
116.74	1082	1149	-67	1052
116.76	1161	1148	13	1052
116.78	1080	1147	-67	1052
116.8	1135	1146	-11	1053
116.82	1145	1145	0	1053
116.84	1125	1144	-19	1053
116.86	1139	1143	-4	1053
116.88	1076	1142	-66	1053
116.9	1110	1142	-32	1053
116.92	1099	1141	-42	1054
116.94	1058	1140	-82	1054
116.96	1141	1139	2	1054
116.98	1134	1138	-4	1054
117.0	1075	1137	-62	1054
117.02	1127	1136	-9	1055
117.04	1075	1135	-60	1055
117.06	1086	1134	-48	1055
117.08	1099	1133	-34	1055
117.1	1139	1132	7	1055
117.12	1159	1131	28	1056
117.14	1070	1130	-60	1056
117.16	1130	1129	1	1056
117.18	1121	1128	-7	1056
117.2	1085	1127	-42	1056
117.22	1142	1127	15	1056
117.24	1036	1126	-90	1057
117.26	1092	1125	-33	1057
117.28	1067	1124	-57	1057
117.3	1094	1123	-29	1057
117.32	1057	1122	-65	1057
117.34	1146	1122	24	1058
117.36	1114	1121	-7	1058
117.38	1134	1120	14	1058
117.4	1167	1119	48	1058
117.42	1095	1118	-23	1058
117.44	1110	1118	-8	1059
117.46	1134	1117	17	1059
117.48	1096	1116	-20	1059
117.5	1110	1116	-6	1059
117.52	1101	1115	-14	1059
117.54	1040	1114	-74	1060
117.56	1093	1114	-21	1060
117.58	1124	1113	11	1060
117.6	1112	1112	0	1060
117.62	1116	1112	4	1060
117.64	1114	1111	3	1061
117.66	1127	1111	16	1061
117.68	1056	1110	-54	1061
117.7	1110	1110	0	1061
117.72	1074	1109	-35	1061
117.74	1125	1109	16	1061
117.76	1084	1108	-24	1062
117.78	1059	1108	-49	1062
117.8	1099	1107	-8	1062
117.82	1058	1107	-49	1062
117.84	1039	1106	-67	1062
117.86	1062	1106	-44	1063
117.88	1117	1105	12	1063
117.9	1105	1105	0	1063
117.92	1068	1104	-36	1063
117.94	1067	1104	-37	1063
117.96	1092	1104	-12	1064
117.98	1131	1103	28	1064
118.0	1114	1103	11	1064
118.02	1072	1103	-31	1064
118.04	1117	1102	15	1064
118.06	1174	1102	72	1065
118.08	1140	1102	38	1065
118.1	1114	1101	13	1065
118.12	1132	1101	31	1065
118.14	1083	1101	-18	1065
118.16	1051	1100	-49	1066
118.18	1154	1100	54	1066
118.2	1173	1100	73	1066
118.22	1041	1100	-59	1066
118.24	1107	1099	8	1066
118.26	1081	1099	-18	1067
118.28	1075	1099	-24	1067
118.3	1114	1099	15	1067
118.32	1136	1099	37	1067
118.34	1098	1098	0	1067
118.36	1068	1098	-30	1068
118.38	1123	1098	25	1068
118.4	1064	1098	-34	1068
118.42	1118	1098	20	1068
118.44	1146	1097	49	1068
118.46	1083	1097	-14	1069
118.48	1117	1097	20	1069
118.5	1140	1097	43	1069
118.52	1128	1097	31	1069
118.54	1113	1097	16	1069
118.56	1037	1097	-60	1070
118.58	1111	1096	15	1070
118.6	1147	1096	51	1070
118.62	1129	1096	33	1070
118.64	1123	1096	27	1070
118.66	1084	1096	-12	1071
118.68	1150	1096	54	1071
118.7	1113	1096	17	1071
118.72	1093	1096	-3	1071
118.74	1102	1096	6	1071
118.76	1152	1096	56	1072
118.78	1085	1096	-10	1072
118.8	1150	1095	55	1072
118.82	1112	1095	17	1072
118.84	1159	1095	64	1072
118.86	1132	1095	37	1073
118.88	1163	1095	68	1073
118.9	1160	1095	65	1073
118.92	1141	1095	46	1073
118.94	1118	1095	23	1073
118.96	1123	1095	28	1074
118.98	1149	1095	54	1074
119.0	1152	1095	57	1074
119.02	1185	1095	90	1074
119.04	1125	1095	30	1075
119.06	1143	1095	48	1075
119.08	1169	1095	74	1075
119.1	1130	1095	35	1075
119.12	1113	1095	18	1075
119.14	1149	1095	54	1076
119.16	1120	1095	25	1076
119.18	1164	1095	69	1076
119.2	1168	1095	73	1076
119.22	1116	1095	21	1076
119.24	1128	1095	33	1077
119.26	1082	1095	-13	1077
119.28	1138	1095	43	1077
119.3	1160	1095	65	1077
119.32	1200	1095	105	1077
119.34	1147	1095	52	1078
119.36	1151	1095	56	1078
119.38	1161	1095	66	1078
119.4	1103	1095	8	1078
119.42	1167	1095	72	1078
119.44	1175	1095	80	1079
119.46	1189	1095	94	1079
119.48	1223	1096	127	1079
119.5	1178	1096	82	1079
119.52	1232	1096	136	1079
119.54	1153	1096	57	1080
119.56	1160	1096	64	1080
119.58	1162	1096	66	1080
119.6	1149	1096	53	1080
119.62	1187	1096	91	1080
119.64	1213	1096	117	1081
119.66	1189	1096	93	1081
119.68	1128	1096	32	1081
119.7	1175	1096	79	1081
119.72	1128	1096	32	1082
119.74	1114	1096	18	1082
119.76	1130	1096	34	1082
119.78	1168	1097	71	1082
119.8	1172	1097	75	1082
119.82	1225	1097	128	1083
119.84	1155	1097	58	1083
119.86	1242	1097	145	1083
119.88	1135	1097	38	1083
119.9	1190	1097	93	1083
119.92	1161	1097	64	1084
119.94	1159	1097	62	1084
119.96	1187	1097	90	1084
119.98	1217	1097	120	1084
120.0	1177	1098	79	1084