;RAW4.00
[RawHeader]
Date=06/16/2026
EstimatedTotalTime=0
FurtherDQLReading=0
HardwareIndicator=65519
MeasuredTotalTime=0
MeasurementFlag=1
NumberOfMeasuredRanges=1
NumberOfRanges=1
Time=11:24:19

[HardwareConfiguration]
AbsorptionFactor=0
ActivateAbsorber=0
Alpha1=0
Alpha2=0
AlphaAverage=0
AlphaRatio=0
Analyzer=1
Anode=Cu
AntiScatteringSlit=2
BeamOpticsFlags=59
Beta=0
BetaRelativeIntensity=0
DeactivateAbsorber=0
DetectorSlit=0.05
DivergenceSlit=2
GoniometerControl=9999
GoniometerDiameter=435
GoniometerModel=264
GoniometerStage=0
Monochromator=0
NearSampleSlit=1
PrimarySollerSlit=1
SampleChanger=0
SecondSollerSlit=2
SynchronousAxis=0
ThinFilmAttachment=0.46
WaveUnit=A

[VarInfo]
Type=OSUSER
Flags=0
Value=D500

[VarInfo]
Type=USER
Flags=0
Value=James Hamlin

[VarInfo]
Type=SITE
Flags=0
Value=Gainseville, FL

[VarInfo]
Type=CREATOR
Flags=0
Value=XRD Commander

[VarInfo]
Type=SAMPLEID
Flags=0
Value=HM_0473_annealed_(2)

[RangeHeader]
ActuallyUsedLambda=0
AdditionalDetectorMask=0
DataRecordLength=4
DelayTime=0
DisplayPlaneNumber=0
EstimatedScanTime=0
ExtraParametersMask=0
GeneratorCurrent=9999
GeneratorVoltage=9999
Increment=0.02
Increment3=0
NumberOfCompletedData=5751
NumberOfCounts=1
NumberOfDetectors=1
NumberOfDrives=2
NumberOfEncoderDrives=0
NumberOfMeasuredData=5751
NumberOfVaryingParameters=0
RangeStartTime=1322541781
RotationSpeed=0
ScanMode=1
ScanType=Locked Coupled
SimulatedMeasConditions=0
SlitChangerIn=9999
SmootingWidth=0
Start=5
Steps=5751
SynchronousRotation=0
Time=10

[Drive]
DriveFlags=1
DriveName=Theta
DriveNumber=1
DriveOffset=0
OffsetIndex=0
OscillationAmplitude=0
OscillationSpeed=0
StartPosition=2.5

[Drive]
DriveFlags=1
DriveName=2Theta
DriveNumber=2
DriveOffset=0
OffsetIndex=0
OscillationAmplitude=0
OscillationSpeed=0
StartPosition=5

[Detector]
AmplifierGain=0
ConstantDeadTime=0
DetectorFlags=256
DetectorName=Detector 1
DetectorNumber=1
DetectorType=1
Discriminator1LowerLevel=0
Discriminator1WindowWidth=0
Discriminator2LowerLevel=0
Discriminator2WindowWidth=0
HighVoltage=0
PileUpTime=0
PulseShaping=9999
TTLDetectorName=

[Data]
     Angle, Det1Disc1,
         5,      2831,
      5.02,      2787,
      5.04,      2789,
      5.06,      2774,
      5.08,      2954,
       5.1,      2937,
      5.12,      2896,
      5.14,      2853,
      5.16,      2846,
      5.18,      2832,
       5.2,      2813,
      5.22,      2893,
      5.24,      2786,
      5.26,      2885,
      5.28,      2961,
       5.3,      2988,
      5.32,      2864,
      5.34,      2901,
      5.36,      2903,
      5.38,      2918,
       5.4,      2975,
      5.42,      2959,
      5.44,      3038,
      5.46,      2929,
      5.48,      2959,
       5.5,      2971,
      5.52,      3007,
      5.54,      3002,
      5.56,      2936,
      5.58,      2933,
       5.6,      2986,
      5.62,      2968,
      5.64,      3056,
      5.66,      2972,
      5.68,      2949,
       5.7,      3072,
      5.72,      2983,
      5.74,      3071,
      5.76,      3034,
      5.78,      2939,
       5.8,      2954,
      5.82,      3115,
      5.84,      3047,
      5.86,      3124,
      5.88,      3003,
       5.9,      3068,
      5.92,      3142,
      5.94,      3182,
      5.96,      3049,
      5.98,      3004,
         6,      3077,
      6.02,      3062,
      6.04,      3141,
      6.06,      3242,
      6.08,      3121,
       6.1,      3167,
      6.12,      3146,
      6.14,      3150,
      6.16,      3250,
      6.18,      3249,
       6.2,      3225,
      6.22,      3150,
      6.24,      3140,
      6.26,      3131,
      6.28,      3195,
       6.3,      3219,
      6.32,      3183,
      6.34,      3208,
      6.36,      3180,
      6.38,      3213,
       6.4,      3164,
      6.42,      3181,
      6.44,      3257,
      6.46,      3234,
      6.48,      3236,
       6.5,      3286,
      6.52,      3280,
      6.54,      3224,
      6.56,      3222,
      6.58,      3235,
       6.6,      3214,
      6.62,      3220,
      6.64,      3248,
      6.66,      3375,
      6.68,      3255,
       6.7,      3222,
      6.72,      3355,
      6.74,      3383,
      6.76,      3255,
      6.78,      3336,
       6.8,      3269,
      6.82,      3297,
      6.84,      3285,
      6.86,      3249,
      6.88,      3224,
       6.9,      3294,
      6.92,      3216,
      6.94,      3321,
      6.96,      3232,
      6.98,      3270,
         7,      3268,
      7.02,      3343,
      7.04,      3346,
      7.06,      3274,
      7.08,      3283,
       7.1,      3326,
      7.12,      3223,
      7.14,      3320,
      7.16,      3253,
      7.18,      3273,
       7.2,      3335,
      7.22,      3207,
      7.24,      3300,
      7.26,      3305,
      7.28,      3138,
       7.3,      3280,
      7.32,      3233,
      7.34,      3305,
      7.36,      3211,
      7.38,      3222,
       7.4,      3241,
      7.42,      3241,
      7.44,      3225,
      7.46,      3154,
      7.48,      3242,
       7.5,      3186,
      7.52,      3153,
      7.54,      3113,
      7.56,      3116,
      7.58,      3196,
       7.6,      3089,
      7.62,      3140,
      7.64,      3112,
      7.66,      3038,
      7.68,      3132,
       7.7,      3165,
      7.72,      3077,
      7.74,      3158,
      7.76,      3041,
      7.78,      3076,
       7.8,      3022,
      7.82,      3049,
      7.84,      3062,
      7.86,      3092,
      7.88,      3077,
       7.9,      2991,
      7.92,      3057,
      7.94,      3112,
      7.96,      3011,
      7.98,      3104,
         8,      3000,
      8.02,      3040,
      8.04,      3050,
      8.06,      3017,
      8.08,      3045,
       8.1,      2999,
      8.12,      2986,
      8.14,      2988,
      8.16,      2987,
      8.18,      2871,
       8.2,      3036,
      8.22,      2874,
      8.24,      2869,
      8.26,      2930,
      8.28,      2922,
       8.3,      2906,
      8.32,      2935,
      8.34,      2894,
      8.36,      2872,
      8.38,      2910,
       8.4,      2832,
      8.42,      2832,
      8.44,      2922,
      8.46,      2765,
      8.48,      2820,
       8.5,      2853,
      8.52,      2831,
      8.54,      2759,
      8.56,      2817,
      8.58,      2813,
       8.6,      2813,
      8.62,      2783,
      8.64,      2821,
      8.66,      2701,
      8.68,      2764,
       8.7,      2624,
      8.72,      2672,
      8.74,      2768,
      8.76,      2712,
      8.78,      2736,
       8.8,      2639,
      8.82,      2722,
      8.84,      2782,
      8.86,      2687,
      8.88,      2669,
       8.9,      2713,
      8.92,      2616,
      8.94,      2750,
      8.96,      2749,
      8.98,      2702,
         9,      2696,
      9.02,      2586,
      9.04,      2683,
      9.06,      2657,
      9.08,      2551,
       9.1,      2563,
      9.12,      2600,
      9.14,      2607,
      9.16,      2543,
      9.18,      2514,
       9.2,      2601,
      9.22,      2608,
      9.24,      2548,
      9.26,      2584,
      9.28,      2591,
       9.3,      2594,
      9.32,      2536,
      9.34,      2552,
      9.36,      2463,
      9.38,      2538,
       9.4,      2644,
      9.42,      2563,
      9.44,      2480,
      9.46,      2602,
      9.48,      2609,
       9.5,      2504,
      9.52,      2556,
      9.54,      2550,
      9.56,      2556,
      9.58,      2579,
       9.6,      2516,
      9.62,      2482,
      9.64,      2625,
      9.66,      2469,
      9.68,      2603,
       9.7,      2490,
      9.72,      2596,
      9.74,      2523,
      9.76,      2542,
      9.78,      2635,
       9.8,      2518,
      9.82,      2499,
      9.84,      2588,
      9.86,      2481,
      9.88,      2481,
       9.9,      2535,
      9.92,      2550,
      9.94,      2571,
      9.96,      2531,
      9.98,      2584,
        10,      2586,
     10.02,      2611,
     10.04,      2636,
     10.06,      2636,
     10.08,      2617,
      10.1,      2625,
     10.12,      2677,
     10.14,      2569,
     10.16,      2691,
     10.18,      2611,
      10.2,      2704,
     10.22,      2656,
     10.24,      2656,
     10.26,      2683,
     10.28,      2746,
      10.3,      2674,
     10.32,      2676,
     10.34,      2712,
     10.36,      2663,
     10.38,      2707,
      10.4,      2768,
     10.42,      2717,
     10.44,      2718,
     10.46,      2728,
     10.48,      2771,
      10.5,      2833,
     10.52,      2844,
     10.54,      2806,
     10.56,      2857,
     10.58,      2678,
      10.6,      2842,
     10.62,      2763,
     10.64,      2885,
     10.66,      2957,
     10.68,      2930,
      10.7,      2922,
     10.72,      2898,
     10.74,      2962,
     10.76,      2983,
     10.78,      2981,
      10.8,      3026,
     10.82,      3109,
     10.84,      3041,
     10.86,      3028,
     10.88,      3168,
      10.9,      3092,
     10.92,      3118,
     10.94,      3072,
     10.96,      3092,
     10.98,      3201,
        11,      3205,
     11.02,      3241,
     11.04,      3150,
     11.06,      3163,
     11.08,      3183,
      11.1,      3234,
     11.12,      3261,
     11.14,      3259,
     11.16,      3348,
     11.18,      3339,
      11.2,      3281,
     11.22,      3326,
     11.24,      3405,
     11.26,      3354,
     11.28,      3498,
      11.3,      3444,
     11.32,      3515,
     11.34,      3524,
     11.36,      3413,
     11.38,      3513,
      11.4,      3622,
     11.42,      3598,
     11.44,      3606,
     11.46,      3547,
     11.48,      3656,
      11.5,      3588,
     11.52,      3557,
     11.54,      3533,
     11.56,      3595,
     11.58,      3625,
      11.6,      3537,
     11.62,      3575,
     11.64,      3712,
     11.66,      3622,
     11.68,      3549,
      11.7,      3719,
     11.72,      3643,
     11.74,      3694,
     11.76,      3685,
     11.78,      3615,
      11.8,      3611,
     11.82,      3796,
     11.84,      3684,
     11.86,      3628,
     11.88,      3752,
      11.9,      3604,
     11.92,      3540,
     11.94,      3581,
     11.96,      3774,
     11.98,      3678,
        12,      3668,
     12.02,      3667,
     12.04,      3734,
     12.06,      3632,
     12.08,      3698,
      12.1,      3700,
     12.12,      3819,
     12.14,      3609,
     12.16,      3697,
     12.18,      3586,
      12.2,      3741,
     12.22,      3622,
     12.24,      3638,
     12.26,      3684,
     12.28,      3655,
      12.3,      3563,
     12.32,      3539,
     12.34,      3624,
     12.36,      3609,
     12.38,      3638,
      12.4,      3480,
     12.42,      3601,
     12.44,      3452,
     12.46,      3524,
     12.48,      3488,
      12.5,      3505,
     12.52,      3545,
     12.54,      3466,
     12.56,      3414,
     12.58,      3438,
      12.6,      3376,
     12.62,      3515,
     12.64,      3458,
     12.66,      3340,
     12.68,      3457,
      12.7,      3329,
     12.72,      3375,
     12.74,      3309,
     12.76,      3282,
     12.78,      3456,
      12.8,      3337,
     12.82,      3221,
     12.84,      3212,
     12.86,      3320,
     12.88,      3282,
      12.9,      3145,
     12.92,      3173,
     12.94,      3230,
     12.96,      3196,
     12.98,      3093,
        13,      3188,
     13.02,      3081,
     13.04,      3087,
     13.06,      3121,
     13.08,      3153,
      13.1,      3189,
     13.12,      3052,
     13.14,      2993,
     13.16,      3093,
     13.18,      3012,
      13.2,      3095,
     13.22,      3031,
     13.24,      2953,
     13.26,      2867,
     13.28,      2985,
      13.3,      2928,
     13.32,      2938,
     13.34,      2987,
     13.36,      2865,
     13.38,      2933,
      13.4,      2938,
     13.42,      2938,
     13.44,      2815,
     13.46,      2878,
     13.48,      2883,
      13.5,      2919,
     13.52,      2810,
     13.54,      2768,
     13.56,      2882,
     13.58,      2788,
      13.6,      2794,
     13.62,      2791,
     13.64,      2744,
     13.66,      2766,
     13.68,      2850,
      13.7,      2820,
     13.72,      2639,
     13.74,      2636,
     13.76,      2778,
     13.78,      2748,
      13.8,      2750,
     13.82,      2674,
     13.84,      2718,
     13.86,      2652,
     13.88,      2563,
      13.9,      2687,
     13.92,      2522,
     13.94,      2591,
     13.96,      2581,
     13.98,      2565,
        14,      2722,
     14.02,      2560,
     14.04,      2595,
     14.06,      2600,
     14.08,      2486,
      14.1,      2493,
     14.12,      2561,
     14.14,      2535,
     14.16,      2527,
     14.18,      2520,
      14.2,      2481,
     14.22,      2490,
     14.24,      2513,
     14.26,      2419,
     14.28,      2451,
      14.3,      2496,
     14.32,      2451,
     14.34,      2552,
     14.36,      2396,
     14.38,      2480,
      14.4,      2459,
     14.42,      2455,
     14.44,      2420,
     14.46,      2473,
     14.48,      2363,
      14.5,      2402,
     14.52,      2411,
     14.54,      2359,
     14.56,      2314,
     14.58,      2274,
      14.6,      2379,
     14.62,      2348,
     14.64,      2292,
     14.66,      2323,
     14.68,      2359,
      14.7,      2327,
     14.72,      2341,
     14.74,      2254,
     14.76,      2373,
     14.78,      2278,
      14.8,      2319,
     14.82,      2311,
     14.84,      2330,
     14.86,      2373,
     14.88,      2309,
      14.9,      2294,
     14.92,      2311,
     14.94,      2255,
     14.96,      2285,
     14.98,      2257,
        15,      2267,
     15.02,      2141,
     15.04,      2312,
     15.06,      2242,
     15.08,      2175,
      15.1,      2182,
     15.12,      2326,
     15.14,      2208,
     15.16,      2229,
     15.18,      2234,
      15.2,      2224,
     15.22,      2115,
     15.24,      2266,
     15.26,      2230,
     15.28,      2277,
      15.3,      2143,
     15.32,      2229,
     15.34,      2236,
     15.36,      2154,
     15.38,      2219,
      15.4,      2189,
     15.42,      2043,
     15.44,      2144,
     15.46,      2108,
     15.48,      2127,
      15.5,      2158,
     15.52,      2079,
     15.54,      2144,
     15.56,      2155,
     15.58,      2138,
      15.6,      2145,
     15.62,      2081,
     15.64,      2101,
     15.66,      2131,
     15.68,      2128,
      15.7,      2136,
     15.72,      2115,
     15.74,      2126,
     15.76,      2078,
     15.78,      2067,
      15.8,      2029,
     15.82,      2145,
     15.84,      2040,
     15.86,      2145,
     15.88,      2113,
      15.9,      2118,
     15.92,      2056,
     15.94,      2071,
     15.96,      2070,
     15.98,      1996,
        16,      2011,
     16.02,      2040,
     16.04,      2020,
     16.06,      2054,
     16.08,      2129,
      16.1,      2041,
     16.12,      2039,
     16.14,      2078,
     16.16,      2053,
     16.18,      2086,
      16.2,      2047,
     16.22,      2029,
     16.24,      2054,
     16.26,      1972,
     16.28,      2081,
      16.3,      2022,
     16.32,      2013,
     16.34,      1988,
     16.36,      2001,
     16.38,      2077,
      16.4,      2039,
     16.42,      2055,
     16.44,      1946,
     16.46,      2037,
     16.48,      2010,
      16.5,      2056,
     16.52,      1992,
     16.54,      1945,
     16.56,      2054,
     16.58,      2030,
      16.6,      2048,
     16.62,      1948,
     16.64,      2043,
     16.66,      2012,
     16.68,      1992,
      16.7,      2021,
     16.72,      1940,
     16.74,      2081,
     16.76,      2013,
     16.78,      1966,
      16.8,      2015,
     16.82,      1983,
     16.84,      1976,
     16.86,      1934,
     16.88,      2008,
      16.9,      2021,
     16.92,      1975,
     16.94,      1902,
     16.96,      1997,
     16.98,      1911,
        17,      1981,
     17.02,      1981,
     17.04,      2034,
     17.06,      1966,
     17.08,      1977,
      17.1,      2012,
     17.12,      1993,
     17.14,      1990,
     17.16,      1921,
     17.18,      1957,
      17.2,      1976,
     17.22,      1974,
     17.24,      2005,
     17.26,      1974,
     17.28,      2001,
      17.3,      1940,
     17.32,      1949,
     17.34,      1960,
     17.36,      2011,
     17.38,      1945,
      17.4,      2019,
     17.42,      2031,
     17.44,      1935,
     17.46,      1955,
     17.48,      1924,
      17.5,      2004,
     17.52,      1960,
     17.54,      2060,
     17.56,      1987,
     17.58,      2008,
      17.6,      1955,
     17.62,      2066,
     17.64,      1955,
     17.66,      2064,
     17.68,      2039,
      17.7,      1935,
     17.72,      2059,
     17.74,      1929,
     17.76,      2013,
     17.78,      1946,
      17.8,      2088,
     17.82,      1962,
     17.84,      1981,
     17.86,      1999,
     17.88,      1988,
      17.9,      1964,
     17.92,      1967,
     17.94,      2062,
     17.96,      2000,
     17.98,      2023,
        18,      2045,
     18.02,      1992,
     18.04,      1975,
     18.06,      1967,
     18.08,      2002,
      18.1,      2097,
     18.12,      1986,
     18.14,      2020,
     18.16,      1943,
     18.18,      2013,
      18.2,      2061,
     18.22,      2114,
     18.24,      1964,
     18.26,      1985,
     18.28,      2073,
      18.3,      1978,
     18.32,      2064,
     18.34,      2043,
     18.36,      2021,
     18.38,      1929,
      18.4,      1988,
     18.42,      1989,
     18.44,      2011,
     18.46,      2089,
     18.48,      2005,
      18.5,      2045,
     18.52,      2017,
     18.54,      2018,
     18.56,      1989,
     18.58,      2120,
      18.6,      2051,
     18.62,      2039,
     18.64,      2076,
     18.66,      2075,
     18.68,      2036,
      18.7,      1981,
     18.72,      2116,
     18.74,      2087,
     18.76,      2010,
     18.78,      2053,
      18.8,      2016,
     18.82,      2103,
     18.84,      2005,
     18.86,      2134,
     18.88,      2045,
      18.9,      2108,
     18.92,      2137,
     18.94,      2086,
     18.96,      2135,
     18.98,      2174,
        19,      2100,
     19.02,      2070,
     19.04,      2098,
     19.06,      2065,
     19.08,      2044,
      19.1,      2065,
     19.12,      2058,
     19.14,      2166,
     19.16,      2086,
     19.18,      2200,
      19.2,      2116,
     19.22,      2136,
     19.24,      2117,
     19.26,      2194,
     19.28,      2150,
      19.3,      2184,
     19.32,      2111,
     19.34,      2167,
     19.36,      2132,
     19.38,      2246,
      19.4,      2114,
     19.42,      2177,
     19.44,      2087,
     19.46,      2165,
     19.48,      2148,
      19.5,      2116,
     19.52,      2060,
     19.54,      2183,
     19.56,      2108,
     19.58,      2177,
      19.6,      2153,
     19.62,      2177,
     19.64,      2142,
     19.66,      2160,
     19.68,      2262,
      19.7,      2236,
     19.72,      2227,
     19.74,      2183,
     19.76,      2149,
     19.78,      2203,
      19.8,      2175,
     19.82,      2242,
     19.84,      2160,
     19.86,      2276,
     19.88,      2139,
      19.9,      2153,
     19.92,      2233,
     19.94,      2247,
     19.96,      2191,
     19.98,      2132,
        20,      2186,
     20.02,      2101,
     20.04,      2215,
     20.06,      2275,
     20.08,      2180,
      20.1,      2119,
     20.12,      2169,
     20.14,      2179,
     20.16,      2131,
     20.18,      2176,
      20.2,      2199,
     20.22,      2168,
     20.24,      2245,
     20.26,      2279,
     20.28,      2144,
      20.3,      2065,
     20.32,      2193,
     20.34,      2160,
     20.36,      2200,
     20.38,      2190,
      20.4,      2233,
     20.42,      2235,
     20.44,      2221,
     20.46,      2193,
     20.48,      2206,
      20.5,      2269,
     20.52,      2164,
     20.54,      2163,
     20.56,      2229,
     20.58,      2141,
      20.6,      2171,
     20.62,      2208,
     20.64,      2186,
     20.66,      2315,
     20.68,      2187,
      20.7,      2242,
     20.72,      2321,
     20.74,      2231,
     20.76,      2283,
     20.78,      2141,
      20.8,      2143,
     20.82,      2164,
     20.84,      2320,
     20.86,      2161,
     20.88,      2268,
      20.9,      2122,
     20.92,      2192,
     20.94,      2209,
     20.96,      2198,
     20.98,      2082,
        21,      2202,
     21.02,      2168,
     21.04,      2221,
     21.06,      2150,
     21.08,      2259,
      21.1,      2183,
     21.12,      2203,
     21.14,      2247,
     21.16,      2262,
     21.18,      2130,
      21.2,      2224,
     21.22,      2186,
     21.24,      2217,
     21.26,      2239,
     21.28,      2172,
      21.3,      2233,
     21.32,      2167,
     21.34,      2230,
     21.36,      2241,
     21.38,      2213,
      21.4,      2174,
     21.42,      2255,
     21.44,      2288,
     21.46,      2274,
     21.48,      2333,
      21.5,      2222,
     21.52,      2238,
     21.54,      2172,
     21.56,      2185,
     21.58,      2192,
      21.6,      2159,
     21.62,      2229,
     21.64,      2245,
     21.66,      2254,
     21.68,      2111,
      21.7,      2272,
     21.72,      2162,
     21.74,      2178,
     21.76,      2273,
     21.78,      2212,
      21.8,      2219,
     21.82,      2188,
     21.84,      2212,
     21.86,      2204,
     21.88,      2265,
      21.9,      2233,
     21.92,      2205,
     21.94,      2100,
     21.96,      2198,
     21.98,      2271,
        22,      2219,
     22.02,      2238,
     22.04,      2152,
     22.06,      2165,
     22.08,      2202,
      22.1,      2205,
     22.12,      2121,
     22.14,      2187,
     22.16,      2255,
     22.18,      2193,
      22.2,      2227,
     22.22,      2164,
     22.24,      2250,
     22.26,      2145,
     22.28,      2207,
      22.3,      2166,
     22.32,      2215,
     22.34,      2179,
     22.36,      2243,
     22.38,      2085,
      22.4,      2113,
     22.42,      2152,
     22.44,      2254,
     22.46,      2234,
     22.48,      2204,
      22.5,      2217,
     22.52,      2200,
     22.54,      2274,
     22.56,      2194,
     22.58,      2115,
      22.6,      2178,
     22.62,      2189,
     22.64,      2208,
     22.66,      2206,
     22.68,      2155,
      22.7,      2264,
     22.72,      2129,
     22.74,      2163,
     22.76,      2164,
     22.78,      2322,
      22.8,      2081,
     22.82,      2159,
     22.84,      2228,
     22.86,      2120,
     22.88,      2119,
      22.9,      2135,
     22.92,      2092,
     22.94,      2214,
     22.96,      2151,
     22.98,      2184,
        23,      2109,
     23.02,      2116,
     23.04,      2184,
     23.06,      2125,
     23.08,      2188,
      23.1,      2156,
     23.12,      2085,
     23.14,      2157,
     23.16,      2196,
     23.18,      2167,
      23.2,      2099,
     23.22,      2227,
     23.24,      2162,
     23.26,      2100,
     23.28,      2069,
      23.3,      2090,
     23.32,      2168,
     23.34,      2044,
     23.36,      2148,
     23.38,      2131,
      23.4,      2233,
     23.42,      2132,
     23.44,      2150,
     23.46,      2125,
     23.48,      2144,
      23.5,      2095,
     23.52,      2055,
     23.54,      2149,
     23.56,      2112,
     23.58,      2145,
      23.6,      2112,
     23.62,      2103,
     23.64,      2144,
     23.66,      2175,
     23.68,      2077,
      23.7,      2091,
     23.72,      2026,
     23.74,      2033,
     23.76,      2140,
     23.78,      2053,
      23.8,      2089,
     23.82,      2141,
     23.84,      2112,
     23.86,      2147,
     23.88,      2050,
      23.9,      2055,
     23.92,      2060,
     23.94,      2097,
     23.96,      2075,
     23.98,      2026,
        24,      2080,
     24.02,      2033,
     24.04,      2081,
     24.06,      2027,
     24.08,      2031,
      24.1,      2093,
     24.12,      2061,
     24.14,      2059,
     24.16,      2024,
     24.18,      2027,
      24.2,      2040,
     24.22,      2025,
     24.24,      2063,
     24.26,      1992,
     24.28,      2023,
      24.3,      1977,
     24.32,      2028,
     24.34,      2114,
     24.36,      1952,
     24.38,      2060,
      24.4,      2023,
     24.42,      1984,
     24.44,      1984,
     24.46,      1976,
     24.48,      2053,
      24.5,      2029,
     24.52,      2033,
     24.54,      1991,
     24.56,      2015,
     24.58,      2040,
      24.6,      2065,
     24.62,      2017,
     24.64,      1963,
     24.66,      2015,
     24.68,      2048,
      24.7,      1998,
     24.72,      2007,
     24.74,      1968,
     24.76,      1951,
     24.78,      2058,
      24.8,      1892,
     24.82,      2021,
     24.84,      1990,
     24.86,      1965,
     24.88,      1961,
      24.9,      2006,
     24.92,      1972,
     24.94,      1926,
     24.96,      1931,
     24.98,      1990,
        25,      1975,
     25.02,      2027,
     25.04,      1966,
     25.06,      1979,
     25.08,      1984,
      25.1,      1961,
     25.12,      1871,
     25.14,      1969,
     25.16,      1934,
     25.18,      1918,
      25.2,      1961,
     25.22,      1886,
     25.24,      1961,
     25.26,      1995,
     25.28,      1884,
      25.3,      1917,
     25.32,      1868,
     25.34,      1872,
     25.36,      1896,
     25.38,      1894,
      25.4,      1885,
     25.42,      1979,
     25.44,      1965,
     25.46,      1904,
     25.48,      1877,
      25.5,      1891,
     25.52,      1919,
     25.54,      1847,
     25.56,      1917,
     25.58,      1899,
      25.6,      1897,
     25.62,      1777,
     25.64,      1859,
     25.66,      1998,
     25.68,      1934,
      25.7,      1865,
     25.72,      1917,
     25.74,      1926,
     25.76,      1877,
     25.78,      1968,
      25.8,      1970,
     25.82,      1876,
     25.84,      1956,
     25.86,      1889,
     25.88,      1820,
      25.9,      1861,
     25.92,      1880,
     25.94,      1917,
     25.96,      1959,
     25.98,      1852,
        26,      1878,
     26.02,      1906,
     26.04,      1833,
     26.06,      1827,
     26.08,      1829,
      26.1,      1893,
     26.12,      1939,
     26.14,      1889,
     26.16,      1870,
     26.18,      1880,
      26.2,      1848,
     26.22,      1850,
     26.24,      1847,
     26.26,      1851,
     26.28,      1891,
      26.3,      1889,
     26.32,      1905,
     26.34,      1860,
     26.36,      1926,
     26.38,      1939,
      26.4,      1864,
     26.42,      1882,
     26.44,      1910,
     26.46,      1995,
     26.48,      1886,
      26.5,      1963,
     26.52,      1903,
     26.54,      1989,
     26.56,      1920,
     26.58,      2018,
      26.6,      2053,
     26.62,      2000,
     26.64,      1965,
     26.66,      2046,
     26.68,      2065,
      26.7,      2052,
     26.72,      2142,
     26.74,      2042,
     26.76,      2096,
     26.78,      2167,
      26.8,      2125,
     26.82,      2202,
     26.84,      2247,
     26.86,      2329,
     26.88,      2324,
      26.9,      2320,
     26.92,      2338,
     26.94,      2363,
     26.96,      2460,
     26.98,      2430,
        27,      2549,
     27.02,      2563,
     27.04,      2594,
     27.06,      2581,
     27.08,      2618,
      27.1,      2640,
     27.12,      2741,
     27.14,      2748,
     27.16,      2747,
     27.18,      2706,
      27.2,      2859,
     27.22,      2877,
     27.24,      2877,
     27.26,      2837,
     27.28,      2879,
      27.3,      2809,
     27.32,      3019,
     27.34,      2955,
     27.36,      2900,
     27.38,      2906,
      27.4,      2868,
     27.42,      2868,
     27.44,      2768,
     27.46,      2682,
     27.48,      2777,
      27.5,      2659,
     27.52,      2723,
     27.54,      2523,
     27.56,      2589,
     27.58,      2454,
      27.6,      2537,
     27.62,      2394,
     27.64,      2387,
     27.66,      2360,
     27.68,      2322,
      27.7,      2298,
     27.72,      2299,
     27.74,      2184,
     27.76,      2201,
     27.78,      2227,
      27.8,      2084,
     27.82,      2104,
     27.84,      2062,
     27.86,      2048,
     27.88,      1962,
      27.9,      1973,
     27.92,      1923,
     27.94,      1920,
     27.96,      1841,
     27.98,      1865,
        28,      1832,
     28.02,      1900,
     28.04,      1876,
     28.06,      1806,
     28.08,      1883,
      28.1,      1813,
     28.12,      1804,
     28.14,      1766,
     28.16,      1818,
     28.18,      1782,
      28.2,      1770,
     28.22,      1785,
     28.24,      1723,
     28.26,      1662,
     28.28,      1730,
      28.3,      1635,
     28.32,      1662,
     28.34,      1706,
     28.36,      1681,
     28.38,      1660,
      28.4,      1665,
     28.42,      1659,
     28.44,      1631,
     28.46,      1626,
     28.48,      1653,
      28.5,      1636,
     28.52,      1664,
     28.54,      1624,
     28.56,      1629,
     28.58,      1587,
      28.6,      1679,
     28.62,      1597,
     28.64,      1659,
     28.66,      1548,
     28.68,      1708,
      28.7,      1538,
     28.72,      1583,
     28.74,      1579,
     28.76,      1670,
     28.78,      1548,
      28.8,      1602,
     28.82,      1706,
     28.84,      1572,
     28.86,      1574,
     28.88,      1549,
      28.9,      1639,
     28.92,      1468,
     28.94,      1580,
     28.96,      1612,
     28.98,      1600,
        29,      1542,
     29.02,      1548,
     29.04,      1592,
     29.06,      1521,
     29.08,      1631,
      29.1,      1553,
     29.12,      1537,
     29.14,      1604,
     29.16,      1500,
     29.18,      1546,
      29.2,      1514,
     29.22,      1564,
     29.24,      1539,
     29.26,      1622,
     29.28,      1516,
      29.3,      1568,
     29.32,      1544,
     29.34,      1526,
     29.36,      1563,
     29.38,      1550,
      29.4,      1635,
     29.42,      1514,
     29.44,      1567,
     29.46,      1516,
     29.48,      1503,
      29.5,      1524,
     29.52,      1514,
     29.54,      1534,
     29.56,      1544,
     29.58,      1527,
      29.6,      1512,
     29.62,      1512,
     29.64,      1511,
     29.66,      1558,
     29.68,      1542,
      29.7,      1510,
     29.72,      1460,
     29.74,      1489,
     29.76,      1502,
     29.78,      1449,
      29.8,      1436,
     29.82,      1550,
     29.84,      1434,
     29.86,      1497,
     29.88,      1480,
      29.9,      1556,
     29.92,      1488,
     29.94,      1433,
     29.96,      1445,
     29.98,      1474,
        30,      1529,
     30.02,      1497,
     30.04,      1526,
     30.06,      1498,
     30.08,      1475,
      30.1,      1450,
     30.12,      1570,
     30.14,      1472,
     30.16,      1538,
     30.18,      1525,
      30.2,      1503,
     30.22,      1493,
     30.24,      1498,
     30.26,      1443,
     30.28,      1479,
      30.3,      1502,
     30.32,      1481,
     30.34,      1471,
     30.36,      1417,
     30.38,      1413,
      30.4,      1490,
     30.42,      1405,
     30.44,      1439,
     30.46,      1525,
     30.48,      1453,
      30.5,      1496,
     30.52,      1461,
     30.54,      1408,
     30.56,      1426,
     30.58,      1430,
      30.6,      1449,
     30.62,      1381,
     30.64,      1430,
     30.66,      1463,
     30.68,      1467,
      30.7,      1430,
     30.72,      1412,
     30.74,      1456,
     30.76,      1409,
     30.78,      1511,
      30.8,      1478,
     30.82,      1521,
     30.84,      1394,
     30.86,      1409,
     30.88,      1433,
      30.9,      1447,
     30.92,      1436,
     30.94,      1350,
     30.96,      1393,
     30.98,      1426,
        31,      1396,
     31.02,      1427,
     31.04,      1385,
     31.06,      1426,
     31.08,      1449,
      31.1,      1485,
     31.12,      1422,
     31.14,      1401,
     31.16,      1373,
     31.18,      1409,
      31.2,      1410,
     31.22,      1415,
     31.24,      1462,
     31.26,      1423,
     31.28,      1411,
      31.3,      1412,
     31.32,      1430,
     31.34,      1489,
     31.36,      1433,
     31.38,      1442,
      31.4,      1483,
     31.42,      1463,
     31.44,      1514,
     31.46,      1418,
     31.48,      1452,
      31.5,      1474,
     31.52,      1422,
     31.54,      1409,
     31.56,      1360,
     31.58,      1443,
      31.6,      1372,
     31.62,      1483,
     31.64,      1444,
     31.66,      1407,
     31.68,      1404,
      31.7,      1375,
     31.72,      1426,
     31.74,      1485,
     31.76,      1458,
     31.78,      1404,
      31.8,      1378,
     31.82,      1354,
     31.84,      1370,
     31.86,      1398,
     31.88,      1398,
      31.9,      1370,
     31.92,      1467,
     31.94,      1411,
     31.96,      1368,
     31.98,      1406,
        32,      1440,
     32.02,      1381,
     32.04,      1358,
     32.06,      1362,
     32.08,      1435,
      32.1,      1388,
     32.12,      1393,
     32.14,      1432,
     32.16,      1367,
     32.18,      1431,
      32.2,      1363,
     32.22,      1322,
     32.24,      1429,
     32.26,      1314,
     32.28,      1357,
      32.3,      1317,
     32.32,      1394,
     32.34,      1308,
     32.36,      1358,
     32.38,      1352,
      32.4,      1331,
     32.42,      1340,
     32.44,      1385,
     32.46,      1376,
     32.48,      1337,
      32.5,      1354,
     32.52,      1381,
     32.54,      1386,
     32.56,      1374,
     32.58,      1364,
      32.6,      1271,
     32.62,      1382,
     32.64,      1322,
     32.66,      1285,
     32.68,      1394,
      32.7,      1408,
     32.72,      1369,
     32.74,      1361,
     32.76,      1310,
     32.78,      1391,
      32.8,      1278,
     32.82,      1395,
     32.84,      1357,
     32.86,      1352,
     32.88,      1336,
      32.9,      1392,
     32.92,      1329,
     32.94,      1302,
     32.96,      1358,
     32.98,      1328,
        33,      1369,
     33.02,      1276,
     33.04,      1344,
     33.06,      1405,
     33.08,      1329,
      33.1,      1287,
     33.12,      1328,
     33.14,      1407,
     33.16,      1405,
     33.18,      1373,
      33.2,      1386,
     33.22,      1386,
     33.24,      1375,
     33.26,      1370,
     33.28,      1328,
      33.3,      1308,
     33.32,      1358,
     33.34,      1260,
     33.36,      1330,
     33.38,      1408,
      33.4,      1366,
     33.42,      1299,
     33.44,      1374,
     33.46,      1372,
     33.48,      1399,
      33.5,      1347,
     33.52,      1358,
     33.54,      1358,
     33.56,      1328,
     33.58,      1320,
      33.6,      1389,
     33.62,      1399,
     33.64,      1290,
     33.66,      1341,
     33.68,      1395,
      33.7,      1320,
     33.72,      1371,
     33.74,      1347,
     33.76,      1404,
     33.78,      1289,
      33.8,      1343,
     33.82,      1303,
     33.84,      1332,
     33.86,      1395,
     33.88,      1342,
      33.9,      1388,
     33.92,      1349,
     33.94,      1447,
     33.96,      1317,
     33.98,      1316,
        34,      1380,
     34.02,      1340,
     34.04,      1343,
     34.06,      1365,
     34.08,      1429,
      34.1,      1289,
     34.12,      1370,
     34.14,      1326,
     34.16,      1412,
     34.18,      1362,
      34.2,      1286,
     34.22,      1310,
     34.24,      1383,
     34.26,      1382,
     34.28,      1349,
      34.3,      1333,
     34.32,      1390,
     34.34,      1356,
     34.36,      1402,
     34.38,      1337,
      34.4,      1292,
     34.42,      1328,
     34.44,      1304,
     34.46,      1336,
     34.48,      1396,
      34.5,      1391,
     34.52,      1421,
     34.54,      1310,
     34.56,      1336,
     34.58,      1342,
      34.6,      1284,
     34.62,      1363,
     34.64,      1390,
     34.66,      1332,
     34.68,      1363,
      34.7,      1299,
     34.72,      1318,
     34.74,      1335,
     34.76,      1335,
     34.78,      1289,
      34.8,      1345,
     34.82,      1339,
     34.84,      1332,
     34.86,      1316,
     34.88,      1359,
      34.9,      1321,
     34.92,      1363,
     34.94,      1306,
     34.96,      1377,
     34.98,      1412,
        35,      1361,
     35.02,      1331,
     35.04,      1328,
     35.06,      1309,
     35.08,      1359,
      35.1,      1323,
     35.12,      1358,
     35.14,      1290,
     35.16,      1359,
     35.18,      1312,
      35.2,      1334,
     35.22,      1350,
     35.24,      1329,
     35.26,      1357,
     35.28,      1344,
      35.3,      1384,
     35.32,      1338,
     35.34,      1405,
     35.36,      1294,
     35.38,      1356,
      35.4,      1320,
     35.42,      1307,
     35.44,      1313,
     35.46,      1341,
     35.48,      1302,
      35.5,      1376,
     35.52,      1407,
     35.54,      1323,
     35.56,      1362,
     35.58,      1318,
      35.6,      1362,
     35.62,      1304,
     35.64,      1342,
     35.66,      1323,
     35.68,      1290,
      35.7,      1321,
     35.72,      1306,
     35.74,      1366,
     35.76,      1336,
     35.78,      1353,
      35.8,      1350,
     35.82,      1380,
     35.84,      1291,
     35.86,      1362,
     35.88,      1282,
      35.9,      1329,
     35.92,      1369,
     35.94,      1363,
     35.96,      1351,
     35.98,      1304,
        36,      1362,
     36.02,      1349,
     36.04,      1300,
     36.06,      1323,
     36.08,      1426,
      36.1,      1323,
     36.12,      1379,
     36.14,      1339,
     36.16,      1388,
     36.18,      1330,
      36.2,      1237,
     36.22,      1366,
     36.24,      1277,
     36.26,      1391,
     36.28,      1362,
      36.3,      1346,
     36.32,      1396,
     36.34,      1339,
     36.36,      1279,
     36.38,      1391,
      36.4,      1360,
     36.42,      1363,
     36.44,      1385,
     36.46,      1313,
     36.48,      1355,
      36.5,      1384,
     36.52,      1344,
     36.54,      1387,
     36.56,      1363,
     36.58,      1387,
      36.6,      1423,
     36.62,      1410,
     36.64,      1378,
     36.66,      1359,
     36.68,      1407,
      36.7,      1355,
     36.72,      1354,
     36.74,      1373,
     36.76,      1440,
     36.78,      1391,
      36.8,      1359,
     36.82,      1385,
     36.84,      1412,
     36.86,      1396,
     36.88,      1422,
      36.9,      1355,
     36.92,      1403,
     36.94,      1483,
     36.96,      1470,
     36.98,      1513,
        37,      1480,
     37.02,      1448,
     37.04,      1452,
     37.06,      1428,
     37.08,      1452,
      37.1,      1460,
     37.12,      1431,
     37.14,      1469,
     37.16,      1458,
     37.18,      1478,
      37.2,      1570,
     37.22,      1507,
     37.24,      1569,
     37.26,      1555,
     37.28,      1520,
      37.3,      1490,
     37.32,      1502,
     37.34,      1489,
     37.36,      1528,
     37.38,      1545,
      37.4,      1591,
     37.42,      1571,
     37.44,      1552,
     37.46,      1554,
     37.48,      1677,
      37.5,      1608,
     37.52,      1623,
     37.54,      1665,
     37.56,      1689,
     37.58,      1625,
      37.6,      1679,
     37.62,      1648,
     37.64,      1737,
     37.66,      1738,
     37.68,      1797,
      37.7,      1710,
     37.72,      1815,
     37.74,      1936,
     37.76,      1905,
     37.78,      1843,
      37.8,      1854,
     37.82,      1968,
     37.84,      2018,
     37.86,      2012,
     37.88,      2112,
      37.9,      2101,
     37.92,      2128,
     37.94,      2193,
     37.96,      2243,
     37.98,      2277,
        38,      2309,
     38.02,      2343,
     38.04,      2472,
     38.06,      2576,
     38.08,      2480,
      38.1,      2696,
     38.12,      2655,
     38.14,      2839,
     38.16,      2815,
     38.18,      2964,
      38.2,      3029,
     38.22,      3211,
     38.24,      3267,
     38.26,      3353,
     38.28,      3597,
      38.3,      3705,
     38.32,      3849,
     38.34,      4055,
     38.36,      3988,
     38.38,      4303,
      38.4,      4395,
     38.42,      4600,
     38.44,      4979,
     38.46,      5107,
     38.48,      5351,
      38.5,      5478,
     38.52,      5856,
     38.54,      6005,
     38.56,      6195,
     38.58,      6507,
      38.6,      7040,
     38.62,      7036,
     38.64,      7161,
     38.66,      7649,
     38.68,      7628,
      38.7,      7936,
     38.72,      8307,
     38.74,      8489,
     38.76,      8810,
     38.78,      9065,
      38.8,      9424,
     38.82,      9539,
     38.84,      9638,
     38.86,      9918,
     38.88,      9837,
      38.9,     10089,
     38.92,     10072,
     38.94,     10225,
     38.96,     10341,
     38.98,     10263,
        39,     10104,
     39.02,     10295,
     39.04,     10073,
     39.06,      9875,
     39.08,      9878,
      39.1,      9846,
     39.12,      9657,
     39.14,      9188,
     39.16,      9158,
     39.18,      8909,
      39.2,      8704,
     39.22,      8488,
     39.24,      8139,
     39.26,      8000,
     39.28,      7849,
      39.3,      7495,
     39.32,      7222,
     39.34,      6879,
     39.36,      6757,
     39.38,      6337,
      39.4,      6226,
     39.42,      5936,
     39.44,      5674,
     39.46,      5360,
     39.48,      5158,
      39.5,      4986,
     39.52,      4723,
     39.54,      4500,
     39.56,      4435,
     39.58,      4375,
      39.6,      3993,
     39.62,      4068,
     39.64,      3917,
     39.66,      3666,
     39.68,      3459,
      39.7,      3422,
     39.72,      3285,
     39.74,      3101,
     39.76,      3055,
     39.78,      2876,
      39.8,      2920,
     39.82,      2775,
     39.84,      2694,
     39.86,      2603,
     39.88,      2585,
      39.9,      2457,
     39.92,      2385,
     39.94,      2415,
     39.96,      2250,
     39.98,      2256,
        40,      2208,
     40.02,      2244,
     40.04,      2115,
     40.06,      2170,
     40.08,      2065,
      40.1,      1973,
     40.12,      2018,
     40.14,      1908,
     40.16,      1889,
     40.18,      1855,
      40.2,      1919,
     40.22,      1775,
     40.24,      1712,
     40.26,      1816,
     40.28,      1662,
      40.3,      1667,
     40.32,      1708,
     40.34,      1769,
     40.36,      1655,
     40.38,      1699,
      40.4,      1668,
     40.42,      1601,
     40.44,      1597,
     40.46,      1596,
     40.48,      1562,
      40.5,      1518,
     40.52,      1587,
     40.54,      1590,
     40.56,      1583,
     40.58,      1517,
      40.6,      1433,
     40.62,      1492,
     40.64,      1482,
     40.66,      1430,
     40.68,      1440,
      40.7,      1506,
     40.72,      1384,
     40.74,      1504,
     40.76,      1393,
     40.78,      1463,
      40.8,      1417,
     40.82,      1376,
     40.84,      1483,
     40.86,      1399,
     40.88,      1414,
      40.9,      1431,
     40.92,      1366,
     40.94,      1321,
     40.96,      1433,
     40.98,      1410,
        41,      1407,
     41.02,      1308,
     41.04,      1412,
     41.06,      1358,
     41.08,      1357,
      41.1,      1383,
     41.12,      1345,
     41.14,      1369,
     41.16,      1276,
     41.18,      1318,
      41.2,      1344,
     41.22,      1326,
     41.24,      1355,
     41.26,      1296,
     41.28,      1331,
      41.3,      1335,
     41.32,      1296,
     41.34,      1330,
     41.36,      1276,
     41.38,      1313,
      41.4,      1241,
     41.42,      1335,
     41.44,      1278,
     41.46,      1237,
     41.48,      1360,
      41.5,      1342,
     41.52,      1353,
     41.54,      1267,
     41.56,      1324,
     41.58,      1240,
      41.6,      1286,
     41.62,      1257,
     41.64,      1255,
     41.66,      1295,
     41.68,      1307,
      41.7,      1216,
     41.72,      1309,
     41.74,      1296,
     41.76,      1209,
     41.78,      1242,
      41.8,      1259,
     41.82,      1270,
     41.84,      1250,
     41.86,      1250,
     41.88,      1225,
      41.9,      1262,
     41.92,      1230,
     41.94,      1297,
     41.96,      1281,
     41.98,      1219,
        42,      1277,
     42.02,      1259,
     42.04,      1245,
     42.06,      1255,
     42.08,      1178,
      42.1,      1218,
     42.12,      1184,
     42.14,      1217,
     42.16,      1247,
     42.18,      1202,
      42.2,      1255,
     42.22,      1222,
     42.24,      1268,
     42.26,      1232,
     42.28,      1247,
      42.3,      1258,
     42.32,      1259,
     42.34,      1252,
     42.36,      1220,
     42.38,      1274,
      42.4,      1272,
     42.42,      1225,
     42.44,      1214,
     42.46,      1207,
     42.48,      1238,
      42.5,      1265,
     42.52,      1244,
     42.54,      1216,
     42.56,      1266,
     42.58,      1273,
      42.6,      1223,
     42.62,      1232,
     42.64,      1212,
     42.66,      1130,
     42.68,      1245,
      42.7,      1247,
     42.72,      1213,
     42.74,      1202,
     42.76,      1203,
     42.78,      1250,
      42.8,      1268,
     42.82,      1202,
     42.84,      1188,
     42.86,      1200,
     42.88,      1201,
      42.9,      1197,
     42.92,      1244,
     42.94,      1210,
     42.96,      1224,
     42.98,      1221,
        43,      1199,
     43.02,      1208,
     43.04,      1224,
     43.06,      1187,
     43.08,      1271,
      43.1,      1216,
     43.12,      1194,
     43.14,      1146,
     43.16,      1138,
     43.18,      1231,
      43.2,      1135,
     43.22,      1255,
     43.24,      1151,
     43.26,      1186,
     43.28,      1200,
      43.3,      1233,
     43.32,      1200,
     43.34,      1211,
     43.36,      1188,
     43.38,      1136,
      43.4,      1133,
     43.42,      1216,
     43.44,      1228,
     43.46,      1177,
     43.48,      1206,
      43.5,      1192,
     43.52,      1194,
     43.54,      1213,
     43.56,      1225,
     43.58,      1143,
      43.6,      1178,
     43.62,      1244,
     43.64,      1237,
     43.66,      1210,
     43.68,      1222,
      43.7,      1264,
     43.72,      1273,
     43.74,      1185,
     43.76,      1261,
     43.78,      1199,
      43.8,      1226,
     43.82,      1204,
     43.84,      1181,
     43.86,      1200,
     43.88,      1171,
      43.9,      1156,
     43.92,      1169,
     43.94,      1172,
     43.96,      1208,
     43.98,      1241,
        44,      1251,
     44.02,      1185,
     44.04,      1284,
     44.06,      1243,
     44.08,      1176,
      44.1,      1200,
     44.12,      1254,
     44.14,      1211,
     44.16,      1229,
     44.18,      1264,
      44.2,      1182,
     44.22,      1190,
     44.24,      1187,
     44.26,      1140,
     44.28,      1235,
      44.3,      1211,
     44.32,      1248,
     44.34,      1208,
     44.36,      1167,
     44.38,      1215,
      44.4,      1211,
     44.42,      1187,
     44.44,      1257,
     44.46,      1195,
     44.48,      1161,
      44.5,      1195,
     44.52,      1268,
     44.54,      1210,
     44.56,      1230,
     44.58,      1226,
      44.6,      1226,
     44.62,      1230,
     44.64,      1223,
     44.66,      1202,
     44.68,      1226,
      44.7,      1205,
     44.72,      1179,
     44.74,      1222,
     44.76,      1261,
     44.78,      1235,
      44.8,      1200,
     44.82,      1239,
     44.84,      1225,
     44.86,      1274,
     44.88,      1282,
      44.9,      1239,
     44.92,      1180,
     44.94,      1172,
     44.96,      1206,
     44.98,      1230,
        45,      1165,
     45.02,      1222,
     45.04,      1168,
     45.06,      1228,
     45.08,      1192,
      45.1,      1224,
     45.12,      1180,
     45.14,      1183,
     45.16,      1143,
     45.18,      1141,
      45.2,      1191,
     45.22,      1206,
     45.24,      1256,
     45.26,      1195,
     45.28,      1188,
      45.3,      1199,
     45.32,      1161,
     45.34,      1181,
     45.36,      1189,
     45.38,      1181,
      45.4,      1149,
     45.42,      1128,
     45.44,      1201,
     45.46,      1147,
     45.48,      1164,
      45.5,      1163,
     45.52,      1118,
     45.54,      1191,
     45.56,      1135,
     45.58,      1160,
      45.6,      1180,
     45.62,      1205,
     45.64,      1161,
     45.66,      1100,
     45.68,      1194,
      45.7,      1154,
     45.72,      1185,
     45.74,      1118,
     45.76,      1263,
     45.78,      1193,
      45.8,      1156,
     45.82,      1178,
     45.84,      1098,
     45.86,      1129,
     45.88,      1173,
      45.9,      1105,
     45.92,      1103,
     45.94,      1116,
     45.96,      1131,
     45.98,      1153,
        46,      1186,
     46.02,      1157,
     46.04,      1217,
     46.06,      1131,
     46.08,      1192,
      46.1,      1112,
     46.12,      1152,
     46.14,      1106,
     46.16,      1110,
     46.18,      1168,
      46.2,      1221,
     46.22,      1249,
     46.24,      1122,
     46.26,      1212,
     46.28,      1103,
      46.3,      1182,
     46.32,      1140,
     46.34,      1180,
     46.36,      1122,
     46.38,      1178,
      46.4,      1172,
     46.42,      1102,
     46.44,      1109,
     46.46,      1197,
     46.48,      1189,
      46.5,      1161,
     46.52,      1205,
     46.54,      1173,
     46.56,      1175,
     46.58,      1173,
      46.6,      1125,
     46.62,      1132,
     46.64,      1227,
     46.66,      1209,
     46.68,      1176,
      46.7,      1183,
     46.72,      1189,
     46.74,      1216,
     46.76,      1162,
     46.78,      1164,
      46.8,      1211,
     46.82,      1227,
     46.84,      1161,
     46.86,      1133,
     46.88,      1179,
      46.9,      1154,
     46.92,      1193,
     46.94,      1172,
     46.96,      1241,
     46.98,      1177,
        47,      1107,
     47.02,      1175,
     47.04,      1223,
     47.06,      1213,
     47.08,      1236,
      47.1,      1137,
     47.12,      1216,
     47.14,      1253,
     47.16,      1200,
     47.18,      1258,
      47.2,      1205,
     47.22,      1271,
     47.24,      1207,
     47.26,      1159,
     47.28,      1229,
      47.3,      1239,
     47.32,      1250,
     47.34,      1207,
     47.36,      1235,
     47.38,      1229,
      47.4,      1258,
     47.42,      1248,
     47.44,      1277,
     47.46,      1209,
     47.48,      1211,
      47.5,      1266,
     47.52,      1236,
     47.54,      1277,
     47.56,      1286,
     47.58,      1259,
      47.6,      1254,
     47.62,      1244,
     47.64,      1297,
     47.66,      1314,
     47.68,      1329,
      47.7,      1368,
     47.72,      1339,
     47.74,      1366,
     47.76,      1291,
     47.78,      1324,
      47.8,      1393,
     47.82,      1406,
     47.84,      1385,
     47.86,      1349,
     47.88,      1347,
      47.9,      1426,
     47.92,      1400,
     47.94,      1409,
     47.96,      1428,
     47.98,      1419,
        48,      1485,
     48.02,      1369,
     48.04,      1397,
     48.06,      1432,
     48.08,      1505,
      48.1,      1502,
     48.12,      1438,
     48.14,      1474,
     48.16,      1515,
     48.18,      1533,
      48.2,      1453,
     48.22,      1478,
     48.24,      1455,
     48.26,      1485,
     48.28,      1472,
      48.3,      1544,
     48.32,      1501,
     48.34,      1444,
     48.36,      1473,
     48.38,      1437,
      48.4,      1530,
     48.42,      1460,
     48.44,      1474,
     48.46,      1465,
     48.48,      1496,
      48.5,      1459,
     48.52,      1465,
     48.54,      1427,
     48.56,      1369,
     48.58,      1411,
      48.6,      1349,
     48.62,      1332,
     48.64,      1296,
     48.66,      1351,
     48.68,      1328,
      48.7,      1371,
     48.72,      1353,
     48.74,      1258,
     48.76,      1283,
     48.78,      1346,
      48.8,      1307,
     48.82,      1251,
     48.84,      1273,
     48.86,      1259,
     48.88,      1275,
      48.9,      1226,
     48.92,      1254,
     48.94,      1169,
     48.96,      1263,
     48.98,      1244,
        49,      1262,
     49.02,      1173,
     49.04,      1206,
     49.06,      1266,
     49.08,      1223,
      49.1,      1189,
     49.12,      1178,
     49.14,      1109,
     49.16,      1141,
     49.18,      1234,
      49.2,      1155,
     49.22,      1171,
     49.24,      1207,
     49.26,      1148,
     49.28,      1207,
      49.3,      1200,
     49.32,      1168,
     49.34,      1170,
     49.36,      1151,
     49.38,      1167,
      49.4,      1203,
     49.42,      1135,
     49.44,      1158,
     49.46,      1198,
     49.48,      1199,
      49.5,      1162,
     49.52,      1163,
     49.54,      1187,
     49.56,      1123,
     49.58,      1151,
      49.6,      1129,
     49.62,      1137,
     49.64,      1125,
     49.66,      1179,
     49.68,      1176,
      49.7,      1156,
     49.72,      1187,
     49.74,      1144,
     49.76,      1142,
     49.78,      1166,
      49.8,      1142,
     49.82,      1109,
     49.84,      1107,
     49.86,      1148,
     49.88,      1127,
      49.9,      1122,
     49.92,      1155,
     49.94,      1101,
     49.96,      1179,
     49.98,      1162,
        50,      1160,
     50.02,      1151,
     50.04,      1203,
     50.06,      1120,
     50.08,      1123,
      50.1,      1139,
     50.12,      1183,
     50.14,      1124,
     50.16,      1140,
     50.18,      1125,
      50.2,      1174,
     50.22,      1181,
     50.24,      1124,
     50.26,      1118,
     50.28,      1077,
      50.3,      1101,
     50.32,      1116,
     50.34,      1165,
     50.36,      1135,
     50.38,      1154,
      50.4,      1123,
     50.42,      1096,
     50.44,      1119,
     50.46,      1062,
     50.48,      1150,
      50.5,      1105,
     50.52,      1072,
     50.54,      1092,
     50.56,      1086,
     50.58,      1126,
      50.6,      1091,
     50.62,      1123,
     50.64,      1164,
     50.66,      1072,
     50.68,      1141,
      50.7,      1160,
     50.72,      1139,
     50.74,      1094,
     50.76,      1127,
     50.78,      1145,
      50.8,      1119,
     50.82,      1197,
     50.84,      1110,
     50.86,      1168,
     50.88,      1113,
      50.9,      1153,
     50.92,      1155,
     50.94,      1116,
     50.96,      1073,
     50.98,      1187,
        51,      1155,
     51.02,      1098,
     51.04,      1164,
     51.06,      1104,
     51.08,      1063,
      51.1,      1141,
     51.12,      1205,
     51.14,      1125,
     51.16,      1130,
     51.18,      1171,
      51.2,      1167,
     51.22,      1115,
     51.24,      1081,
     51.26,      1109,
     51.28,      1068,
      51.3,      1154,
     51.32,      1123,
     51.34,      1152,
     51.36,      1102,
     51.38,      1160,
      51.4,      1131,
     51.42,      1154,
     51.44,      1098,
     51.46,      1156,
     51.48,      1106,
      51.5,      1126,
     51.52,      1129,
     51.54,      1100,
     51.56,      1154,
     51.58,      1129,
      51.6,      1151,
     51.62,      1125,
     51.64,      1155,
     51.66,      1120,
     51.68,      1157,
      51.7,      1116,
     51.72,      1132,
     51.74,      1106,
     51.76,      1122,
     51.78,      1123,
      51.8,      1088,
     51.82,      1130,
     51.84,      1114,
     51.86,      1196,
     51.88,      1113,
      51.9,      1133,
     51.92,      1127,
     51.94,      1065,
     51.96,      1182,
     51.98,      1103,
        52,      1090,
     52.02,      1154,
     52.04,      1133,
     52.06,      1136,
     52.08,      1132,
      52.1,      1131,
     52.12,      1121,
     52.14,      1070,
     52.16,      1134,
     52.18,      1186,
      52.2,      1201,
     52.22,      1196,
     52.24,      1109,
     52.26,      1112,
     52.28,      1106,
      52.3,      1147,
     52.32,      1137,
     52.34,      1137,
     52.36,      1144,
     52.38,      1137,
      52.4,      1057,
     52.42,      1116,
     52.44,      1159,
     52.46,      1171,
     52.48,      1149,
      52.5,      1145,
     52.52,      1140,
     52.54,      1106,
     52.56,      1192,
     52.58,      1159,
      52.6,      1100,
     52.62,      1171,
     52.64,      1107,
     52.66,      1155,
     52.68,      1175,
      52.7,      1115,
     52.72,      1110,
     52.74,      1161,
     52.76,      1182,
     52.78,      1158,
      52.8,      1115,
     52.82,      1121,
     52.84,      1079,
     52.86,      1130,
     52.88,      1107,
      52.9,      1091,
     52.92,      1161,
     52.94,      1111,
     52.96,      1147,
     52.98,      1129,
        53,      1081,
     53.02,      1180,
     53.04,      1077,
     53.06,      1086,
     53.08,      1143,
      53.1,      1113,
     53.12,      1123,
     53.14,      1122,
     53.16,      1123,
     53.18,      1199,
      53.2,      1110,
     53.22,      1154,
     53.24,      1138,
     53.26,      1079,
     53.28,      1080,
      53.3,      1144,
     53.32,      1142,
     53.34,      1132,
     53.36,      1145,
     53.38,      1135,
      53.4,      1134,
     53.42,      1139,
     53.44,      1122,
     53.46,      1120,
     53.48,      1077,
      53.5,      1117,
     53.52,      1141,
     53.54,      1131,
     53.56,      1091,
     53.58,      1138,
      53.6,      1166,
     53.62,      1136,
     53.64,      1147,
     53.66,      1125,
     53.68,      1191,
      53.7,      1130,
     53.72,      1133,
     53.74,      1121,
     53.76,      1143,
     53.78,      1137,
      53.8,      1114,
     53.82,      1087,
     53.84,      1156,
     53.86,      1105,
     53.88,      1172,
      53.9,      1133,
     53.92,      1169,
     53.94,      1137,
     53.96,      1128,
     53.98,      1161,
        54,      1122,
     54.02,      1194,
     54.04,      1159,
     54.06,      1160,
     54.08,      1055,
      54.1,      1152,
     54.12,      1122,
     54.14,      1141,
     54.16,      1168,
     54.18,      1136,
      54.2,      1151,
     54.22,      1134,
     54.24,      1200,
     54.26,      1138,
     54.28,      1136,
      54.3,      1126,
     54.32,      1171,
     54.34,      1193,
     54.36,      1182,
     54.38,      1189,
      54.4,      1144,
     54.42,      1183,
     54.44,      1224,
     54.46,      1152,
     54.48,      1227,
      54.5,      1180,
     54.52,      1196,
     54.54,      1223,
     54.56,      1168,
     54.58,      1224,
      54.6,      1225,
     54.62,      1226,
     54.64,      1184,
     54.66,      1192,
     54.68,      1223,
      54.7,      1262,
     54.72,      1216,
     54.74,      1230,
     54.76,      1204,
     54.78,      1227,
      54.8,      1222,
     54.82,      1328,
     54.84,      1196,
     54.86,      1287,
     54.88,      1220,
      54.9,      1325,
     54.92,      1299,
     54.94,      1234,
     54.96,      1262,
     54.98,      1303,
        55,      1250,
     55.02,      1280,
     55.04,      1351,
     55.06,      1316,
     55.08,      1251,
      55.1,      1290,
     55.12,      1308,
     55.14,      1338,
     55.16,      1370,
     55.18,      1394,
      55.2,      1390,
     55.22,      1436,
     55.24,      1344,
     55.26,      1337,
     55.28,      1371,
      55.3,      1357,
     55.32,      1467,
     55.34,      1426,
     55.36,      1361,
     55.38,      1466,
      55.4,      1419,
     55.42,      1402,
     55.44,      1439,
     55.46,      1431,
     55.48,      1433,
      55.5,      1521,
     55.52,      1489,
     55.54,      1527,
     55.56,      1523,
     55.58,      1504,
      55.6,      1605,
     55.62,      1593,
     55.64,      1577,
     55.66,      1616,
     55.68,      1633,
      55.7,      1650,
     55.72,      1609,
     55.74,      1681,
     55.76,      1600,
     55.78,      1653,
      55.8,      1696,
     55.82,      1685,
     55.84,      1644,
     55.86,      1767,
     55.88,      1783,
      55.9,      1702,
     55.92,      1747,
     55.94,      1803,
     55.96,      1828,
     55.98,      1844,
        56,      1888,
     56.02,      1773,
     56.04,      1821,
     56.06,      1861,
     56.08,      1841,
      56.1,      1942,
     56.12,      1867,
     56.14,      1799,
     56.16,      1857,
     56.18,      1925,
      56.2,      1990,
     56.22,      1895,
     56.24,      1992,
     56.26,      1904,
     56.28,      1927,
      56.3,      1865,
     56.32,      1947,
     56.34,      1880,
     56.36,      1880,
     56.38,      1894,
      56.4,      1888,
     56.42,      1945,
     56.44,      1897,
     56.46,      1956,
     56.48,      1865,
      56.5,      1839,
     56.52,      1832,
     56.54,      1887,
     56.56,      1904,
     56.58,      1823,
      56.6,      1909,
     56.62,      1940,
     56.64,      1900,
     56.66,      1765,
     56.68,      1772,
      56.7,      1748,
     56.72,      1721,
     56.74,      1815,
     56.76,      1712,
     56.78,      1712,
      56.8,      1706,
     56.82,      1625,
     56.84,      1687,
     56.86,      1720,
     56.88,      1655,
      56.9,      1693,
     56.92,      1679,
     56.94,      1641,
     56.96,      1674,
     56.98,      1631,
        57,      1515,
     57.02,      1605,
     57.04,      1536,
     57.06,      1565,
     57.08,      1492,
      57.1,      1516,
     57.12,      1498,
     57.14,      1572,
     57.16,      1501,
     57.18,      1451,
      57.2,      1400,
     57.22,      1368,
     57.24,      1530,
     57.26,      1338,
     57.28,      1412,
      57.3,      1436,
     57.32,      1433,
     57.34,      1389,
     57.36,      1443,
     57.38,      1380,
      57.4,      1393,
     57.42,      1335,
     57.44,      1377,
     57.46,      1315,
     57.48,      1319,
      57.5,      1299,
     57.52,      1222,
     57.54,      1346,
     57.56,      1288,
     57.58,      1261,
      57.6,      1337,
     57.62,      1272,
     57.64,      1352,
     57.66,      1231,
     57.68,      1232,
      57.7,      1227,
     57.72,      1179,
     57.74,      1246,
     57.76,      1228,
     57.78,      1231,
      57.8,      1259,
     57.82,      1266,
     57.84,      1228,
     57.86,      1228,
     57.88,      1234,
      57.9,      1280,
     57.92,      1205,
     57.94,      1270,
     57.96,      1184,
     57.98,      1211,
        58,      1201,
     58.02,      1168,
     58.04,      1111,
     58.06,      1151,
     58.08,      1221,
      58.1,      1189,
     58.12,      1204,
     58.14,      1230,
     58.16,      1146,
     58.18,      1150,
      58.2,      1192,
     58.22,      1161,
     58.24,      1131,
     58.26,      1137,
     58.28,      1171,
      58.3,      1180,
     58.32,      1136,
     58.34,      1166,
     58.36,      1183,
     58.38,      1195,
      58.4,      1093,
     58.42,      1131,
     58.44,      1104,
     58.46,      1152,
     58.48,      1164,
      58.5,      1177,
     58.52,      1165,
     58.54,      1128,
     58.56,      1138,
     58.58,      1185,
      58.6,      1131,
     58.62,      1124,
     58.64,      1141,
     58.66,      1175,
     58.68,      1148,
      58.7,      1130,
     58.72,      1166,
     58.74,      1158,
     58.76,      1127,
     58.78,      1148,
      58.8,      1179,
     58.82,      1157,
     58.84,      1177,
     58.86,      1199,
     58.88,      1079,
      58.9,      1192,
     58.92,      1126,
     58.94,      1145,
     58.96,      1091,
     58.98,      1143,
        59,      1143,
     59.02,      1081,
     59.04,      1123,
     59.06,      1096,
     59.08,      1062,
      59.1,      1124,
     59.12,      1120,
     59.14,      1111,
     59.16,      1133,
     59.18,      1141,
      59.2,      1121,
     59.22,      1098,
     59.24,      1114,
     59.26,      1099,
     59.28,      1143,
      59.3,      1105,
     59.32,      1109,
     59.34,      1102,
     59.36,      1092,
     59.38,      1118,
      59.4,      1219,
     59.42,      1118,
     59.44,      1111,
     59.46,      1109,
     59.48,      1166,
      59.5,      1150,
     59.52,      1100,
     59.54,      1158,
     59.56,      1145,
     59.58,      1122,
      59.6,      1139,
     59.62,      1139,
     59.64,      1106,
     59.66,      1135,
     59.68,      1114,
      59.7,      1179,
     59.72,      1153,
     59.74,      1126,
     59.76,      1087,
     59.78,      1108,
      59.8,      1151,
     59.82,      1097,
     59.84,      1147,
     59.86,      1155,
     59.88,      1123,
      59.9,      1109,
     59.92,      1119,
     59.94,      1134,
     59.96,      1106,
     59.98,      1141,
        60,      1133,
     60.02,      1110,
     60.04,      1111,
     60.06,      1072,
     60.08,      1092,
      60.1,      1097,
     60.12,      1198,
     60.14,      1177,
     60.16,      1116,
     60.18,      1116,
      60.2,      1117,
     60.22,      1178,
     60.24,      1063,
     60.26,      1115,
     60.28,      1124,
      60.3,      1157,
     60.32,      1114,
     60.34,      1152,
     60.36,      1123,
     60.38,      1142,
      60.4,      1150,
     60.42,      1146,
     60.44,      1157,
     60.46,      1182,
     60.48,      1127,
      60.5,      1116,
     60.52,      1150,
     60.54,      1121,
     60.56,      1115,
     60.58,      1134,
      60.6,      1163,
     60.62,      1252,
     60.64,      1113,
     60.66,      1120,
     60.68,      1111,
      60.7,      1054,
     60.72,      1114,
     60.74,      1116,
     60.76,      1138,
     60.78,      1096,
      60.8,      1126,
     60.82,      1193,
     60.84,      1135,
     60.86,      1182,
     60.88,      1151,
      60.9,      1142,
     60.92,      1157,
     60.94,      1157,
     60.96,      1122,
     60.98,      1157,
        61,      1155,
     61.02,      1155,
     61.04,      1168,
     61.06,      1144,
     61.08,      1152,
      61.1,      1122,
     61.12,      1138,
     61.14,      1146,
     61.16,      1145,
     61.18,      1111,
      61.2,      1150,
     61.22,      1074,
     61.24,      1164,
     61.26,      1192,
     61.28,      1172,
      61.3,      1125,
     61.32,      1107,
     61.34,      1131,
     61.36,      1152,
     61.38,      1113,
      61.4,      1166,
     61.42,      1119,
     61.44,      1103,
     61.46,      1182,
     61.48,      1166,
      61.5,      1238,
     61.52,      1105,
     61.54,      1157,
     61.56,      1172,
     61.58,      1175,
      61.6,      1190,
     61.62,      1087,
     61.64,      1184,
     61.66,      1159,
     61.68,      1141,
      61.7,      1137,
     61.72,      1194,
     61.74,      1148,
     61.76,      1182,
     61.78,      1131,
      61.8,      1146,
     61.82,      1132,
     61.84,      1165,
     61.86,      1162,
     61.88,      1141,
      61.9,      1156,
     61.92,      1176,
     61.94,      1159,
     61.96,      1152,
     61.98,      1201,
        62,      1181,
     62.02,      1152,
     62.04,      1207,
     62.06,      1217,
     62.08,      1183,
      62.1,      1159,
     62.12,      1135,
     62.14,      1175,
     62.16,      1177,
     62.18,      1181,
      62.2,      1230,
     62.22,      1230,
     62.24,      1166,
     62.26,      1119,
     62.28,      1267,
      62.3,      1173,
     62.32,      1204,
     62.34,      1207,
     62.36,      1175,
     62.38,      1201,
      62.4,      1212,
     62.42,      1250,
     62.44,      1260,
     62.46,      1154,
     62.48,      1186,
      62.5,      1246,
     62.52,      1205,
     62.54,      1256,
     62.56,      1318,
     62.58,      1225,
      62.6,      1185,
     62.62,      1196,
     62.64,      1264,
     62.66,      1236,
     62.68,      1259,
      62.7,      1231,
     62.72,      1251,
     62.74,      1288,
     62.76,      1237,
     62.78,      1305,
      62.8,      1232,
     62.82,      1231,
     62.84,      1251,
     62.86,      1365,
     62.88,      1295,
      62.9,      1317,
     62.92,      1263,
     62.94,      1299,
     62.96,      1331,
     62.98,      1300,
        63,      1301,
     63.02,      1329,
     63.04,      1323,
     63.06,      1325,
     63.08,      1286,
      63.1,      1315,
     63.12,      1295,
     63.14,      1348,
     63.16,      1379,
     63.18,      1359,
      63.2,      1359,
     63.22,      1371,
     63.24,      1395,
     63.26,      1451,
     63.28,      1422,
      63.3,      1335,
     63.32,      1414,
     63.34,      1396,
     63.36,      1393,
     63.38,      1366,
      63.4,      1418,
     63.42,      1373,
     63.44,      1416,
     63.46,      1418,
     63.48,      1358,
      63.5,      1422,
     63.52,      1434,
     63.54,      1538,
     63.56,      1383,
     63.58,      1404,
      63.6,      1479,
     63.62,      1511,
     63.64,      1430,
     63.66,      1395,
     63.68,      1440,
      63.7,      1413,
     63.72,      1480,
     63.74,      1418,
     63.76,      1445,
     63.78,      1433,
      63.8,      1413,
     63.82,      1403,
     63.84,      1372,
     63.86,      1425,
     63.88,      1442,
      63.9,      1397,
     63.92,      1378,
     63.94,      1424,
     63.96,      1325,
     63.98,      1319,
        64,      1383,
     64.02,      1335,
     64.04,      1345,
     64.06,      1315,
     64.08,      1383,
      64.1,      1317,
     64.12,      1263,
     64.14,      1371,
     64.16,      1301,
     64.18,      1315,
      64.2,      1325,
     64.22,      1403,
     64.24,      1333,
     64.26,      1286,
     64.28,      1324,
      64.3,      1325,
     64.32,      1273,
     64.34,      1284,
     64.36,      1335,
     64.38,      1242,
      64.4,      1277,
     64.42,      1259,
     64.44,      1331,
     64.46,      1293,
     64.48,      1325,
      64.5,      1210,
     64.52,      1262,
     64.54,      1220,
     64.56,      1218,
     64.58,      1281,
      64.6,      1262,
     64.62,      1260,
     64.64,      1281,
     64.66,      1221,
     64.68,      1253,
      64.7,      1259,
     64.72,      1274,
     64.74,      1235,
     64.76,      1309,
     64.78,      1221,
      64.8,      1321,
     64.82,      1216,
     64.84,      1213,
     64.86,      1233,
     64.88,      1128,
      64.9,      1178,
     64.92,      1174,
     64.94,      1198,
     64.96,      1207,
     64.98,      1172,
        65,      1210,
     65.02,      1184,
     65.04,      1224,
     65.06,      1174,
     65.08,      1214,
      65.1,      1236,
     65.12,      1256,
     65.14,      1228,
     65.16,      1198,
     65.18,      1255,
      65.2,      1207,
     65.22,      1255,
     65.24,      1221,
     65.26,      1262,
     65.28,      1174,
      65.3,      1179,
     65.32,      1225,
     65.34,      1213,
     65.36,      1178,
     65.38,      1245,
      65.4,      1162,
     65.42,      1262,
     65.44,      1179,
     65.46,      1141,
     65.48,      1165,
      65.5,      1198,
     65.52,      1151,
     65.54,      1084,
     65.56,      1136,
     65.58,      1202,
      65.6,      1111,
     65.62,      1125,
     65.64,      1169,
     65.66,      1101,
     65.68,      1173,
      65.7,      1091,
     65.72,      1167,
     65.74,      1136,
     65.76,      1136,
     65.78,      1112,
      65.8,      1205,
     65.82,      1129,
     65.84,      1200,
     65.86,      1170,
     65.88,      1156,
      65.9,      1135,
     65.92,      1231,
     65.94,      1183,
     65.96,      1202,
     65.98,      1180,
        66,      1193,
     66.02,      1157,
     66.04,      1175,
     66.06,      1201,
     66.08,      1146,
      66.1,      1124,
     66.12,      1241,
     66.14,      1162,
     66.16,      1211,
     66.18,      1148,
      66.2,      1100,
     66.22,      1192,
     66.24,      1177,
     66.26,      1181,
     66.28,      1169,
      66.3,      1185,
     66.32,      1177,
     66.34,      1193,
     66.36,      1198,
     66.38,      1111,
      66.4,      1163,
     66.42,      1128,
     66.44,      1133,
     66.46,      1153,
     66.48,      1161,
      66.5,      1171,
     66.52,      1157,
     66.54,      1187,
     66.56,      1174,
     66.58,      1200,
      66.6,      1181,
     66.62,      1132,
     66.64,      1175,
     66.66,      1189,
     66.68,      1201,
      66.7,      1218,
     66.72,      1233,
     66.74,      1173,
     66.76,      1176,
     66.78,      1178,
      66.8,      1171,
     66.82,      1116,
     66.84,      1141,
     66.86,      1216,
     66.88,      1185,
      66.9,      1258,
     66.92,      1153,
     66.94,      1161,
     66.96,      1144,
     66.98,      1216,
        67,      1260,
     67.02,      1205,
     67.04,      1167,
     67.06,      1205,
     67.08,      1152,
      67.1,      1151,
     67.12,      1139,
     67.14,      1156,
     67.16,      1153,
     67.18,      1130,
      67.2,      1223,
     67.22,      1124,
     67.24,      1244,
     67.26,      1168,
     67.28,      1199,
      67.3,      1149,
     67.32,      1202,
     67.34,      1198,
     67.36,      1182,
     67.38,      1203,
      67.4,      1222,
     67.42,      1132,
     67.44,      1193,
     67.46,      1169,
     67.48,      1166,
      67.5,      1174,
     67.52,      1198,
     67.54,      1200,
     67.56,      1151,
     67.58,      1190,
      67.6,      1142,
     67.62,      1197,
     67.64,      1238,
     67.66,      1236,
     67.68,      1197,
      67.7,      1194,
     67.72,      1160,
     67.74,      1207,
     67.76,      1168,
     67.78,      1191,
      67.8,      1221,
     67.82,      1274,
     67.84,      1217,
     67.86,      1203,
     67.88,      1238,
      67.9,      1228,
     67.92,      1263,
     67.94,      1227,
     67.96,      1160,
     67.98,      1219,
        68,      1233,
     68.02,      1160,
     68.04,      1235,
     68.06,      1270,
     68.08,      1271,
      68.1,      1209,
     68.12,      1208,
     68.14,      1180,
     68.16,      1296,
     68.18,      1255,
      68.2,      1224,
     68.22,      1255,
     68.24,      1246,
     68.26,      1242,
     68.28,      1296,
      68.3,      1255,
     68.32,      1248,
     68.34,      1267,
     68.36,      1272,
     68.38,      1297,
      68.4,      1267,
     68.42,      1294,
     68.44,      1299,
     68.46,      1305,
     68.48,      1247,
      68.5,      1295,
     68.52,      1353,
     68.54,      1316,
     68.56,      1278,
     68.58,      1260,
      68.6,      1258,
     68.62,      1295,
     68.64,      1394,
     68.66,      1384,
     68.68,      1333,
      68.7,      1353,
     68.72,      1413,
     68.74,      1385,
     68.76,      1319,
     68.78,      1422,
      68.8,      1374,
     68.82,      1345,
     68.84,      1367,
     68.86,      1416,
     68.88,      1360,
      68.9,      1365,
     68.92,      1437,
     68.94,      1388,
     68.96,      1360,
     68.98,      1514,
        69,      1468,
     69.02,      1475,
     69.04,      1500,
     69.06,      1489,
     69.08,      1492,
      69.1,      1501,
     69.12,      1514,
     69.14,      1539,
     69.16,      1496,
     69.18,      1548,
      69.2,      1612,
     69.22,      1620,
     69.24,      1626,
     69.26,      1631,
     69.28,      1594,
      69.3,      1690,
     69.32,      1621,
     69.34,      1588,
     69.36,      1676,
     69.38,      1691,
      69.4,      1692,
     69.42,      1723,
     69.44,      1804,
     69.46,      1758,
     69.48,      1806,
      69.5,      1834,
     69.52,      1786,
     69.54,      1862,
     69.56,      1814,
     69.58,      1911,
      69.6,      1935,
     69.62,      2064,
     69.64,      1975,
     69.66,      2108,
     69.68,      1983,
      69.7,      1918,
     69.72,      2139,
     69.74,      1999,
     69.76,      2167,
     69.78,      2094,
      69.8,      2117,
     69.82,      2219,
     69.84,      2257,
     69.86,      2310,
     69.88,      2284,
      69.9,      2351,
     69.92,      2355,
     69.94,      2365,
     69.96,      2371,
     69.98,      2393,
        70,      2373,
     70.02,      2373,
     70.04,      2421,
     70.06,      2454,
     70.08,      2583,
      70.1,      2619,
     70.12,      2584,
     70.14,      2641,
     70.16,      2671,
     70.18,      2775,
      70.2,      2751,
     70.22,      2782,
     70.24,      2783,
     70.26,      2742,
     70.28,      2813,
      70.3,      2858,
     70.32,      2809,
     70.34,      2806,
     70.36,      2878,
     70.38,      2708,
      70.4,      2868,
     70.42,      2942,
     70.44,      2948,
     70.46,      2864,
     70.48,      2891,
      70.5,      2777,
     70.52,      2854,
     70.54,      2817,
     70.56,      2900,
     70.58,      2847,
      70.6,      2877,
     70.62,      2939,
     70.64,      2851,
     70.66,      2870,
     70.68,      2941,
      70.7,      2894,
     70.72,      2777,
     70.74,      2905,
     70.76,      2681,
     70.78,      2807,
      70.8,      2687,
     70.82,      2800,
     70.84,      2725,
     70.86,      2689,
     70.88,      2577,
      70.9,      2686,
     70.92,      2631,
     70.94,      2615,
     70.96,      2556,
     70.98,      2455,
        71,      2551,
     71.02,      2528,
     71.04,      2475,
     71.06,      2435,
     71.08,      2321,
      71.1,      2368,
     71.12,      2313,
     71.14,      2351,
     71.16,      2275,
     71.18,      2265,
      71.2,      2247,
     71.22,      2238,
     71.24,      2240,
     71.26,      2112,
     71.28,      2269,
      71.3,      2117,
     71.32,      2088,
     71.34,      2075,
     71.36,      2033,
     71.38,      1896,
      71.4,      2034,
     71.42,      1959,
     71.44,      2003,
     71.46,      1875,
     71.48,      1901,
      71.5,      1912,
     71.52,      1848,
     71.54,      1860,
     71.56,      1832,
     71.58,      1811,
      71.6,      1852,
     71.62,      1722,
     71.64,      1729,
     71.66,      1728,
     71.68,      1659,
      71.7,      1677,
     71.72,      1751,
     71.74,      1664,
     71.76,      1653,
     71.78,      1562,
      71.8,      1539,
     71.82,      1526,
     71.84,      1640,
     71.86,      1608,
     71.88,      1593,
      71.9,      1558,
     71.92,      1514,
     71.94,      1528,
     71.96,      1524,
     71.98,      1532,
        72,      1468,
     72.02,      1409,
     72.04,      1437,
     72.06,      1397,
     72.08,      1479,
      72.1,      1405,
     72.12,      1412,
     72.14,      1436,
     72.16,      1446,
     72.18,      1419,
      72.2,      1381,
     72.22,      1416,
     72.24,      1391,
     72.26,      1342,
     72.28,      1313,
      72.3,      1345,
     72.32,      1341,
     72.34,      1344,
     72.36,      1305,
     72.38,      1391,
      72.4,      1201,
     72.42,      1342,
     72.44,      1324,
     72.46,      1343,
     72.48,      1384,
      72.5,      1282,
     72.52,      1268,
     72.54,      1256,
     72.56,      1313,
     72.58,      1292,
      72.6,      1215,
     72.62,      1299,
     72.64,      1281,
     72.66,      1254,
     72.68,      1291,
      72.7,      1305,
     72.72,      1227,
     72.74,      1254,
     72.76,      1239,
     72.78,      1225,
      72.8,      1254,
     72.82,      1149,
     72.84,      1217,
     72.86,      1238,
     72.88,      1201,
      72.9,      1240,
     72.92,      1235,
     72.94,      1181,
     72.96,      1186,
     72.98,      1184,
        73,      1217,
     73.02,      1210,
     73.04,      1216,
     73.06,      1222,
     73.08,      1207,
      73.1,      1173,
     73.12,      1180,
     73.14,      1163,
     73.16,      1195,
     73.18,      1099,
      73.2,      1199,
     73.22,      1203,
     73.24,      1155,
     73.26,      1187,
     73.28,      1187,
      73.3,      1191,
     73.32,      1185,
     73.34,      1169,
     73.36,      1159,
     73.38,      1220,
      73.4,      1211,
     73.42,      1141,
     73.44,      1204,
     73.46,      1072,
     73.48,      1139,
      73.5,      1227,
     73.52,      1178,
     73.54,      1138,
     73.56,      1126,
     73.58,      1129,
      73.6,      1174,
     73.62,      1138,
     73.64,      1194,
     73.66,      1226,
     73.68,      1144,
      73.7,      1140,
     73.72,      1166,
     73.74,      1178,
     73.76,      1155,
     73.78,      1092,
      73.8,      1127,
     73.82,      1177,
     73.84,      1180,
     73.86,      1133,
     73.88,      1193,
      73.9,      1193,
     73.92,      1182,
     73.94,      1096,
     73.96,      1079,
     73.98,      1167,
        74,      1086,
     74.02,      1145,
     74.04,      1115,
     74.06,      1121,
     74.08,      1114,
      74.1,      1132,
     74.12,      1117,
     74.14,      1097,
     74.16,      1156,
     74.18,      1115,
      74.2,      1142,
     74.22,      1100,
     74.24,      1146,
     74.26,      1129,
     74.28,      1069,
      74.3,      1107,
     74.32,      1203,
     74.34,      1103,
     74.36,      1174,
     74.38,      1107,
      74.4,      1129,
     74.42,      1092,
     74.44,      1159,
     74.46,      1175,
     74.48,      1104,
      74.5,      1119,
     74.52,      1133,
     74.54,      1123,
     74.56,      1152,
     74.58,      1102,
      74.6,      1122,
     74.62,      1169,
     74.64,      1125,
     74.66,      1117,
     74.68,      1132,
      74.7,      1082,
     74.72,      1142,
     74.74,      1157,
     74.76,      1093,
     74.78,      1135,
      74.8,      1050,
     74.82,      1190,
     74.84,      1049,
     74.86,      1148,
     74.88,      1097,
      74.9,      1107,
     74.92,      1099,
     74.94,      1202,
     74.96,      1059,
     74.98,      1106,
        75,      1070,
     75.02,      1093,
     75.04,      1090,
     75.06,      1073,
     75.08,      1152,
      75.1,      1123,
     75.12,      1119,
     75.14,      1119,
     75.16,      1128,
     75.18,      1104,
      75.2,      1122,
     75.22,      1077,
     75.24,      1107,
     75.26,      1122,
     75.28,      1145,
      75.3,      1179,
     75.32,      1136,
     75.34,      1197,
     75.36,      1164,
     75.38,      1159,
      75.4,      1175,
     75.42,      1201,
     75.44,      1060,
     75.46,      1146,
     75.48,      1157,
      75.5,      1062,
     75.52,      1123,
     75.54,      1166,
     75.56,      1103,
     75.58,      1151,
      75.6,      1114,
     75.62,      1124,
     75.64,      1122,
     75.66,      1119,
     75.68,      1078,
      75.7,      1068,
     75.72,      1099,
     75.74,      1138,
     75.76,      1081,
     75.78,      1073,
      75.8,      1196,
     75.82,      1107,
     75.84,      1122,
     75.86,      1069,
     75.88,      1106,
      75.9,      1078,
     75.92,      1123,
     75.94,      1117,
     75.96,      1098,
     75.98,      1061,
        76,      1109,
     76.02,      1057,
     76.04,      1088,
     76.06,      1078,
     76.08,      1098,
      76.1,      1096,
     76.12,      1100,
     76.14,      1099,
     76.16,      1015,
     76.18,      1087,
      76.2,      1100,
     76.22,      1084,
     76.24,      1172,
     76.26,      1091,
     76.28,      1095,
      76.3,      1110,
     76.32,      1148,
     76.34,      1131,
     76.36,      1033,
     76.38,      1085,
      76.4,      1073,
     76.42,      1172,
     76.44,      1100,
     76.46,      1117,
     76.48,      1129,
      76.5,      1093,
     76.52,      1031,
     76.54,      1082,
     76.56,      1079,
     76.58,      1101,
      76.6,      1063,
     76.62,      1110,
     76.64,      1016,
     76.66,      1080,
     76.68,      1067,
      76.7,      1148,
     76.72,      1038,
     76.74,      1047,
     76.76,      1050,
     76.78,      1040,
      76.8,      1133,
     76.82,      1151,
     76.84,      1060,
     76.86,      1009,
     76.88,      1115,
      76.9,      1059,
     76.92,      1062,
     76.94,      1083,
     76.96,      1073,
     76.98,      1116,
        77,      1088,
     77.02,      1054,
     77.04,      1047,
     77.06,      1105,
     77.08,      1108,
      77.1,      1041,
     77.12,      1059,
     77.14,      1065,
     77.16,      1014,
     77.18,      1163,
      77.2,      1069,
     77.22,      1087,
     77.24,      1082,
     77.26,      1076,
     77.28,      1108,
      77.3,      1064,
     77.32,      1058,
     77.34,      1091,
     77.36,      1062,
     77.38,      1084,
      77.4,      1074,
     77.42,      1071,
     77.44,      1057,
     77.46,      1058,
     77.48,      1082,
      77.5,      1118,
     77.52,      1079,
     77.54,      1095,
     77.56,      1044,
     77.58,      1047,
      77.6,      1102,
     77.62,      1076,
     77.64,      1144,
     77.66,      1068,
     77.68,      1119,
      77.7,      1099,
     77.72,      1085,
     77.74,      1039,
     77.76,      1064,
     77.78,      1114,
      77.8,      1083,
     77.82,      1070,
     77.84,      1075,
     77.86,      1120,
     77.88,      1045,
      77.9,       996,
     77.92,      1062,
     77.94,      1059,
     77.96,      1042,
     77.98,      1123,
        78,      1079,
     78.02,      1094,
     78.04,      1057,
     78.06,      1047,
     78.08,      1080,
      78.1,      1091,
     78.12,      1133,
     78.14,      1096,
     78.16,      1048,
     78.18,      1091,
      78.2,      1085,
     78.22,      1050,
     78.24,      1011,
     78.26,      1059,
     78.28,      1090,
      78.3,      1088,
     78.32,      1133,
     78.34,      1078,
     78.36,      1078,
     78.38,      1129,
      78.4,      1049,
     78.42,      1084,
     78.44,      1042,
     78.46,      1110,
     78.48,      1099,
      78.5,      1048,
     78.52,      1113,
     78.54,      1086,
     78.56,      1105,
     78.58,      1114,
      78.6,      1036,
     78.62,      1053,
     78.64,      1097,
     78.66,      1055,
     78.68,      1051,
      78.7,      1099,
     78.72,      1008,
     78.74,      1075,
     78.76,      1023,
     78.78,      1027,
      78.8,      1035,
     78.82,      1055,
     78.84,      1041,
     78.86,      1056,
     78.88,      1054,
      78.9,      1017,
     78.92,      1049,
     78.94,      1040,
     78.96,      1041,
     78.98,       999,
        79,      1040,
     79.02,      1001,
     79.04,      1094,
     79.06,      1034,
     79.08,      1039,
      79.1,      1042,
     79.12,      1036,
     79.14,      1035,
     79.16,      1064,
     79.18,      1058,
      79.2,      1005,
     79.22,       990,
     79.24,      1056,
     79.26,      1031,
     79.28,      1054,
      79.3,      1063,
     79.32,      1047,
     79.34,      1080,
     79.36,      1080,
     79.38,      1053,
      79.4,      1093,
     79.42,       984,
     79.44,      1057,
     79.46,      1068,
     79.48,      1067,
      79.5,      1063,
     79.52,       993,
     79.54,      1120,
     79.56,       971,
     79.58,      1042,
      79.6,      1071,
     79.62,      1041,
     79.64,      1113,
     79.66,      1065,
     79.68,      1053,
      79.7,      1049,
     79.72,      1011,
     79.74,      1071,
     79.76,      1045,
     79.78,      1098,
      79.8,      1038,
     79.82,      1037,
     79.84,       984,
     79.86,      1040,
     79.88,      1022,
      79.9,      1117,
     79.92,      1044,
     79.94,      1058,
     79.96,      1016,
     79.98,      1009,
        80,      1020,
     80.02,      1037,
     80.04,      1038,
     80.06,      1045,
     80.08,      1015,
      80.1,      1035,
     80.12,       977,
     80.14,      1063,
     80.16,      1024,
     80.18,      1071,
      80.2,      1054,
     80.22,      1053,
     80.24,      1019,
     80.26,      1061,
     80.28,      1055,
      80.3,      1052,
     80.32,      1029,
     80.34,      1021,
     80.36,       992,
     80.38,      1034,
      80.4,      1067,
     80.42,      1035,
     80.44,      1103,
     80.46,      1114,
     80.48,       976,
      80.5,      1033,
     80.52,      1086,
     80.54,      1041,
     80.56,      1037,
     80.58,      1067,
      80.6,      1048,
     80.62,      1041,
     80.64,      1100,
     80.66,      1073,
     80.68,      1028,
      80.7,      1053,
     80.72,      1056,
     80.74,      1042,
     80.76,      1080,
     80.78,      1092,
      80.8,      1054,
     80.82,      1085,
     80.84,      1005,
     80.86,      1060,
     80.88,      1053,
      80.9,      1075,
     80.92,      1088,
     80.94,      1003,
     80.96,      1091,
     80.98,      1063,
        81,      1069,
     81.02,       995,
     81.04,      1106,
     81.06,      1030,
     81.08,      1085,
      81.1,      1049,
     81.12,      1072,
     81.14,      1003,
     81.16,      1040,
     81.18,      1013,
      81.2,      1055,
     81.22,      1024,
     81.24,      1073,
     81.26,      1057,
     81.28,      1008,
      81.3,      1059,
     81.32,      1090,
     81.34,      1094,
     81.36,      1062,
     81.38,      1119,
      81.4,      1099,
     81.42,      1083,
     81.44,      1054,
     81.46,      1025,
     81.48,      1031,
      81.5,      1104,
     81.52,      1133,
     81.54,      1045,
     81.56,      1029,
     81.58,      1090,
      81.6,      1072,
     81.62,      1051,
     81.64,      1073,
     81.66,      1044,
     81.68,      1094,
      81.7,      1146,
     81.72,      1147,
     81.74,      1060,
     81.76,      1019,
     81.78,      1150,
      81.8,      1076,
     81.82,      1100,
     81.84,      1124,
     81.86,      1110,
     81.88,      1121,
      81.9,      1076,
     81.92,      1101,
     81.94,      1108,
     81.96,      1117,
     81.98,      1174,
        82,      1152,
     82.02,      1178,
     82.04,      1063,
     82.06,      1219,
     82.08,      1149,
      82.1,      1114,
     82.12,      1158,
     82.14,      1192,
     82.16,      1127,
     82.18,      1180,
      82.2,      1116,
     82.22,      1104,
     82.24,      1187,
     82.26,      1097,
     82.28,      1210,
      82.3,      1182,
     82.32,      1250,
     82.34,      1136,
     82.36,      1187,
     82.38,      1155,
      82.4,      1177,
     82.42,      1202,
     82.44,      1148,
     82.46,      1088,
     82.48,      1168,
      82.5,      1177,
     82.52,      1223,
     82.54,      1249,
     82.56,      1212,
     82.58,      1268,
      82.6,      1254,
     82.62,      1259,
     82.64,      1269,
     82.66,      1285,
     82.68,      1349,
      82.7,      1251,
     82.72,      1265,
     82.74,      1261,
     82.76,      1256,
     82.78,      1308,
      82.8,      1294,
     82.82,      1284,
     82.84,      1355,
     82.86,      1309,
     82.88,      1335,
      82.9,      1258,
     82.92,      1312,
     82.94,      1303,
     82.96,      1358,
     82.98,      1347,
        83,      1359,
     83.02,      1331,
     83.04,      1344,
     83.06,      1385,
     83.08,      1369,
      83.1,      1371,
     83.12,      1262,
     83.14,      1378,
     83.16,      1484,
     83.18,      1414,
      83.2,      1393,
     83.22,      1373,
     83.24,      1448,
     83.26,      1383,
     83.28,      1369,
      83.3,      1483,
     83.32,      1464,
     83.34,      1357,
     83.36,      1395,
     83.38,      1391,
      83.4,      1499,
     83.42,      1464,
     83.44,      1459,
     83.46,      1464,
     83.48,      1461,
      83.5,      1416,
     83.52,      1353,
     83.54,      1402,
     83.56,      1421,
     83.58,      1436,
      83.6,      1406,
     83.62,      1441,
     83.64,      1425,
     83.66,      1384,
     83.68,      1424,
      83.7,      1409,
     83.72,      1430,
     83.74,      1430,
     83.76,      1436,
     83.78,      1475,
      83.8,      1336,
     83.82,      1387,
     83.84,      1402,
     83.86,      1420,
     83.88,      1472,
      83.9,      1337,
     83.92,      1425,
     83.94,      1382,
     83.96,      1452,
     83.98,      1352,
        84,      1428,
     84.02,      1381,
     84.04,      1331,
     84.06,      1395,
     84.08,      1370,
      84.1,      1395,
     84.12,      1376,
     84.14,      1320,
     84.16,      1295,
     84.18,      1329,
      84.2,      1326,
     84.22,      1347,
     84.24,      1294,
     84.26,      1286,
     84.28,      1264,
      84.3,      1305,
     84.32,      1279,
     84.34,      1352,
     84.36,      1272,
     84.38,      1249,
      84.4,      1334,
     84.42,      1230,
     84.44,      1243,
     84.46,      1243,
     84.48,      1201,
      84.5,      1238,
     84.52,      1205,
     84.54,      1232,
     84.56,      1201,
     84.58,      1251,
      84.6,      1181,
     84.62,      1128,
     84.64,      1164,
     84.66,      1196,
     84.68,      1256,
      84.7,      1139,
     84.72,      1142,
     84.74,      1186,
     84.76,      1138,
     84.78,      1186,
      84.8,      1165,
     84.82,      1143,
     84.84,      1122,
     84.86,      1138,
     84.88,      1112,
      84.9,      1159,
     84.92,      1139,
     84.94,      1197,
     84.96,      1135,
     84.98,      1155,
        85,      1151,
     85.02,      1094,
     85.04,      1126,
     85.06,      1096,
     85.08,      1096,
      85.1,      1107,
     85.12,      1071,
     85.14,      1062,
     85.16,      1072,
     85.18,      1098,
      85.2,      1042,
     85.22,      1095,
     85.24,      1115,
     85.26,      1038,
     85.28,       987,
      85.3,      1061,
     85.32,      1077,
     85.34,      1073,
     85.36,      1042,
     85.38,      1098,
      85.4,      1075,
     85.42,      1026,
     85.44,      1095,
     85.46,      1032,
     85.48,      1044,
      85.5,      1015,
     85.52,      1032,
     85.54,      1089,
     85.56,      1032,
     85.58,      1039,
      85.6,      1047,
     85.62,      1079,
     85.64,      1015,
     85.66,      1001,
     85.68,      1039,
      85.7,      1040,
     85.72,      1024,
     85.74,      1001,
     85.76,       995,
     85.78,       994,
      85.8,      1043,
     85.82,       981,
     85.84,       980,
     85.86,       987,
     85.88,       985,
      85.9,       997,
     85.92,      1045,
     85.94,       963,
     85.96,       993,
     85.98,       999,
        86,      1035,
     86.02,       976,
     86.04,      1042,
     86.06,      1057,
     86.08,      1031,
      86.1,      1003,
     86.12,       987,
     86.14,      1011,
     86.16,       989,
     86.18,       947,
      86.2,       988,
     86.22,      1003,
     86.24,      1037,
     86.26,       973,
     86.28,       977,
      86.3,       922,
     86.32,       963,
     86.34,      1001,
     86.36,      1033,
     86.38,      1014,
      86.4,      1044,
     86.42,       920,
     86.44,       976,
     86.46,       964,
     86.48,      1028,
      86.5,       971,
     86.52,      1010,
     86.54,       978,
     86.56,      1006,
     86.58,       958,
      86.6,       886,
     86.62,      1004,
     86.64,       969,
     86.66,       981,
     86.68,      1031,
      86.7,      1001,
     86.72,       942,
     86.74,       987,
     86.76,       993,
     86.78,       994,
      86.8,      1007,
     86.82,       991,
     86.84,      1006,
     86.86,       996,
     86.88,       940,
      86.9,      1006,
     86.92,       995,
     86.94,       998,
     86.96,       944,
     86.98,       979,
        87,       959,
     87.02,       989,
     87.04,       973,
     87.06,       948,
     87.08,       915,
      87.1,       989,
     87.12,       972,
     87.14,       898,
     87.16,       967,
     87.18,       955,
      87.2,       939,
     87.22,       978,
     87.24,       961,
     87.26,       955,
     87.28,      1046,
      87.3,       936,
     87.32,       909,
     87.34,       985,
     87.36,      1016,
     87.38,       989,
      87.4,       985,
     87.42,       956,
     87.44,       967,
     87.46,       939,
     87.48,       998,
      87.5,       958,
     87.52,       957,
     87.54,       940,
     87.56,       974,
     87.58,       957,
      87.6,       998,
     87.62,       921,
     87.64,       954,
     87.66,       983,
     87.68,       902,
      87.7,       966,
     87.72,       888,
     87.74,       962,
     87.76,       939,
     87.78,      1005,
      87.8,       927,
     87.82,       946,
     87.84,       980,
     87.86,       980,
     87.88,      1032,
      87.9,      1053,
     87.92,      1022,
     87.94,       958,
     87.96,      1009,
     87.98,       984,
        88,       939,
     88.02,       961,
     88.04,       986,
     88.06,      1022,
     88.08,      1009,
      88.1,      1010,
     88.12,      1001,
     88.14,      1019,
     88.16,      1000,
     88.18,       973,
      88.2,       976,
     88.22,       942,
     88.24,      1022,
     88.26,       968,
     88.28,       984,
      88.3,       959,
     88.32,      1023,
     88.34,       973,
     88.36,       969,
     88.38,       961,
      88.4,       977,
     88.42,       996,
     88.44,       969,
     88.46,      1002,
     88.48,      1018,
      88.5,       980,
     88.52,      1003,
     88.54,       971,
     88.56,      1027,
     88.58,       906,
      88.6,      1064,
     88.62,       995,
     88.64,      1033,
     88.66,       968,
     88.68,       938,
      88.7,       966,
     88.72,      1020,
     88.74,       997,
     88.76,      1024,
     88.78,       987,
      88.8,       989,
     88.82,      1043,
     88.84,      1009,
     88.86,       987,
     88.88,       994,
      88.9,      1009,
     88.92,       999,
     88.94,      1055,
     88.96,      1003,
     88.98,      1023,
        89,       975,
     89.02,       963,
     89.04,       982,
     89.06,      1027,
     89.08,       968,
      89.1,       985,
     89.12,      1056,
     89.14,      1003,
     89.16,      1000,
     89.18,      1027,
      89.2,       978,
     89.22,      1045,
     89.24,      1021,
     89.26,      1057,
     89.28,       998,
      89.3,       971,
     89.32,      1070,
     89.34,      1014,
     89.36,       991,
     89.38,      1063,
      89.4,      1029,
     89.42,      1007,
     89.44,      1036,
     89.46,      1012,
     89.48,      1077,
      89.5,       967,
     89.52,      1064,
     89.54,      1016,
     89.56,      1074,
     89.58,      1063,
      89.6,      1065,
     89.62,      1113,
     89.64,      1083,
     89.66,      1074,
     89.68,       997,
      89.7,      1028,
     89.72,      1023,
     89.74,       979,
     89.76,      1049,
     89.78,      1067,
      89.8,      1033,
     89.82,      1076,
     89.84,      1047,
     89.86,      1022,
     89.88,      1025,
      89.9,      1025,
     89.92,      1024,
     89.94,      1014,
     89.96,      1137,
     89.98,      1064,
        90,      1103,
     90.02,      1088,
     90.04,      1025,
     90.06,      1014,
     90.08,      1078,
      90.1,      1068,
     90.12,      1057,
     90.14,      1012,
     90.16,      1022,
     90.18,      1022,
      90.2,      1033,
     90.22,      1065,
     90.24,      1019,
     90.26,      1028,
     90.28,      1091,
      90.3,      1050,
     90.32,      1068,
     90.34,      1004,
     90.36,      1001,
     90.38,      1005,
      90.4,      1133,
     90.42,       985,
     90.44,      1025,
     90.46,      1043,
     90.48,       984,
      90.5,      1044,
     90.52,       991,
     90.54,      1060,
     90.56,      1034,
     90.58,      1094,
      90.6,      1044,
     90.62,      1043,
     90.64,      1033,
     90.66,      1072,
     90.68,       992,
      90.7,       999,
     90.72,      1059,
     90.74,       989,
     90.76,      1034,
     90.78,      1047,
      90.8,      1069,
     90.82,      1057,
     90.84,      1034,
     90.86,      1016,
     90.88,      1076,
      90.9,      1028,
     90.92,      1000,
     90.94,      1025,
     90.96,      1089,
     90.98,      1004,
        91,      1017,
     91.02,      1044,
     91.04,       988,
     91.06,      1038,
     91.08,       956,
      91.1,       983,
     91.12,      1017,
     91.14,       990,
     91.16,      1029,
     91.18,       953,
      91.2,      1003,
     91.22,       967,
     91.24,       995,
     91.26,       958,
     91.28,       965,
      91.3,       993,
     91.32,      1004,
     91.34,       993,
     91.36,       987,
     91.38,      1015,
      91.4,       992,
     91.42,       965,
     91.44,       961,
     91.46,       987,
     91.48,      1040,
      91.5,      1022,
     91.52,       960,
     91.54,       981,
     91.56,      1012,
     91.58,      1027,
      91.6,       988,
     91.62,       977,
     91.64,      1012,
     91.66,       924,
     91.68,       935,
      91.7,       963,
     91.72,      1055,
     91.74,       947,
     91.76,      1022,
     91.78,      1033,
      91.8,      1005,
     91.82,      1006,
     91.84,      1036,
     91.86,       993,
     91.88,       956,
      91.9,       967,
     91.92,       911,
     91.94,      1012,
     91.96,       969,
     91.98,       949,
        92,       889,
     92.02,       987,
     92.04,       963,
     92.06,       956,
     92.08,       996,
      92.1,      1010,
     92.12,       941,
     92.14,       934,
     92.16,      1017,
     92.18,      1000,
      92.2,       952,
     92.22,       962,
     92.24,       968,
     92.26,      1019,
     92.28,       957,
      92.3,       971,
     92.32,       977,
     92.34,       977,
     92.36,       936,
     92.38,      1027,
      92.4,       959,
     92.42,       928,
     92.44,      1047,
     92.46,       985,
     92.48,       950,
      92.5,       986,
     92.52,       959,
     92.54,      1024,
     92.56,       954,
     92.58,       987,
      92.6,       950,
     92.62,      1024,
     92.64,       956,
     92.66,       961,
     92.68,       989,
      92.7,       978,
     92.72,       999,
     92.74,      1035,
     92.76,       983,
     92.78,       993,
      92.8,       939,
     92.82,       977,
     92.84,      1007,
     92.86,       999,
     92.88,      1009,
      92.9,       968,
     92.92,      1008,
     92.94,       993,
     92.96,       984,
     92.98,      1009,
        93,      1025,
     93.02,      1023,
     93.04,      1014,
     93.06,      1023,
     93.08,       934,
      93.1,      1016,
     93.12,       973,
     93.14,      1006,
     93.16,       996,
     93.18,      1081,
      93.2,      1011,
     93.22,       969,
     93.24,      1040,
     93.26,      1097,
     93.28,      1041,
      93.3,      1058,
     93.32,      1055,
     93.34,      1018,
     93.36,       993,
     93.38,       973,
      93.4,      1026,
     93.42,      1030,
     93.44,      1025,
     93.46,      1069,
     93.48,      1039,
      93.5,       995,
     93.52,      1043,
     93.54,      1037,
     93.56,      1017,
     93.58,       948,
      93.6,       975,
     93.62,      1033,
     93.64,      1024,
     93.66,      1010,
     93.68,      1039,
      93.7,      1030,
     93.72,       993,
     93.74,      1070,
     93.76,      1046,
     93.78,       972,
      93.8,      1027,
     93.82,      1043,
     93.84,      1055,
     93.86,      1004,
     93.88,      1018,
      93.9,      1081,
     93.92,      1083,
     93.94,      1041,
     93.96,      1033,
     93.98,      1057,
        94,      1038,
     94.02,      1059,
     94.04,      1084,
     94.06,      1024,
     94.08,      1094,
      94.1,      1060,
     94.12,      1054,
     94.14,      1068,
     94.16,      1123,
     94.18,      1044,
      94.2,      1047,
     94.22,      1087,
     94.24,      1043,
     94.26,      1066,
     94.28,      1065,
      94.3,      1078,
     94.32,      1113,
     94.34,      1036,
     94.36,      1113,
     94.38,      1022,
      94.4,      1172,
     94.42,      1071,
     94.44,      1089,
     94.46,      1092,
     94.48,      1095,
      94.5,      1056,
     94.52,      1072,
     94.54,      1105,
     94.56,      1098,
     94.58,      1114,
      94.6,      1154,
     94.62,      1099,
     94.64,      1104,
     94.66,      1133,
     94.68,      1150,
      94.7,      1141,
     94.72,      1134,
     94.74,      1112,
     94.76,      1163,
     94.78,      1156,
      94.8,      1117,
     94.82,      1140,
     94.84,      1203,
     94.86,      1150,
     94.88,      1155,
      94.9,      1183,
     94.92,      1187,
     94.94,      1185,
     94.96,      1209,
     94.98,      1200,
        95,      1298,
     95.02,      1225,
     95.04,      1130,
     95.06,      1208,
     95.08,      1302,
      95.1,      1189,
     95.12,      1236,
     95.14,      1199,
     95.16,      1295,
     95.18,      1284,
      95.2,      1202,
     95.22,      1243,
     95.24,      1226,
     95.26,      1259,
     95.28,      1249,
      95.3,      1300,
     95.32,      1287,
     95.34,      1275,
     95.36,      1277,
     95.38,      1275,
      95.4,      1264,
     95.42,      1305,
     95.44,      1248,
     95.46,      1259,
     95.48,      1318,
      95.5,      1279,
     95.52,      1312,
     95.54,      1290,
     95.56,      1258,
     95.58,      1285,
      95.6,      1329,
     95.62,      1359,
     95.64,      1317,
     95.66,      1196,
     95.68,      1267,
      95.7,      1318,
     95.72,      1288,
     95.74,      1288,
     95.76,      1363,
     95.78,      1381,
      95.8,      1265,
     95.82,      1353,
     95.84,      1330,
     95.86,      1386,
     95.88,      1369,
      95.9,      1359,
     95.92,      1439,
     95.94,      1317,
     95.96,      1385,
     95.98,      1396,
        96,      1313,
     96.02,      1358,
     96.04,      1397,
     96.06,      1397,
     96.08,      1355,
      96.1,      1351,
     96.12,      1362,
     96.14,      1372,
     96.16,      1374,
     96.18,      1407,
      96.2,      1390,
     96.22,      1426,
     96.24,      1409,
     96.26,      1343,
     96.28,      1402,
      96.3,      1388,
     96.32,      1359,
     96.34,      1387,
     96.36,      1380,
     96.38,      1385,
      96.4,      1383,
     96.42,      1355,
     96.44,      1369,
     96.46,      1394,
     96.48,      1331,
      96.5,      1387,
     96.52,      1376,
     96.54,      1391,
     96.56,      1366,
     96.58,      1334,
      96.6,      1364,
     96.62,      1390,
     96.64,      1379,
     96.66,      1387,
     96.68,      1287,
      96.7,      1374,
     96.72,      1381,
     96.74,      1340,
     96.76,      1365,
     96.78,      1370,
      96.8,      1368,
     96.82,      1342,
     96.84,      1301,
     96.86,      1411,
     96.88,      1431,
      96.9,      1350,
     96.92,      1312,
     96.94,      1361,
     96.96,      1321,
     96.98,      1366,
        97,      1312,
     97.02,      1273,
     97.04,      1311,
     97.06,      1339,
     97.08,      1370,
      97.1,      1289,
     97.12,      1333,
     97.14,      1297,
     97.16,      1290,
     97.18,      1297,
      97.2,      1249,
     97.22,      1311,
     97.24,      1282,
     97.26,      1347,
     97.28,      1230,
      97.3,      1336,
     97.32,      1309,
     97.34,      1241,
     97.36,      1249,
     97.38,      1290,
      97.4,      1247,
     97.42,      1243,
     97.44,      1217,
     97.46,      1301,
     97.48,      1247,
      97.5,      1288,
     97.52,      1214,
     97.54,      1291,
     97.56,      1217,
     97.58,      1246,
      97.6,      1195,
     97.62,      1181,
     97.64,      1200,
     97.66,      1181,
     97.68,      1227,
      97.7,      1169,
     97.72,      1183,
     97.74,      1204,
     97.76,      1206,
     97.78,      1190,
      97.8,      1185,
     97.82,      1161,
     97.84,      1179,
     97.86,      1192,
     97.88,      1225,
      97.9,      1186,
     97.92,      1135,
     97.94,      1099,
     97.96,      1116,
     97.98,      1180,
        98,      1198,
     98.02,      1111,
     98.04,      1169,
     98.06,      1073,
     98.08,      1179,
      98.1,      1167,
     98.12,      1125,
     98.14,      1210,
     98.16,      1159,
     98.18,      1128,
      98.2,      1119,
     98.22,      1155,
     98.24,      1169,
     98.26,      1122,
     98.28,      1094,
      98.3,      1086,
     98.32,      1131,
     98.34,      1129,
     98.36,      1141,
     98.38,      1120,
      98.4,      1085,
     98.42,      1041,
     98.44,      1076,
     98.46,      1095,
     98.48,      1086,
      98.5,      1154,
     98.52,      1140,
     98.54,      1063,
     98.56,      1082,
     98.58,      1062,
      98.6,      1069,
     98.62,      1064,
     98.64,      1103,
     98.66,      1059,
     98.68,      1057,
      98.7,      1088,
     98.72,      1091,
     98.74,      1060,
     98.76,      1088,
     98.78,      1113,
      98.8,      1053,
     98.82,      1067,
     98.84,      1080,
     98.86,      1106,
     98.88,      1077,
      98.9,      1042,
     98.92,      1096,
     98.94,      1082,
     98.96,      1044,
     98.98,      1065,
        99,      1075,
     99.02,      1054,
     99.04,      1016,
     99.06,      1085,
     99.08,      1056,
      99.1,      1033,
     99.12,      1056,
     99.14,      1028,
     99.16,      1013,
     99.18,      1088,
      99.2,      1018,
     99.22,      1009,
     99.24,      1038,
     99.26,       953,
     99.28,      1040,
      99.3,      1006,
     99.32,      1051,
     99.34,       983,
     99.36,      1007,
     99.38,      1029,
      99.4,      1038,
     99.42,      1041,
     99.44,      1025,
     99.46,       932,
     99.48,      1041,
      99.5,      1020,
     99.52,       951,
     99.54,      1038,
     99.56,      1039,
     99.58,      1009,
      99.6,      1038,
     99.62,       930,
     99.64,      1071,
     99.66,      1020,
     99.68,       995,
      99.7,      1018,
     99.72,      1003,
     99.74,       969,
     99.76,       936,
     99.78,      1037,
      99.8,      1023,
     99.82,      1033,
     99.84,      1032,
     99.86,       978,
     99.88,       976,
      99.9,      1035,
     99.92,       983,
     99.94,      1034,
     99.96,       980,
     99.98,      1056,
       100,      1038,
    100.02,      1004,
    100.04,       979,
    100.06,       999,
    100.08,      1026,
     100.1,      1042,
    100.12,       965,
    100.14,      1004,
    100.16,       991,
    100.18,       981,
     100.2,      1009,
    100.22,      1028,
    100.24,      1019,
    100.26,      1028,
    100.28,      1003,
     100.3,      1012,
    100.32,      1011,
    100.34,       991,
    100.36,       983,
    100.38,       968,
     100.4,       971,
    100.42,       991,
    100.44,      1069,
    100.46,       986,
    100.48,      1012,
     100.5,       946,
    100.52,      1006,
    100.54,      1035,
    100.56,       967,
    100.58,      1008,
     100.6,       989,
    100.62,      1016,
    100.64,       999,
    100.66,      1035,
    100.68,       959,
     100.7,       984,
    100.72,      1008,
    100.74,       986,
    100.76,      1028,
    100.78,       891,
     100.8,      1043,
    100.82,       957,
    100.84,       996,
    100.86,      1036,
    100.88,       959,
     100.9,       988,
    100.92,      1013,
    100.94,       989,
    100.96,       995,
    100.98,       977,
       101,      1028,
    101.02,       942,
    101.04,      1023,
    101.06,       975,
    101.08,      1005,
     101.1,      1069,
    101.12,       994,
    101.14,      1005,
    101.16,      1017,
    101.18,       993,
     101.2,       974,
    101.22,      1037,
    101.24,       925,
    101.26,       984,
    101.28,      1029,
     101.3,       965,
    101.32,      1057,
    101.34,      1055,
    101.36,      1009,
    101.38,      1024,
     101.4,       997,
    101.42,       958,
    101.44,      1024,
    101.46,       990,
    101.48,      1013,
     101.5,       936,
    101.52,      1005,
    101.54,      1014,
    101.56,      1019,
    101.58,      1020,
     101.6,      1031,
    101.62,       967,
    101.64,      1034,
    101.66,      1025,
    101.68,       944,
     101.7,       977,
    101.72,      1040,
    101.74,       999,
    101.76,      1019,
    101.78,      1078,
     101.8,       962,
    101.82,      1017,
    101.84,      1027,
    101.86,       966,
    101.88,      1069,
     101.9,      1001,
    101.92,      1023,
    101.94,       996,
    101.96,       995,
    101.98,      1031,
       102,       946,
    102.02,      1037,
    102.04,      1011,
    102.06,       988,
    102.08,      1031,
     102.1,      1030,
    102.12,      1073,
    102.14,       964,
    102.16,      1044,
    102.18,      1018,
     102.2,      1058,
    102.22,      1006,
    102.24,      1061,
    102.26,      1041,
    102.28,       996,
     102.3,      1026,
    102.32,       994,
    102.34,      1070,
    102.36,      1004,
    102.38,      1047,
     102.4,      1048,
    102.42,      1034,
    102.44,      1029,
    102.46,       920,
    102.48,      1017,
     102.5,      1044,
    102.52,      1045,
    102.54,       991,
    102.56,      1069,
    102.58,       945,
     102.6,       997,
    102.62,      1053,
    102.64,      1053,
    102.66,       995,
    102.68,      1024,
     102.7,       997,
    102.72,      1026,
    102.74,      1046,
    102.76,      1077,
    102.78,       940,
     102.8,       987,
    102.82,      1034,
    102.84,      1017,
    102.86,      1025,
    102.88,       989,
     102.9,      1037,
    102.92,      1013,
    102.94,      1018,
    102.96,      1037,
    102.98,      1034,
       103,      1066,
    103.02,      1034,
    103.04,      1074,
    103.06,       990,
    103.08,      1023,
     103.1,      1005,
    103.12,      1038,
    103.14,      1037,
    103.16,      1052,
    103.18,      1006,
     103.2,      1121,
    103.22,      1074,
    103.24,       973,
    103.26,      1007,
    103.28,      1026,
     103.3,       954,
    103.32,       991,
    103.34,      1041,
    103.36,      1037,
    103.38,       994,
     103.4,      1039,
    103.42,      1032,
    103.44,      1047,
    103.46,       978,
    103.48,      1013,
     103.5,       995,
    103.52,       984,
    103.54,      1054,
    103.56,      1064,
    103.58,      1016,
     103.6,      1015,
    103.62,      1067,
    103.64,      1011,
    103.66,       970,
    103.68,      1033,
     103.7,      1045,
    103.72,      1070,
    103.74,      1005,
    103.76,       945,
    103.78,      1061,
     103.8,      1002,
    103.82,       987,
    103.84,      1033,
    103.86,       994,
    103.88,      1027,
     103.9,       983,
    103.92,      1080,
    103.94,      1029,
    103.96,      1066,
    103.98,      1017,
       104,      1043,
    104.02,      1081,
    104.04,      1013,
    104.06,       957,
    104.08,      1024,
     104.1,       985,
    104.12,      1090,
    104.14,       957,
    104.16,       993,
    104.18,      1056,
     104.2,      1048,
    104.22,      1093,
    104.24,      1022,
    104.26,      1068,
    104.28,       972,
     104.3,       983,
    104.32,      1069,
    104.34,      1015,
    104.36,       965,
    104.38,       991,
     104.4,       992,
    104.42,      1019,
    104.44,      1022,
    104.46,      1015,
    104.48,       976,
     104.5,       938,
    104.52,       954,
    104.54,      1011,
    104.56,      1030,
    104.58,       988,
     104.6,       965,
    104.62,       936,
    104.64,      1048,
    104.66,       979,
    104.68,      1004,
     104.7,       979,
    104.72,       951,
    104.74,       980,
    104.76,      1012,
    104.78,       969,
     104.8,       981,
    104.82,      1020,
    104.84,       976,
    104.86,       993,
    104.88,      1047,
     104.9,       966,
    104.92,      1037,
    104.94,      1028,
    104.96,      1025,
    104.98,      1011,
       105,       935,
    105.02,      1010,
    105.04,      1010,
    105.06,       980,
    105.08,       966,
     105.1,      1005,
    105.12,      1000,
    105.14,      1010,
    105.16,       914,
    105.18,      1045,
     105.2,      1067,
    105.22,      1003,
    105.24,      1030,
    105.26,      1011,
    105.28,       995,
     105.3,       978,
    105.32,       964,
    105.34,      1011,
    105.36,       960,
    105.38,       925,
     105.4,      1006,
    105.42,       965,
    105.44,       982,
    105.46,       988,
    105.48,       974,
     105.5,       981,
    105.52,      1005,
    105.54,       945,
    105.56,       993,
    105.58,       972,
     105.6,       959,
    105.62,      1013,
    105.64,       995,
    105.66,       943,
    105.68,      1009,
     105.7,      1010,
    105.72,       995,
    105.74,      1039,
    105.76,      1039,
    105.78,      1001,
     105.8,      1011,
    105.82,      1054,
    105.84,      1004,
    105.86,       977,
    105.88,      1007,
     105.9,       963,
    105.92,      1056,
    105.94,      1037,
    105.96,       986,
    105.98,      1038,
       106,      1018,
    106.02,      1095,
    106.04,      1026,
    106.06,       961,
    106.08,       976,
     106.1,      1007,
    106.12,      1039,
    106.14,      1032,
    106.16,      1015,
    106.18,       964,
     106.2,      1022,
    106.22,      1046,
    106.24,       973,
    106.26,       999,
    106.28,       981,
     106.3,       969,
    106.32,       988,
    106.34,      1032,
    106.36,       968,
    106.38,      1044,
     106.4,      1020,
    106.42,       989,
    106.44,      1003,
    106.46,      1072,
    106.48,       987,
     106.5,       998,
    106.52,      1035,
    106.54,       985,
    106.56,      1003,
    106.58,       985,
     106.6,      1015,
    106.62,       956,
    106.64,       974,
    106.66,      1036,
    106.68,       993,
     106.7,      1058,
    106.72,      1024,
    106.74,      1038,
    106.76,      1008,
    106.78,      1027,
     106.8,       978,
    106.82,      1018,
    106.84,      1070,
    106.86,      1043,
    106.88,      1058,
     106.9,      1056,
    106.92,      1008,
    106.94,       989,
    106.96,      1038,
    106.98,      1008,
       107,       993,
    107.02,      1012,
    107.04,      1045,
    107.06,       982,
    107.08,      1008,
     107.1,      1072,
    107.12,      1035,
    107.14,      1021,
    107.16,      1007,
    107.18,       986,
     107.2,       972,
    107.22,      1041,
    107.24,      1044,
    107.26,      1076,
    107.28,      1015,
     107.3,      1080,
    107.32,      1050,
    107.34,       997,
    107.36,      1055,
    107.38,      1005,
     107.4,      1047,
    107.42,      1000,
    107.44,      1073,
    107.46,      1036,
    107.48,      1011,
     107.5,      1054,
    107.52,      1018,
    107.54,      1079,
    107.56,      1054,
    107.58,      1096,
     107.6,      1020,
    107.62,      1079,
    107.64,      1041,
    107.66,      1025,
    107.68,       992,
     107.7,      1085,
    107.72,      1031,
    107.74,      1087,
    107.76,      1065,
    107.78,      1076,
     107.8,      1090,
    107.82,      1105,
    107.84,      1075,
    107.86,      1068,
    107.88,      1040,
     107.9,      1086,
    107.92,      1079,
    107.94,      1130,
    107.96,      1117,
    107.98,      1066,
       108,      1083,
    108.02,      1077,
    108.04,      1068,
    108.06,      1050,
    108.08,      1030,
     108.1,      1027,
    108.12,      1041,
    108.14,      1024,
    108.16,      1081,
    108.18,      1077,
     108.2,      1079,
    108.22,      1077,
    108.24,      1088,
    108.26,      1094,
    108.28,      1122,
     108.3,      1087,
    108.32,      1120,
    108.34,      1090,
    108.36,      1061,
    108.38,      1061,
     108.4,      1075,
    108.42,      1143,
    108.44,      1102,
    108.46,      1083,
    108.48,      1168,
     108.5,      1178,
    108.52,      1131,
    108.54,      1166,
    108.56,      1125,
    108.58,      1116,
     108.6,      1117,
    108.62,      1103,
    108.64,      1075,
    108.66,      1075,
    108.68,      1110,
     108.7,      1090,
    108.72,      1104,
    108.74,      1131,
    108.76,      1128,
    108.78,      1108,
     108.8,      1170,
    108.82,      1086,
    108.84,      1166,
    108.86,      1137,
    108.88,      1112,
     108.9,      1150,
    108.92,      1097,
    108.94,      1113,
    108.96,      1133,
    108.98,      1099,
       109,      1128,
    109.02,      1138,
    109.04,      1096,
    109.06,      1115,
    109.08,      1142,
     109.1,      1063,
    109.12,      1144,
    109.14,      1154,
    109.16,      1172,
    109.18,      1089,
     109.2,      1151,
    109.22,      1150,
    109.24,      1102,
    109.26,      1122,
    109.28,      1143,
     109.3,      1131,
    109.32,      1084,
    109.34,      1143,
    109.36,      1162,
    109.38,      1117,
     109.4,      1151,
    109.42,      1109,
    109.44,      1173,
    109.46,      1182,
    109.48,      1117,
     109.5,      1218,
    109.52,      1147,
    109.54,      1169,
    109.56,      1232,
    109.58,      1119,
     109.6,      1099,
    109.62,      1158,
    109.64,      1162,
    109.66,      1184,
    109.68,      1128,
     109.7,      1134,
    109.72,      1132,
    109.74,      1170,
    109.76,      1102,
    109.78,      1109,
     109.8,      1135,
    109.82,      1105,
    109.84,      1114,
    109.86,      1115,
    109.88,      1114,
     109.9,      1136,
    109.92,      1162,
    109.94,      1129,
    109.96,      1141,
    109.98,      1093,
       110,      1177,
    110.02,      1141,
    110.04,      1110,
    110.06,      1167,
    110.08,      1122,
     110.1,      1124,
    110.12,      1050,
    110.14,      1130,
    110.16,      1129,
    110.18,      1082,
     110.2,      1124,
    110.22,      1108,
    110.24,      1047,
    110.26,      1102,
    110.28,      1131,
     110.3,      1116,
    110.32,      1132,
    110.34,      1082,
    110.36,      1126,
    110.38,      1123,
     110.4,      1136,
    110.42,      1063,
    110.44,      1128,
    110.46,      1165,
    110.48,      1097,
     110.5,      1091,
    110.52,      1114,
    110.54,      1124,
    110.56,      1081,
    110.58,      1150,
     110.6,      1134,
    110.62,      1086,
    110.64,      1103,
    110.66,      1091,
    110.68,      1119,
     110.7,      1102,
    110.72,      1097,
    110.74,      1060,
    110.76,      1067,
    110.78,      1110,
     110.8,      1126,
    110.82,      1095,
    110.84,      1088,
    110.86,      1023,
    110.88,      1054,
     110.9,      1139,
    110.92,      1026,
    110.94,      1083,
    110.96,      1068,
    110.98,      1072,
       111,      1120,
    111.02,      1060,
    111.04,      1094,
    111.06,      1056,
    111.08,      1104,
     111.1,      1052,
    111.12,      1100,
    111.14,      1050,
    111.16,      1088,
    111.18,      1052,
     111.2,      1076,
    111.22,      1078,
    111.24,      1110,
    111.26,      1045,
    111.28,      1024,
     111.3,      1088,
    111.32,      1039,
    111.34,      1062,
    111.36,      1084,
    111.38,      1045,
     111.4,       980,
    111.42,      1060,
    111.44,      1016,
    111.46,      1080,
    111.48,      1094,
     111.5,      1083,
    111.52,      1100,
    111.54,      1080,
    111.56,      1107,
    111.58,      1056,
     111.6,      1058,
    111.62,      1089,
    111.64,      1047,
    111.66,      1056,
    111.68,      1062,
     111.7,      1032,
    111.72,      1094,
    111.74,      1084,
    111.76,      1121,
    111.78,      1017,
     111.8,      1086,
    111.82,      1065,
    111.84,       985,
    111.86,      1098,
    111.88,      1098,
     111.9,      1079,
    111.92,      1089,
    111.94,      1041,
    111.96,      1061,
    111.98,      1075,
       112,      1034,
    112.02,      1066,
    112.04,      1038,
    112.06,      1007,
    112.08,      1012,
     112.1,      1069,
    112.12,      1002,
    112.14,      1087,
    112.16,      1030,
    112.18,      1108,
     112.2,      1067,
    112.22,      1045,
    112.24,      1043,
    112.26,      1072,
    112.28,      1056,
     112.3,      1035,
    112.32,      1049,
    112.34,      1019,
    112.36,      1057,
    112.38,      1082,
     112.4,      1069,
    112.42,      1090,
    112.44,      1051,
    112.46,      1059,
    112.48,      1050,
     112.5,      1072,
    112.52,      1029,
    112.54,      1088,
    112.56,      1019,
    112.58,      1030,
     112.6,      1005,
    112.62,      1078,
    112.64,      1054,
    112.66,      1003,
    112.68,       967,
     112.7,      1057,
    112.72,      1025,
    112.74,      1015,
    112.76,      1032,
    112.78,       957,
     112.8,      1090,
    112.82,      1025,
    112.84,      1010,
    112.86,      1095,
    112.88,      1053,
     112.9,      1073,
    112.92,      1055,
    112.94,      1081,
    112.96,      1043,
    112.98,      1065,
       113,      1019,
    113.02,      1061,
    113.04,      1015,
    113.06,      1107,
    113.08,      1046,
     113.1,      1002,
    113.12,      1007,
    113.14,      1028,
    113.16,      1017,
    113.18,       996,
     113.2,      1088,
    113.22,      1027,
    113.24,      1028,
    113.26,      1047,
    113.28,      1043,
     113.3,       994,
    113.32,      1058,
    113.34,      1039,
    113.36,      1032,
    113.38,      1088,
     113.4,      1024,
    113.42,      1060,
    113.44,      1071,
    113.46,      1059,
    113.48,      1028,
     113.5,      1019,
    113.52,      1038,
    113.54,      1028,
    113.56,      1050,
    113.58,      1086,
     113.6,      1039,
    113.62,      1091,
    113.64,      1045,
    113.66,      1062,
    113.68,      1071,
     113.7,      1034,
    113.72,      1058,
    113.74,      1028,
    113.76,      1093,
    113.78,      1029,
     113.8,      1041,
    113.82,      1013,
    113.84,      1093,
    113.86,      1110,
    113.88,      1008,
     113.9,      1018,
    113.92,      1031,
    113.94,      1008,
    113.96,      1075,
    113.98,      1119,
       114,      1064,
    114.02,      1032,
    114.04,      1040,
    114.06,      1057,
    114.08,      1005,
     114.1,      1007,
    114.12,      1015,
    114.14,      1051,
    114.16,      1045,
    114.18,      1064,
     114.2,      1034,
    114.22,      1057,
    114.24,      1039,
    114.26,      1024,
    114.28,      1053,
     114.3,      1027,
    114.32,      1033,
    114.34,      1014,
    114.36,      1086,
    114.38,      1055,
     114.4,      1010,
    114.42,      1007,
    114.44,      1079,
    114.46,       993,
    114.48,      1131,
     114.5,       997,
    114.52,      1046,
    114.54,      1047,
    114.56,      1039,
    114.58,      1043,
     114.6,      1006,
    114.62,      1032,
    114.64,       989,
    114.66,      1091,
    114.68,      1065,
     114.7,      1103,
    114.72,      1081,
    114.74,      1046,
    114.76,      1033,
    114.78,      1077,
     114.8,      1077,
    114.82,      1043,
    114.84,      1054,
    114.86,      1056,
    114.88,      1121,
     114.9,      1092,
    114.92,      1096,
    114.94,      1072,
    114.96,      1066,
    114.98,      1075,
       115,      1074,
    115.02,      1079,
    115.04,      1030,
    115.06,      1091,
    115.08,      1010,
     115.1,      1066,
    115.12,      1105,
    115.14,      1088,
    115.16,      1015,
    115.18,      1084,
     115.2,      1082,
    115.22,      1050,
    115.24,      1065,
    115.26,      1095,
    115.28,      1030,
     115.3,      1092,
    115.32,      1127,
    115.34,      1068,
    115.36,      1022,
    115.38,      1030,
     115.4,      1054,
    115.42,      1101,
    115.44,      1071,
    115.46,      1104,
    115.48,      1081,
     115.5,      1058,
    115.52,      1071,
    115.54,      1055,
    115.56,      1084,
    115.58,      1061,
     115.6,      1059,
    115.62,      1099,
    115.64,      1050,
    115.66,      1060,
    115.68,      1077,
     115.7,      1098,
    115.72,      1071,
    115.74,      1058,
    115.76,      1068,
    115.78,      1050,
     115.8,      1101,
    115.82,      1050,
    115.84,      1078,
    115.86,      1072,
    115.88,      1152,
     115.9,      1076,
    115.92,      1035,
    115.94,      1105,
    115.96,      1092,
    115.98,      1078,
       116,      1085,
    116.02,      1090,
    116.04,      1073,
    116.06,      1054,
    116.08,      1094,
     116.1,      1137,
    116.12,      1070,
    116.14,      1042,
    116.16,      1156,
    116.18,      1099,
     116.2,      1076,
    116.22,      1168,
    116.24,      1112,
    116.26,      1121,
    116.28,      1097,
     116.3,      1061,
    116.32,      1072,
    116.34,      1062,
    116.36,      1051,
    116.38,      1083,
     116.4,      1137,
    116.42,      1092,
    116.44,      1100,
    116.46,      1136,
    116.48,      1081,
     116.5,      1085,
    116.52,      1121,
    116.54,      1105,
    116.56,      1079,
    116.58,      1058,
     116.6,      1113,
    116.62,      1115,
    116.64,      1138,
    116.66,      1109,
    116.68,      1093,
     116.7,      1113,
    116.72,      1094,
    116.74,      1082,
    116.76,      1161,
    116.78,      1080,
     116.8,      1135,
    116.82,      1145,
    116.84,      1125,
    116.86,      1139,
    116.88,      1076,
     116.9,      1110,
    116.92,      1099,
    116.94,      1058,
    116.96,      1141,
    116.98,      1134,
       117,      1075,
    117.02,      1127,
    117.04,      1075,
    117.06,      1086,
    117.08,      1099,
     117.1,      1139,
    117.12,      1159,
    117.14,      1070,
    117.16,      1130,
    117.18,      1121,
     117.2,      1085,
    117.22,      1142,
    117.24,      1036,
    117.26,      1092,
    117.28,      1067,
     117.3,      1094,
    117.32,      1057,
    117.34,      1146,
    117.36,      1114,
    117.38,      1134,
     117.4,      1167,
    117.42,      1095,
    117.44,      1110,
    117.46,      1134,
    117.48,      1096,
     117.5,      1110,
    117.52,      1101,
    117.54,      1040,
    117.56,      1093,
    117.58,      1124,
     117.6,      1112,
    117.62,      1116,
    117.64,      1114,
    117.66,      1127,
    117.68,      1056,
     117.7,      1110,
    117.72,      1074,
    117.74,      1125,
    117.76,      1084,
    117.78,      1059,
     117.8,      1099,
    117.82,      1058,
    117.84,      1039,
    117.86,      1062,
    117.88,      1117,
     117.9,      1105,
    117.92,      1068,
    117.94,      1067,
    117.96,      1092,
    117.98,      1131,
       118,      1114,
    118.02,      1072,
    118.04,      1117,
    118.06,      1174,
    118.08,      1140,
     118.1,      1114,
    118.12,      1132,
    118.14,      1083,
    118.16,      1051,
    118.18,      1154,
     118.2,      1173,
    118.22,      1041,
    118.24,      1107,
    118.26,      1081,
    118.28,      1075,
     118.3,      1114,
    118.32,      1136,
    118.34,      1098,
    118.36,      1068,
    118.38,      1123,
     118.4,      1064,
    118.42,      1118,
    118.44,      1146,
    118.46,      1083,
    118.48,      1117,
     118.5,      1140,
    118.52,      1128,
    118.54,      1113,
    118.56,      1037,
    118.58,      1111,
     118.6,      1147,
    118.62,      1129,
    118.64,      1123,
    118.66,      1084,
    118.68,      1150,
     118.7,      1113,
    118.72,      1093,
    118.74,      1102,
    118.76,      1152,
    118.78,      1085,
     118.8,      1150,
    118.82,      1112,
    118.84,      1159,
    118.86,      1132,
    118.88,      1163,
     118.9,      1160,
    118.92,      1141,
    118.94,      1118,
    118.96,      1123,
    118.98,      1149,
       119,      1152,
    119.02,      1185,
    119.04,      1125,
    119.06,      1143,
    119.08,      1169,
     119.1,      1130,
    119.12,      1113,
    119.14,      1149,
    119.16,      1120,
    119.18,      1164,
     119.2,      1168,
    119.22,      1116,
    119.24,      1128,
    119.26,      1082,
    119.28,      1138,
     119.3,      1160,
    119.32,      1200,
    119.34,      1147,
    119.36,      1151,
    119.38,      1161,
     119.4,      1103,
    119.42,      1167,
    119.44,      1175,
    119.46,      1189,
    119.48,      1223,
     119.5,      1178,
    119.52,      1232,
    119.54,      1153,
    119.56,      1160,
    119.58,      1162,
     119.6,      1149,
    119.62,      1187,
    119.64,      1213,
    119.66,      1189,
    119.68,      1128,
     119.7,      1175,
    119.72,      1128,
    119.74,      1114,
    119.76,      1130,
    119.78,      1168,
     119.8,      1172,
    119.82,      1225,
    119.84,      1155,
    119.86,      1242,
    119.88,      1135,
     119.9,      1190,
    119.92,      1161,
    119.94,      1159,
    119.96,      1187,
    119.98,      1217,
       120,      1177,
